Relatório Meteorológico da Estação: Guaratiba

Dados normalizados para o Horário Brasileiro de Verão (HBV)

Dia         Hora      HBV   Chuva  DirVento  VelVento  Temperatura  Pressao  Umidade
                                     (graus)     (Km/h)    (celsius)    (hPa)      (%)
01/03/2023  00:00:00          0.0       163      10.9         21.8   1013.3      100
01/03/2023  00:05:00          0.0       152       1.8         21.9   1013.3      100
01/03/2023  00:10:00          0.0       154       1.8         21.8   1013.3      100
01/03/2023  00:15:00          0.0       166       4.9         22.0   1013.1      100
01/03/2023  00:20:00          0.0       155       2.5         22.1   1013.3      100
01/03/2023  00:25:00          0.0       161       2.1         22.0   1013.1      100
01/03/2023  00:30:00          0.0       157       6.4         22.0   1012.8      100
01/03/2023  00:35:00          0.0       168       6.4         21.9   1012.8      100
01/03/2023  00:40:00          0.0       170       7.8         21.8   1012.8      100
01/03/2023  00:45:00          0.0       169       2.8         21.7   1012.6      100
01/03/2023  00:50:00          0.0       160       3.2         21.5   1012.6      100
01/03/2023  00:55:00          0.0       146       3.5         21.6   1012.4      100
01/03/2023  01:00:00          0.0       152       3.5         21.7   1012.7      100
01/03/2023  01:05:00          0.0       150       6.7         21.6   1012.5      100
01/03/2023  01:10:00          0.0       146       5.6         21.3   1012.4      100
01/03/2023  01:15:00          0.0       154       2.1         21.4   1012.4      100
01/03/2023  01:20:00          0.0       147       3.2         21.4   1012.1      100
01/03/2023  01:25:00          0.0       152       6.4         21.3   1012.1      100
01/03/2023  01:30:00          0.0       139       2.1         21.2   1011.9      100
01/03/2023  01:35:00          0.0       155       2.1         21.4   1012.0      100
01/03/2023  01:40:00          0.0       137       3.2         21.1   1012.0      100
01/03/2023  01:45:00          0.0       142       2.8         21.4   1011.6      100
01/03/2023  01:50:00          0.0       137       3.2         21.5   1011.4      100
01/03/2023  01:55:00          0.0       138       3.5         21.5   1011.4      100
01/03/2023  02:00:00          0.0       138       3.2         21.4   1011.1      100
01/03/2023  02:05:00          0.0       149       4.2         21.5   1011.1      100
01/03/2023  02:10:00          0.0       128       4.9         21.4   1011.4      100
01/03/2023  02:15:00          0.0       200       4.6         21.4   1011.4      100
01/03/2023  02:20:00          0.0       126       3.2         21.4   1011.4      100
01/03/2023  02:25:00          0.0         -       0.0         21.3   1011.1      100
01/03/2023  02:30:00          0.0       192       3.5         21.3   1011.1      100
01/03/2023  02:35:00          0.0       195       5.3         21.5   1011.1      100
01/03/2023  02:40:00          0.0       198       1.4         21.4   1011.1      100
01/03/2023  02:45:00          0.0       198       2.8         21.5   1011.1      100
01/03/2023  02:50:00          0.0         -       0.0         21.2   1011.1      100
01/03/2023  02:55:00          0.0         -       0.0         21.2   1011.1      100
01/03/2023  03:00:00          0.0       131       1.8         21.1   1011.1      100
01/03/2023  03:05:00          0.0         -       0.0         21.1   1011.1      100
01/03/2023  03:10:00          0.0         -       0.0         21.0   1011.1      100
01/03/2023  03:15:00          0.0         -       0.0         21.1   1011.1      100
01/03/2023  03:20:00          0.0         -       0.0         21.3   1011.1      100
01/03/2023  03:25:00          0.0         -       0.0         21.2   1011.1      100
01/03/2023  03:30:00          0.0         -       0.0         21.5   1011.1      100
01/03/2023  03:35:00          0.0       197       4.6         21.3   1011.1      100
01/03/2023  03:40:00          0.0       209       2.5         21.3   1011.5      100
01/03/2023  03:45:00          0.0       209       2.1         21.4   1011.1      100
01/03/2023  03:50:00          0.0       207       3.2         21.4   1011.1      100
01/03/2023  03:55:00          0.0       215       2.5         21.5   1011.1      100
01/03/2023  04:00:00          0.0         -       0.0         21.5   1011.4      100
01/03/2023  04:05:00          0.0         -       0.0         21.2   1011.4      100
01/03/2023  04:10:00          0.0       221       1.8         21.3   1011.1      100
01/03/2023  04:15:00          0.0         -       0.0         21.1   1011.1      100
01/03/2023  04:20:00          0.0       109       1.8         21.2   1011.1      100
01/03/2023  04:25:00          0.0       110       0.7         21.1   1011.1      100
01/03/2023  04:30:00          0.0       105       1.1         20.8   1011.4      100
01/03/2023  04:35:00          0.0         -       0.0         20.8   1011.4      100
01/03/2023  04:40:00          0.0       103       2.5         21.1   1011.4      100
01/03/2023  04:45:00          0.0       102       0.4         21.1   1011.4      100
01/03/2023  04:50:00          0.0       114       1.4         21.3   1011.4      100
01/03/2023  04:55:00          0.0       110       2.5         21.1   1011.1      100
01/03/2023  05:00:00          0.0       103       2.1         21.0   1011.1      100
01/03/2023  05:05:00          0.0         -       0.0         20.9   1011.1      100
01/03/2023  05:10:00          0.0       108       3.5         20.7   1011.1      100
01/03/2023  05:15:00          0.0       109       2.5         20.8   1011.1      100
01/03/2023  05:20:00          0.0         -       0.0         20.8   1011.4      100
01/03/2023  05:25:00          0.0         -       0.0         20.8   1011.1      100
01/03/2023  05:30:00          0.0       126       2.5         20.8   1011.4      100
01/03/2023  05:35:00          0.0       127       3.9         20.7   1011.4      100
01/03/2023  05:40:00          0.0       181       1.4         20.8   1011.6      100
01/03/2023  05:45:00          0.0       181       4.9         20.6   1011.6      100
01/03/2023  05:50:00          0.0       201       3.5         20.8   1011.6      100
01/03/2023  05:55:00          0.0       207       3.5         20.9   1011.6      100
01/03/2023  06:00:00          0.0       214       6.4         20.9   1011.9      100
01/03/2023  06:05:00          0.0       204       1.8         21.0   1011.9      100
01/03/2023  06:10:00          0.0         -       0.0         21.2   1011.6      100
01/03/2023  06:15:00          0.0       184       2.1         21.5   1011.6      100
01/03/2023  06:20:00          0.0         -       0.0         21.6   1011.6      100
01/03/2023  06:25:00          0.0         -       0.0         22.0   1011.6      100
01/03/2023  06:30:00          0.0       223       2.8         21.8   1011.6      100
01/03/2023  06:35:00          0.0       198       2.5         22.1   1011.7      100
01/03/2023  06:40:00          0.0       189       1.8         22.2   1011.9      100
01/03/2023  06:45:00          0.0       172       3.9         22.5   1011.9      100
01/03/2023  06:50:00          0.0       136       1.4         22.5   1012.1      100
01/03/2023  06:55:00          0.0       139       4.9         22.9   1011.9      100
01/03/2023  07:00:00          0.0       137       3.5         23.2   1012.1       99
01/03/2023  07:05:00          0.0       118       2.1         23.5   1012.2       99
01/03/2023  07:10:00          0.0       138       1.8         24.1   1012.1       99
01/03/2023  07:15:00          0.0       144       4.6         24.5   1012.0       97
01/03/2023  07:20:00          0.0       135       3.9         24.9   1012.2       95
01/03/2023  07:25:00          0.0       138       3.2         25.5   1011.9       94
01/03/2023  07:30:00          0.0         -       0.0         26.1   1012.1       92
01/03/2023  07:35:00          0.0         -       0.0         26.8   1012.1       87
01/03/2023  07:40:00          0.0         -       0.0         27.7   1012.1       84
01/03/2023  07:45:00          0.0       122       2.5         27.7   1011.9       82
01/03/2023  07:50:00          0.0         -       0.0         28.2   1012.2       80
01/03/2023  07:55:00          0.0         -       0.0         28.2   1012.2       79
01/03/2023  08:00:00          0.0       121       1.4         28.5   1012.1       79
01/03/2023  08:05:00          0.0         -       0.0         28.7   1012.2       79
01/03/2023  08:10:00          0.0       114       4.9         29.0   1012.2       76
01/03/2023  08:15:00          0.0       127       3.2         28.8   1012.2       78
01/03/2023  08:20:00          0.0       107       4.9         29.0   1012.1       77
01/03/2023  08:25:00          0.0       132       3.5         29.0   1012.2       77
01/03/2023  08:30:00          0.0       138       4.9         29.2   1012.2       74
01/03/2023  08:35:00          0.0       115       4.9         29.2   1012.5       75
01/03/2023  08:40:00          0.0       105       7.1         29.0   1012.5       76
01/03/2023  08:45:00          0.0       134       4.2         29.3   1012.5       78
01/03/2023  08:50:00          0.0       140       2.8         29.5   1012.5       75
01/03/2023  08:55:00          0.0       122       3.2         29.7   1012.5       74
01/03/2023  09:00:00          0.0       126       7.1         29.8   1012.2       71
01/03/2023  09:05:00          0.0       106       8.5         29.9   1012.2       71
01/03/2023  09:10:00          0.0       324      11.6         29.6   1012.5       72
01/03/2023  09:15:00          0.0       323       1.4         30.0   1012.5       72
01/03/2023  09:20:00          0.0       146       4.2         30.4   1012.5       70
01/03/2023  09:25:00          0.0       114       4.9         30.4   1012.5       69
01/03/2023  09:30:00          0.0         -       0.0         30.8   1012.6       65
01/03/2023  09:35:00          0.0       121       4.6         30.9   1012.5       66
01/03/2023  09:40:00          0.0       150       3.2         31.2   1012.5       66
01/03/2023  09:45:00          0.0       294       4.9         31.5   1012.2       65
01/03/2023  09:50:00          0.0       142       2.1         31.4   1012.5       67
01/03/2023  09:55:00          0.0       200       1.1         31.0   1012.2       70
01/03/2023  10:00:00          0.0       211      18.3         29.7   1012.2       75
01/03/2023  10:05:00          0.0       208      18.3         28.8   1012.2       77
01/03/2023  10:10:00          0.0       214      15.9         28.8   1012.2       79
01/03/2023  10:15:00          0.0       198      20.5         28.8   1012.2       78
01/03/2023  10:20:00          0.0       206      15.5         28.2   1012.2       79
01/03/2023  10:25:00          0.0       218      13.4         27.7   1012.1       81
01/03/2023  10:30:00          0.0       205      14.8         28.1   1012.0       81
01/03/2023  10:35:00          0.0       184      12.0         28.4   1012.0       80
01/03/2023  10:40:00          0.0       210      13.8         28.3   1011.9       79
01/03/2023  10:45:00          0.0       193      11.6         28.1   1012.0       80
01/03/2023  10:50:00          0.0       201      15.2         28.1   1012.0       80
01/03/2023  10:55:00          0.0       203      13.4         28.4   1012.1       80
01/03/2023  11:00:00          0.0       199      20.1         28.3   1012.0       80
01/03/2023  11:05:00          0.0       187      18.3         28.1   1011.7       80
01/03/2023  11:10:00          0.0       198      21.5         28.4   1011.6       79
01/03/2023  11:15:00          0.0       211      12.7         28.3   1012.0       80
01/03/2023  11:20:00          0.0       202      20.1         28.5   1011.7       80
01/03/2023  11:25:00          0.0       206      10.9         28.5   1011.7       81
01/03/2023  11:30:00          0.0       209      13.1         28.5   1011.7       80
01/03/2023  11:35:00          0.0       213      13.4         28.4   1011.7       80
01/03/2023  11:40:00          0.0       207      10.6         28.6   1011.5       80
01/03/2023  11:45:00          0.0       213      13.1         28.8   1011.5       79
01/03/2023  11:50:00          0.0       196       7.4         28.4   1011.5       80
01/03/2023  11:55:00          0.0       211      20.1         28.5   1011.3       80
01/03/2023  12:00:00          0.0       198      16.6         28.2   1011.3       81
01/03/2023  12:05:00          0.0       204      18.3         28.4   1011.3       81
01/03/2023  12:10:00          0.0       212      18.0         28.4   1011.0       79
01/03/2023  12:15:00          0.0       225      15.9         28.7   1011.0       80
01/03/2023  12:20:00          0.0       181      11.3         28.3   1011.0       80
01/03/2023  12:25:00          0.0       203      16.6         28.3   1010.9       80
01/03/2023  12:30:00          0.0       193      16.6         28.3   1011.0       81
01/03/2023  12:35:00          0.0       208      23.3         28.1   1011.0       80
01/03/2023  12:40:00          0.0       195      24.7         28.2   1010.8       80
01/03/2023  12:45:00          0.0       211      14.1         28.1   1010.8       81
01/03/2023  12:50:00          0.0       204      13.4         28.1   1010.8       81
01/03/2023  12:55:00          0.0       207      20.5         28.4   1010.8       81
01/03/2023  13:00:00          0.0       204      18.7         28.1   1010.6       80
01/03/2023  13:05:00          0.0       197      17.6         28.0   1010.5       80
01/03/2023  13:10:00          0.0       192      20.5         27.9   1010.5       79
01/03/2023  13:15:00          0.0       194      17.3         28.0   1010.4       80
01/03/2023  13:20:00          0.0       211      10.9         28.1   1010.3       79
01/03/2023  13:25:00          0.0       205      19.8         28.3   1010.3       80
01/03/2023  13:30:00          0.0       217      16.6         28.5   1010.3       78
01/03/2023  13:35:00          0.0       196      14.1         28.4   1010.3       80
01/03/2023  13:40:00          0.0       214      14.1         28.2   1010.3       79
01/03/2023  13:45:00          0.0       200      15.2         28.8   1010.3       78
01/03/2023  13:50:00          0.0       220      18.3         28.6   1010.3       79
01/03/2023  13:55:00          0.0       207       7.1         28.5   1010.3       79
01/03/2023  14:00:00          0.0       211      14.5         28.1   1010.3       80
01/03/2023  14:05:00          0.0       244       6.4         28.8   1010.3       79
01/03/2023  14:10:00          0.0       217      11.6         28.3   1010.3       80
01/03/2023  14:15:00          0.0       200       7.4         28.1   1010.3       80
01/03/2023  14:20:00          0.0       196       7.4         28.3   1010.3       79
01/03/2023  14:25:00          0.0       206      14.1         28.8   1010.3       79
01/03/2023  14:30:00          0.0       201       7.8         29.1   1010.3       78
01/03/2023  14:35:00          0.0       229      11.3         28.2   1010.3       80
01/03/2023  14:40:00          0.0       208       8.8         27.8   1010.3       81
01/03/2023  14:45:00          0.0       196       8.5         27.7   1010.3       81
01/03/2023  14:50:00          0.0       225      10.6         28.0   1010.3       80
01/03/2023  14:55:00          0.0       209       5.3         28.2   1010.0       81
01/03/2023  15:00:00          0.0       191       8.8         28.5   1010.0       78
01/03/2023  15:05:00          0.0       225       4.2         27.7   1010.0       80
01/03/2023  15:10:00          0.0       208      12.3         27.4   1010.0       82
01/03/2023  15:15:00          0.0       225       8.8         27.3   1010.0       81
01/03/2023  15:20:00          0.0       214      12.0         27.8   1010.0       80
01/03/2023  15:25:00          0.0       201       8.8         27.5   1010.0       81
01/03/2023  15:30:00          0.0       206       8.5         27.7   1010.0       82
01/03/2023  15:35:00          0.0       215      10.9         27.1   1010.0       82
01/03/2023  15:40:00          0.0       200       9.9         27.1   1010.0       83
01/03/2023  15:45:00          0.0       203      13.1         26.9   1010.0       83
01/03/2023  15:50:00          0.0       194       8.1         26.8   1010.0       83
01/03/2023  15:55:00          0.0       220       5.6         26.9   1010.0       83
01/03/2023  16:00:00          0.0       193      12.0         26.7   1010.0       84
01/03/2023  16:05:00          0.0       220       6.4         26.4   1010.0       83
01/03/2023  16:10:00          0.0       196       4.9         26.8   1010.3       84
01/03/2023  16:15:00          0.0       219       8.8         26.9   1010.3       84
01/03/2023  16:20:00          0.0       189       2.5         26.9   1009.9       84
01/03/2023  16:25:00          0.0       192       7.1         26.8   1010.0       84
01/03/2023  16:30:00          0.0       198      10.6         27.0   1010.0       83
01/03/2023  16:35:00          0.0       198       7.1         27.2   1010.0       83
01/03/2023  16:40:00          0.0       206      11.3         27.4   1009.9       81
01/03/2023  16:45:00          0.0       201      10.9         27.6   1010.0       81
01/03/2023  16:50:00          0.0       210       7.8         27.7   1010.0       80
01/03/2023  16:55:00          0.0       206       7.4         27.3   1010.0       81
01/03/2023  17:00:00          0.0       197       9.9         27.4   1009.8       82
01/03/2023  17:05:00          0.0       176       8.8         27.5   1009.8       82
01/03/2023  17:10:00          0.0       166       5.6         27.2   1009.8       81
01/03/2023  17:15:00          0.0       175       6.7         27.1   1009.8       82
01/03/2023  17:20:00          0.0       183       7.4         27.2   1009.8       83
01/03/2023  17:25:00          0.0       163       4.6         26.8   1010.0       82
01/03/2023  17:30:00          0.0       197       9.9         26.8   1010.0       83
01/03/2023  17:35:00          0.0       191       5.6         26.7   1010.0       83
01/03/2023  17:40:00          0.0       177       5.3         26.3   1010.0       84
01/03/2023  17:45:00          0.0       195       9.5         25.9   1010.0       86
01/03/2023  17:50:00          0.0       178       7.4         25.7   1010.0       86
01/03/2023  17:55:00          0.0       205       9.5         25.5   1010.0       87
01/03/2023  18:00:00          0.0       191       4.9         25.3   1009.9       87
01/03/2023  18:05:00          0.0       191       8.5         25.7   1010.0       86
01/03/2023  18:10:00          0.0       207       3.9         25.0   1010.0       86
01/03/2023  18:15:00          0.0       165       4.6         25.4   1010.0       87
01/03/2023  18:20:00          0.0       177       7.1         25.2   1009.7       87
01/03/2023  18:25:00          0.0       187       4.2         25.0   1010.0       88
01/03/2023  18:30:00          0.0       166       1.8         24.9   1010.0       87
01/03/2023  18:35:00          0.0       193       5.6         24.8   1010.3       87
01/03/2023  18:40:00          0.0       190       6.0         25.1   1010.2       87
01/03/2023  18:45:00          0.0       178       3.9         25.1   1010.3       87
01/03/2023  18:50:00          0.0       194       7.4         25.1   1010.3       87
01/03/2023  18:55:00          0.0       186       6.4         25.1   1010.2       87
01/03/2023  19:00:00          0.0       193       6.0         25.1   1010.5       87
01/03/2023  19:05:00          0.0       200       5.6         25.2   1010.3       87
01/03/2023  19:10:00          0.0       197       7.4         25.2   1010.2       87
01/03/2023  19:15:00          0.0       183       6.0         25.4   1010.2       88
01/03/2023  19:20:00          0.0       193       7.1         25.2   1010.4       88
01/03/2023  19:25:00          0.0       178       7.1         25.2   1010.4       88
01/03/2023  19:30:00          0.0       190       3.2         25.3   1010.4       88
01/03/2023  19:35:00          0.0       182       5.3         25.2   1010.6       88
01/03/2023  19:40:00          0.0       169       3.2         25.2   1010.6       88
01/03/2023  19:45:00          0.0       177       3.5         25.1   1010.4       89
01/03/2023  19:50:00          0.0       169       3.9         24.9   1010.5       89
01/03/2023  19:55:00          0.0       168       3.2         24.9   1010.5       90
01/03/2023  20:00:00          0.0       162       2.1         24.9   1010.4       90
01/03/2023  20:05:00          0.0         -       0.0         24.9   1010.4       90
01/03/2023  20:10:00          0.0         -       0.0         24.8   1010.6       90
01/03/2023  20:15:00          0.0         -       0.0         24.8   1010.6       90
01/03/2023  20:20:00          0.0       153       2.1         24.4   1010.6       90
01/03/2023  20:25:00          0.0         -       0.0         24.2   1010.6       91
01/03/2023  20:30:00          0.0       139       1.4         24.1   1010.6       92
01/03/2023  20:35:00          0.0       139       1.4         24.1   1010.8       92
01/03/2023  20:40:00          0.0       142       2.5         24.0   1010.9       92
01/03/2023  20:45:00          0.0       149       1.4         23.9   1010.9       93
01/03/2023  20:50:00          0.0         -       0.0         24.0   1011.1       93
01/03/2023  20:55:00          0.0         -       0.0         23.9   1011.3       93
01/03/2023  21:00:00          0.0         -       0.0         23.8   1010.8       93
01/03/2023  21:05:00          0.0         -       0.0         24.1   1011.0       93
01/03/2023  21:10:00          0.0         -       0.0         24.1   1010.8       92
01/03/2023  21:15:00          0.0       147       1.4         23.9   1010.6       92
01/03/2023  21:20:00          0.0       159       1.4         23.7   1010.8       93
01/03/2023  21:25:00          0.0         -       0.0         23.8   1010.9       94
01/03/2023  21:30:00          0.0       101       1.1         23.5   1011.1       94
01/03/2023  21:35:00          0.0         -       0.0         23.6   1010.9       94
01/03/2023  21:40:00          0.0       130       1.1         23.4   1011.1       94
01/03/2023  21:45:00          0.0         -       0.0         23.4   1010.9       94
01/03/2023  21:50:00          0.0         -       0.0         23.4   1011.1       94
01/03/2023  21:55:00          0.0         -       0.0         23.3   1010.9       95
01/03/2023  22:00:00          0.0         -       0.0         23.5   1011.3       95
01/03/2023  22:05:00          0.0       287       1.8         23.4   1011.1       95
01/03/2023  22:10:00          0.0         -       0.0         23.2   1011.1       95
01/03/2023  22:15:00          0.0       152       2.1         23.5   1010.9       95
01/03/2023  22:20:00          0.0       128       1.4         23.4   1010.9       95
01/03/2023  22:25:00          0.0         -       0.0         23.2   1010.9       95
01/03/2023  22:30:00          0.0       099       1.1         23.4   1010.9       95
01/03/2023  22:35:00          0.0       105       2.1         23.1   1010.9       95
01/03/2023  22:40:00          0.0       266       2.8         23.0   1011.0       95
01/03/2023  22:45:00          0.0       252       1.8         23.2   1010.6       96
01/03/2023  22:50:00          0.0       270       1.4         23.2   1011.0       96
01/03/2023  22:55:00          0.0       265       3.9         23.1   1010.9       96
01/03/2023  23:00:00          0.0       085       2.1         23.2   1010.9       97
01/03/2023  23:05:00          0.0       079       2.5         23.5   1010.9       97
01/03/2023  23:10:00          0.0       257       6.7         23.2   1011.0       97
01/03/2023  23:15:00          0.0       251       1.8         23.2   1010.9       97
01/03/2023  23:20:00          0.0         -       0.0         23.1   1010.9       97
01/03/2023  23:25:00          0.0         -       0.0         23.2   1010.9       97
01/03/2023  23:30:00          0.0         -       0.0         23.2   1010.6       98
01/03/2023  23:35:00          0.0         -       0.0         23.2   1010.6       98
01/03/2023  23:40:00          0.0       116       2.1         23.1   1010.6       97
01/03/2023  23:45:00          0.0       112       1.8         22.8   1010.6       98
01/03/2023  23:50:00          0.0       124       3.9         22.8   1010.4       98
01/03/2023  23:55:00          0.0       114       3.5         22.7   1010.2       98
02/03/2023  00:00:00          0.0       110       2.1         22.8   1010.2       98
02/03/2023  00:05:00          0.0       096       1.8         22.8   1010.4       99
02/03/2023  00:10:00          0.0       108       1.8         22.9   1010.2       99
02/03/2023  00:15:00          0.0       120       2.8         22.9   1009.9       98
02/03/2023  00:20:00          0.0       115       2.5         22.5   1009.9       98
02/03/2023  00:25:00          0.0       095       1.4         22.6   1009.9       98
02/03/2023  00:30:00          0.0       110       2.8         22.4   1009.9       99
02/03/2023  00:35:00          0.0       110       2.1         22.5   1009.7       99
02/03/2023  00:40:00          0.0       101       2.1         22.4   1009.7       99
02/03/2023  00:45:00          0.0       089       1.1         22.4   1009.7       99
02/03/2023  00:50:00          0.0       100       0.7         22.4   1009.7       99
02/03/2023  00:55:00          0.0       092       2.1         22.1   1009.4       99
02/03/2023  01:00:00          0.0       103       1.8         22.3   1009.7       99
02/03/2023  01:05:00          0.0         -       0.0         22.2   1009.4       99
02/03/2023  01:10:00          0.0       082       2.1         22.3   1009.4       99
02/03/2023  01:15:00          0.0       097       1.8         22.0   1009.4       99
02/03/2023  01:20:00          0.0         -       0.0         22.0   1009.2       99
02/03/2023  01:25:00          0.0         -       0.0         22.0   1009.2       99
02/03/2023  01:30:00          0.0       099       2.5         22.1   1009.1       99
02/03/2023  01:35:00          0.0       100       2.5         22.0   1009.2       99
02/03/2023  01:40:00          0.0       092       2.8         22.0   1009.3       99
02/03/2023  01:45:00          0.0       099       1.8         21.9   1009.3       99
02/03/2023  01:50:00          0.0       092       3.5         22.0   1009.1       99
02/03/2023  01:55:00          0.0       095       2.8         22.0   1009.1       99
02/03/2023  02:00:00          0.0         -       0.0         21.9   1009.1       99
02/03/2023  02:05:00          0.0       095       5.3         21.8   1008.9       99
02/03/2023  02:15:00          0.0       116       2.5         22.0   1009.1       99
02/03/2023  02:30:00          0.0       090       2.8         22.0   1008.8      100
02/03/2023  02:45:00          0.0         -       0.0         21.8   1009.1       99
02/03/2023  03:00:00          0.0       109       3.9         22.0   1008.7      100
02/03/2023  03:15:00          0.0       098       1.8         22.0   1008.9      100
02/03/2023  03:30:00          0.0       112       1.8         22.0   1008.7      100
02/03/2023  03:45:00          0.0       103       2.1         22.0   1008.4      100
02/03/2023  04:00:00          0.0       104       3.5         22.1   1008.4      100
02/03/2023  04:15:00          0.0       109       3.9         22.1   1008.4      100
02/03/2023  04:30:00          0.0       113       4.6         22.1   1008.4      100
02/03/2023  04:45:00          0.0       098       1.4         22.1   1008.4      100
02/03/2023  05:00:00          0.0       109       2.5         22.3   1008.7       99
02/03/2023  05:15:00          0.0       099       2.8         22.5   1008.7       99
02/03/2023  05:30:00          0.0       101       2.1         22.3   1008.9       99
02/03/2023  05:45:00          0.0       150       5.6         22.7   1009.2       98
02/03/2023  06:00:00          0.0       135       4.2         22.9   1009.2       97
02/03/2023  06:15:00          0.0       138       4.6         23.1   1009.2       96
02/03/2023  06:30:00          0.0         -       0.0         23.5   1009.4       94
02/03/2023  06:45:00          0.0         -       0.0         24.1   1009.4       94
02/03/2023  07:00:00          0.0       165       2.5         26.0   1009.7       88
02/03/2023  07:15:00          0.0       159       3.5         27.3   1009.7       83
02/03/2023  07:30:00          0.0       155       8.5         28.1   1009.7       80
02/03/2023  07:45:00          0.0       141       3.5         28.6   1009.9       78
02/03/2023  08:00:00          0.0       163       1.4         29.0   1009.5       76
02/03/2023  08:15:00          0.0       151      10.2         29.8   1009.8       75
02/03/2023  08:30:00          0.0       158       3.2         29.8   1009.5       72
02/03/2023  08:45:00          0.0       142      10.6         30.8   1009.3       69
02/03/2023  09:00:00          0.0       156       8.8         31.3   1009.1       67
02/03/2023  09:15:00          0.0       145       2.5         31.4   1009.1       66
02/03/2023  09:30:00          0.0       149       1.4         32.5   1009.4       63
02/03/2023  09:45:00          0.0       237       7.1         32.7   1009.3       62
02/03/2023  10:00:00          0.0       221      11.6         29.8   1009.5       75
02/03/2023  10:15:00          0.0       209      12.0         29.5   1009.3       76
02/03/2023  10:30:00          0.0       190       8.1         29.2   1009.3       77
02/03/2023  10:45:00          0.0       200      13.1         29.2   1009.3       78
02/03/2023  11:00:00          0.0       201      11.6         29.2   1009.1       80
02/03/2023  11:15:00          0.0       201      14.1         29.4   1008.8       79
02/03/2023  11:30:00          0.0       196      17.3         29.5   1008.6       79
02/03/2023  11:45:00          0.0       197       6.4         30.2   1008.1       79
02/03/2023  12:00:00          0.0       211      10.6         30.6   1008.1       77
02/03/2023  12:15:00          0.0       200      12.0         31.3   1007.8       75
02/03/2023  12:30:00          0.0       202      11.3         31.6   1007.3       73
02/03/2023  12:45:00          0.0       208      13.4         31.5   1007.3       74
02/03/2023  13:00:00          0.0       203       9.2         30.8   1006.9       76
02/03/2023  13:15:00          0.0       209       8.8         31.4   1006.9       75
02/03/2023  13:30:00          0.0       195       5.3         31.8   1006.6       74
02/03/2023  13:45:00          0.0       204       7.8         32.2   1006.4       70
02/03/2023  14:00:00          0.0       210       4.9         31.8   1006.6       70
02/03/2023  14:15:00          0.0       207       5.6         32.2   1006.9       70
02/03/2023  14:30:00          0.0       214       7.4         32.1   1006.6       70
02/03/2023  14:45:00          0.0       209       7.8         32.1   1006.4       68
02/03/2023  15:00:00          0.0       207       5.6         31.8   1006.1       68
02/03/2023  15:15:00          0.0       205       3.5         31.8   1006.1       65
02/03/2023  15:30:00          0.0       213       6.0         31.7   1006.5       67
02/03/2023  15:45:00          0.0       216      12.3         29.8   1006.6       77
02/03/2023  16:00:00          0.0       213      16.9         28.9   1006.9       81
02/03/2023  16:15:00          0.0       214      12.3         28.6   1006.7       83
02/03/2023  16:30:00          0.0       220      13.4         28.7   1007.1       84
02/03/2023  16:45:00          0.0       233      12.7         28.4   1006.9       83
02/03/2023  17:00:00          0.0       225      13.8         27.9   1007.1       85
02/03/2023  17:15:00          0.0       220      12.3         27.5   1007.1       85
02/03/2023  17:30:00          0.0       236       7.4         27.7   1007.6       85
02/03/2023  17:45:00          0.0       217      11.3         26.9   1007.6       88
02/03/2023  18:00:00          0.0       208       7.4         26.8   1007.6       90
02/03/2023  18:15:00          0.0       230       6.4         26.1   1007.8       90
02/03/2023  18:30:00          0.0       207       4.9         26.3   1007.6       91
02/03/2023  18:45:00          0.0       218       8.8         26.1   1007.3       92
02/03/2023  19:00:00          0.0       202      10.2         26.0   1007.6       93
02/03/2023  19:15:00          0.0       203       3.5         26.0   1007.8       93
02/03/2023  19:30:00          0.0       192       4.6         25.7   1007.7       93
02/03/2023  19:45:00          0.0       199       1.4         25.8   1008.1       93
02/03/2023  20:00:00          0.0       202       3.2         25.8   1008.6       94
02/03/2023  20:15:00          0.0       203       4.9         25.7   1008.4       94
02/03/2023  20:30:00          0.0         -       0.0         25.7   1008.7       94
02/03/2023  20:45:00          0.0         -       0.0         25.7   1008.7       95
02/03/2023  21:00:00          0.0         -       0.0         25.1   1008.8       95
02/03/2023  21:15:00          0.0         -       0.0         25.2   1008.8       95
02/03/2023  21:30:00          0.0         -       0.0         24.6   1008.7       96
02/03/2023  21:45:00          0.0       097       2.1         24.6   1009.1       96
02/03/2023  22:00:00          0.0       100       1.8         24.5   1009.1       97
02/03/2023  22:15:00          0.0         -       0.0         24.2   1009.3       97
02/03/2023  22:30:00          0.0         -       0.0         24.3   1009.2       97
02/03/2023  22:45:00          0.0         -       0.0         24.3   1009.2       98
02/03/2023  23:00:00          0.0         -       0.0         24.1   1009.2       98
02/03/2023  23:15:00          0.0         -       0.0         24.0   1008.9       98
02/03/2023  23:30:00          0.0       100       1.8         24.1   1009.2       99
02/03/2023  23:45:00          0.0       113       1.1         23.9   1008.9       98
03/03/2023  00:00:00          0.0         -       0.0         23.8   1008.7       98
03/03/2023  00:15:00          0.0       114       3.2         23.6   1008.7       98
03/03/2023  00:30:00          0.0         -       0.0         23.6   1008.7       99
03/03/2023  00:45:00          0.0         -       0.0         23.5   1008.4       99
03/03/2023  01:00:00          0.0       100       1.8         23.5   1008.4       98
03/03/2023  01:15:00          0.0       102       1.4         23.5   1008.2       99
03/03/2023  01:30:00          0.0       104       1.4         23.4   1008.0       98
03/03/2023  01:45:00          0.0         -       0.0         23.5   1008.0       99
03/03/2023  02:00:00          0.0       101       1.8         23.4   1007.7       99
03/03/2023  02:15:00          0.0       092       3.2         23.8   1007.7       99
03/03/2023  02:30:00          0.0         -       0.0         23.7   1007.7      100
03/03/2023  02:45:00          0.0         -       0.0         23.6   1007.5       99
03/03/2023  03:00:00          0.0         -       0.0         23.5   1007.5       99
03/03/2023  03:15:00          0.0       111       1.8         23.4   1007.2       99
03/03/2023  03:30:00          0.0       110       0.7         23.4   1007.2       99
03/03/2023  03:45:00          0.0         -       0.0         23.3   1007.5       99
03/03/2023  04:00:00          0.0       103       1.1         23.2   1007.5       99
03/03/2023  04:15:00          0.0         -       0.0         23.2   1007.8       99
03/03/2023  04:30:00          0.0       102       1.4         23.3   1007.8      100
03/03/2023  04:45:00          0.0         -       0.0         22.9   1007.7      100
03/03/2023  05:00:00          0.0       103       0.7         23.2   1008.1      100
03/03/2023  05:15:00          0.0         -       0.0         23.1   1008.1      100
03/03/2023  05:30:00          0.0       107       1.8         23.1   1008.0      100
03/03/2023  05:45:00          0.0       197       4.6         23.4   1008.0      100
03/03/2023  06:00:00          0.0       176       2.1         23.0   1007.8      100
03/03/2023  06:15:00          0.0         -       0.0         23.2   1008.0      100
03/03/2023  06:30:00          0.0       140       1.4         23.7   1008.1      100
03/03/2023  06:45:00          0.0       346       2.5         24.8   1008.7      100
03/03/2023  07:00:00          0.0         -       0.0         25.5   1008.8       99
03/03/2023  07:15:00          0.0         -       0.0         26.6   1008.9       96
03/03/2023  07:30:00          0.0       130       2.8         28.0   1008.9       90
03/03/2023  07:45:00          0.0       151       2.1         28.8   1009.3       84
03/03/2023  08:00:00          0.0       129       4.6         30.5   1009.3       77
03/03/2023  08:15:00          0.0       196       1.4         30.6   1009.3       76
03/03/2023  08:30:00          0.0       204       7.4         29.1   1009.3       82
03/03/2023  08:45:00          0.0       204       6.7         28.9   1009.3       83
03/03/2023  09:00:00          0.0       210       6.0         29.2   1009.1       81
03/03/2023  09:15:00          0.0       214       2.8         29.7   1009.3       79
03/03/2023  09:30:00          0.0       237       2.1         30.1   1009.1       79
03/03/2023  09:45:00          0.0       218       7.1         30.6   1008.9       79
03/03/2023  10:00:00          0.0       201       9.5         30.2   1009.1       80
03/03/2023  10:15:00          0.0       206      10.9         30.6   1009.2       78
03/03/2023  10:30:00          0.0       203      11.6         30.6   1009.1       78
03/03/2023  10:45:00          0.0       209       5.6         30.9   1009.1       79
03/03/2023  11:00:00          0.0       206       9.9         30.6   1008.8       78
03/03/2023  11:15:00          0.0       218       9.5         31.3   1008.6       77
03/03/2023  11:30:00          0.0       215      10.2         31.9   1008.6       74
03/03/2023  11:45:00          0.0       208       7.4         31.8   1008.3       74
03/03/2023  12:00:00          0.0       210      10.2         31.8   1008.3       74
03/03/2023  12:15:00          0.0       198       4.6         31.7   1008.1       76
03/03/2023  12:30:00          0.0       210       2.8         32.2   1007.8       76
03/03/2023  12:45:00          0.0       205      14.8         31.4   1007.8       77
03/03/2023  13:00:00          0.0       203       8.8         31.8   1007.6       77
03/03/2023  13:15:00          0.0       198      12.3         31.2   1007.5       77
03/03/2023  13:30:00          0.0       202       7.8         31.9   1007.1       74
03/03/2023  13:45:00          0.0       198      13.4         32.5   1007.1       67
03/03/2023  14:00:00          0.0       175      18.0         32.3   1006.9       69
03/03/2023  14:15:00          0.0       193      15.2         32.0   1006.9       70
03/03/2023  14:30:00          0.0       187      12.7         31.5   1006.6       71
03/03/2023  14:45:00          0.0       185       8.8         32.0   1006.4       66
03/03/2023  15:00:00          0.0       175      11.3         31.7   1006.1       67
03/03/2023  15:15:00          0.0       194      10.9         31.4   1006.1       68
03/03/2023  15:30:00          0.0       176      15.5         31.1   1006.4       69
03/03/2023  15:45:00          0.0       160       8.8         30.8   1006.1       70
03/03/2023  16:00:00          0.0       167      14.8         31.1   1006.1       69
03/03/2023  16:15:00          0.0       175       6.0         31.0   1006.1       70
03/03/2023  16:30:00          0.0       169      10.2         30.9   1006.1       69
03/03/2023  16:45:00          0.0       154       6.4         30.6   1006.6       71
03/03/2023  17:00:00          0.0       132       4.9         30.8   1006.6       67
03/03/2023  17:15:00          0.0       176       8.1         30.5   1006.7       68
03/03/2023  17:30:00          0.0       152       4.2         29.9   1006.6       71
03/03/2023  17:45:00          0.0       156       1.4         29.4   1006.4       72
03/03/2023  18:00:00          0.0       159       6.0         29.6   1006.4       73
03/03/2023  18:15:00          0.0       150       1.1         29.3   1006.6       75
03/03/2023  18:30:00          0.0       126       3.9         29.0   1006.6       76
03/03/2023  18:45:00          0.0         -       0.0         28.0   1006.6       77
03/03/2023  19:00:00          0.0       144       2.1         28.0   1006.9       77
03/03/2023  19:15:00          0.0       141       1.4         27.6   1006.9       78
03/03/2023  19:30:00          0.0         -       0.0         27.6   1007.1       79
03/03/2023  19:45:00          0.0       143       3.9         27.4   1007.3       80
03/03/2023  20:00:00          0.0       134       1.4         27.2   1007.6       82
03/03/2023  20:15:00          0.0       107       6.4         27.1   1007.8       85
03/03/2023  20:30:00          0.0         -       0.0         27.4   1008.1       86
03/03/2023  20:45:00          0.0       259       4.6         27.1   1008.3       89
03/03/2023  21:00:00          0.0       089       3.5         26.8   1008.7       91
03/03/2023  21:15:00          0.0         -       0.0         26.6   1008.8       91
03/03/2023  21:30:00          0.0       085       2.1         26.9   1008.7       92
03/03/2023  21:45:00          0.0         -       0.0         26.6   1008.6       92
03/03/2023  22:00:00          0.0       257       3.5         26.4   1008.9       93
03/03/2023  22:15:00          0.0         -       0.0         26.4   1009.1       94
03/03/2023  22:30:00          0.0         -       0.0         26.2   1008.9       94
03/03/2023  22:45:00          0.0         -       0.0         25.9   1008.7       95
03/03/2023  23:00:00          0.0         -       0.0         25.8   1008.7       95
03/03/2023  23:15:00          0.0       254       3.2         25.8   1008.8       96
03/03/2023  23:30:00          0.0         -       0.0         25.6   1008.7       97
03/03/2023  23:45:00          0.0         -       0.0         25.3   1008.7       97
04/03/2023  00:00:00          0.0         -       0.0         25.3   1008.7       97
04/03/2023  00:15:00          0.0       097       2.1         25.1   1008.4       98
04/03/2023  00:30:00          0.0         -       0.0         25.2   1008.4       98
04/03/2023  00:45:00          0.0         -       0.0         25.1   1008.2       98
04/03/2023  01:00:00          0.0       097       1.1         25.0   1008.2       98
04/03/2023  01:15:00          0.0         -       0.0         25.0   1007.7       98
04/03/2023  01:30:00          0.0         -       0.0         24.8   1007.5       98
04/03/2023  01:45:00          0.0       094       2.5         24.9   1007.2       99
04/03/2023  02:00:00          0.0       102       1.1         24.9   1007.2       99
04/03/2023  02:15:00          0.0       102       0.7         24.9   1007.0       99
04/03/2023  02:30:00          0.0         -       0.0         25.0   1006.7       99
04/03/2023  02:45:00          0.0         -       0.0         25.1   1006.7       99
04/03/2023  03:00:00          0.0       110       2.1         25.0   1006.6      100
04/03/2023  03:15:00          0.0         -       0.0         25.0   1006.5       99
04/03/2023  03:30:00          0.0         -       0.0         24.8   1006.5       99
04/03/2023  03:45:00          0.0       119       2.5         24.6   1006.2       99
04/03/2023  04:00:00          0.0       240       4.2         24.4   1006.6       99
04/03/2023  04:15:00          0.0       110       1.8         24.5   1006.5       99
04/03/2023  04:30:00          0.0       106       2.8         24.5   1006.5      100
04/03/2023  04:45:00          0.0         -       0.0         24.1   1006.5       99
04/03/2023  05:00:00          0.0       109       1.4         24.1   1006.7       98
04/03/2023  05:15:00          0.0       080       2.5         24.1   1006.7       98
04/03/2023  05:30:00          0.0       256       3.2         24.1   1007.0       98
04/03/2023  05:45:00          0.0       119       2.8         24.0   1007.0       98
04/03/2023  06:00:00          0.0       143       1.4         23.8   1007.3       98
04/03/2023  06:15:00          0.0         -       0.0         24.2   1007.5       98
04/03/2023  06:30:00          0.0         -       0.0         25.0   1007.5       98
04/03/2023  06:45:00          0.0       123       1.8         25.5   1007.5       97
04/03/2023  07:00:00          0.0         -       0.0         27.1   1007.6       94
04/03/2023  07:15:00          0.0         -       0.0         28.7   1007.6       86
04/03/2023  07:30:00          0.0         -       0.0         30.5   1007.8       79
04/03/2023  07:45:00          0.0         -       0.0         31.4   1008.1       75
04/03/2023  08:00:00          0.0         -       0.0         30.6   1008.1       78
04/03/2023  08:15:00          0.0       131       3.9         31.7   1008.1       71
04/03/2023  08:30:00          0.0       131      12.0         31.5   1008.1       68
04/03/2023  08:45:00          0.0       129       8.5         31.4   1008.1       67
04/03/2023  09:00:00          0.0       129       4.9         31.7   1008.3       66
04/03/2023  09:15:00          0.0       138       4.6         32.2   1008.3       60
04/03/2023  09:30:00          0.0       146       6.0         32.8   1008.6       58
04/03/2023  09:45:00          0.0       127      17.6         33.7   1008.3       51
04/03/2023  10:00:00          0.0       149      16.9         34.3   1008.3       49
04/03/2023  10:15:00          0.0       139       7.4         35.1   1008.6       46
04/03/2023  10:30:00          0.0       137      13.4         35.6   1008.3       46
04/03/2023  10:45:00          0.0       143      12.3         36.6   1008.1       43
04/03/2023  11:00:00          0.0       132      24.0         36.5   1008.1       41
04/03/2023  11:15:00          0.0       134       7.1         37.3   1008.0       41
04/03/2023  11:30:00          0.0       132       7.4         36.9   1008.0       40
04/03/2023  11:45:00          0.0       301      10.2         37.7   1007.6       38
04/03/2023  12:00:00          0.0       148      15.9         37.9   1007.7       38
04/03/2023  12:15:00          0.0       153      10.9         38.1   1007.3       37
04/03/2023  12:30:00          0.0       300       2.8         38.3   1007.6       36
04/03/2023  12:45:00          0.0       279       5.3         39.2   1007.6       34
04/03/2023  13:00:00          0.0       207      12.0         32.2   1007.7       57
04/03/2023  13:15:00          0.0       201       8.5         32.0   1007.6       64
04/03/2023  13:30:00          0.0       240      13.1         31.0   1007.6       69
04/03/2023  13:45:00          0.0       240      11.3         30.8   1007.6       72
04/03/2023  14:00:00          0.0       232      18.0         30.9   1007.8       76
04/03/2023  14:15:00          0.0       234      14.5         30.4   1007.8       79
04/03/2023  14:30:00          0.0       225      12.0         30.8   1008.1       78
04/03/2023  14:45:00          0.0       219      14.8         30.0   1008.1       80
04/03/2023  15:00:00          0.0       224      12.0         29.7   1008.1       82
04/03/2023  15:15:00          0.0       219      12.7         30.4   1008.1       80
04/03/2023  15:30:00          0.0       210      12.3         29.0   1008.0       84
04/03/2023  15:45:00          0.0       195       8.1         29.1   1007.7       83
04/03/2023  16:00:00          0.0       208      10.6         28.6   1007.3       84
04/03/2023  16:15:00          0.0       219      10.2         28.2   1007.3       87
04/03/2023  16:30:00          0.0       222       3.9         28.6   1007.1       87
04/03/2023  16:45:00          0.0       208       3.5         28.2   1007.1       87
04/03/2023  17:00:00          0.0       238       3.2         28.1   1007.1       87
04/03/2023  17:15:00          0.0       205       3.5         29.3   1007.1       85
04/03/2023  17:30:00          0.0       236       9.5         29.4   1007.1       84
04/03/2023  17:45:00          0.0       237       7.4         28.6   1007.1       85
04/03/2023  18:00:00          0.0       226       4.6         27.5   1007.1       90
04/03/2023  18:15:00          0.0       249       3.2         27.1   1007.6       93
04/03/2023  18:30:00          0.0       239       3.2         26.5   1007.3       93
04/03/2023  18:45:00          0.0       214       5.3         26.3   1007.3       94
04/03/2023  19:00:00          0.0       215       3.2         26.5   1007.6       94
04/03/2023  19:15:00          0.0       224       2.5         26.1   1007.6       95
04/03/2023  19:30:00          0.0         -       0.0         26.0   1007.8       95
04/03/2023  19:45:00          0.0         -       0.0         26.0   1007.7       95
04/03/2023  20:00:00          0.0         -       0.0         25.8   1008.1       95
04/03/2023  20:15:00          0.0         -       0.0         25.7   1008.1       96
04/03/2023  20:30:00          0.0       100       1.1         25.8   1008.1       96
04/03/2023  20:45:00          0.0       109       1.1         25.8   1008.3       96
04/03/2023  21:00:00          0.0         -       0.0         25.8   1008.2       96
04/03/2023  21:15:00          0.0       120       2.5         25.9   1008.1       96
04/03/2023  21:30:00          0.0       117       1.4         25.8   1008.3       96
04/03/2023  21:45:00          0.0       110       1.4         25.7   1008.3       96
04/03/2023  22:00:00          0.0         -       0.0         25.7   1008.3       96
04/03/2023  22:15:00          0.0       114       1.4         26.0   1008.0       96
04/03/2023  22:30:00          0.0         -       0.0         25.8   1008.0       96
04/03/2023  22:45:00          0.0       094       1.1         25.5   1007.7       97
04/03/2023  23:00:00          0.0       094       3.2         25.4   1008.0       97
04/03/2023  23:15:00          0.0       109       1.4         25.2   1007.8       97
04/03/2023  23:30:00          0.0       106       3.5         25.2   1007.5       97
04/03/2023  23:45:00          0.0       096       2.5         25.1   1007.2       98
05/03/2023  00:00:00          0.0       092       2.8         25.1   1006.7       98
05/03/2023  00:15:00          0.0       123       5.6         25.2   1006.5       97
05/03/2023  00:30:00          0.0       099       1.8         25.1   1006.5       97
05/03/2023  00:45:00          0.0       107       2.8         25.1   1006.2       96
05/03/2023  01:00:00          0.0       112       4.6         25.2   1006.4       95
05/03/2023  01:15:00          0.0       123       3.5         25.4   1006.0       94
05/03/2023  01:30:00          0.0       105       3.2         25.5   1006.0       93
05/03/2023  01:45:00          0.0       094       4.2         25.5   1006.0       93
05/03/2023  02:00:00          0.0       108       7.4         25.3   1005.8       91
05/03/2023  02:15:00          0.0       126       5.6         25.7   1005.8       90
05/03/2023  02:30:00          0.0       104       8.5         25.7   1005.5       89
05/03/2023  02:45:00          0.0       101       3.2         25.9   1005.3       88
05/03/2023  03:00:00          0.0       105       4.6         25.9   1005.3       88
05/03/2023  03:15:00          0.0       128       4.2         26.1   1005.0       87
05/03/2023  03:30:00          0.0       099       3.9         26.0   1005.0       85
05/03/2023  03:45:00          0.0       128       1.4         26.1   1005.2       84
05/03/2023  04:00:00          0.0       112       4.6         26.1   1005.2       84
05/03/2023  04:15:00          0.0       123       2.8         25.8   1004.9       84
05/03/2023  04:30:00          0.0       112       3.2         26.0   1004.8       84
05/03/2023  04:45:00          0.0       117       4.9         26.1   1004.8       84
05/03/2023  05:00:00          0.0       115      10.2         26.0   1005.0       84
05/03/2023  05:15:00          0.0       275       5.3         26.0   1005.5       84
05/03/2023  05:30:00          0.0       245       6.7         26.0   1006.0       85
05/03/2023  05:45:00          0.0       234      15.9         26.5   1006.1       91
05/03/2023  06:00:00          0.0       248      14.8         26.5   1006.2       93
05/03/2023  06:15:00          0.0       237      10.6         26.6   1006.2       95
05/03/2023  06:30:00          0.0       237      14.1         26.7   1006.2       95
05/03/2023  06:45:00          0.0       231      10.2         26.8   1006.4       96
05/03/2023  07:00:00          0.0       246       8.1         26.6   1006.2       96
05/03/2023  07:15:00          0.0       262      11.3         27.2   1006.2       91
05/03/2023  07:30:00          0.0       254       5.3         27.5   1006.6       90
05/03/2023  07:45:00          0.0       214       9.5         27.9   1006.6       88
05/03/2023  08:00:00          0.0       196       6.7         27.1   1006.7       90
05/03/2023  08:15:00          0.0       197      11.6         27.6   1006.9       89
05/03/2023  08:30:00          0.0       213       9.2         27.5   1006.5       89
05/03/2023  08:45:00          0.0       186       4.2         28.3   1006.6       86
05/03/2023  09:00:00          0.0       196       8.1         28.2   1006.6       88
05/03/2023  09:15:00          0.0       204       4.2         29.8   1006.6       82
05/03/2023  09:30:00          0.0       200       4.6         29.7   1006.6       82
05/03/2023  09:45:00          0.0       223       6.0         30.2   1006.6       81
05/03/2023  10:00:00          0.0       198       6.0         30.1   1006.6       81
05/03/2023  10:15:00          0.0       215       7.1         29.7   1006.4       82
05/03/2023  10:30:00          0.0       217       6.7         30.1   1006.1       82
05/03/2023  10:45:00          0.0       208       9.5         30.3   1006.1       80
05/03/2023  11:00:00          0.0       195       9.5         29.9   1005.9       80
05/03/2023  11:15:00          0.0       182       3.2         29.5   1005.6       82
05/03/2023  11:30:00          0.0       195       8.5         28.6   1005.4       83
05/03/2023  11:45:00          0.0       195      10.6         29.2   1005.4       81
05/03/2023  12:00:00          0.0       196       9.5         29.5   1005.2       84
05/03/2023  12:15:00          0.0       203      15.9         31.0   1005.2       79
05/03/2023  12:30:00          0.0       197       9.2         30.0   1004.9       81
05/03/2023  12:45:00          0.0       219       8.1         31.1   1004.7       77
05/03/2023  13:00:00          0.0       211       5.3         31.7   1004.7       76
05/03/2023  13:15:00          0.0       207      11.3         32.4   1004.4       69
05/03/2023  13:30:00          0.0       199       7.1         30.4   1004.4       77
05/03/2023  13:45:00          0.0       195       9.2         30.8   1004.4       76
05/03/2023  14:00:00          0.0       203      10.2         31.5   1003.9       75
05/03/2023  14:15:00          0.0       216       8.5         30.9   1003.9       78
05/03/2023  14:30:00          0.0       199       9.2         30.7   1003.9       77
05/03/2023  14:45:00          0.0       198      11.6         29.6   1003.7       82
05/03/2023  15:00:00          0.0       182      10.2         29.7   1003.7       82
05/03/2023  15:15:00          0.0       191      12.7         30.0   1003.4       81
05/03/2023  15:30:00          0.0       200       6.4         29.5   1003.4       82
05/03/2023  15:45:00          0.0       193       6.0         29.9   1003.2       82
05/03/2023  16:00:00          0.0       176       6.7         30.3   1003.2       79
05/03/2023  16:15:00          0.0       164      11.3         30.0   1003.2       80
05/03/2023  16:30:00          0.0       158      10.6         31.1   1003.2       76
05/03/2023  16:45:00          0.0       166       9.5         30.0   1003.3       79
05/03/2023  17:00:00          0.0       170       7.8         29.8   1003.4       80
05/03/2023  17:15:00          0.0       158       2.8         30.2   1003.4       79
05/03/2023  17:30:00          0.0       160       5.6         29.2   1003.4       82
05/03/2023  17:45:00          0.0       140       8.8         28.2   1003.6       85
05/03/2023  18:00:00          0.0       132       2.1         28.0   1003.7       85
05/03/2023  18:15:00          0.0         -       0.0         28.2   1003.9       87
05/03/2023  18:30:00          0.0       116       3.2         28.0   1003.7       85
05/03/2023  18:45:00          0.0       119       9.5         27.8   1003.9       79
05/03/2023  19:00:00          0.0       114       3.9         27.5   1004.2       76
05/03/2023  19:15:00          0.0       113       8.5         27.5   1004.4       75
05/03/2023  19:30:00          0.0       310       2.8         27.2   1004.7       76
05/03/2023  19:45:00          0.0       273       9.2         27.2   1005.2       77
05/03/2023  20:00:00          0.0       277       5.6         27.5   1005.4       77
05/03/2023  20:15:00          0.0       299       7.4         27.1   1005.8       77
05/03/2023  20:30:00          0.0       237      26.1         26.9   1006.1       83
05/03/2023  20:45:00          0.0       285       9.9         26.0   1005.9       84
05/03/2023  21:00:00          0.2       247       4.6         24.7   1006.1       91
05/03/2023  21:15:00          0.0       085       4.2         24.6   1006.1       95
05/03/2023  21:30:00          0.2       107       2.5         24.5   1005.5       96
05/03/2023  21:45:00          0.0       113       6.7         24.0   1005.5       96
05/03/2023  22:00:00          0.0       106       1.4         23.7   1005.4       97
05/03/2023  22:15:00          0.0       112       2.1         23.6   1005.2       96
05/03/2023  22:30:00          0.0       104       8.8         23.8   1005.0       96
05/03/2023  22:45:00          0.0       097       4.9         23.7   1005.0       96
05/03/2023  23:00:00          0.0       257       6.7         23.9   1005.8       95
05/03/2023  23:15:00          0.0       105       6.0         23.8   1005.5       95
05/03/2023  23:30:00          0.4       108      10.9         23.5   1005.3       96
05/03/2023  23:45:00          0.2       110       6.7         22.9   1005.0       96
06/03/2023  00:00:00          0.0       111      13.1         22.7   1004.8       98
06/03/2023  00:15:00          0.0       108       4.9         22.9   1004.5       98
06/03/2023  00:30:00          0.0       105       3.9         22.6   1004.3       98
06/03/2023  00:45:00          0.2       107       3.2         22.8   1003.8       98
06/03/2023  01:00:00          0.0       117       5.6         22.9   1003.6       97
06/03/2023  01:15:00          0.0       111       7.8         22.9   1003.6       94
06/03/2023  01:30:00          0.0       269       5.6         23.3   1003.6       92
06/03/2023  01:45:00          0.0       103       7.1         23.5   1003.6       90
06/03/2023  02:00:00          0.0       100       3.2         23.7   1003.8       89
06/03/2023  02:15:00          0.0       087       7.8         24.1   1003.8       89
06/03/2023  02:30:00          0.0       097       7.1         24.3   1003.8       86
06/03/2023  02:45:00          0.0       109       1.8         24.4   1003.6       86
06/03/2023  03:00:00          0.0       108       8.1         24.6   1003.8       84
06/03/2023  03:15:00          0.0       107       6.4         24.8   1003.8       85
06/03/2023  03:30:00          0.0       110       2.8         24.9   1004.1       89
06/03/2023  03:45:00          0.0         -       0.0         24.4   1004.1       90
06/03/2023  04:00:00          0.0       117       4.6         24.1   1004.1       90
06/03/2023  04:15:00          0.0       112       1.8         24.1   1004.2       91
06/03/2023  04:30:00          0.0       106       2.8         23.9   1004.1       91
06/03/2023  04:45:00          0.0       090       2.1         23.8   1004.4       92
06/03/2023  05:00:00          0.0       247       1.1         23.8   1004.4       93
06/03/2023  05:15:00          0.0       098       3.5         23.7   1004.7       94
06/03/2023  05:30:00          0.0         -       0.0         23.7   1004.7       95
06/03/2023  05:45:00          0.0       269       0.4         23.5   1004.9       95
06/03/2023  06:00:00          0.0       176       1.4         23.5   1004.9       95
06/03/2023  06:15:00          0.0         -       0.0         23.6   1005.2       95
06/03/2023  06:30:00          0.0         -       0.0         23.7   1005.3       95
06/03/2023  06:45:00          0.0       137       2.5         24.0   1005.5       95
06/03/2023  07:00:00          0.0       152       4.2         25.2   1005.8       92
06/03/2023  07:15:00          0.0         -       0.0         26.1   1006.0       90
06/03/2023  07:30:00          0.0       118       2.5         26.6   1006.4       88
06/03/2023  07:45:00          0.0       127       2.5         26.6   1006.6       89
06/03/2023  08:00:00          0.0       124       1.8         27.0   1006.7       89
06/03/2023  08:15:00          0.0       132       1.1         27.5   1006.7       85
06/03/2023  08:30:00          0.0       121       0.4         27.3   1007.0       81
06/03/2023  08:45:00          0.0       149       8.8         26.9   1007.3       80
06/03/2023  09:00:00          0.0       131      15.5         26.6   1008.0       79
06/03/2023  09:15:00          0.0       143       7.1         26.1   1008.4       79
06/03/2023  09:30:00          0.0       143       7.1         24.0   1008.4       87
06/03/2023  09:45:00          0.2       258      12.3         22.8   1009.1       92
06/03/2023  10:00:00          1.0       238       9.2         22.4   1008.9       96
06/03/2023  10:15:00          0.2       205       6.0         22.5   1008.9       98
06/03/2023  10:30:00          0.2       204       2.8         22.5   1008.2       98
06/03/2023  10:45:00          0.0       210       6.0         22.5   1007.7       99
06/03/2023  11:00:00          0.0       183       5.3         23.4   1007.2      100
06/03/2023  11:15:00          0.0         -       0.0         23.8   1007.0       98
06/03/2023  11:30:00          0.0       109       3.2         23.8   1007.3       97
06/03/2023  11:45:00          0.0       112       5.3         24.3   1007.0       97
06/03/2023  12:00:00          0.0       111       4.2         24.7   1006.7       94
06/03/2023  12:15:00          0.0       120       8.5         25.7   1006.2       88
06/03/2023  12:30:00          0.0       106       6.7         26.9   1006.1       83
06/03/2023  12:45:00          0.0       122       2.5         26.9   1005.9       82
06/03/2023  13:00:00          0.0       116       3.9         26.8   1005.9       79
06/03/2023  13:15:00          0.0       151       2.8         26.6   1005.6       77
06/03/2023  13:30:00          0.0       133       1.4         26.5   1005.2       79
06/03/2023  13:45:00          0.0       136       2.1         26.4   1005.0       78
06/03/2023  14:00:00          0.0       137       3.9         27.2   1005.3       79
06/03/2023  14:15:00          0.0       162       2.8         29.6   1004.9       70
06/03/2023  14:30:00          0.0       148       2.1         30.8   1004.4       65
06/03/2023  14:45:00          0.0       318       2.8         30.1   1004.2       61
06/03/2023  15:00:00          0.0       128       7.1         32.4   1004.3       56
06/03/2023  15:15:00          0.0       117       7.1         31.5   1004.2       56
06/03/2023  15:30:00          0.0       128       2.8         32.0   1004.2       58
06/03/2023  15:45:00          0.0       168       3.2         32.0   1004.2       58
06/03/2023  16:00:00          0.0       112       5.6         31.7   1003.9       58
06/03/2023  16:15:00          0.0       174       4.9         32.3   1003.7       59
06/03/2023  16:30:00          0.0       212       2.5         31.8   1003.4       60
06/03/2023  16:45:00          0.0       160       7.4         31.8   1003.7       60
06/03/2023  17:00:00          0.0       187       1.8         31.3   1003.7       61
06/03/2023  17:15:00          0.0       157       9.2         28.7   1003.4       70
06/03/2023  17:30:00          0.0       150      10.6         27.8   1003.4       77
06/03/2023  17:45:00          0.0       173      13.8         27.7   1003.9       79
06/03/2023  18:00:00          0.0       162       7.1         26.8   1004.2       82
06/03/2023  18:15:00          0.0       159      12.0         25.8   1004.4       83
06/03/2023  18:30:00          0.0       159      10.2         25.9   1004.4       83
06/03/2023  18:45:00          0.0       154       4.2         26.0   1004.7       86
06/03/2023  19:00:00          0.0       142       8.5         25.8   1004.5       89
06/03/2023  19:15:00          0.0       163      10.9         25.8   1004.7       89
06/03/2023  19:30:00          0.0       139       8.8         25.7   1004.5       90
06/03/2023  19:45:00          0.0       154       9.9         25.6   1004.8       90
06/03/2023  20:00:00          0.0       153       4.6         25.7   1005.2       91
06/03/2023  20:15:00          0.0       141       6.0         25.2   1005.2       92
06/03/2023  20:30:00          0.0         -       0.0         25.4   1005.6       92
06/03/2023  20:45:00          0.0         -       0.0         25.1   1005.8       93
06/03/2023  21:00:00          0.0       100       1.8         24.9   1006.4       93
06/03/2023  21:15:00          0.0       102       1.8         24.9   1006.5       94
06/03/2023  21:30:00          0.0         -       0.0         24.8   1006.5       94
06/03/2023  21:45:00          0.0       138       2.8         24.5   1006.5       95
06/03/2023  22:00:00          0.0       126       2.1         24.6   1006.6       95
06/03/2023  22:15:00          0.0         -       0.0         24.8   1006.4       96
06/03/2023  22:30:00          0.0         -       0.0         24.5   1006.6       96
06/03/2023  22:45:00          0.0       089       2.5         24.5   1006.5       97
06/03/2023  23:00:00          0.0       112       1.1         24.5   1006.5       97
06/03/2023  23:15:00          0.0       091       2.8         24.3   1006.9       98
06/03/2023  23:30:00          0.0       102       3.2         24.2   1006.5       98
06/03/2023  23:45:00          0.0       106       1.4         24.1   1006.5       98
07/03/2023  00:00:00          0.0       111       3.5         24.0   1006.2       98
07/03/2023  00:15:00          0.0       112       4.2         24.1   1006.0       98
07/03/2023  00:30:00          0.0         -       0.0         24.1   1005.8       97
07/03/2023  00:45:00          0.0       219       4.2         24.3   1005.8       97
07/03/2023  01:00:00          0.0       097       1.8         24.1   1005.5       98
07/03/2023  01:15:00          0.0       108       1.1         24.0   1005.5       97
07/03/2023  01:30:00          0.0       099       2.5         23.7   1005.3       97
07/03/2023  01:45:00          0.0       093       0.4         23.8   1005.3       97
07/03/2023  02:00:00          0.0         -       0.0         23.7   1005.3       97
07/03/2023  02:15:00          0.0         -       0.0         23.8   1005.0       97
07/03/2023  02:30:00          0.0       108       1.1         23.7   1004.8       98
07/03/2023  02:45:00          0.0       107       1.4         23.5   1004.5       97
07/03/2023  03:00:00          0.0       220       5.3         23.5   1005.3       97
07/03/2023  03:15:00          0.0       080       4.9         23.4   1005.3       98
07/03/2023  03:30:00          0.0       079       5.3         23.5   1005.3       97
07/03/2023  03:45:00          0.0       096       3.2         23.4   1005.2       97
07/03/2023  04:00:00          0.0       084       3.5         23.5   1005.2       97
07/03/2023  04:15:00          0.0       084       3.5         23.5   1005.4       96
07/03/2023  04:30:00          0.0       088       4.2         23.5   1005.4       95
07/03/2023  04:45:00          0.0       092       3.9         23.8   1005.2       95
07/03/2023  05:00:00          0.0       094       4.6         23.9   1005.4       94
07/03/2023  05:15:00          0.0       118       2.5         23.7   1005.6       94
07/03/2023  05:30:00          0.0       094       4.9         23.2   1005.8       95
07/03/2023  05:45:00          0.0       169       3.5         23.3   1005.8       96
07/03/2023  06:00:00          0.0       148       2.5         23.5   1005.8       96
07/03/2023  06:15:00          0.0       152       2.8         23.8   1006.2       96
07/03/2023  06:30:00          0.0       159       0.4         24.2   1006.5       95
07/03/2023  06:45:00          0.0       130       4.9         24.4   1006.7       94
07/03/2023  07:00:00          0.0       133       2.1         25.1   1006.7       92
07/03/2023  07:15:00          0.0       123       1.8         25.8   1007.0       90
07/03/2023  07:30:00          0.0       129       3.2         27.2   1007.2       84
07/03/2023  07:45:00          0.0       144       6.7         29.0   1007.0       80
07/03/2023  08:00:00          0.0       128       3.9         29.9   1007.3       76
07/03/2023  08:15:00          0.0       141       4.6         29.8   1007.3       75
07/03/2023  08:30:00          0.0       138       2.1         29.7   1007.6       75
07/03/2023  08:45:00          0.0       303       3.2         30.6   1007.8       70
07/03/2023  09:00:00          0.0       139       4.9         30.0   1008.1       73
07/03/2023  09:15:00          0.0       312       5.3         31.4   1007.8       69
07/03/2023  09:30:00          0.0       140       2.5         32.7   1007.8       64
07/03/2023  09:45:00          0.0       141       9.2         33.1   1008.1       59
07/03/2023  10:00:00          0.0       160       4.6         34.5   1007.8       58
07/03/2023  10:15:00          0.0       146       3.2         35.7   1008.0       53
07/03/2023  10:30:00          0.0       156       2.1         36.0   1007.6       53
07/03/2023  10:45:00          0.0       139       6.7         36.7   1007.6       49
07/03/2023  11:00:00          0.0       135      17.3         36.1   1007.7       48
07/03/2023  11:15:00          0.0       290      10.9         36.1   1007.7       47
07/03/2023  11:30:00          0.0       141      11.3         36.4   1007.5       43
07/03/2023  11:45:00          0.0       136      17.6         37.0   1007.3       44
07/03/2023  12:00:00          0.0       134      12.0         37.3   1007.3       42
07/03/2023  12:15:00          0.0       296       4.2         38.3   1007.3       41
07/03/2023  12:30:00          0.0       256       6.7         38.0   1007.1       44
07/03/2023  12:45:00          0.0       235       4.9         33.7   1007.2       57
07/03/2023  13:00:00          0.0       216      13.8         32.6   1006.9       62
07/03/2023  13:15:00          0.0       203       7.8         31.6   1007.1       65
07/03/2023  13:30:00          0.0       201      12.3         31.7   1006.9       67
07/03/2023  13:45:00          0.0       197      17.3         31.9   1007.1       64
07/03/2023  14:00:00          0.0       190      10.6         31.2   1006.9       69
07/03/2023  14:15:00          0.0       206       5.6         31.4   1007.1       67
07/03/2023  14:30:00          0.0       226       2.5         31.1   1006.9       65
07/03/2023  14:45:00          0.0       210       4.2         30.1   1006.9       71
07/03/2023  15:00:00          0.0       226       7.1         30.2   1006.9       67
07/03/2023  15:15:00          0.0       233       6.0         29.2   1007.6       75
07/03/2023  15:30:00          0.0       224       6.0         29.1   1007.3       77
07/03/2023  15:45:00          0.0       209       4.2         29.2   1007.1       77
07/03/2023  16:00:00          0.0       216       1.4         29.4   1007.3       74
07/03/2023  16:15:00          0.0       237       4.6         29.3   1006.6       76
07/03/2023  16:30:00          0.0         -       0.0         29.0   1006.6       74
07/03/2023  16:45:00          0.0       170       2.8         29.0   1006.6       76
07/03/2023  17:00:00          0.0       193       7.4         28.5   1006.4       77
07/03/2023  17:15:00          0.0       163       5.6         28.3   1006.2       78
07/03/2023  17:30:00          0.0       138       3.9         28.4   1006.4       76
07/03/2023  17:45:00          0.0       257       6.7         28.0   1007.1       78
07/03/2023  18:00:00          0.0       129      13.4         27.5   1007.3       75
07/03/2023  18:15:00          0.0       121       8.1         27.1   1007.3       69
07/03/2023  18:30:00          0.0       112       7.1         27.0   1007.5       71
07/03/2023  18:45:00          0.0       120       6.7         27.1   1007.6       72
07/03/2023  19:00:00          0.0         -       0.0         26.7   1007.8       74
07/03/2023  19:15:00          0.0       115       2.5         26.3   1008.1       76
07/03/2023  19:30:00          0.0       141       5.6         26.2   1008.0       74
07/03/2023  19:45:00          0.0       130       5.6         26.3   1008.2       73
07/03/2023  20:00:00          0.0       119       3.9         26.1   1008.2       71
07/03/2023  20:15:00          0.0       122       7.4         25.8   1008.2       71
07/03/2023  20:30:00          0.0       128       6.0         25.9   1008.6       71
07/03/2023  20:45:00          0.0       134       2.8         25.7   1008.8       71
07/03/2023  21:00:00          0.0       117       4.2         25.8   1008.7       71
07/03/2023  21:15:00          0.0       132       1.4         25.6   1008.9       72
07/03/2023  21:30:00          0.0       121       8.8         25.8   1008.9       69
07/03/2023  21:45:00          0.0       126       6.0         26.1   1008.8       67
07/03/2023  22:00:00          0.0       114       4.2         25.9   1008.9       67
07/03/2023  22:15:00          0.0       130      11.3         25.7   1009.1       68
07/03/2023  22:30:00          0.0       134       6.4         25.7   1008.7       68
07/03/2023  22:45:00          0.0       135       6.4         25.4   1009.1       69
07/03/2023  23:00:00          0.0       134       2.5         25.5   1008.9       68
07/03/2023  23:15:00          0.0       134       6.0         25.3   1008.7       69
07/03/2023  23:30:00          0.0       121       5.6         25.3   1008.7       69
07/03/2023  23:45:00          0.0       134       2.5         25.4   1008.4       68
08/03/2023  00:00:00          0.0       129       3.9         25.2   1008.4       68
08/03/2023  00:15:00          0.0       145       6.4         25.1   1008.7       68
08/03/2023  00:30:00          0.0       133       6.0         25.1   1008.7       69
08/03/2023  00:45:00          0.0       129       3.9         24.9   1008.7       69
08/03/2023  01:00:00          0.0       125       2.8         24.6   1008.4       71
08/03/2023  01:15:00          0.0       119       7.8         24.6   1008.2       71
08/03/2023  01:30:00          0.0       124       1.4         24.7   1008.2       72
08/03/2023  01:45:00          0.0       130       2.1         24.3   1008.0       73
08/03/2023  02:00:00          0.0       132       4.6         24.5   1007.5       72
08/03/2023  02:15:00          0.0       123       2.8         24.1   1007.7       76
08/03/2023  02:30:00          0.0         -       0.0         24.1   1007.5       77
08/03/2023  02:45:00          0.0       139       2.1         23.9   1007.5       78
08/03/2023  03:00:00          0.0       119       1.8         23.8   1007.2       79
08/03/2023  03:15:00          0.0       109       6.0         23.7   1007.2       79
08/03/2023  03:30:00          0.0       122       4.9         23.7   1007.5       80
08/03/2023  03:45:00          0.0       135       3.2         23.6   1007.6       81
08/03/2023  04:00:00          0.0       120       2.8         23.3   1007.3       83
08/03/2023  04:15:00          0.0       127       1.1         23.5   1007.3       85
08/03/2023  04:30:00          0.0       131       2.8         23.5   1007.3       85
08/03/2023  04:45:00          0.0       138       2.8         23.5   1007.3       86
08/03/2023  05:00:00          0.0       129       0.7         23.3   1007.2       87
08/03/2023  05:15:00          0.0       121       1.4         22.9   1007.5       89
08/03/2023  05:30:00          0.0       129       4.2         23.1   1007.5       89
08/03/2023  05:45:00          0.0       156       3.9         23.1   1007.7       89
08/03/2023  06:00:00          0.0       152       2.8         23.1   1007.7       88
08/03/2023  06:15:00          0.0       137       2.8         23.7   1008.0       88
08/03/2023  06:30:00          0.0         -       0.0         24.0   1008.3       88
08/03/2023  06:45:00          0.0         -       0.0         24.5   1008.2       88
08/03/2023  07:00:00          0.0       132       3.2         24.8   1008.6       87
08/03/2023  07:15:00          0.0         -       0.0         25.2   1008.7       86
08/03/2023  07:30:00          0.0         -       0.0         26.8   1008.7       83
08/03/2023  07:45:00          0.0       123       1.4         27.8   1008.9       78
08/03/2023  08:00:00          0.0       118       4.6         28.2   1008.9       76
08/03/2023  08:15:00          0.0       123       4.6         28.7   1009.3       74
08/03/2023  08:30:00          0.0       308       3.5         29.4   1009.3       70
08/03/2023  08:45:00          0.0       142       4.9         29.3   1009.5       70
08/03/2023  09:00:00          0.0       126       6.4         30.3   1009.5       67
08/03/2023  09:15:00          0.0       140       3.9         31.0   1009.4       64
08/03/2023  09:30:00          0.0       161       2.1         30.9   1010.0       65
08/03/2023  09:45:00          0.0       141       3.5         31.3   1009.8       65
08/03/2023  10:00:00          0.0       154       2.5         31.5   1009.8       63
08/03/2023  10:15:00          0.0       170       6.4         32.0   1009.8       61
08/03/2023  10:30:00          0.0       215       4.6         32.1   1009.8       62
08/03/2023  10:45:00          0.0       221       8.1         30.0   1009.8       73
08/03/2023  11:00:00          0.0       220       6.0         29.6   1009.8       74
08/03/2023  11:15:00          0.0       215       6.4         29.7   1009.5       76
08/03/2023  11:30:00          0.0       197       8.1         29.7   1009.5       71
08/03/2023  11:45:00          0.0       185       4.9         30.0   1009.5       74
08/03/2023  12:00:00          0.0       219       7.1         29.4   1009.3       74
08/03/2023  12:15:00          0.0       208       7.1         29.7   1009.1       74
08/03/2023  12:30:00          0.0       213       9.9         30.0   1008.8       73
08/03/2023  12:45:00          0.0       183       8.8         30.6   1008.8       73
08/03/2023  13:00:00          0.0         -       0.0         32.1   1008.6       65
08/03/2023  13:15:00          0.0       204       8.1         31.8   1008.3       65
08/03/2023  13:30:00          0.0       177       2.8         31.2   1008.1       68
08/03/2023  13:45:00          0.0       180       6.4         31.7   1007.8       66
08/03/2023  14:00:00          0.0       171       3.9         32.2   1007.8       66
08/03/2023  14:15:00          0.0       170       8.8         32.6   1007.3       62
08/03/2023  14:30:00          0.0       158      12.3         32.7   1007.3       60
08/03/2023  14:45:00          0.0       170      16.9         32.9   1007.1       58
08/03/2023  15:00:00          0.0       155      11.6         32.1   1006.9       59
08/03/2023  15:15:00          0.0       164       8.1         30.6   1007.0       61
08/03/2023  15:30:00          0.0       156      10.6         29.8   1006.9       62
08/03/2023  15:45:00          0.0       169      13.4         29.4   1006.9       67
08/03/2023  16:00:00          0.0       165      15.2         29.4   1006.9       66
08/03/2023  16:15:00          0.0       159       9.2         29.4   1006.9       67
08/03/2023  16:30:00          0.0       158       6.0         29.0   1006.9       69
08/03/2023  16:45:00          0.0       158      13.1         29.0   1007.1       72
08/03/2023  17:00:00          0.0       134       6.4         28.4   1007.3       74
08/03/2023  17:15:00          0.0       136       8.5         28.9   1006.9       73
08/03/2023  17:30:00          0.0       173      22.6         28.0   1007.1       77
08/03/2023  17:45:00          0.0       141       6.0         27.9   1007.1       78
08/03/2023  18:00:00          0.0       168       7.8         27.8   1007.3       78
08/03/2023  18:15:00          0.0       157       7.4         27.2   1007.1       79
08/03/2023  18:30:00          0.0       147       9.5         27.5   1007.2       80
08/03/2023  18:45:00          0.0       151      10.6         27.0   1007.6       81
08/03/2023  19:00:00          0.0       144       4.6         27.1   1007.6       81
08/03/2023  19:15:00          0.0       138       3.5         27.2   1007.7       82
08/03/2023  19:30:00          0.0       139       2.1         26.8   1007.7       82
08/03/2023  19:45:00          0.0       133       2.8         26.7   1007.7       83
08/03/2023  20:00:00          0.0       148       3.9         26.4   1008.3       84
08/03/2023  20:15:00          0.0       150       2.1         26.3   1008.2       84
08/03/2023  20:30:00          0.0       259       2.1         26.4   1008.6       84
08/03/2023  20:45:00          0.0         -       0.0         26.0   1008.7       86
08/03/2023  21:00:00          0.0       279       0.7         25.9   1009.1       88
08/03/2023  21:15:00          0.0         -       0.0         26.3   1009.3       87
08/03/2023  21:30:00          0.0         -       0.0         26.4   1009.3       86
08/03/2023  21:45:00          0.0         -       0.0         26.0   1009.2       87
08/03/2023  22:00:00          0.0         -       0.0         25.7   1009.2       89
08/03/2023  22:15:00          0.0         -       0.0         25.7   1009.2       89
08/03/2023  22:30:00          0.0         -       0.0         25.6   1009.2       90
08/03/2023  22:45:00          0.0         -       0.0         25.6   1009.2       90
08/03/2023  23:00:00          0.0         -       0.0         25.4   1009.2       91
08/03/2023  23:15:00          0.0         -       0.0         25.3   1009.2       91
08/03/2023  23:30:00          0.0         -       0.0         24.8   1009.3       92
08/03/2023  23:45:00          0.0         -       0.0         24.8   1009.3       93
09/03/2023  00:00:00          0.0       094       2.1         24.6   1009.2       93
09/03/2023  00:15:00          0.0         -       0.0         24.5   1009.2       94
09/03/2023  00:30:00          0.0       104       1.4         24.3   1009.2       95
09/03/2023  00:45:00          0.0         -       0.0         24.3   1008.9       95
09/03/2023  01:00:00          0.0       106       2.5         24.4   1008.7       95
09/03/2023  01:15:00          0.0         -       0.0         24.4   1008.7       95
09/03/2023  01:30:00          0.0         -       0.0         24.5   1008.7       95
09/03/2023  01:45:00          0.0         -       0.0         24.4   1008.4       94
09/03/2023  02:00:00          0.0       112       1.4         24.5   1008.4       94
09/03/2023  02:15:00          0.0       106       1.8         24.4   1008.4       94
09/03/2023  02:30:00          0.0       108       0.4         24.2   1008.4       95
09/03/2023  02:45:00          0.0         -       0.0         24.4   1008.4       94
09/03/2023  03:00:00          0.0       115       1.8         24.3   1008.2       94
09/03/2023  03:15:00          0.0       108       1.8         24.4   1008.2       94
09/03/2023  03:30:00          0.0       105       7.1         24.5   1008.2       93
09/03/2023  03:45:00          0.0       117       4.2         24.8   1008.2       92
09/03/2023  04:00:00          0.0       103       5.6         24.9   1008.2       91
09/03/2023  04:15:00          0.0         -       0.0         24.9   1008.2       91
09/03/2023  04:30:00          0.0       102       2.1         24.8   1008.2       91
09/03/2023  04:45:00          0.0       104       4.6         24.6   1008.2       92
09/03/2023  05:00:00          0.0       099       5.6         24.8   1008.4       92
09/03/2023  05:15:00          0.0       105       2.1         24.6   1008.4       91
09/03/2023  05:30:00          0.0       126       4.9         24.7   1008.4       90
09/03/2023  05:45:00          0.0       161       2.8         24.8   1008.8       89
09/03/2023  06:00:00          0.0       138       5.6         25.0   1008.4       88
09/03/2023  06:15:00          0.0       142       6.4         24.9   1008.8       88
09/03/2023  06:30:00          0.0       128       7.4         25.9   1008.9       84
09/03/2023  06:45:00          0.0       134       2.8         26.2   1008.9       82
09/03/2023  07:00:00          0.0       131       5.3         27.3   1009.2       79
09/03/2023  07:15:00          0.0       129       4.6         28.2   1009.3       76
09/03/2023  07:30:00          0.0       126       4.2         29.0   1009.5       74
09/03/2023  07:45:00          0.0       139       2.1         30.5   1009.5       68
09/03/2023  08:00:00          0.0       148       1.4         30.5   1009.5       66
09/03/2023  08:15:00          0.0       139      10.9         31.2   1009.5       63
09/03/2023  08:30:00          0.0       134       4.2         31.5   1009.8       61
09/03/2023  08:45:00          0.0       140       3.5         32.6   1009.5       57
09/03/2023  09:00:00          0.0       126      13.4         32.7   1009.7       57
09/03/2023  09:15:00          0.0       136       6.4         33.0   1009.9       55
09/03/2023  09:30:00          0.0       131      23.6         33.2   1009.9       53
09/03/2023  09:45:00          0.0       138       5.6         33.5   1009.5       52
09/03/2023  10:00:00          0.0       131       7.8         33.5   1009.5       51
09/03/2023  10:15:00          0.0       132      10.2         34.9   1009.3       48
09/03/2023  10:30:00          0.0       136       9.9         36.1   1009.3       42
09/03/2023  10:45:00          0.0       137       2.8         36.2   1009.2       43
09/03/2023  11:00:00          0.0       129       4.6         36.4   1009.2       41
09/03/2023  11:15:00          0.0       136       6.4         37.0   1008.8       42
09/03/2023  11:30:00          0.0       147       2.8         37.9   1008.7       40
09/03/2023  11:45:00          0.0       154       2.5         38.2   1008.3       37
09/03/2023  12:00:00          0.0       291       1.1         38.7   1008.4       35
09/03/2023  12:15:00          0.0       139       4.2         39.1   1008.2       36
09/03/2023  12:30:00   ND      ND        ND        ND           ND       ND       ND
09/03/2023  12:45:00           ND       194       9.2         34.3   1008.0       47
09/03/2023  13:00:00          0.0       218      10.2         34.1   1007.6       50
09/03/2023  13:15:00          0.0       188      11.3         33.2   1007.5       52
09/03/2023  13:30:00          0.0       191      10.6         33.2   1007.3       53
09/03/2023  13:45:00          0.0       172       8.1         33.4   1007.3       53
09/03/2023  14:00:00          0.0       181      12.7         34.7   1007.1       49
09/03/2023  14:15:00          0.0       183       8.8         35.4   1006.9       45
09/03/2023  14:30:00          0.0       163      10.6         35.9   1006.9       44
09/03/2023  14:45:00          0.0       168       7.1         34.7   1006.5       46
09/03/2023  15:00:00          0.0       181      18.0         33.8   1006.4       49
09/03/2023  15:15:00          0.0       179      18.7         33.4   1006.4       51
09/03/2023  15:30:00          0.0       163      15.9         33.4   1006.1       50
09/03/2023  15:45:00          0.0       178       6.4         32.6   1006.4       52
09/03/2023  16:00:00          0.0       176      12.0         32.3   1006.2       51
09/03/2023  16:15:00          0.0       199       6.0         31.4   1005.9       54
09/03/2023  16:30:00          0.0       156       8.5         30.8   1006.4       54
09/03/2023  16:45:00          0.0       162       7.8         30.3   1006.9       55
09/03/2023  17:00:00          0.0         -       0.0         30.3   1007.0       54
09/03/2023  17:15:00          0.0       209       1.4         30.0   1006.9       56
09/03/2023  17:30:00          0.0       196       1.1         29.6   1007.1       59
09/03/2023  17:45:00          0.0         -       0.0         29.4   1007.1       57
09/03/2023  18:00:00          0.0         -       0.0         29.1   1007.3       58
09/03/2023  18:15:00          0.0       161       3.9         28.6   1007.1       59
09/03/2023  18:30:00          0.0       161       7.8         28.4   1007.3       62
09/03/2023  18:45:00          0.0       166       6.7         28.5   1007.3       60
09/03/2023  19:00:00          0.0       174       6.0         28.6   1007.3       62
09/03/2023  19:15:00          0.0         -       0.0         27.9   1007.5       64
09/03/2023  19:30:00          0.0       150       2.1         28.0   1007.8       65
09/03/2023  19:45:00          0.0       113       1.8         27.2   1008.1       73
09/03/2023  20:00:00          0.0         -       0.0         26.5   1008.2       75
09/03/2023  20:15:00          0.0       107       3.5         26.3   1008.6       77
09/03/2023  20:30:00          0.0         -       0.0         26.6   1008.6       78
09/03/2023  20:45:00          0.0         -       0.0         26.5   1008.8       80
09/03/2023  21:00:00          0.0         -       0.0         26.4   1009.1       81
09/03/2023  21:15:00          0.0       115       3.5         26.2   1009.3       83
09/03/2023  21:30:00          0.0         -       0.0         26.0   1009.5       84
09/03/2023  21:45:00          0.0         -       0.0         26.0   1009.8       85
09/03/2023  22:00:00          0.0       110       1.4         25.8   1009.7       87
09/03/2023  22:15:00          0.0         -       0.0         26.0   1009.7       90
09/03/2023  22:30:00          0.0         -       0.0         25.9   1009.4       91
09/03/2023  22:45:00          0.0         -       0.0         25.5   1009.4       92
09/03/2023  23:00:00          0.0       114       3.2         25.2   1009.8       93
09/03/2023  23:15:00          0.0         -       0.0         25.1   1009.4       93
09/03/2023  23:30:00          0.0         -       0.0         25.3   1009.2       94
09/03/2023  23:45:00          0.0         -       0.0         25.2   1009.2       94
10/03/2023  00:00:00          0.0         -       0.0         24.9   1009.1       94
10/03/2023  00:15:00          0.0         -       0.0         24.9   1009.1       94
10/03/2023  00:30:00          0.0       115       1.4         24.5   1008.9       94
10/03/2023  00:45:00          0.0         -       0.0         24.6   1008.9       94
10/03/2023  01:00:00          0.0       105       1.4         24.6   1009.1       93
10/03/2023  01:15:00          0.0         -       0.0         24.5   1008.7       94
10/03/2023  01:30:00          0.0         -       0.0         24.8   1008.8       94
10/03/2023  01:45:00          0.0       110       1.8         24.7   1008.7       94
10/03/2023  02:00:00          0.0       113       1.8         24.6   1008.9       95
10/03/2023  02:15:00          0.0       099       1.4         24.5   1008.9       94
10/03/2023  02:30:00          0.0       111       2.5         24.8   1008.7       95
10/03/2023  02:45:00          0.0       099       1.1         24.4   1008.7       94
10/03/2023  03:00:00          0.0       096       2.5         24.3   1008.7       94
10/03/2023  03:15:00          0.0       106       1.4         24.3   1008.4       95
10/03/2023  03:30:00          0.0         -       0.0         24.1   1008.4       94
10/03/2023  03:45:00          0.0       101       3.2         24.0   1008.4       92
10/03/2023  04:00:00          0.0         -       0.0         24.1   1008.4       91
10/03/2023  04:15:00          0.0         -       0.0         24.4   1008.2       91
10/03/2023  04:30:00          0.0       107       2.1         24.3   1008.2       89
10/03/2023  04:45:00          0.0       111       4.2         24.5   1008.4       89
10/03/2023  05:00:00          0.0         -       0.0         24.5   1008.4       87
10/03/2023  05:15:00          0.0       112       4.9         24.4   1008.7       87
10/03/2023  05:30:00          0.0       236       3.2         24.6   1008.9       88
10/03/2023  05:45:00          0.0       292       4.2         24.3   1008.9       89
10/03/2023  06:00:00          0.0       125       2.1         24.2   1009.2       89
10/03/2023  06:15:00          0.0       304       2.5         24.5   1009.4       89
10/03/2023  06:30:00          0.0       136       1.4         24.8   1009.4       87
10/03/2023  06:45:00          0.0       127       1.4         25.1   1009.7       87
10/03/2023  07:00:00          0.0       333       2.5         26.8   1009.7       84
10/03/2023  07:15:00          0.0       127       2.5         27.6   1009.9       80
10/03/2023  07:30:00          0.0       122       1.4         27.6   1009.9       81
10/03/2023  07:45:00          0.0         -       0.0         27.7   1010.3       80
10/03/2023  08:00:00          0.0       110       2.8         29.6   1010.2       75
10/03/2023  08:15:00          0.0       281       7.4         30.7   1010.3       69
10/03/2023  08:30:00          0.0       247       1.4         31.5   1010.5       68
10/03/2023  08:45:00          0.0       242       5.3         29.9   1010.3       74
10/03/2023  09:00:00          0.0       230       8.1         29.9   1010.5       74
10/03/2023  09:15:00          0.0       215       6.7         30.1   1010.3       77
10/03/2023  09:30:00          0.0       217       6.0         30.0   1010.3       77
10/03/2023  09:45:00          0.0       229       9.9         30.6   1010.3       77
10/03/2023  10:00:00          0.0       254       6.0         30.0   1010.4       77
10/03/2023  10:15:00          0.0       201       8.1         30.9   1010.3       77
10/03/2023  10:30:00          0.0       201       8.1         30.6   1010.3       76
10/03/2023  10:45:00          0.0       187      10.6         30.6   1010.0       76
10/03/2023  11:00:00          0.0       200      12.7         31.0   1010.2       77
10/03/2023  11:15:00          0.0       198      16.2         30.4   1010.0       78
10/03/2023  11:30:00          0.0       206      15.2         30.3   1009.9       78
10/03/2023  11:45:00          0.0       197       7.4         30.3   1009.8       79
10/03/2023  12:00:00          0.0       186       9.5         30.3   1009.8       77
10/03/2023  12:15:00          0.0       192      13.1         30.6   1009.5       76
10/03/2023  12:30:00          0.0       194      11.3         30.6   1009.5       76
10/03/2023  12:45:00          0.0       195      18.3         30.6   1009.3       76
10/03/2023  13:00:00          0.0       197      15.2         30.6   1009.1       77
10/03/2023  13:15:00          0.0       192      15.2         30.1   1009.1       77
10/03/2023  13:30:00          0.0       195      18.0         30.6   1008.8       77
10/03/2023  13:45:00          0.0       195      19.8         30.1   1008.6       78
10/03/2023  14:00:00          0.0       194      17.3         30.6   1008.1       77
10/03/2023  14:15:00          0.0       192      19.1         30.1   1007.8       78
10/03/2023  14:30:00          0.0       189      17.6         30.1   1007.6       77
10/03/2023  14:45:00          0.0       185      19.4         30.1   1007.3       77
10/03/2023  15:00:00          0.0       188      17.6         30.8   1007.1       76
10/03/2023  15:15:00          0.0       189       9.5         30.5   1006.9       77
10/03/2023  15:30:00          0.0       198      13.4         30.1   1006.9       77
10/03/2023  15:45:00          0.0       196       9.9         30.0   1007.3       77
10/03/2023  16:00:00          0.0       184       8.5         30.3   1007.6       76
10/03/2023  16:15:00          0.0       190      14.1         30.1   1007.8       76
10/03/2023  16:30:00          0.0       166      13.1         30.1   1007.3       75
10/03/2023  16:45:00          0.0       163       7.4         29.5   1007.6       76
10/03/2023  17:00:00          0.0       178      13.4         28.3   1007.8       76
10/03/2023  17:15:00          0.0       172      10.9         28.0   1007.8       76
10/03/2023  17:30:00          0.0       172       3.9         27.6   1007.6       76
10/03/2023  17:45:00          0.0       206       2.5         27.1   1007.8       76
10/03/2023  18:00:00          0.0       196       4.6         27.5   1007.8       77
10/03/2023  18:15:00          0.0       183       4.6         27.2   1007.8       79
10/03/2023  18:30:00          0.0         -       0.0         27.0   1008.3       81
10/03/2023  18:45:00          0.0         -       0.0         27.5   1008.1       80
10/03/2023  19:00:00          0.0       235       6.0         27.2   1007.8       83
10/03/2023  19:15:00          0.0       230       4.6         26.8   1007.6       84
10/03/2023  19:30:00          0.0         -       0.0         26.9   1007.8       84
10/03/2023  19:45:00          0.0       259       2.1         26.6   1008.3       86
10/03/2023  20:00:00          0.0         -       0.0         26.5   1008.6       86
10/03/2023  20:15:00          0.0         -       0.0         26.1   1008.7       87
10/03/2023  20:30:00          0.0       139       0.7         25.8   1008.8       89
10/03/2023  20:45:00          0.0       109       1.1         25.4   1008.8       92
10/03/2023  21:00:00          0.2         -       0.0         25.1   1009.2       94
10/03/2023  21:15:00   ND      ND        ND        ND           ND       ND       ND
10/03/2023  21:30:00           ND         -       0.0         25.1   1009.4       96
10/03/2023  21:45:00   ND      ND        ND        ND           ND       ND       ND
10/03/2023  22:00:00           ND       194       7.1         25.5   1009.7       96
10/03/2023  22:15:00          0.0       172       3.9         25.8   1009.5       94
10/03/2023  22:30:00          0.0       170       6.0         25.7   1009.4       95
10/03/2023  22:45:00          0.0       180       4.6         25.7   1009.8       96
10/03/2023  23:00:00          0.0         -       0.0         25.5   1009.5       95
10/03/2023  23:15:00   ND      ND        ND        ND           ND       ND       ND
10/03/2023  23:30:00           ND         -       0.0         25.0   1009.4       97
10/03/2023  23:45:00          0.0       211       2.8         25.2   1009.5       97
11/03/2023  00:00:00          0.0       270       2.1         25.1   1009.2       97
11/03/2023  00:15:00          0.0       244       2.5         24.9   1009.2       97
11/03/2023  00:30:00          0.0       217      12.0         25.3   1009.1       98
11/03/2023  00:45:00          0.0       220      16.6         25.4   1008.8       97
11/03/2023  01:00:00          0.0       197      12.7         25.7   1008.6       96
11/03/2023  01:15:00          0.0       201       7.4         25.7   1008.4       95
11/03/2023  01:30:00          0.0       200      14.1         25.7   1008.4       96
11/03/2023  01:45:00          0.0       218       8.1         25.7   1008.6       95
11/03/2023  02:00:00          0.0       212      10.2         25.6   1008.4       96
11/03/2023  02:15:00          0.0       211      10.2         25.5   1008.3       96
11/03/2023  02:30:00          0.0       274       4.6         25.4   1008.3       96
11/03/2023  02:45:00          0.0       269       1.8         25.0   1008.1       96
11/03/2023  03:00:00          0.0         -       0.0         25.0   1008.0       96
11/03/2023  03:15:00          0.0       285       1.4         24.9   1007.7       96
11/03/2023  03:30:00          0.0         -       0.0         24.6   1007.8       97
11/03/2023  03:45:00          0.0       082       3.2         24.8   1007.5       97
11/03/2023  04:00:00          0.0       094       1.8         24.6   1007.5       98
11/03/2023  04:15:00          0.0       092       1.1         24.7   1007.2       98
11/03/2023  04:30:00          0.0         -       0.0         24.9   1007.2       98
11/03/2023  04:45:00          0.0       105       1.8         24.7   1007.3       98
11/03/2023  05:00:00          0.0       110       2.1         24.6   1007.2       98
11/03/2023  05:15:00          0.0       099       4.9         24.0   1007.5       99
11/03/2023  05:30:00          0.0         -       0.0         23.8   1007.5       99
11/03/2023  05:45:00          0.0       103       1.1         23.6   1007.5       98
11/03/2023  06:00:00          0.0       121       3.5         23.5   1007.8       98
11/03/2023  06:15:00          0.0       130       3.5         23.4   1007.5       98
11/03/2023  06:30:00          0.0       119       3.2         23.8   1008.0       98
11/03/2023  06:45:00          0.0       109       6.7         24.1   1008.0       96
11/03/2023  07:00:00          0.0       120       3.2         24.4   1008.2       94
11/03/2023  07:15:00          0.0       120       4.2         24.7   1008.2       92
11/03/2023  07:30:00          0.0       118       6.7         25.3   1008.2       89
11/03/2023  07:45:00          0.0       132       6.0         26.6   1008.4       83
11/03/2023  08:00:00          0.0       125       2.1         27.0   1008.2       82
11/03/2023  08:15:00          0.0       101       7.1         27.4   1008.6       80
11/03/2023  08:30:00          0.0       123       7.8         27.5   1008.7       81
11/03/2023  08:45:00          0.0       134      12.0         27.8   1008.8       79
11/03/2023  09:00:00          0.0       115       7.8         28.3   1008.7       79
11/03/2023  09:15:00          0.0       121       7.4         28.8   1009.1       76
11/03/2023  09:30:00          0.0       120       9.2         29.3   1009.1       74
11/03/2023  09:45:00          0.0       135       4.6         29.4   1009.4       76
11/03/2023  10:00:00          0.0       119       6.0         29.2   1009.3       75
11/03/2023  10:15:00          0.0       127       1.1         29.3   1009.3       77
11/03/2023  10:30:00   ND      ND        ND        ND           ND       ND       ND
11/03/2023  10:45:00           ND       117       0.7         29.2   1009.3       78
11/03/2023  11:00:00          0.0       114       1.4         29.1   1009.3       77
11/03/2023  11:15:00          0.0         -       0.0         29.4   1009.3       76
11/03/2023  11:30:00          0.0       206       1.4         29.0   1009.1       76
11/03/2023  11:45:00          0.0       197       6.0         28.6   1009.1       81
11/03/2023  12:00:00          0.0         -       0.0         27.9   1009.1       84
11/03/2023  12:15:00          0.0       200       8.1         28.1   1009.1       85
11/03/2023  12:30:00          0.0       196      10.6         28.1   1008.8       85
11/03/2023  12:45:00          0.0       192      10.2         27.7   1008.4       86
11/03/2023  13:00:00          0.0       193       8.5         27.7   1008.7       87
11/03/2023  13:15:00          0.0       209       9.9         27.6   1008.6       87
11/03/2023  13:30:00          0.0       189       8.8         27.3   1008.6       87
11/03/2023  13:45:00          0.0       186       4.2         27.6   1008.2       88
11/03/2023  14:00:00          0.0       194      13.1         27.7   1008.3       87
11/03/2023  14:15:00          0.0       193      12.3         27.6   1008.1       87
11/03/2023  14:30:00          0.0       192      13.8         27.8   1007.5       86
11/03/2023  14:45:00          0.0       198       9.2         28.0   1007.6       84
11/03/2023  15:00:00          0.0       185       9.5         27.7   1007.3       84
11/03/2023  15:15:00          0.0       203      12.7         27.7   1007.3       84
11/03/2023  15:30:00          0.0       185      13.1         27.4   1007.3       86
11/03/2023  15:45:00          0.0       168      12.3         27.2   1007.5       87
11/03/2023  16:00:00          0.0       194      13.8         26.8   1007.6       87
11/03/2023  16:15:00          0.0       198      12.0         26.6   1007.7       88
11/03/2023  16:30:00          0.0       189       9.9         26.9   1008.0       89
11/03/2023  16:45:00          0.0       191      13.4         26.5   1008.3       91
11/03/2023  17:00:00          0.0       181      11.6         25.9   1008.1       90
11/03/2023  17:15:00          0.0       189      11.3         26.1   1008.1       90
11/03/2023  17:30:00          0.0       183       7.1         25.8   1008.3       90
11/03/2023  17:45:00          0.0       180       9.2         26.1   1008.7       90
11/03/2023  18:00:00          0.0       203       5.3         25.8   1008.8       89
11/03/2023  18:15:00          0.0       170       7.1         25.8   1008.8       89
11/03/2023  18:30:00          0.0       175       9.2         25.8   1009.1       90
11/03/2023  18:45:00          0.0         -       0.0         25.6   1009.2       91
11/03/2023  19:00:00          0.0       109       9.9         25.1   1009.3       90
11/03/2023  19:15:00          0.2       106       9.2         24.1   1009.7       93
11/03/2023  19:30:00          8.2       221       1.4         23.3   1010.3       96
11/03/2023  19:45:00         19.0       113      10.2         22.5   1010.6      100
11/03/2023  20:00:00         15.0         -       0.0         22.2   1010.6      100
11/03/2023  20:15:00          6.2         -       0.0         22.3   1010.6      100
11/03/2023  20:30:00          2.8       256       2.1         22.3   1010.9      100
11/03/2023  20:45:00          1.4       268       1.4         22.2   1010.9      100
11/03/2023  21:00:00          0.8       077       4.6         22.5   1011.1      100
11/03/2023  21:15:00          1.0       076       6.0         22.3   1011.1      100
11/03/2023  21:30:00          1.2       080       4.9         22.5   1011.1      100
11/03/2023  21:45:00          1.4       076       2.1         22.3   1011.4      100
11/03/2023  22:00:00          1.6       082       6.4         22.3   1011.4      100
11/03/2023  22:15:00          1.2       079       3.2         22.0   1011.4      100
11/03/2023  22:30:00          1.0       084       1.8         22.0   1011.1      100
11/03/2023  22:45:00          0.6       085       6.4         21.8   1011.1      100
11/03/2023  23:00:00          0.4       090       1.8         22.1   1010.9      100
11/03/2023  23:15:00          0.4       082       6.0         21.9   1010.6      100
11/03/2023  23:30:00          0.2       092       1.4         22.0   1010.4      100
11/03/2023  23:45:00          0.0       092       6.4         21.9   1010.4      100
12/03/2023  00:00:00          0.2       092       2.8         21.8   1010.2      100
12/03/2023  00:15:00          0.0       096       1.4         21.7   1010.2      100
12/03/2023  00:30:00          0.2       104       3.2         21.6   1010.2      100
12/03/2023  00:45:00          0.0       097       4.9         21.6   1010.0      100
12/03/2023  01:00:00          0.2       104       1.4         21.5   1009.8      100
12/03/2023  01:15:00          0.0         -       0.0         21.6   1009.4      100
12/03/2023  01:30:00          0.0         -       0.0         21.7   1009.5      100
12/03/2023  01:45:00          0.0       116       2.1         21.8   1009.4      100
12/03/2023  02:00:00          0.2       105       3.2         21.5   1009.2      100
12/03/2023  02:15:00          0.0         -       0.0         21.7   1009.2      100
12/03/2023  02:30:00          0.0       093       2.5         21.6   1008.9      100
12/03/2023  02:45:00          0.0       089       2.5         21.6   1009.2      100
12/03/2023  03:00:00          0.0       093       1.8         21.5   1009.2      100
12/03/2023  03:15:00          0.0       114       2.8         21.6   1008.9      100
12/03/2023  03:30:00          0.0       112       2.8         21.4   1008.9      100
12/03/2023  03:45:00          0.0       111       3.5         21.6   1008.9      100
12/03/2023  04:00:00          0.0       105       4.6         21.7   1008.7      100
12/03/2023  04:15:00          0.0       104       3.2         21.8   1008.7      100
12/03/2023  04:30:00          0.0       109       1.4         21.6   1008.9      100
12/03/2023  04:45:00          0.0       110       1.4         21.5   1008.9      100
12/03/2023  05:00:00          0.0       107       2.1         21.5   1008.9      100
12/03/2023  05:15:00          0.0         -       0.0         21.6   1008.9      100
12/03/2023  05:30:00          0.0         -       0.0         21.6   1009.3      100
12/03/2023  05:45:00          0.0       123       2.1         21.6   1009.2      100
12/03/2023  06:00:00          0.0         -       0.0         21.5   1009.2      100
12/03/2023  06:15:00          0.0       234       0.7         21.6   1009.4      100
12/03/2023  06:30:00          0.0       262       2.5         22.1   1009.4      100
12/03/2023  06:45:00          0.0       242       4.2         22.3   1009.4      100
12/03/2023  07:00:00          0.0         -       0.0         22.7   1009.7      100
12/03/2023  07:15:00          0.0         -       0.0         23.2   1009.7      100
12/03/2023  07:30:00          0.0         -       0.0         23.3   1009.7      100
12/03/2023  07:45:00          0.0       132       4.2         23.5   1009.7      100
12/03/2023  08:00:00          0.0       134       1.8         24.0   1009.9      100
12/03/2023  08:15:00          0.0         -       0.0         24.2   1009.9      100
12/03/2023  08:30:00          0.0       091       4.6         24.6   1009.9      100
12/03/2023  08:45:00          0.0         -       0.0         25.5   1010.2       99
12/03/2023  09:00:00          0.0         -       0.0         27.1   1010.3       92
12/03/2023  09:15:00          0.0       162       1.1         27.8   1010.0       88
12/03/2023  09:30:00          0.0       184       7.4         29.0   1010.3       83
12/03/2023  09:45:00          0.0       195       8.8         28.4   1010.5       84
12/03/2023  10:00:00          0.0       191      10.6         28.3   1010.3       85
12/03/2023  10:15:00          0.0       195       8.1         28.8   1010.3       83
12/03/2023  10:30:00          0.0       201      10.9         28.7   1010.3       84
12/03/2023  10:45:00          0.0       206       8.1         28.1   1010.3       83
12/03/2023  11:00:00          0.0       201      14.8         28.0   1010.3       83
12/03/2023  11:15:00          0.0       192       9.5         28.1   1010.3       85
12/03/2023  11:30:00          0.0       188       8.5         28.9   1010.3       82
12/03/2023  11:45:00          0.0       203       8.5         28.8   1010.0       81
12/03/2023  12:00:00          0.0       209       9.2         28.3   1010.0       82
12/03/2023  12:15:00          0.0       198       2.8         28.6   1010.0       82
12/03/2023  12:30:00          0.0       191      10.9         28.2   1009.8       83
12/03/2023  12:45:00          0.0       191      11.3         28.3   1009.3       84
12/03/2023  13:00:00          0.0       201      12.0         28.3   1009.3       82
12/03/2023  13:15:00          0.0       202       8.1         28.3   1009.1       84
12/03/2023  13:30:00          0.0       196      13.4         28.6   1008.8       83
12/03/2023  13:45:00          0.0       167       3.2         29.3   1008.6       82
12/03/2023  14:00:00          0.0       188       9.2         29.6   1008.3       81
12/03/2023  14:15:00          0.0       195      11.6         28.3   1008.3       83
12/03/2023  14:30:00          0.0       186       9.2         28.0   1008.3       84
12/03/2023  14:45:00          0.0       184       9.9         27.6   1008.1       86
12/03/2023  15:00:00          0.0       184       7.8         27.1   1008.1       87
12/03/2023  15:15:00          0.0       174       9.2         26.9   1007.8       87
12/03/2023  15:30:00          0.0       159       4.2         27.0   1007.8       89
12/03/2023  15:45:00          0.0       181       6.4         27.1   1008.3       88
12/03/2023  16:00:00          0.0       168       7.8         26.6   1008.6       90
12/03/2023  16:15:00          0.0       147       3.2         26.3   1008.1       90
12/03/2023  16:30:00          0.0       154       4.6         26.2   1008.2       91
12/03/2023  16:45:00          0.0         -       0.0         26.9   1008.6       89
12/03/2023  17:00:00          0.0       160       2.5         26.4   1008.4       91
12/03/2023  17:15:00          0.0         -       0.0         26.3   1008.6       91
12/03/2023  17:30:00          0.0         -       0.0         26.1   1008.6       92
12/03/2023  17:45:00          0.0         -       0.0         26.0   1008.6       92
12/03/2023  18:00:00          0.0         -       0.0         25.6   1008.8       93
12/03/2023  18:15:00          0.0       138       0.7         25.4   1009.1       95
12/03/2023  18:30:00          0.0       119       2.1         25.2   1009.3       96
12/03/2023  18:45:00          0.0       108       4.2         25.3   1009.2       98
12/03/2023  19:00:00          0.0       105       1.4         25.3   1009.5       98
12/03/2023  19:15:00          0.0       113       1.1         25.2   1009.9       98
12/03/2023  19:30:00          0.0         -       0.0         25.1   1009.9       98
12/03/2023  19:45:00          0.0       123       1.4         24.9   1010.2       99
12/03/2023  20:00:00          0.0         -       0.0         24.8   1010.4       99
12/03/2023  20:15:00          0.0         -       0.0         24.6   1010.8       99
12/03/2023  20:30:00          0.0       131       1.1         24.6   1010.6      100
12/03/2023  20:45:00          0.2         -       0.0         24.6   1010.8       99
12/03/2023  21:00:00          0.0       107       1.1         24.5   1011.0      100
12/03/2023  21:15:00          0.0         -       0.0         24.4   1010.9      100
12/03/2023  21:30:00          0.0       124       0.7         24.2   1011.3      100
12/03/2023  21:45:00          0.0         -       0.0         24.4   1011.1      100
12/03/2023  22:00:00          0.0         -       0.0         24.3   1011.5      100
12/03/2023  22:15:00          0.0         -       0.0         24.3   1011.4      100
12/03/2023  22:30:00          0.0         -       0.0         24.1   1011.6      100
12/03/2023  22:45:00          0.0       099       2.1         24.1   1011.6      100
12/03/2023  23:00:00          0.0       095       2.1         24.1   1011.6      100
12/03/2023  23:15:00          0.0         -       0.0         24.1   1011.6      100
12/03/2023  23:30:00          0.0       113       1.4         24.2   1011.6      100
12/03/2023  23:45:00          0.0         -       0.0         24.1   1011.7      100
13/03/2023  00:00:00          0.0       098       1.8         23.8   1011.4      100
13/03/2023  00:15:00          0.0       113       2.5         24.0   1011.4      100
13/03/2023  00:30:00          0.0       092       5.3         24.0   1011.4      100
13/03/2023  00:45:00          0.0         -       0.0         23.4   1011.1      100
13/03/2023  01:00:00          0.0       119       2.8         23.3   1010.9      100
13/03/2023  01:15:00          0.0         -       0.0         23.2   1010.9      100
13/03/2023  01:30:00          0.2         -       0.0         23.4   1010.9      100
13/03/2023  01:45:00          0.2         -       0.0         23.4   1010.6      100
13/03/2023  02:00:00          0.0         -       0.0         23.4   1010.6      100
13/03/2023  02:15:00          0.0       098       1.4         23.4   1010.6      100
13/03/2023  02:30:00          0.2         -       0.0         23.6   1010.6      100
13/03/2023  02:45:00          0.0       105       3.9         23.5   1010.4      100
13/03/2023  03:00:00          0.2         -       0.0         23.5   1010.4      100
13/03/2023  03:15:00          0.2         -       0.0         23.5   1010.2      100
13/03/2023  03:30:00          0.2         -       0.0         23.4   1010.2      100
13/03/2023  03:45:00          0.0         -       0.0         23.3   1010.2      100
13/03/2023  04:00:00          0.2         -       0.0         23.5   1010.3      100
13/03/2023  04:15:00          0.0         -       0.0         23.3   1010.3      100
13/03/2023  04:30:00          0.2         -       0.0         23.3   1010.2      100
13/03/2023  04:45:00          0.0       085       1.8         23.2   1010.3      100
13/03/2023  05:00:00          0.0         -       0.0         23.2   1010.0      100
13/03/2023  05:15:00          0.0       088       2.5         23.1   1010.0      100
13/03/2023  05:30:00          0.0       084       1.1         23.4   1010.2      100
13/03/2023  05:45:00          0.0       103       2.5         23.0   1010.4      100
13/03/2023  06:00:00          0.0         -       0.0         22.9   1010.6      100
13/03/2023  06:15:00          0.0       138       1.8         23.1   1010.6      100
13/03/2023  06:30:00          0.0       128       2.5         22.9   1010.9      100
13/03/2023  06:45:00          0.0       138       2.1         23.4   1010.8      100
13/03/2023  07:00:00          0.0         -       0.0         23.6   1010.9      100
13/03/2023  07:15:00          0.0       120       1.4         24.1   1011.4      100
13/03/2023  07:30:00          0.0       124       2.1         24.5   1011.4      100
13/03/2023  07:45:00          0.0       113       1.1         25.2   1011.4      100
13/03/2023  08:00:00          0.0       140       1.4         26.4   1011.4      100
13/03/2023  08:15:00          0.0         -       0.0         26.8   1011.5      100
13/03/2023  08:30:00          0.0       127       2.5         27.1   1011.7       98
13/03/2023  08:45:00          0.0         -       0.0         27.1   1011.7       95
13/03/2023  09:00:00          0.0         -       0.0         27.5   1012.0       91
13/03/2023  09:15:00          0.0       178       1.8         28.6   1012.0       83
13/03/2023  09:30:00          0.0       200       4.2         27.4   1012.2       87
13/03/2023  09:45:00          0.0       201       8.8         26.4   1012.5       90
13/03/2023  10:00:00          0.0       204       9.2         26.9   1012.1       88
13/03/2023  10:15:00          0.0       208       4.2         27.0   1012.4       85
13/03/2023  10:30:00          0.0       201       0.7         27.3   1012.1       84
13/03/2023  10:45:00          0.0       212       8.5         28.2   1012.1       83
13/03/2023  11:00:00          0.0       209       3.2         28.6   1012.0       83
13/03/2023  11:15:00          0.0       228       4.6         28.0   1011.7       83
13/03/2023  11:30:00          0.0       213       8.5         29.1   1011.7       81
13/03/2023  11:45:00          0.0       213       8.5         28.9   1011.5       79
13/03/2023  12:00:00          0.0       208      15.2         28.3   1011.3       83
13/03/2023  12:15:00          0.0       205      10.6         27.9   1011.3       84
13/03/2023  12:30:00          0.0       193       7.4         27.8   1011.3       86
13/03/2023  12:45:00          0.0       198       4.9         28.9   1011.0       82
13/03/2023  13:00:00          0.0       181       6.0         29.2   1011.0       80
13/03/2023  13:15:00          0.0       196      11.6         28.6   1010.8       84
13/03/2023  13:30:00          0.0       190      23.3         28.6   1010.8       82
13/03/2023  13:45:00          0.0       186      12.3         28.0   1010.5       84
13/03/2023  14:00:00          0.0       201       9.2         28.5   1010.3       81
13/03/2023  14:15:00          0.0       191       9.5         28.4   1010.0       82
13/03/2023  14:30:00          0.0       184      13.1         28.3   1010.0       84
13/03/2023  14:45:00          0.0       193      18.0         27.8   1009.5       84
13/03/2023  15:00:00          0.0       184      10.9         27.8   1009.5       84
13/03/2023  15:15:00          0.0       174      15.5         28.0   1009.5       83
13/03/2023  15:30:00          0.0       187      13.4         28.0   1009.2       84
13/03/2023  15:45:00   ND      ND        ND        ND           ND       ND       ND
13/03/2023  16:00:00           ND       192      22.2         28.5   1009.3       81
13/03/2023  16:15:00          0.0       185      15.2         27.5   1009.3       84
13/03/2023  16:30:00          0.0       188      14.8         26.9   1009.5       87
13/03/2023  16:45:00          0.0       179      14.5         26.7   1009.3       88
13/03/2023  17:00:00          0.0       183      19.8         26.3   1009.4       87
13/03/2023  17:15:00          0.0       192      11.6         25.5   1009.4       88
13/03/2023  17:30:00          0.0       161      17.3         26.0   1009.8       88
13/03/2023  17:45:00          0.0       205       9.5         25.6   1009.8       87
13/03/2023  18:00:00          0.0       181      20.8         25.6   1009.8       88
13/03/2023  18:15:00          0.0       178      15.9         25.3   1009.8       88
13/03/2023  18:30:00          0.0       159      17.6         25.4   1009.9       88
13/03/2023  18:45:00          0.0       156       3.9         25.2   1010.3       89
13/03/2023  19:00:00          0.0       156      14.8         25.4   1010.4       88
13/03/2023  19:15:00          0.0       161      17.6         25.3   1010.8       88
13/03/2023  19:30:00          0.0       149      13.4         25.1   1010.9       89
13/03/2023  19:45:00          0.0       151       6.7         25.4   1010.9       89
13/03/2023  20:00:00          0.0       147      11.3         25.2   1011.1       90
13/03/2023  20:15:00          0.0       147      12.0         25.2   1011.1       91
13/03/2023  20:30:00          0.0       124       1.1         25.2   1011.5       91
13/03/2023  20:45:00          0.0       140       3.9         25.1   1011.4       91
13/03/2023  21:00:00          0.0       134       3.9         25.0   1011.4       91
13/03/2023  21:15:00          0.0       146      10.6         25.1   1011.4       90
13/03/2023  21:30:00          0.0       143       2.5         25.1   1011.4       90
13/03/2023  21:45:00          0.0       151       7.1         24.8   1011.5       91
13/03/2023  22:00:00          0.0         -       0.0         25.1   1011.4       90
13/03/2023  22:15:00          0.0       137       7.4         24.7   1011.5       91
13/03/2023  22:30:00          0.0       148       9.9         24.7   1011.4       92
13/03/2023  22:45:00          0.0       140       6.0         24.5   1011.5       93
13/03/2023  23:00:00          0.0       158       8.8         24.6   1011.4       93
13/03/2023  23:15:00          0.0       144       5.3         24.5   1011.4       93
13/03/2023  23:30:00          0.0       141      13.4         24.3   1011.4       93
13/03/2023  23:45:00          0.0       149      12.7         24.3   1011.4       94
14/03/2023  00:00:00          0.0       149       4.9         24.1   1011.7       95
14/03/2023  00:15:00          0.0       124       6.0         24.2   1011.6       95
14/03/2023  00:30:00          0.0       123       6.0         24.0   1011.6       95
14/03/2023  00:45:00          0.0       151       4.9         23.8   1011.4       96
14/03/2023  01:00:00          0.0       135       4.9         23.6   1011.1       97
14/03/2023  01:15:00          0.0         -       0.0         23.6   1011.1       97
14/03/2023  01:30:00          0.0       140       3.5         23.5   1011.0       97
14/03/2023  01:45:00          0.0       152       2.8         23.4   1010.9       97
14/03/2023  02:00:00          0.0       139       5.6         23.5   1010.6       96
14/03/2023  02:15:00          0.0         -       0.0         23.6   1010.9       96
14/03/2023  02:30:00          0.0         -       0.0         23.5   1010.6       96
14/03/2023  02:45:00          0.0         -       0.0         23.2   1010.4       97
14/03/2023  03:00:00          0.0         -       0.0         22.8   1010.6       98
14/03/2023  03:15:00          0.0         -       0.0         22.9   1010.8       99
14/03/2023  03:30:00          0.0       141       1.1         22.7   1010.4       99
14/03/2023  03:45:00          0.0         -       0.0         22.6   1010.4      100
14/03/2023  04:00:00          0.0       135       3.2         22.5   1010.5      100
14/03/2023  04:15:00          0.0       143       4.9         22.7   1010.8      100
14/03/2023  04:30:00          0.0       127       1.1         22.6   1010.5      100
14/03/2023  04:45:00          0.0         -       0.0         22.4   1010.6      100
14/03/2023  05:00:00          0.0       100       1.1         22.5   1010.6      100
14/03/2023  05:15:00          0.0         -       0.0         22.2   1010.6      100
14/03/2023  05:30:00          0.0       112       1.4         22.1   1010.9      100
14/03/2023  05:45:00          0.0         -       0.0         22.3   1010.9      100
14/03/2023  06:00:00          0.0       171       3.2         22.3   1011.1      100
14/03/2023  06:15:00          0.0         -       0.0         22.3   1011.1      100
14/03/2023  06:30:00          0.0         -       0.0         22.6   1011.1      100
14/03/2023  06:45:00          0.0         -       0.0         24.1   1011.4      100
14/03/2023  07:00:00          0.0         -       0.0         26.1   1011.5       96
14/03/2023  07:15:00          0.0       155       2.1         28.2   1011.6       83
14/03/2023  07:30:00          0.0       207       4.2         27.7   1011.7       83
14/03/2023  07:45:00          0.0       222       1.8         26.4   1011.7       87
14/03/2023  08:00:00          0.0         -       0.0         25.7   1012.0       90
14/03/2023  08:15:00          0.0       214       1.1         26.3   1012.2       89
14/03/2023  08:30:00          0.0       211       1.4         26.9   1012.2       86
14/03/2023  08:45:00          0.0       227       3.5         26.6   1012.1       84
14/03/2023  09:00:00          0.0       230       4.6         27.3   1012.2       83
14/03/2023  09:15:00          0.0       218       7.4         26.8   1012.2       85
14/03/2023  09:30:00          0.0       199       5.3         27.6   1012.4       84
14/03/2023  09:45:00          0.0       209       5.3         28.4   1012.2       82
14/03/2023  10:00:00          0.0       210       6.7         28.9   1012.2       82
14/03/2023  10:15:00          0.0       222       5.6         28.0   1012.2       83
14/03/2023  10:30:00          0.0       211      13.8         28.6   1012.2       80
14/03/2023  10:45:00          0.0       217      11.6         28.1   1012.0       82
14/03/2023  11:00:00          0.0       216      13.8         29.1   1012.0       79
14/03/2023  11:15:00          0.0       204      10.6         29.6   1012.0       77
14/03/2023  11:30:00          0.0       215      11.6         29.8   1011.7       76
14/03/2023  11:45:00          0.0       216       8.1         29.8   1011.7       76
14/03/2023  12:00:00          0.0       219       6.4         30.1   1011.7       76
14/03/2023  12:15:00          0.0       224       7.4         29.8   1011.5       76
14/03/2023  12:30:00          0.0       203       7.8         30.0   1011.5       74
14/03/2023  12:45:00          0.0       223       4.6         30.3   1011.3       72
14/03/2023  13:00:00          0.0       198      12.0         30.1   1011.3       75
14/03/2023  13:15:00          0.0       190      10.2         30.0   1011.3       75
14/03/2023  13:30:00          0.0       209       3.5         30.9   1011.0       74
14/03/2023  13:45:00          0.0       206       8.5         30.3   1010.8       73
14/03/2023  14:00:00          0.0       195      19.8         30.0   1010.5       76
14/03/2023  14:15:00          0.0       185       7.8         29.9   1010.5       76
14/03/2023  14:30:00          0.0       171      16.6         29.4   1010.0       79
14/03/2023  14:45:00          0.0       194      21.5         29.1   1010.0       78
14/03/2023  15:00:00          0.0       197      14.8         28.4   1010.0       79
14/03/2023  15:15:00          0.0       192      11.3         28.6   1010.0       78
14/03/2023  15:30:00          0.0       180       7.1         28.3   1009.8       79
14/03/2023  15:45:00          0.0       177      23.3         28.1   1009.8       79
14/03/2023  16:00:00          0.0       188      13.4         27.7   1009.8       80
14/03/2023  16:15:00          0.0       191      18.7         27.7   1009.8       81
14/03/2023  16:30:00          0.0       175      19.8         27.4   1009.5       83
14/03/2023  16:45:00          0.0       190      11.3         27.0   1010.0       84
14/03/2023  17:00:00          0.0       192      24.0         26.4   1010.0       86
14/03/2023  17:15:00          0.0       207       2.8         26.3   1010.0       87
14/03/2023  17:30:00          0.0       178      16.6         25.9   1009.9       88
14/03/2023  17:45:00          0.0       172       6.4         25.7   1010.3       91
14/03/2023  18:00:00          0.0       178      12.3         25.0   1010.5       92
14/03/2023  18:15:00          0.0       175       3.9         24.7   1010.4       93
14/03/2023  18:30:00          0.0       147       7.1         24.9   1010.8       93
14/03/2023  18:45:00          0.0       160       3.2         24.9   1010.6       92
14/03/2023  19:00:00          0.0       155      14.5         24.8   1010.6       92
14/03/2023  19:15:00          0.0       154      12.0         24.8   1010.9       93
14/03/2023  19:30:00          0.0       147      19.8         24.9   1010.9       93
14/03/2023  19:45:00          0.0       148      14.5         24.9   1011.4       93
14/03/2023  20:00:00          0.0       153      21.2         24.9   1011.6       92
14/03/2023  20:15:00          0.0       148      17.3         25.1   1011.6       91
14/03/2023  20:30:00          0.0       137       9.9         25.0   1011.6       93
14/03/2023  20:45:00          0.0       154       8.1         24.7   1011.6       94
14/03/2023  21:00:00          0.0       144      13.8         24.6   1011.7       94
14/03/2023  21:15:00          0.0       147      13.1         24.6   1012.0       93
14/03/2023  21:30:00          0.0       121       3.2         24.6   1012.2       89
14/03/2023  21:45:00          0.0       139       3.2         24.8   1011.9       88
14/03/2023  22:00:00          0.0       165       3.5         24.5   1012.1       88
14/03/2023  22:15:00          0.0       164       7.1         24.3   1011.9       89
14/03/2023  22:30:00          0.0       152       2.8         24.0   1011.9       90
14/03/2023  22:45:00          0.0       118       2.1         23.4   1011.9       92
14/03/2023  23:00:00          0.0         -       0.0         23.5   1012.0       94
14/03/2023  23:15:00          0.0         -       0.0         23.4   1011.9       93
14/03/2023  23:30:00          0.0         -       0.0         23.2   1011.6       93
14/03/2023  23:45:00          0.0       161       2.5         23.1   1011.6       94
15/03/2023  00:00:00          0.0         -       0.0         22.6   1011.6       95
15/03/2023  00:15:00          0.0       166       3.9         23.1   1011.6       95
15/03/2023  00:30:00          0.0       156       2.8         23.0   1011.7       95
15/03/2023  00:45:00          0.0       148       3.9         23.1   1011.4       96
15/03/2023  01:00:00          0.0       155       4.9         22.9   1011.4       97
15/03/2023  01:15:00          0.0       137       4.9         22.9   1011.1       98
15/03/2023  01:30:00          0.0       137       2.8         22.9   1011.1       99
15/03/2023  01:45:00          0.0       143       7.1         22.9   1011.1      100
15/03/2023  02:00:00          0.0       141       5.3         23.0   1011.1       99
15/03/2023  02:15:00          0.0       149       4.2         22.9   1010.9      100
15/03/2023  02:30:00          0.0       141       2.5         22.7   1011.0      100
15/03/2023  02:45:00          0.0       133       5.3         22.8   1010.8      100
15/03/2023  03:00:00          0.0       104       1.1         22.4   1010.5      100
15/03/2023  03:15:00          0.0       109       1.4         22.0   1011.0      100
15/03/2023  03:30:00          0.0       120       2.8         21.7   1010.6      100
15/03/2023  03:45:00          0.0       112       1.4         21.6   1010.6      100
15/03/2023  04:00:00          0.0         -       0.0         21.2   1010.6      100
15/03/2023  04:15:00          0.0       098       3.2         21.1   1010.6      100
15/03/2023  04:30:00          0.0       105       3.2         21.1   1010.6      100
15/03/2023  04:45:00          0.0         -       0.0         21.1   1010.6      100
15/03/2023  05:00:00          0.0       106       1.1         20.9   1010.9      100
15/03/2023  05:15:00          0.0         -       0.0         20.8   1010.9      100
15/03/2023  05:30:00          0.0       124       1.8         20.8   1011.1      100
15/03/2023  05:45:00          0.0       202       2.1         20.7   1011.1      100
15/03/2023  06:00:00          0.0         -       0.0         20.9   1011.1      100
15/03/2023  06:15:00          0.0       174       2.5         21.2   1011.4      100
15/03/2023  06:30:00          0.0       128       2.1         21.9   1011.4      100
15/03/2023  06:45:00          0.0         -       0.0         22.9   1011.6      100
15/03/2023  07:00:00          0.0       125       1.4         24.2   1011.6      100
15/03/2023  07:15:00          0.0       128       1.1         25.7   1011.9       93
15/03/2023  07:30:00          0.0         -       0.0         27.0   1011.9       83
15/03/2023  07:45:00          0.0         -       0.0         27.4   1012.0       82
15/03/2023  08:00:00          0.0       213       1.8         27.4   1012.0       81
15/03/2023  08:15:00          0.0       220       2.1         26.4   1012.2       84
15/03/2023  08:30:00          0.0       225       5.6         27.2   1012.5       82
15/03/2023  08:45:00          0.0       213       1.8         27.4   1012.7       81
15/03/2023  09:00:00          0.0       211       8.1         27.3   1012.5       82
15/03/2023  09:15:00          0.0       227       1.8         26.5   1012.5       85
15/03/2023  09:30:00          0.0       205      10.2         26.8   1012.5       84
15/03/2023  09:45:00          0.0       199      12.7         27.8   1012.5       80
15/03/2023  10:00:00          0.0       221       4.6         27.7   1012.5       82
15/03/2023  10:15:00          0.0       216       8.8         27.7   1012.2       81
15/03/2023  10:30:00          0.0       213      10.6         27.9   1012.2       81
15/03/2023  10:45:00          0.0       215       9.2         29.5   1012.0       75
15/03/2023  11:00:00          0.0       205      10.2         29.5   1012.0       74
15/03/2023  11:15:00          0.0       214      10.9         29.6   1011.7       74
15/03/2023  11:30:00          0.0       197      12.3         29.5   1011.7       73
15/03/2023  11:45:00          0.0       203       9.9         30.4   1011.5       68
15/03/2023  12:00:00          0.0       218       3.9         30.4   1011.5       71
15/03/2023  12:15:00          0.0       209       9.9         30.0   1011.5       71
15/03/2023  12:30:00          0.0       208       9.2         30.4   1011.3       67
15/03/2023  12:45:00          0.0       199       7.8         30.4   1011.0       69
15/03/2023  13:00:00          0.0       207       9.2         29.5   1011.0       72
15/03/2023  13:15:00          0.0       207      14.8         29.7   1010.8       71
15/03/2023  13:30:00          0.0       208       2.1         29.6   1010.8       73
15/03/2023  13:45:00          0.0       199      19.1         29.4   1010.8       73
15/03/2023  14:00:00          0.0       199      10.6         29.1   1010.8       75
15/03/2023  14:15:00          0.0       181      14.1         29.2   1010.5       76
15/03/2023  14:30:00          0.0       204      12.0         28.8   1010.3       77
15/03/2023  14:45:00          0.0       185      19.1         28.4   1010.0       79
15/03/2023  15:00:00          0.0       183      21.9         28.0   1010.0       77
15/03/2023  15:15:00          0.0       197      12.7         28.0   1010.0       78
15/03/2023  15:30:00          0.0       190       5.3         27.7   1010.0       79
15/03/2023  15:45:00          0.0       199      15.2         27.8   1010.0       78
15/03/2023  16:00:00          0.0       182      13.4         27.4   1009.8       79
15/03/2023  16:15:00          0.0       181      17.3         27.5   1009.7       80
15/03/2023  16:30:00          0.0       178      15.5         26.7   1009.4       83
15/03/2023  16:45:00          0.0       177      10.2         26.8   1009.5       83
15/03/2023  17:00:00          0.0       195      21.9         26.4   1009.5       84
15/03/2023  17:15:00          0.0       183      20.1         26.0   1009.4       87
15/03/2023  17:30:00          0.0       187      20.1         25.5   1009.5       87
15/03/2023  17:45:00          0.0       184      12.7         25.4   1009.3       89
15/03/2023  18:00:00          0.0       177      14.8         24.8   1009.4       90
15/03/2023  18:15:00          0.0       178       9.9         24.8   1009.5       90
15/03/2023  18:30:00          0.0       159       1.8         25.1   1009.4       90
15/03/2023  18:45:00          0.0       152      14.1         25.0   1009.7       89
15/03/2023  19:00:00          0.0       146      14.8         24.9   1009.7       90
15/03/2023  19:15:00          0.0       156       7.1         24.9   1009.7       90
15/03/2023  19:30:00          0.0       143       6.0         25.1   1009.9       90
15/03/2023  19:45:00          0.0       134       5.3         25.1   1009.9       89
15/03/2023  20:00:00          0.0       152      15.9         24.9   1010.2       90
15/03/2023  20:15:00          0.0       155      21.5         25.0   1010.4       90
15/03/2023  20:30:00          0.0       152      12.3         24.9   1010.5       90
15/03/2023  20:45:00          0.0       139      10.6         24.6   1010.4       91
15/03/2023  21:00:00          0.0       152      18.7         24.6   1010.4       91
15/03/2023  21:15:00          0.0       143       9.9         24.8   1010.6       90
15/03/2023  21:30:00          0.0       238       1.8         24.7   1011.3       90
15/03/2023  21:45:00          0.0         -       0.0         24.8   1011.3       89
15/03/2023  22:00:00          0.0       150       7.1         24.7   1011.4       89
15/03/2023  22:15:00          0.0       150      16.2         25.0   1011.3       90
15/03/2023  22:30:00          0.0       141       8.8         24.8   1011.1       90
15/03/2023  22:45:00          0.0       154      12.0         24.8   1011.3       90
15/03/2023  23:00:00          0.0       158       5.3         24.5   1011.1       91
15/03/2023  23:15:00          0.0       153       7.1         24.3   1011.1       91
15/03/2023  23:30:00          0.0       148       2.5         24.0   1010.9       92
15/03/2023  23:45:00          0.0         -       0.0         23.8   1010.9       93
16/03/2023  00:00:00          0.0         -       0.0         22.5   1010.9       94
16/03/2023  00:15:00          0.0       287       3.2         22.5   1010.9       95
16/03/2023  00:30:00          0.0         -       0.0         22.9   1010.9       97
16/03/2023  00:45:00          0.0       109       2.5         22.4   1010.6       97
16/03/2023  01:00:00          0.0         -       0.0         22.3   1010.6       98
16/03/2023  01:15:00          0.0         -       0.0         22.0   1010.6       98
16/03/2023  01:30:00          0.0       137       1.4         21.8   1010.5       99
16/03/2023  01:45:00          0.0         -       0.0         21.7   1010.8       99
16/03/2023  02:00:00          0.0       133       2.1         21.4   1010.6      100
16/03/2023  02:15:00          0.0       131       2.5         21.7   1010.4      100
16/03/2023  02:30:00          0.0       128       2.1         21.5   1010.4      100
16/03/2023  02:45:00          0.0         -       0.0         21.3   1010.4      100
16/03/2023  03:00:00          0.0       129       2.5         21.4   1010.4      100
16/03/2023  03:15:00          0.0       132       2.8         21.5   1010.2      100
16/03/2023  03:30:00          0.0       124       1.4         21.2   1010.2      100
16/03/2023  03:45:00          0.0       126       2.5         21.4   1010.2      100
16/03/2023  04:00:00          0.0         -       0.0         21.3   1010.4      100
16/03/2023  04:15:00          0.0       114       2.5         21.1   1010.4      100
16/03/2023  04:30:00          0.0       096       1.8         20.9   1010.4      100
16/03/2023  04:45:00          0.0       103       2.8         20.8   1010.4      100
16/03/2023  05:00:00          0.0       105       1.8         20.5   1010.6      100
16/03/2023  05:15:00          0.0       101       4.6         20.5   1010.6      100
16/03/2023  05:30:00          0.0       101       4.2         20.6   1010.6      100
16/03/2023  05:45:00          0.0       109       2.8         20.8   1010.6      100
16/03/2023  06:00:00          0.0         -       0.0         20.6   1010.9      100
16/03/2023  06:15:00          0.0       185       3.9         20.6   1011.1      100
16/03/2023  06:30:00          0.0       149       1.4         20.8   1011.1      100
16/03/2023  06:45:00          0.0       153       1.8         21.2   1011.4      100
16/03/2023  07:00:00          0.0       148       1.8         23.2   1011.5      100
16/03/2023  07:15:00          0.0         -       0.0         23.3   1011.6      100
16/03/2023  07:30:00          0.0         -       0.0         23.5   1011.6       99
16/03/2023  07:45:00          0.0         -       0.0         25.3   1011.9       96
16/03/2023  08:00:00          0.0         -       0.0         26.3   1011.9       86
16/03/2023  08:15:00          0.0       238       4.6         25.9   1012.0       86
16/03/2023  08:30:00          0.0       238       2.8         25.8   1012.0       86
16/03/2023  08:45:00          0.0       215       4.9         26.1   1012.2       87
16/03/2023  09:00:00          0.0       213       5.3         26.1   1012.5       87
16/03/2023  09:15:00          0.0       210       5.3         26.1   1012.2       85
16/03/2023  09:30:00          0.0       216       6.4         25.6   1012.2       90
16/03/2023  09:45:00          0.0       220       5.6         25.7   1012.2       87
16/03/2023  10:00:00          0.0       221       2.1         26.9   1012.0       87
16/03/2023  10:15:00          0.0       214       9.2         26.9   1011.9       85
16/03/2023  10:30:00          0.0       217      12.0         27.5   1011.7       82
16/03/2023  10:45:00          0.0       234       6.7         27.2   1011.5       82
16/03/2023  11:00:00          0.0       214      12.0         27.4   1011.3       83
16/03/2023  11:15:00          0.0       203      13.1         29.2   1011.3       78
16/03/2023  11:30:00          0.0       195      17.3         29.4   1011.0       75
16/03/2023  11:45:00          0.0       188       9.2         29.8   1011.0       73
16/03/2023  12:00:00          0.0       201       9.5         30.3   1010.8       73
16/03/2023  12:15:00          0.0       178       7.4         30.6   1010.5       71
16/03/2023  12:30:00          0.0       188       9.9         30.0   1010.5       70
16/03/2023  12:45:00          0.0       148       3.9         30.4   1010.4       70
16/03/2023  13:00:00          0.0       161       2.8         29.7   1010.3       70
16/03/2023  13:15:00          0.0       194      14.1         29.7   1010.0       69
16/03/2023  13:30:00          0.0       215       7.8         29.4   1009.8       70
16/03/2023  13:45:00          0.0       192      15.5         29.3   1009.7       68
16/03/2023  14:00:00          0.0       141       3.9         29.2   1009.5       66
16/03/2023  14:15:00          0.0       204       7.8         29.3   1009.4       68
16/03/2023  14:30:00          0.0       192      19.8         29.1   1009.5       68
16/03/2023  14:45:00          0.0       158      14.5         29.1   1009.3       70
16/03/2023  15:00:00          0.0       179      11.6         28.3   1009.5       73
16/03/2023  15:15:00          0.0       170       9.9         28.3   1009.5       74
16/03/2023  15:30:00          0.0       197      13.4         28.1   1009.5       75
16/03/2023  15:45:00          0.0       181      24.0         28.1   1009.5       76
16/03/2023  16:00:00          0.0       195      26.8         27.5   1009.3       78
16/03/2023  16:15:00          0.0       166      13.8         27.4   1009.3       78
16/03/2023  16:30:00          0.0       179       4.6         27.2   1009.5       80
16/03/2023  16:45:00          0.0       174       9.9         26.8   1009.5       81
16/03/2023  17:00:00          0.0       171      12.0         26.5   1009.5       83
16/03/2023  17:15:00          0.0       176       6.7         26.2   1009.5       84
16/03/2023  17:30:00   ND      ND        ND        ND           ND       ND       ND
16/03/2023  17:45:00           ND       163      11.6         25.5   1009.8       87
16/03/2023  18:00:00   ND      ND        ND        ND           ND       ND       ND
16/03/2023  18:15:00           ND       188      11.3         24.8   1009.8       90
16/03/2023  18:30:00          0.0       141       1.1         24.7   1009.9       91
16/03/2023  18:45:00   ND      ND        ND        ND           ND       ND       ND
16/03/2023  19:00:00           ND       148       9.2         24.5   1010.3       91
16/03/2023  19:15:00          0.0       141       9.9         24.8   1010.2       89
16/03/2023  19:30:00          0.0       145      14.5         24.6   1010.2       90
16/03/2023  19:45:00          0.0       148      13.4         24.5   1010.2       91
16/03/2023  20:00:00          0.0       153      10.9         24.6   1010.4       92
16/03/2023  20:15:00          0.0       136       7.4         24.4   1010.4       93
16/03/2023  20:30:00          0.0       144      11.3         24.4   1010.8       92
16/03/2023  20:45:00          0.0       159      12.0         24.5   1010.5       91
16/03/2023  21:00:00          0.0       145      15.5         24.5   1010.8       90
16/03/2023  21:15:00          0.0       150      13.4         24.5   1010.5       89
16/03/2023  21:30:00          0.0       135       8.5         24.5   1010.8       89
16/03/2023  21:45:00          0.0       141      11.3         24.3   1011.0       88
16/03/2023  22:00:00          0.0       132       1.4         24.1   1011.3       88
16/03/2023  22:15:00          0.0       128       1.8         23.6   1011.1       90
16/03/2023  22:30:00          0.0         -       0.0         23.4   1011.1       90
16/03/2023  22:45:00          0.0         -       0.0         23.5   1011.1       89
16/03/2023  23:00:00          0.0       169       2.5         23.6   1011.1       88
16/03/2023  23:15:00          0.0       137       4.6         23.6   1011.1       89
16/03/2023  23:30:00          0.0       142       3.2         23.4   1011.1       90
16/03/2023  23:45:00          0.0       150       2.8         23.6   1011.1       89
17/03/2023  00:00:00          0.0       151       6.4         23.4   1010.9       90
17/03/2023  00:15:00          0.0       154       4.9         23.5   1010.9       89
17/03/2023  00:30:00          0.0       117       1.4         23.4   1010.9       90
17/03/2023  00:45:00          0.0         -       0.0         22.7   1010.9       91
17/03/2023  01:00:00          0.0       132       2.8         22.3   1010.9       94
17/03/2023  01:15:00          0.0         -       0.0         22.0   1011.0       95
17/03/2023  01:30:00          0.0       162       3.2         22.1   1010.9       96
17/03/2023  01:45:00          0.0       101       3.9         21.7   1010.6       96
17/03/2023  02:00:00          0.0       107       3.9         21.6   1010.6       97
17/03/2023  02:15:00          0.0       126       2.1         21.3   1010.6       98
17/03/2023  02:30:00          0.0       119       0.7         21.3   1010.4       99
17/03/2023  02:45:00          0.0       111       2.1         21.3   1010.2       99
17/03/2023  03:00:00          0.0       125       2.1         21.2   1010.2       99
17/03/2023  03:15:00          0.0       138       3.2         21.2   1009.9      100
17/03/2023  03:30:00          0.0       095       3.5         20.8   1009.9       99
17/03/2023  03:45:00          0.0       089       2.5         20.6   1009.9       99
17/03/2023  04:00:00          0.0         -       0.0         20.9   1009.9      100
17/03/2023  04:15:00          0.0       130       2.5         20.6   1010.2      100
17/03/2023  04:30:00          0.0       122       1.4         20.3   1010.2      100
17/03/2023  04:45:00          0.0       104       1.8         20.3   1010.2      100
17/03/2023  05:00:00          0.0       099       2.1         20.3   1010.4      100
17/03/2023  05:15:00          0.0       100       3.9         20.3   1010.6      100
17/03/2023  05:30:00          0.0       113       1.1         20.0   1010.6      100
17/03/2023  05:45:00          0.0       120       0.4         20.1   1010.6      100
17/03/2023  06:00:00          0.0         -       0.0         20.0   1010.9      100
17/03/2023  06:15:00          0.0       148       2.1         20.0   1010.9      100
17/03/2023  06:30:00          0.0       147       0.7         21.0   1011.1      100
17/03/2023  06:45:00          0.0       123       4.6         22.3   1011.4      100
17/03/2023  07:00:00          0.0         -       0.0         23.1   1011.4       97
17/03/2023  07:15:00          0.0         -       0.0         24.9   1011.6       90
17/03/2023  07:30:00          0.0       130       3.5         25.7   1011.6       84
17/03/2023  07:45:00          0.0         -       0.0         26.7   1012.0       82
17/03/2023  08:00:00          0.0       133       1.4         28.0   1012.2       76
17/03/2023  08:15:00          0.0         -       0.0         29.0   1012.2       71
17/03/2023  08:30:00          0.0       228       4.2         26.8   1012.5       79
17/03/2023  08:45:00          0.0       228       3.2         26.3   1012.5       82
17/03/2023  09:00:00          0.0       228       1.1         26.8   1012.5       81
17/03/2023  09:15:00          0.0       221       4.9         26.6   1012.5       81
17/03/2023  09:30:00          0.0       225       5.6         26.9   1012.5       80
17/03/2023  09:45:00          0.0       225       7.8         26.9   1012.7       80
17/03/2023  10:00:00          0.0       218       4.2         27.3   1012.7       79
17/03/2023  10:15:00          0.0       206       5.6         27.5   1012.7       81
17/03/2023  10:30:00          0.0       207       2.5         27.8   1012.7       78
17/03/2023  10:45:00          0.0       210      12.0         27.5   1012.5       77
17/03/2023  11:00:00          0.0       225       7.8         27.3   1012.5       78
17/03/2023  11:15:00          0.0       222       8.8         27.3   1012.5       80
17/03/2023  11:30:00          0.0       226      10.6         27.1   1012.2       79
17/03/2023  11:45:00          0.0       210       9.9         27.2   1012.0       81
17/03/2023  12:00:00          0.0       211      14.1         27.2   1011.9       80
17/03/2023  12:15:00          0.0       203      13.4         26.9   1011.6       82
17/03/2023  12:30:00          0.0       203      12.3         27.2   1011.7       81
17/03/2023  12:45:00          0.0       222       8.1         27.9   1011.5       80
17/03/2023  13:00:00          0.0       205      11.3         27.3   1011.5       80
17/03/2023  13:15:00          0.0       208      14.8         27.6   1011.3       81
17/03/2023  13:30:00          0.0       207       9.5         27.4   1011.0       82
17/03/2023  13:45:00          0.0       206      14.1         27.3   1011.0       81
17/03/2023  14:00:00          0.0       217       8.5         27.6   1010.8       81
17/03/2023  14:15:00          0.0       201      14.1         27.4   1010.8       82
17/03/2023  14:30:00          0.0       212      12.0         27.4   1010.5       82
17/03/2023  14:45:00          0.0       204      11.6         27.3   1010.5       81
17/03/2023  15:00:00          0.0       208      12.7         27.5   1010.3       81
17/03/2023  15:15:00          0.0       195      10.9         27.5   1010.2       82
17/03/2023  15:30:00          0.0       199      14.8         27.9   1010.3       79
17/03/2023  15:45:00          0.0       190       7.8         27.4   1010.3       80
17/03/2023  16:00:00          0.0       186       9.2         27.4   1010.3       78
17/03/2023  16:15:00          0.0       179       8.8         27.8   1010.3       79
17/03/2023  16:30:00          0.0       195       9.5         27.2   1010.3       80
17/03/2023  16:45:00          0.0       190      12.7         26.8   1010.0       82
17/03/2023  17:00:00          0.0       179      11.3         26.9   1010.0       82
17/03/2023  17:15:00          0.0       189       5.3         26.4   1010.0       83
17/03/2023  17:30:00          0.0       185       9.2         26.0   1009.9       84
17/03/2023  17:45:00          0.0       147       4.6         25.7   1010.0       85
17/03/2023  18:00:00          0.0       191       3.5         25.3   1009.9       87
17/03/2023  18:15:00          0.0       192       4.2         24.6   1010.0       88
17/03/2023  18:30:00          0.0       182       9.9         24.6   1010.0       89
17/03/2023  18:45:00          0.0       168       4.2         24.6   1010.3       89
17/03/2023  19:00:00          0.0       113       2.1         24.3   1009.9       89
17/03/2023  19:15:00          0.0       099       1.1         24.4   1010.3       89
17/03/2023  19:30:00          0.0         -       0.0         24.3   1010.6       91
17/03/2023  19:45:00          0.0         -       0.0         24.5   1010.8       90
17/03/2023  20:00:00          0.0       156       5.6         24.6   1010.6       91
17/03/2023  20:15:00          0.0       106       1.4         24.5   1010.6       91
17/03/2023  20:30:00          0.0       133       5.3         24.7   1010.6       92
17/03/2023  20:45:00          0.0       149       3.9         24.9   1010.6       91
17/03/2023  21:00:00          0.0       150       8.8         24.8   1010.6       91
17/03/2023  21:15:00          0.0       172       9.5         25.0   1011.0       91
17/03/2023  21:30:00          0.0       157       8.1         25.0   1011.1       90
17/03/2023  21:45:00          0.0       135       3.2         24.9   1011.3       90
17/03/2023  22:00:00          0.0       164       0.7         24.9   1010.9       91
17/03/2023  22:15:00          0.0       166       3.2         24.6   1011.3       90
17/03/2023  22:30:00          0.0       142       3.5         24.5   1011.1       90
17/03/2023  22:45:00          0.0       146       5.3         24.3   1011.1       91
17/03/2023  23:00:00          0.0       146       4.2         24.4   1011.1       93
17/03/2023  23:15:00          0.0         -       0.0         24.1   1011.1       93
17/03/2023  23:30:00          0.0       173       4.6         24.1   1010.9       94
17/03/2023  23:45:00          0.0       156       4.2         24.0   1010.9       95
18/03/2023  00:00:00          0.0       136       3.9         23.6   1010.9       95
18/03/2023  00:15:00          0.0         -       0.0         23.5   1010.9       96
18/03/2023  00:30:00          0.0         -       0.0         23.3   1010.6       96
18/03/2023  00:45:00          0.0         -       0.0         23.1   1010.9       97
18/03/2023  01:00:00          0.0         -       0.0         23.1   1010.9       97
18/03/2023  01:15:00          0.0         -       0.0         23.4   1010.6       97
18/03/2023  01:30:00          0.0       160       1.4         23.2   1010.8       97
18/03/2023  01:45:00          0.0         -       0.0         23.0   1010.6       98
18/03/2023  02:00:00          0.0         -       0.0         22.9   1010.6       98
18/03/2023  02:15:00          0.0         -       0.0         22.4   1010.4       99
18/03/2023  02:30:00          0.0         -       0.0         22.8   1010.4       99
18/03/2023  02:45:00          0.0       130       2.1         22.5   1010.2       99
18/03/2023  03:00:00          0.0       128       1.1         22.3   1010.3      100
18/03/2023  03:15:00          0.0         -       0.0         22.2   1010.3      100
18/03/2023  03:30:00          0.0         -       0.0         22.1   1010.3      100
18/03/2023  03:45:00          0.0       115       3.5         22.1   1009.8      100
18/03/2023  04:00:00          0.0       122       1.1         22.1   1009.9      100
18/03/2023  04:15:00          0.0         -       0.0         22.0   1009.8      100
18/03/2023  04:30:00          0.0         -       0.0         22.3   1009.7      100
18/03/2023  04:45:00          0.0         -       0.0         22.2   1009.9      100
18/03/2023  05:00:00          0.0       110       1.4         21.9   1010.2      100
18/03/2023  05:15:00          0.0       123       0.7         21.7   1010.2      100
18/03/2023  05:30:00          0.0       121       1.1         21.8   1010.4      100
18/03/2023  05:45:00          0.0       114       1.8         21.9   1010.6      100
18/03/2023  06:00:00          0.0         -       0.0         21.8   1010.9      100
18/03/2023  06:15:00          0.0       160       4.6         22.0   1010.9      100
18/03/2023  06:30:00          0.0       132       3.2         22.5   1011.1      100
18/03/2023  06:45:00          0.0       127       2.1         23.4   1011.1      100
18/03/2023  07:00:00          0.0       138       1.4         25.0   1011.4       98
18/03/2023  07:15:00          0.0       140       2.5         26.3   1011.4       91
18/03/2023  07:30:00          0.0       156       3.2         27.9   1011.6       85
18/03/2023  07:45:00          0.0       161       3.2         29.0   1012.0       80
18/03/2023  08:00:00          0.0         -       0.0         28.9   1012.0       80
18/03/2023  08:15:00          0.0       234       4.2         27.1   1012.4       84
18/03/2023  08:30:00          0.0       225       4.6         27.2   1012.2       85
18/03/2023  08:45:00          0.0       210       6.4         26.6   1012.1       87
18/03/2023  09:00:00          0.0       209      11.3         26.6   1012.0       87
18/03/2023  09:15:00          0.0       197       7.8         25.9   1012.2       88
18/03/2023  09:30:00          0.0       208       8.1         26.7   1012.0       88
18/03/2023  09:45:00          0.0       208       7.4         27.2   1012.0       84
18/03/2023  10:00:00          0.0       209       5.3         26.9   1012.0       85
18/03/2023  10:15:00          0.0       206       9.2         27.4   1012.0       84
18/03/2023  10:30:00          0.0       210       6.4         27.7   1012.0       83
18/03/2023  10:45:00          0.0       208       6.0         27.6   1012.0       84
18/03/2023  11:00:00          0.0       197       6.0         28.6   1011.7       80
18/03/2023  11:15:00          0.0       213       9.2         28.0   1011.7       83
18/03/2023  11:30:00          0.0       196       9.9         28.1   1011.7       84
18/03/2023  11:45:00          0.0       218       8.1         27.9   1011.3       84
18/03/2023  12:00:00          0.0       194      11.6         28.2   1011.3       84
18/03/2023  12:15:00          0.0       206       4.9         28.7   1011.0       81
18/03/2023  12:30:00          0.0       202      10.9         28.9   1011.0       82
18/03/2023  12:45:00          0.0       194       5.3         28.4   1010.6       81
18/03/2023  13:00:00          0.0       200       7.8         28.5   1010.4       80
18/03/2023  13:15:00          0.0       204      13.8         28.8   1010.3       79
18/03/2023  13:30:00          0.0       223      10.2         28.7   1010.0       80
18/03/2023  13:45:00          0.0       197       9.5         28.8   1010.0       78
18/03/2023  14:00:00          0.0       204       8.5         28.7   1009.8       79
18/03/2023  14:15:00          0.0       207      10.6         29.0   1009.5       79
18/03/2023  14:30:00          0.0       208       9.9         28.4   1009.5       78
18/03/2023  14:45:00          0.0       205       9.2         28.3   1009.5       81
18/03/2023  15:00:00          0.0       221       9.5         27.9   1009.3       83
18/03/2023  15:15:00          0.0       201       4.9         28.2   1009.3       82
18/03/2023  15:30:00          0.0       199      15.5         27.8   1009.3       83
18/03/2023  15:45:00          0.0       201      12.0         28.1   1009.1       81
18/03/2023  16:00:00          0.0       202      14.5         28.0   1008.8       80
18/03/2023  16:15:00          0.0       195      10.6         27.8   1008.8       82
18/03/2023  16:30:00          0.0       191      14.1         27.5   1009.1       84
18/03/2023  16:45:00          0.0       202       7.1         27.7   1008.9       83
18/03/2023  17:00:00          0.0       194       8.5         27.4   1008.8       82
18/03/2023  17:15:00          0.0       170       4.6         27.2   1008.8       81
18/03/2023  17:30:00          0.0       182       6.0         26.5   1009.1       84
18/03/2023  17:45:00          0.0       195       6.0         26.2   1009.3       84
18/03/2023  18:00:00          0.0       167       2.8         25.5   1009.5       85
18/03/2023  18:15:00          0.0       169       3.5         25.4   1009.5       88
18/03/2023  18:30:00          0.0       168       2.5         25.2   1009.8       89
18/03/2023  18:45:00          0.0         -       0.0         25.1   1010.0       89
18/03/2023  19:00:00          0.0       154       3.9         24.8   1009.9       88
18/03/2023  19:15:00          0.0       151       5.6         24.6   1010.3       88
18/03/2023  19:30:00          0.0       162       8.5         24.8   1010.2       87
18/03/2023  19:45:00          0.0       158       6.0         24.8   1010.5       87
18/03/2023  20:00:00          0.0       144       3.9         24.8   1010.5       87
18/03/2023  20:15:00          0.0       160       6.4         24.7   1010.6       88
18/03/2023  20:30:00          0.0       166       3.5         25.2   1010.9       89
18/03/2023  20:45:00          0.0       143       8.8         24.8   1010.9       92
18/03/2023  21:00:00          0.0       149      17.3         24.7   1010.9       93
18/03/2023  21:15:00          0.0       131       2.8         24.8   1010.9       94
18/03/2023  21:30:00          0.0       150       3.2         24.6   1011.1       95
18/03/2023  21:45:00          0.0       141       8.5         24.5   1011.3       95
18/03/2023  22:00:00          0.0       144       9.9         24.8   1011.3       95
18/03/2023  22:15:00          0.0       132       6.0         24.5   1011.1       95
18/03/2023  22:30:00          0.0       139       3.9         24.4   1011.1       95
18/03/2023  22:45:00          0.0         -       0.0         23.9   1010.9       95
18/03/2023  23:00:00          0.0         -       0.0         24.1   1010.9       96
18/03/2023  23:15:00          0.0       156       5.6         24.0   1010.9       96
18/03/2023  23:30:00          0.0       147       5.3         24.1   1010.9       97
18/03/2023  23:45:00          0.0       145       4.2         24.2   1010.9       98
19/03/2023  00:00:00          0.0       150       8.1         24.5   1010.9       97
19/03/2023  00:15:00          0.0       139       4.2         24.3   1010.6       97
19/03/2023  00:30:00          0.0       151       4.9         24.3   1010.8       97
19/03/2023  00:45:00          0.0       143       3.5         24.1   1010.3       97
19/03/2023  01:00:00          0.0       149       3.2         24.0   1010.0       98
19/03/2023  01:15:00          0.0         -       0.0         23.6   1010.3       98
19/03/2023  01:30:00          0.0       115       1.8         23.5   1010.0       98
19/03/2023  01:45:00          0.0         -       0.0         23.6   1009.9       99
19/03/2023  02:00:00          0.0         -       0.0         23.5   1009.9       99
19/03/2023  02:15:00          0.0         -       0.0         23.4   1009.7       99
19/03/2023  02:30:00          0.0       122       1.4         23.4   1009.7       99
19/03/2023  02:45:00          0.0         -       0.0         23.3   1009.4       99
19/03/2023  03:00:00          0.0       134       1.8         23.1   1009.5       99
19/03/2023  03:15:00          0.0       148       1.1         22.9   1009.2       99
19/03/2023  03:30:00          0.0         -       0.0         23.3   1009.3      100
19/03/2023  03:45:00          0.0         -       0.0         22.9   1009.4       99
19/03/2023  04:00:00          0.0         -       0.0         23.1   1009.4      100
19/03/2023  04:15:00          0.0         -       0.0         23.3   1009.2      100
19/03/2023  04:30:00          0.0         -       0.0         23.1   1009.4      100
19/03/2023  04:45:00          0.0       123       2.1         23.1   1009.8      100
19/03/2023  05:00:00          0.0         -       0.0         23.3   1009.7      100
19/03/2023  05:15:00          0.0       138       1.8         23.4   1009.7      100
19/03/2023  05:30:00          0.0       167       2.1         23.4   1010.0      100
19/03/2023  05:45:00          0.0         -       0.0         23.2   1009.8      100
19/03/2023  06:00:00          0.0       133       1.1         22.9   1009.9      100
19/03/2023  06:15:00          0.0       131       4.6         22.9   1009.9      100
19/03/2023  06:30:00          0.0       134       3.5         23.5   1010.4      100
19/03/2023  06:45:00          0.0       144       1.4         24.1   1010.5      100
19/03/2023  07:00:00          0.0         -       0.0         25.3   1010.4       97
19/03/2023  07:15:00          0.0         -       0.0         27.2   1010.4       90
19/03/2023  07:30:00          0.0       151       4.2         28.7   1010.8       84
19/03/2023  07:45:00          0.0         -       0.0         29.2   1010.8       82
19/03/2023  08:00:00          0.0         -       0.0         30.1   1010.8       79
19/03/2023  08:15:00          0.0         -       0.0         30.6   1010.8       78
19/03/2023  08:30:00          0.0       281       2.8         30.9   1010.8       74
19/03/2023  08:45:00          0.0       129       8.1         30.9   1010.8       74
19/03/2023  09:00:00          0.0       137       4.6         31.4   1010.8       73
19/03/2023  09:15:00          0.0       138       3.5         32.0   1011.0       68
19/03/2023  09:30:00          0.0       299       1.4         32.6   1011.0       65
19/03/2023  09:45:00          0.0       248       2.1         32.4   1011.0       61
19/03/2023  10:00:00          0.0       221       2.8         30.1   1011.1       74
19/03/2023  10:15:00          0.0       219       5.6         29.5   1011.1       77
19/03/2023  10:30:00          0.0       217      10.9         29.5   1010.8       79
19/03/2023  10:45:00          0.0       207      12.7         30.0   1010.8       77
19/03/2023  11:00:00          0.0       201      12.3         29.4   1010.9       78
19/03/2023  11:15:00          0.0       218       9.5         29.9   1010.5       78
19/03/2023  11:30:00          0.0       205      17.3         29.5   1010.3       79
19/03/2023  11:45:00          0.0       214      18.3         29.4   1010.3       79
19/03/2023  12:00:00          0.0       203      14.5         29.2   1010.0       79
19/03/2023  12:15:00          0.0       205      17.3         29.1   1009.8       79
19/03/2023  12:30:00          0.0       199      16.9         29.4   1009.5       79
19/03/2023  12:45:00          0.0       208      14.8         29.4   1009.5       78
19/03/2023  13:00:00          0.0       193      16.6         29.6   1009.3       77
19/03/2023  13:15:00          0.0       190      13.8         29.8   1009.3       75
19/03/2023  13:30:00          0.0       195      14.5         30.0   1009.3       74
19/03/2023  13:45:00          0.0       187       8.8         29.7   1009.1       76
19/03/2023  14:00:00          0.0       192      13.4         29.5   1008.8       76
19/03/2023  14:15:00          0.0       200      16.6         29.5   1008.8       76
19/03/2023  14:30:00          0.0       174       8.1         29.3   1008.6       77
19/03/2023  14:45:00          0.0       190      14.5         28.9   1008.6       76
19/03/2023  15:00:00          0.0       188      19.4         29.1   1008.3       75
19/03/2023  15:15:00          0.0       195       9.2         29.2   1008.1       76
19/03/2023  15:30:00          0.0       197       9.2         29.3   1008.1       76
19/03/2023  15:45:00          0.0       164       2.1         29.1   1008.1       77
19/03/2023  16:00:00          0.0       183      10.9         28.9   1008.1       78
19/03/2023  16:15:00          0.0       165      11.3         28.8   1008.1       78
19/03/2023  16:30:00          0.0       146      10.6         28.6   1008.1       77
19/03/2023  16:45:00          0.0       168      12.7         28.4   1008.1       78
19/03/2023  17:00:00          0.0       152      14.5         27.5   1007.8       78
19/03/2023  17:15:00          0.0       151      10.6         27.3   1008.1       80
19/03/2023  17:30:00          0.0       142       9.9         27.1   1008.1       80
19/03/2023  17:45:00          0.0       168       6.0         26.6   1007.8       82
19/03/2023  18:00:00          0.0       159       5.6         25.8   1008.1       83
19/03/2023  18:15:00          0.0       145       9.9         25.9   1008.3       83
19/03/2023  18:30:00          0.0       151      12.3         26.0   1008.3       85
19/03/2023  18:45:00          0.0       174      10.6         25.9   1008.2       86
19/03/2023  19:00:00          0.0       132      10.6         25.7   1008.6       87
19/03/2023  19:15:00          0.0       122      14.1         25.8   1008.8       87
19/03/2023  19:30:00          0.0       141      10.6         25.7   1008.9       89
19/03/2023  19:45:00          0.0       146      16.2         25.2   1009.2       92
19/03/2023  20:00:00          0.0       147      15.2         25.0   1009.2       92
19/03/2023  20:15:00          0.0       149      10.9         25.0   1009.2       93
19/03/2023  20:30:00          0.0       146       6.4         24.9   1009.5       94
19/03/2023  20:45:00          0.0       144       6.7         24.6   1009.2       94
19/03/2023  21:00:00          0.0       134      13.8         24.5   1009.7       95
19/03/2023  21:15:00          0.0       139       5.6         24.4   1009.8       95
19/03/2023  21:30:00          0.0       132       5.6         24.3   1010.0       96
19/03/2023  21:45:00          0.0       141       2.5         24.2   1009.9       96
19/03/2023  22:00:00          0.0       144       2.1         24.0   1010.3       97
19/03/2023  22:15:00          0.0         -       0.0         23.8   1010.2       97
19/03/2023  22:30:00          0.0       138       3.2         23.6   1009.9       98
19/03/2023  22:45:00          0.0         -       0.0         23.7   1010.2       99
19/03/2023  23:00:00          0.0         -       0.0         23.4   1009.9       98
19/03/2023  23:15:00          0.0         -       0.0         23.1   1009.9       98
19/03/2023  23:30:00          0.0         -       0.0         23.2   1009.9       98
19/03/2023  23:45:00          0.0         -       0.0         23.1   1009.7       99
20/03/2023  00:00:00          0.0       132       3.2         23.0   1009.9       99
20/03/2023  00:15:00          0.0         -       0.0         23.0   1009.7       99
20/03/2023  00:30:00          0.0         -       0.0         23.0   1009.7      100
20/03/2023  00:45:00          0.0         -       0.0         22.9   1009.4       99
20/03/2023  01:00:00          0.0         -       0.0         22.8   1009.4      100
20/03/2023  01:15:00          0.0         -       0.0         22.6   1009.7      100
20/03/2023  01:30:00          0.0       104       1.8         23.0   1009.4      100
20/03/2023  01:45:00          0.0         -       0.0         22.9   1009.4      100
20/03/2023  02:00:00          0.0       119       0.4         23.1   1009.4      100
20/03/2023  02:15:00          0.0       117       1.4         23.1   1009.2      100
20/03/2023  02:30:00          0.0       118       2.5         23.4   1009.2      100
20/03/2023  02:45:00          0.0         -       0.0         23.2   1009.1      100
20/03/2023  03:00:00          0.0       114       0.7         22.9   1008.7      100
20/03/2023  03:15:00          0.0       112       1.8         23.0   1008.6      100
20/03/2023  03:30:00          0.0       126       3.9         23.2   1008.6      100
20/03/2023  03:45:00          0.0         -       0.0         23.4   1008.3      100
20/03/2023  04:00:00          0.0       108       1.1         23.2   1008.3      100
20/03/2023  04:15:00          0.0       116       1.8         23.2   1008.3      100
20/03/2023  04:30:00          0.0       108       4.2         23.3   1008.4      100
20/03/2023  04:45:00          0.0       110       5.3         23.2   1008.0      100
20/03/2023  05:00:00          0.0       107       2.5         23.1   1008.4      100
20/03/2023  05:15:00          0.0         -       0.0         23.1   1008.4      100
20/03/2023  05:30:00          0.0         -       0.0         23.0   1008.4      100
20/03/2023  05:45:00          0.0         -       0.0         22.7   1008.7      100
20/03/2023  06:00:00          0.0       171       1.1         22.8   1008.7      100
20/03/2023  06:15:00          0.0       177       4.6         22.9   1008.7      100
20/03/2023  06:30:00          0.0       153       2.5         23.2   1008.7      100
20/03/2023  06:45:00          0.0       126       4.9         24.0   1008.6      100
20/03/2023  07:00:00          0.0       152       2.8         25.4   1008.7       96
20/03/2023  07:15:00          0.0       142       1.4         26.9   1009.1       89
20/03/2023  07:30:00          0.0       129       1.1         27.9   1009.1       82
20/03/2023  07:45:00          0.0         -       0.0         28.7   1009.1       80
20/03/2023  08:00:00          0.0       127       4.9         29.8   1009.1       76
20/03/2023  08:15:00          0.0       127       3.9         30.3   1009.1       75
20/03/2023  08:30:00          0.0       145       8.8         30.6   1009.1       72
20/03/2023  08:45:00          0.0       141       0.4         31.4   1009.1       71
20/03/2023  09:00:00          0.0       139       2.5         32.1   1009.2       67
20/03/2023  09:15:00          0.0         -       0.0         31.1   1009.1       71
20/03/2023  09:30:00          0.0       236       4.6         29.9   1009.1       75
20/03/2023  09:45:00          0.0       210       4.9         29.1   1008.8       77
20/03/2023  10:00:00          0.0       219       4.2         29.4   1009.1       77
20/03/2023  10:15:00          0.0       218      12.0         29.1   1009.1       79
20/03/2023  10:30:00          0.0       227       1.1         30.4   1008.8       72
20/03/2023  10:45:00          0.0         -       0.0         32.9   1008.8       63
20/03/2023  11:00:00          0.0       275       6.4         34.9   1008.8       54
20/03/2023  11:15:00          0.0       207       8.5         31.3   1008.6       66
20/03/2023  11:30:00          0.0       228       2.5         31.2   1008.6       68
20/03/2023  11:45:00          0.0       173       1.4         31.4   1008.3       64
20/03/2023  12:00:00          0.0       223       4.2         33.1   1008.0       59
20/03/2023  12:15:00          0.0       199       6.7         36.4   1007.7       50
20/03/2023  12:30:00          0.0       204       8.5         32.3   1007.5       62
20/03/2023  12:45:00          0.0       193       7.8         31.8   1007.3       65
20/03/2023  13:00:00          0.0       200      10.6         30.9   1007.2       71
20/03/2023  13:15:00          0.0       216      11.3         30.9   1007.0       70
20/03/2023  13:30:00          0.0       192       2.5         30.0   1006.6       74
20/03/2023  13:45:00          0.0       196       8.1         31.0   1006.5       70
20/03/2023  14:00:00          0.0       214       6.7         31.1   1006.4       69
20/03/2023  14:15:00          0.0       200       7.8         31.2   1006.1       69
20/03/2023  14:30:00          0.0       200       5.6         31.2   1006.1       69
20/03/2023  14:45:00          0.0       209       9.5         31.4   1006.1       68
20/03/2023  15:00:00          0.0       188       9.9         29.7   1006.1       76
20/03/2023  15:15:00          0.0       179       4.6         30.3   1005.9       73
20/03/2023  15:30:00          0.0       187       2.1         31.3   1005.9       68
20/03/2023  15:45:00          0.0       166       9.2         31.6   1005.9       64
20/03/2023  16:00:00          0.0       160       6.0         30.9   1005.9       65
20/03/2023  16:15:00          0.0       170      17.6         30.4   1005.9       67
20/03/2023  16:30:00          0.0       174       8.5         30.4   1006.1       66
20/03/2023  16:45:00          0.0       159       8.1         30.0   1006.1       65
20/03/2023  17:00:00          0.0       159      13.1         29.5   1006.1       68
20/03/2023  17:15:00          0.0       165       8.5         29.3   1006.4       68
20/03/2023  17:30:00          0.0       177       7.1         28.9   1006.6       70
20/03/2023  17:45:00          0.0       161       0.4         28.3   1006.9       71
20/03/2023  18:00:00          0.0       183       5.3         27.7   1007.0       74
20/03/2023  18:15:00          0.0       193       1.8         26.7   1007.1       76
20/03/2023  18:30:00          0.0       177       2.5         26.9   1007.3       78
20/03/2023  18:45:00          0.0       213      11.6         25.7   1007.8       88
20/03/2023  19:00:00          0.0       211      13.4         24.8   1008.1       93
20/03/2023  19:15:00          0.0       187       6.7         24.8   1008.3       95
20/03/2023  19:30:00          0.0       212       7.8         24.6   1008.4       96
20/03/2023  19:45:00          0.0       213      12.0         24.8   1008.7       97
20/03/2023  20:00:00          0.0       203       6.0         24.7   1008.7       97
20/03/2023  20:15:00          0.0         -       0.0         24.5   1008.7       97
20/03/2023  20:30:00          0.0       192       3.2         24.3   1009.1       98
20/03/2023  20:45:00          0.0       134       2.5         23.8   1009.2       98
20/03/2023  21:00:00          0.0       120       2.1         24.0   1009.3       99
20/03/2023  21:15:00          0.0         -       0.0         23.7   1009.5       98
20/03/2023  21:30:00          0.0       101       0.7         23.6   1009.7       99
20/03/2023  21:45:00          0.0         -       0.0         23.7   1009.7       99
20/03/2023  22:00:00          0.0         -       0.0         23.8   1009.7      100
20/03/2023  22:15:00          0.0         -       0.0         23.4   1009.7       99
20/03/2023  22:30:00          0.0       096       1.4         23.4   1009.7      100
20/03/2023  22:45:00          0.0       096       1.4         23.2   1009.7      100
20/03/2023  23:00:00          0.0       109       0.7         22.9   1009.7      100
20/03/2023  23:15:00          0.0       108       1.4         23.2   1009.7      100
20/03/2023  23:30:00          0.0       108       3.9         23.3   1009.4      100
20/03/2023  23:45:00          0.0       107       1.4         23.2   1009.4      100
21/03/2023  00:00:00          0.0       117       1.8         23.2   1009.2      100
21/03/2023  00:15:00          0.0       112       2.5         23.0   1008.9      100
21/03/2023  00:30:00          0.0       104       1.1         22.9   1008.9      100
21/03/2023  00:45:00          0.0       112       1.4         22.7   1008.7      100
21/03/2023  01:00:00          0.0         -       0.0         22.8   1008.4      100
21/03/2023  01:15:00          0.0       103       3.5         22.8   1008.7      100
21/03/2023  01:30:00          0.0       101       2.1         22.9   1008.4      100
21/03/2023  01:45:00          0.0       104       2.8         22.9   1008.4      100
21/03/2023  02:00:00          0.0       130       1.1         22.8   1008.2      100
21/03/2023  02:15:00          0.0         -       0.0         22.7   1008.2      100
21/03/2023  02:30:00          0.0       098       3.9         22.3   1008.2       99
21/03/2023  02:45:00          0.0       090       1.8         22.6   1008.0       98
21/03/2023  03:00:00          0.0       089       3.5         22.4   1008.1       98
21/03/2023  03:15:00          0.0       092       3.5         22.6   1007.6       98
21/03/2023  03:30:00          0.0       095       4.2         22.2   1007.8       98
21/03/2023  03:45:00          0.0       088       6.4         22.3   1007.5       99
21/03/2023  04:00:00          0.0       105       1.8         22.1   1007.5       99
21/03/2023  04:15:00          0.0         -       0.0         22.0   1007.7       98
21/03/2023  04:30:00          0.0       258       4.6         22.3   1007.7       98
21/03/2023  04:45:00          0.0       094       2.8         22.3   1008.0       97
21/03/2023  05:00:00          0.0       108       1.1         22.0   1008.2       97
21/03/2023  05:15:00          0.0       096       3.9         22.0   1008.2       97
21/03/2023  05:30:00          0.0       099       2.8         21.8   1008.4       96
21/03/2023  05:45:00          0.0       100       2.5         22.0   1008.7       96
21/03/2023  06:00:00          0.0       135       1.1         22.1   1008.4       95
21/03/2023  06:15:00          0.0       132       2.5         22.3   1008.7       95
21/03/2023  06:30:00          0.0       132       2.1         23.0   1008.9       93
21/03/2023  06:45:00          0.0       122       4.6         23.9   1008.9       90
21/03/2023  07:00:00          0.0       133       2.1         25.1   1009.3       86
21/03/2023  07:15:00          0.0       128       3.2         26.3   1009.4       84
21/03/2023  07:30:00          0.0       130       2.1         27.2   1009.4       80
21/03/2023  07:45:00          0.0       118       6.4         28.2   1009.4       77
21/03/2023  08:00:00          0.0         -       0.0         29.4   1009.7       75
21/03/2023  08:15:00          0.0       124       5.3         29.5   1010.0       70
21/03/2023  08:30:00          0.0       133       2.8         30.4   1010.3       65
21/03/2023  08:45:00          0.0       158       1.4         31.7   1010.4       64
21/03/2023  09:00:00          0.0       255       1.4         32.3   1010.5       57
21/03/2023  09:15:00          0.0       238       6.4         31.2   1010.5       65
21/03/2023  09:30:00          0.0       241      13.4         29.3   1010.9       74
21/03/2023  09:45:00          0.0       235       9.5         29.5   1010.8       76
21/03/2023  10:00:00          0.0       247      10.9         29.5   1010.8       78
21/03/2023  10:15:00          0.0       235      15.9         29.2   1011.0       80
21/03/2023  10:30:00          0.0       240       9.5         29.3   1010.8       80
21/03/2023  10:45:00          0.0       237      14.8         29.4   1010.8       80
21/03/2023  11:00:00          0.0       250       8.1         29.8   1010.8       78
21/03/2023  11:15:00          0.0       238       9.5         29.5   1010.8       79
21/03/2023  11:30:00          0.0       232      10.2         29.6   1010.5       81
21/03/2023  11:45:00          0.0       228       9.5         30.0   1010.5       80
21/03/2023  12:00:00          0.0       236       8.8         30.1   1010.5       80
21/03/2023  12:15:00          0.0       223      10.9         30.0   1010.5       80
21/03/2023  12:30:00          0.0       226      13.4         30.1   1010.5       80
21/03/2023  12:45:00          0.0       223      16.2         29.8   1010.3       80
21/03/2023  13:00:00          0.0       219      18.0         29.2   1010.0       84
21/03/2023  13:15:00          0.0       222      13.8         29.4   1009.8       85
21/03/2023  13:30:00          0.0       224       7.8         29.2   1009.8       86
21/03/2023  13:45:00          0.0       225      15.2         29.1   1009.8       86
21/03/2023  14:00:00          0.0       226      11.3         28.9   1009.5       86
21/03/2023  14:15:00          0.0       220      13.1         28.9   1009.3       86
21/03/2023  14:30:00          0.0       222      14.8         28.6   1009.3       85
21/03/2023  14:45:00          0.0       225      11.3         28.8   1009.3       86
21/03/2023  15:00:00          0.0       225      14.5         28.7   1009.5       86
21/03/2023  15:15:00          0.0       228      13.4         28.4   1009.5       86
21/03/2023  15:30:00          0.0       230      12.3         28.1   1009.8       87
21/03/2023  15:45:00          0.0       216      11.6         28.2   1009.5       87
21/03/2023  16:00:00          0.0       223      16.6         27.6   1009.8       88
21/03/2023  16:15:00          0.0       237      10.2         27.7   1009.8       88
21/03/2023  16:30:00          0.0       227       8.5         27.4   1010.0       89
21/03/2023  16:45:00          0.0       223      13.1         27.1   1010.0       89
21/03/2023  17:00:00          0.0       218      10.9         26.9   1010.0       90
21/03/2023  17:15:00          0.0       212       9.2         26.8   1010.3       90
21/03/2023  17:30:00          0.0       223      12.3         26.2   1010.0       92
21/03/2023  17:45:00          0.0       217      13.4         26.3   1010.0       93
21/03/2023  18:00:00          0.0       214      16.6         25.8   1010.3       94
21/03/2023  18:15:00          0.0       211      10.6         25.7   1010.5       93
21/03/2023  18:30:00          0.0       203       8.8         25.7   1010.6       92
21/03/2023  18:45:00          0.0       224       9.5         25.7   1010.8       93
21/03/2023  19:00:00          0.0       198       8.5         25.4   1010.6       93
21/03/2023  19:15:00          0.0       207       9.9         25.5   1010.6       94
21/03/2023  19:30:00          0.0       196       7.8         25.4   1010.9       94
21/03/2023  19:45:00          0.0       196       9.5         25.2   1011.0       95
21/03/2023  20:00:00          0.0       189       1.8         25.2   1011.4       95
21/03/2023  20:15:00          0.0         -       0.0         24.9   1011.4       95
21/03/2023  20:30:00          0.0         -       0.0         24.8   1011.6       96
21/03/2023  20:45:00          0.0       108       1.8         24.2   1011.9       97
21/03/2023  21:00:00          0.0       130       2.1         24.0   1011.9       98
21/03/2023  21:15:00          0.0         -       0.0         23.9   1012.1       98
21/03/2023  21:30:00          0.0       140       2.5         23.8   1012.1       99
21/03/2023  21:45:00          0.0         -       0.0         23.5   1012.4       99
21/03/2023  22:00:00          0.0       104       2.8         23.4   1012.4      100
21/03/2023  22:15:00          0.0         -       0.0         23.1   1012.1      100
21/03/2023  22:30:00          0.0         -       0.0         23.1   1012.1      100
21/03/2023  22:45:00          0.0       111       1.4         22.9   1012.1      100
21/03/2023  23:00:00          0.0       113       0.7         22.6   1012.4      100
21/03/2023  23:15:00          0.0         -       0.0         22.6   1012.4      100
21/03/2023  23:30:00          0.0       115       2.1         22.7   1012.4      100
21/03/2023  23:45:00          0.0       122       2.8         22.8   1012.4      100
22/03/2023  00:00:00          0.0       102       1.4         22.8   1012.4      100
22/03/2023  00:15:00          0.0       091       1.8         22.7   1012.4      100
22/03/2023  00:30:00          0.0       101       2.8         22.5   1012.4      100
22/03/2023  00:45:00          0.0         -       0.0         22.5   1012.6      100
22/03/2023  01:00:00          0.0       099       1.8         22.7   1012.6      100
22/03/2023  01:15:00          0.0         -       0.0         22.8   1012.7      100
22/03/2023  01:30:00          0.0       105       0.7         22.9   1012.6      100
22/03/2023  01:45:00          0.0       095       0.4         23.1   1012.6      100
22/03/2023  02:00:00          0.0       093       3.5         23.0   1012.4      100
22/03/2023  02:15:00          0.0       104       1.4         22.7   1012.1      100
22/03/2023  02:30:00          0.0       111       3.5         22.6   1012.0      100
22/03/2023  02:45:00          0.0         -       0.0         22.5   1012.0      100
22/03/2023  03:00:00          0.0       099       1.8         22.1   1011.7      100
22/03/2023  03:15:00          0.0       098       2.5         22.1   1012.1      100
22/03/2023  03:30:00          0.0       105       2.1         22.4   1011.9      100
22/03/2023  03:45:00          0.0       101       2.1         22.3   1012.1      100
22/03/2023  04:00:00          0.0       115       2.1         22.4   1012.1      100
22/03/2023  04:15:00          0.0       106       2.1         22.2   1012.1      100
22/03/2023  04:30:00          0.0         -       0.0         22.1   1011.9      100
22/03/2023  04:45:00          0.0         -       0.0         22.3   1011.9      100
22/03/2023  05:00:00          0.0       099       1.4         22.2   1011.9      100
22/03/2023  05:15:00          0.0       106       1.4         22.3   1011.9      100
22/03/2023  05:30:00          0.0       106       2.1         22.3   1011.9      100
22/03/2023  05:45:00          0.0       103       3.9         22.4   1012.1      100
22/03/2023  06:00:00          0.0       159       1.8         22.2   1012.1      100
22/03/2023  06:15:00          0.0         -       0.0         22.1   1012.4      100
22/03/2023  06:30:00          0.0         -       0.0         22.6   1012.7      100
22/03/2023  06:45:00          0.0       175       1.4         22.9   1012.6      100
22/03/2023  07:00:00          0.0       149       6.0         23.5   1013.0      100
22/03/2023  07:15:00          0.0       128       2.1         24.3   1012.8      100
22/03/2023  07:30:00          0.0       129       3.5         25.4   1013.1      100
22/03/2023  07:45:00          0.0       132       1.8         25.5   1013.5       98
22/03/2023  08:00:00          0.0       143       6.0         27.1   1013.3       92
22/03/2023  08:15:00          0.0         -       0.0         29.1   1013.6       85
22/03/2023  08:30:00          0.0       140       2.8         30.1   1013.9       79
22/03/2023  08:45:00          0.0         -       0.0         29.9   1013.9       76
22/03/2023  09:00:00          0.0       202       1.4         27.3   1014.2       84
22/03/2023  09:15:00          0.0       222       4.9         27.9   1014.2       82
22/03/2023  09:30:00          0.0       235       2.1         28.9   1014.2       79
22/03/2023  09:45:00          0.0       239       4.9         28.6   1014.2       78
22/03/2023  10:00:00          0.0       234       4.9         28.6   1014.2       78
22/03/2023  10:15:00          0.0       224       6.4         29.1   1014.2       76
22/03/2023  10:30:00          0.0       228      10.2         29.2   1014.3       76
22/03/2023  10:45:00          0.0       236       6.7         29.4   1013.9       76
22/03/2023  11:00:00          0.0       222       9.9         29.4   1013.7       77
22/03/2023  11:15:00          0.0       225       8.5         29.4   1013.7       76
22/03/2023  11:30:00          0.0       224       9.5         29.4   1013.7       76
22/03/2023  11:45:00          0.0       226       8.8         30.0   1013.5       75
22/03/2023  12:00:00          0.0       230       7.1         29.5   1013.2       76
22/03/2023  12:15:00          0.0       229      11.3         29.7   1013.2       75
22/03/2023  12:30:00          0.0       228      12.0         29.6   1013.2       77
22/03/2023  12:45:00          0.0       223      11.6         29.4   1013.0       77
22/03/2023  13:00:00          0.0       228      11.6         29.4   1012.7       77
22/03/2023  13:15:00          0.0       223      14.8         29.3   1012.7       77
22/03/2023  13:30:00          0.0       228       8.5         29.5   1012.4       78
22/03/2023  13:45:00          0.0       224       9.5         29.7   1012.2       77
22/03/2023  14:00:00          0.0       214      11.6         29.1   1012.2       78
22/03/2023  14:15:00          0.0       216      13.4         29.4   1011.9       78
22/03/2023  14:30:00          0.0       209      15.2         29.3   1011.7       77
22/03/2023  14:45:00          0.0       205       9.5         29.4   1011.7       78
22/03/2023  15:00:00          0.0       213       9.2         28.9   1012.1       79
22/03/2023  15:15:00          0.0       204      15.2         28.6   1011.7       80
22/03/2023  15:30:00          0.0       184       8.5         28.5   1011.9       80
22/03/2023  15:45:00          0.0       200      12.0         28.1   1012.0       81
22/03/2023  16:00:00          0.0       198      13.4         27.8   1012.0       83
22/03/2023  16:15:00          0.0       201      12.0         27.5   1012.0       84
22/03/2023  16:30:00          0.0       199      10.9         27.4   1012.0       84
22/03/2023  16:45:00          0.0       200      16.2         27.2   1012.2       85
22/03/2023  17:00:00          0.0       206      10.9         26.8   1012.2       87
22/03/2023  17:15:00          0.0       191       7.4         26.3   1012.2       89
22/03/2023  17:30:00          0.0       203      12.7         26.0   1012.4       90
22/03/2023  17:45:00          0.0       186      12.7         26.1   1012.5       91
22/03/2023  18:00:00          0.0       187       8.1         26.0   1012.5       90
22/03/2023  18:15:00          0.0       191       8.1         25.8   1012.5       91
22/03/2023  18:30:00          0.0       182       9.5         25.8   1012.7       91
22/03/2023  18:45:00          0.0       178      12.0         26.1   1012.6       91
22/03/2023  19:00:00          0.0       173       9.5         25.9   1012.7       91
22/03/2023  19:15:00          0.0       177       8.5         25.7   1012.8       92
22/03/2023  19:30:00          0.0       179       7.1         25.7   1013.1       92
22/03/2023  19:45:00          0.0       178       5.6         25.7   1013.3       92
22/03/2023  20:00:00          0.0       182       4.6         25.5   1013.7       92
22/03/2023  20:15:00          0.0       162       5.6         25.4   1013.9       93
22/03/2023  20:30:00          0.0       170       6.4         25.5   1013.8       93
22/03/2023  20:45:00          0.0       167       2.5         25.3   1014.1       93
22/03/2023  21:00:00          0.0       172       6.4         25.1   1014.2       94
22/03/2023  21:15:00          0.0       155       3.9         25.1   1014.2       95
22/03/2023  21:30:00          0.0       145       3.5         24.6   1014.3       95
22/03/2023  21:45:00          0.0       152       2.1         24.6   1014.3       96
22/03/2023  22:00:00          0.0         -       0.0         24.5   1014.7       96
22/03/2023  22:15:00          0.0       139       2.1         24.8   1014.7       96
22/03/2023  22:30:00          0.0       175       5.6         24.8   1014.3       97
22/03/2023  22:45:00          0.0         -       0.0         24.9   1014.4       96
22/03/2023  23:00:00          0.0       163       3.2         24.8   1014.3       96
22/03/2023  23:15:00          0.0       156       2.8         24.8   1014.3       96
22/03/2023  23:30:00          0.0       166       5.6         24.7   1014.6       97
22/03/2023  23:45:00          0.0       130       2.1         24.6   1014.3       96
23/03/2023  00:00:00          0.0       158       5.3         24.3   1014.3       98
23/03/2023  00:15:00          0.0       152       3.2         24.0   1014.3       98
23/03/2023  00:30:00          0.0       146       3.5         24.1   1014.4       99
23/03/2023  00:45:00          0.0       138       1.8         24.1   1014.1       99
23/03/2023  01:00:00          0.0       103       1.1         23.5   1014.1       99
23/03/2023  01:15:00          0.0         -       0.0         23.8   1014.1      100
23/03/2023  01:30:00          0.0       104       1.1         23.5   1013.8      100
23/03/2023  01:45:00          0.0       098       1.8         23.5   1013.8      100
23/03/2023  02:00:00          0.0       105       2.1         23.4   1013.8      100
23/03/2023  02:15:00          0.0       102       1.1         23.1   1013.8      100
23/03/2023  02:30:00          0.0         -       0.0         22.9   1013.6      100
23/03/2023  02:45:00          0.0         -       0.0         22.8   1013.6      100
23/03/2023  03:00:00          0.0       113       1.1         22.6   1013.5      100
23/03/2023  03:15:00          0.0       099       2.8         22.5   1013.0      100
23/03/2023  03:30:00          0.0       109       2.1         22.5   1013.1      100
23/03/2023  03:45:00          0.0       107       0.7         22.3   1013.1      100
23/03/2023  04:00:00          0.0       106       1.1         22.1   1012.8      100
23/03/2023  04:15:00          0.0         -       0.0         22.1   1013.1      100
23/03/2023  04:30:00          0.0       105       3.2         22.0   1013.1      100
23/03/2023  04:45:00          0.0       104       3.9         21.6   1013.1      100
23/03/2023  05:00:00          0.0       112       4.6         21.8   1012.8      100
23/03/2023  05:15:00          0.0         -       0.0         21.7   1012.8      100
23/03/2023  05:30:00          0.0       104       1.1         21.7   1013.0      100
23/03/2023  05:45:00          0.0         -       0.0         21.5   1012.8      100
23/03/2023  06:00:00          0.0       184       1.8         21.7   1013.1      100
23/03/2023  06:15:00          0.0       179       0.7         21.7   1013.1      100
23/03/2023  06:30:00          0.0       180       1.4         22.6   1013.1      100
23/03/2023  06:45:00          0.0         -       0.0         22.6   1013.1      100
23/03/2023  07:00:00          0.0       139       2.1         23.5   1013.3      100
23/03/2023  07:15:00          0.0         -       0.0         24.8   1013.3      100
23/03/2023  07:30:00          0.0       153       3.2         26.1   1013.3       96
23/03/2023  07:45:00          0.0       141       2.1         26.9   1013.7       90
23/03/2023  08:00:00          0.0       128       5.3         27.6   1013.5       86
23/03/2023  08:15:00          0.0       210       7.1         28.4   1013.7       83
23/03/2023  08:30:00          0.0       135       1.1         28.7   1013.7       80
23/03/2023  08:45:00          0.0       150       6.7         28.2   1013.7       80
23/03/2023  09:00:00          0.0       142       2.8         29.3   1013.7       77
23/03/2023  09:15:00          0.0       134       5.3         29.7   1013.7       75
23/03/2023  09:30:00          0.0       142       0.4         30.8   1013.9       70
23/03/2023  09:45:00          0.0       129       3.5         31.2   1013.9       66
23/03/2023  10:00:00          0.0         -       0.0         32.1   1014.2       63
23/03/2023  10:15:00          0.0       207      12.3         30.8   1014.3       70
23/03/2023  10:30:00          0.0       208      10.6         28.9   1014.4       76
23/03/2023  10:45:00          0.0       202      20.5         28.3   1014.4       78
23/03/2023  11:00:00          0.0       209      22.9         29.2   1014.2       76
23/03/2023  11:15:00          0.0       200      13.4         28.6   1014.2       80
23/03/2023  11:30:00          0.0       211      18.3         29.1   1013.9       79
23/03/2023  11:45:00          0.0       201      15.9         29.0   1013.9       78
23/03/2023  12:00:00          0.0       198      15.9         29.1   1013.7       79
23/03/2023  12:15:00          0.0       209      15.9         28.9   1013.5       78
23/03/2023  12:30:00          0.0       207      20.1         28.9   1013.5       78
23/03/2023  12:45:00          0.0       195      15.5         28.9   1013.2       77
23/03/2023  13:00:00          0.0       195      12.3         29.3   1012.8       76
23/03/2023  13:15:00          0.0       191      12.7         29.7   1012.7       75
23/03/2023  13:30:00          0.0       195      12.7         29.0   1012.6       77
23/03/2023  13:45:00          0.0       197      17.3         29.4   1012.5       77
23/03/2023  14:00:00          0.0       196      19.4         29.0   1012.2       78
23/03/2023  14:15:00          0.0       192       9.5         29.2   1012.2       79
23/03/2023  14:30:00          0.0       188      13.4         29.0   1012.0       79
23/03/2023  14:45:00          0.0       197      16.2         28.9   1012.0       79
23/03/2023  15:00:00          0.0       197      17.3         28.7   1011.7       79
23/03/2023  15:15:00          0.0       203      12.0         28.9   1011.7       79
23/03/2023  15:30:00          0.0       190      12.0         28.4   1011.7       80
23/03/2023  15:45:00          0.0       193       9.2         28.8   1011.5       78
23/03/2023  16:00:00          0.0       191       7.8         28.2   1011.5       79
23/03/2023  16:15:00          0.0       199       6.7         28.1   1011.5       80
23/03/2023  16:30:00          0.0       171       3.9         27.9   1011.7       80
23/03/2023  16:45:00          0.0       179       8.8         27.4   1011.7       81
23/03/2023  17:00:00          0.0       174       3.2         27.2   1011.5       82
23/03/2023  17:15:00          0.0       163      16.2         26.9   1011.4       83
23/03/2023  17:30:00          0.0       168       3.9         26.3   1011.5       85
23/03/2023  17:45:00          0.0       160       8.5         25.8   1011.5       86
23/03/2023  18:00:00          0.0         -       0.0         25.6   1011.7       88
23/03/2023  18:15:00          0.0       148       4.6         25.6   1011.5       90
23/03/2023  18:30:00          0.0       134       6.0         25.0   1011.1       90
23/03/2023  18:45:00          0.0       140       4.9         25.1   1011.4       90
23/03/2023  19:00:00          0.0       147       7.1         24.9   1011.5       91
23/03/2023  19:15:00          0.0       143       3.2         24.9   1011.5       90
23/03/2023  19:30:00          0.0       127       6.4         25.0   1011.6       90
23/03/2023  19:45:00          0.0       145       4.9         24.8   1011.7       90
23/03/2023  20:00:00          0.0       125       2.8         25.1   1011.9       90
23/03/2023  20:15:00          0.0       131       3.9         25.0   1012.2       90
23/03/2023  20:30:00          0.0       138       8.5         24.9   1012.1       90
23/03/2023  20:45:00          0.0       151      10.2         25.0   1012.2       89
23/03/2023  21:00:00          0.0       147       7.4         25.1   1012.4       89
23/03/2023  21:15:00          0.0       131       3.9         24.8   1012.4       90
23/03/2023  21:30:00          0.0       145       3.2         24.6   1012.8       92
23/03/2023  21:45:00          0.0       160       1.4         24.6   1012.8       92
23/03/2023  22:00:00          0.0       128       0.4         24.5   1012.6       93
23/03/2023  22:15:00          0.0       122       2.1         24.4   1012.5       94
23/03/2023  22:30:00          0.0         -       0.0         24.1   1012.6       95
23/03/2023  22:45:00          0.0         -       0.0         24.2   1012.6       95
23/03/2023  23:00:00          0.0         -       0.0         24.0   1012.8       95
23/03/2023  23:15:00          0.0         -       0.0         23.8   1012.6       95
23/03/2023  23:30:00          0.0         -       0.0         23.4   1012.6       96
23/03/2023  23:45:00          0.0         -       0.0         23.5   1012.6       97
24/03/2023  00:00:00          0.0       102       2.1         23.3   1012.4       97
24/03/2023  00:15:00          0.0         -       0.0         22.9   1012.4       98
24/03/2023  00:30:00          0.0         -       0.0         22.8   1012.4       99
24/03/2023  00:45:00          0.0       105       1.8         22.6   1012.1       98
24/03/2023  01:00:00          0.0       112       1.4         22.6   1012.1       99
24/03/2023  01:15:00          0.0       107       1.1         22.5   1011.9       99
24/03/2023  01:30:00          0.0       114       1.4         22.3   1011.6       99
24/03/2023  01:45:00          0.0       116       2.8         22.6   1011.4       99
24/03/2023  02:00:00          0.0       117       3.9         22.5   1011.7      100
24/03/2023  02:15:00          0.0       105       1.8         22.5   1011.7       99
24/03/2023  02:30:00          0.0       106       4.6         22.3   1011.3       99
24/03/2023  02:45:00          0.0       107       2.1         22.1   1011.1      100
24/03/2023  03:00:00          0.0       108       0.7         22.3   1011.3      100
24/03/2023  03:15:00          0.0       110       1.4         22.3   1010.6      100
24/03/2023  03:30:00          0.0       103       3.5         22.5   1010.4      100
24/03/2023  03:45:00          0.0       105       3.5         22.1   1010.4      100
24/03/2023  04:00:00          0.0       107       1.4         22.0   1010.4      100
24/03/2023  04:15:00          0.0       096       3.5         22.1   1010.4      100
24/03/2023  04:30:00          0.0       099       3.5         22.6   1010.4      100
24/03/2023  04:45:00          0.0       107       1.8         22.8   1010.4      100
24/03/2023  05:00:00          0.0       106       5.6         22.7   1010.2      100
24/03/2023  05:15:00          0.0       096       1.4         22.7   1010.2      100
24/03/2023  05:30:00          0.0       118       6.7         22.6   1010.4      100
24/03/2023  05:45:00          0.0       102       2.1         22.7   1010.4      100
24/03/2023  06:00:00          0.0         -       0.0         22.5   1010.6      100
24/03/2023  06:15:00          0.0         -       0.0         22.5   1010.6      100
24/03/2023  06:30:00          0.0         -       0.0         22.9   1010.6      100
24/03/2023  06:45:00          0.0       145       2.5         23.8   1010.6       99
24/03/2023  07:00:00          0.0       135       2.8         24.9   1010.8       95
24/03/2023  07:15:00          0.0       152       2.5         25.8   1010.6       89
24/03/2023  07:30:00          0.0       136       3.2         26.7   1010.6       85
24/03/2023  07:45:00          0.0       146       3.5         27.7   1010.9       82
24/03/2023  08:00:00          0.0       137       2.1         28.8   1010.8       79
24/03/2023  08:15:00          0.0       122       3.9         28.9   1011.0       77
24/03/2023  08:30:00          0.0       132       8.5         29.7   1011.0       74
24/03/2023  08:45:00          0.0       137       1.8         30.1   1010.9       71
24/03/2023  09:00:00          0.0       156       3.9         30.9   1010.8       68
24/03/2023  09:15:00          0.0       148       3.5         31.3   1010.8       66
24/03/2023  09:30:00          0.0       142      11.6         31.8   1010.8       63
24/03/2023  09:45:00          0.0       142       1.4         32.4   1010.8       61
24/03/2023  10:00:00          0.0       155       9.2         33.5   1010.6       56
24/03/2023  10:15:00          0.0         -       0.0         34.0   1010.5       53
24/03/2023  10:30:00          0.0       146       1.4         34.7   1010.5       53
24/03/2023  10:45:00          0.0       176       4.2         35.7   1010.3       50
24/03/2023  11:00:00          0.0       150       6.0         35.6   1010.3       49
24/03/2023  11:15:00          0.0       149       2.5         35.8   1010.4       46
24/03/2023  11:30:00          0.0       272       1.1         32.3   1010.0       59
24/03/2023  11:45:00          0.0       237       7.8         33.2   1009.8       56
24/03/2023  12:00:00          0.0       226       4.9         32.7   1009.3       57
24/03/2023  12:15:00          0.0       223       6.0         31.8   1009.2       63
24/03/2023  12:30:00          0.0       204      15.5         31.1   1008.8       67
24/03/2023  12:45:00          0.0       197      20.1         29.8   1008.8       72
24/03/2023  13:00:00          0.0       197      11.6         30.3   1008.6       71
24/03/2023  13:15:00          0.0       206      10.9         29.8   1008.3       73
24/03/2023  13:30:00          0.0       197      12.3         29.7   1008.3       75
24/03/2023  13:45:00          0.0       192      17.3         29.1   1008.3       76
24/03/2023  14:00:00          0.0       192      16.6         28.6   1008.1       78
24/03/2023  14:15:00          0.0       201      15.9         29.1   1008.1       76
24/03/2023  14:30:00          0.0       194      15.5         28.8   1007.8       76
24/03/2023  14:45:00          0.0       189      10.6         28.3   1008.1       76
24/03/2023  15:00:00          0.0       183       9.9         28.7   1007.8       77
24/03/2023  15:15:00          0.0       199       6.7         29.4   1007.8       73
24/03/2023  15:30:00          0.0       193       5.3         29.5   1007.8       73
24/03/2023  15:45:00          0.0       207       4.6         30.0   1007.8       71
24/03/2023  16:00:00          0.0       214       8.8         29.4   1007.8       74
24/03/2023  16:15:00          0.0       209       3.5         29.3   1007.8       75
24/03/2023  16:30:00          0.0       205       6.0         28.8   1008.1       76
24/03/2023  16:45:00          0.0       199       3.9         28.1   1007.8       79
24/03/2023  17:00:00          0.0       192       2.8         27.7   1008.1       80
24/03/2023  17:15:00          0.0       176       4.2         26.9   1007.8       81
24/03/2023  17:30:00          0.0       182       1.1         26.1   1007.8       82
24/03/2023  17:45:00          0.0       188       2.8         25.8   1008.1       85
24/03/2023  18:00:00          0.0       169       8.5         24.8   1008.1       88
24/03/2023  18:15:00          0.0       162       5.3         25.1   1008.1       87
24/03/2023  18:30:00          0.0       176       3.9         24.8   1008.3       87
24/03/2023  18:45:00          0.0         -       0.0         24.6   1008.3       87
24/03/2023  19:00:00          0.0         -       0.0         24.5   1008.3       89
24/03/2023  19:15:00          0.0       124       0.7         24.3   1008.6       89
24/03/2023  19:30:00          0.0         -       0.0         24.2   1008.8       90
24/03/2023  19:45:00          0.0         -       0.0         24.1   1008.9       90
24/03/2023  20:00:00          0.0       190       2.5         23.5   1009.1       92
24/03/2023  20:15:00          0.0       192       2.1         24.3   1008.9       92
24/03/2023  20:30:00          0.0       167       5.3         24.1   1009.4       92
24/03/2023  20:45:00          0.0         -       0.0         23.8   1009.8       93
24/03/2023  21:00:00          0.0       158       1.8         24.1   1009.8       95
24/03/2023  21:15:00          0.0         -       0.0         24.3   1009.7       95
24/03/2023  21:30:00          0.0         -       0.0         24.3   1009.9       95
24/03/2023  21:45:00          0.0         -       0.0         24.3   1009.9       96
24/03/2023  22:00:00          0.0         -       0.0         24.0   1009.9       96
24/03/2023  22:15:00          0.0         -       0.0         23.7   1009.9       97
24/03/2023  22:30:00          0.0         -       0.0         23.5   1010.2       97
24/03/2023  22:45:00          0.0         -       0.0         24.0   1009.9       98
24/03/2023  23:00:00          0.0         -       0.0         23.4   1009.7       99
24/03/2023  23:15:00          0.0       105       1.8         23.2   1010.0       99
24/03/2023  23:30:00          0.0       084       0.7         23.3   1009.7       99
24/03/2023  23:45:00          0.0         -       0.0         22.8   1009.7       99
25/03/2023  00:00:00          0.0         -       0.0         22.9   1009.7      100
25/03/2023  00:15:00          0.0         -       0.0         22.9   1009.7      100
25/03/2023  00:30:00          0.0       103       0.4         23.1   1009.7      100
25/03/2023  00:45:00          0.0       106       0.7         23.1   1009.7      100
25/03/2023  01:00:00          0.0         -       0.0         23.1   1009.5      100
25/03/2023  01:15:00          0.0       088       2.1         22.9   1009.4      100
25/03/2023  01:30:00          0.0       098       1.8         23.1   1009.2      100
25/03/2023  01:45:00          0.0         -       0.0         23.0   1009.2      100
25/03/2023  02:00:00          0.0       109       1.4         22.8   1008.9      100
25/03/2023  02:15:00          0.0         -       0.0         22.6   1008.9      100
25/03/2023  02:30:00          0.0         -       0.0         22.5   1008.9      100
25/03/2023  02:45:00          0.0       100       1.4         22.6   1009.1      100
25/03/2023  03:00:00          0.0       104       2.1         22.4   1009.1      100
25/03/2023  03:15:00          0.0         -       0.0         22.8   1008.8      100
25/03/2023  03:30:00          0.0         -       0.0         22.5   1008.9      100
25/03/2023  03:45:00          0.0         -       0.0         22.1   1008.9      100
25/03/2023  04:00:00          0.0         -       0.0         22.1   1008.9      100
25/03/2023  04:15:00          0.0         -       0.0         22.6   1008.7      100
25/03/2023  04:30:00          0.0         -       0.0         22.5   1008.7      100
25/03/2023  04:45:00          0.0         -       0.0         22.9   1008.7      100
25/03/2023  05:00:00          0.0       095       1.4         22.9   1008.9      100
25/03/2023  05:15:00          0.0       097       2.1         22.9   1009.2      100
25/03/2023  05:30:00          0.0       097       2.1         23.2   1009.2      100
25/03/2023  05:45:00          0.0       101       1.4         23.2   1009.2      100
25/03/2023  06:00:00          0.0         -       0.0         23.3   1009.2      100
25/03/2023  06:15:00          0.0       160       0.4         23.5   1009.4      100
25/03/2023  06:30:00          0.0         -       0.0         23.7   1009.4      100
25/03/2023  06:45:00          0.0         -       0.0         23.9   1010.0      100
25/03/2023  07:00:00          0.0         -       0.0         24.2   1009.9      100
25/03/2023  07:15:00          0.0         -       0.0         24.7   1010.2      100
25/03/2023  07:30:00          0.0         -       0.0         25.3   1010.4      100
25/03/2023  07:45:00          0.0         -       0.0         25.4   1010.6      100
25/03/2023  08:00:00          0.0       290       0.7         25.3   1010.9       99
25/03/2023  08:15:00          0.0         -       0.0         25.2   1010.9       98
25/03/2023  08:30:00          0.0         -       0.0         26.0   1010.9       96
25/03/2023  08:45:00          0.0       261       4.2         27.6   1011.1       90
25/03/2023  09:00:00          0.0       234       4.2         27.1   1011.3       88
25/03/2023  09:15:00          0.0       223       3.2         26.8   1011.4       90
25/03/2023  09:30:00          0.0       221       4.9         26.9   1011.4       89
25/03/2023  09:45:00          0.0       220       6.0         27.8   1011.3       86
25/03/2023  10:00:00          0.0       222       6.0         27.5   1011.5       86
25/03/2023  10:15:00          0.0       221       4.9         27.7   1011.5       85
25/03/2023  10:30:00          0.0       227       4.6         28.3   1011.5       84
25/03/2023  10:45:00          0.0       231       5.3         29.2   1011.3       83
25/03/2023  11:00:00          0.0       233       6.4         28.4   1011.3       85
25/03/2023  11:15:00          0.0       229       8.8         28.7   1011.0       83
25/03/2023  11:30:00          0.0       229       6.4         29.2   1011.0       82
25/03/2023  11:45:00          0.0       227       7.8         29.2   1010.8       82
25/03/2023  12:00:00          0.0       232       7.8         28.7   1010.8       83
25/03/2023  12:15:00          0.0       223      11.6         28.5   1010.8       83
25/03/2023  12:30:00          0.0       206       5.6         28.6   1010.8       83
25/03/2023  12:45:00          0.0       228      12.0         28.8   1010.8       82
25/03/2023  13:00:00          0.0       226      12.0         28.6   1010.2       83
25/03/2023  13:15:00          0.0       225       9.2         28.9   1010.3       83
25/03/2023  13:30:00          0.0       218      12.3         28.5   1010.3       82
25/03/2023  13:45:00          0.0       214      10.2         28.2   1009.9       82
25/03/2023  14:00:00          0.0       231       9.9         28.7   1010.0       82
25/03/2023  14:15:00          0.0       217      13.1         27.8   1010.0       84
25/03/2023  14:30:00          0.0       220      12.0         28.1   1009.8       84
25/03/2023  14:45:00          0.0       225       9.9         27.9   1009.8       85
25/03/2023  15:00:00          0.0       224      11.6         27.8   1009.7       85
25/03/2023  15:15:00          0.0       229      10.2         27.9   1009.8       85
25/03/2023  15:30:00          0.0       222       9.5         27.8   1009.8       86
25/03/2023  15:45:00          0.0       201       6.4         27.2   1009.8       87
25/03/2023  16:00:00          0.0       213       8.8         27.3   1009.8       88
25/03/2023  16:15:00          0.0       214       8.5         27.2   1009.8       88
25/03/2023  16:30:00          0.0       213       8.8         26.9   1010.0       88
25/03/2023  16:45:00          0.0       211       8.5         26.6   1009.8       89
25/03/2023  17:00:00          0.0       213       9.2         26.3   1009.8       91
25/03/2023  17:15:00          0.0       210       7.4         26.0   1010.0       92
25/03/2023  17:30:00          0.0       201       4.9         26.0   1010.2       94
25/03/2023  17:45:00          0.0       201       2.8         25.8   1010.0       94
25/03/2023  18:00:00          0.0       184       1.4         25.5   1010.0       95
25/03/2023  18:15:00          0.0         -       0.0         25.2   1010.3       96
25/03/2023  18:30:00          0.0       169       1.1         24.8   1009.9       96
25/03/2023  18:45:00          0.0         -       0.0         24.6   1009.9       97
25/03/2023  19:00:00          0.0         -       0.0         24.5   1010.0       97
25/03/2023  19:15:00          0.0         -       0.0         24.4   1009.9       97
25/03/2023  19:30:00          0.0         -       0.0         24.0   1010.2       98
25/03/2023  19:45:00          0.0         -       0.0         24.1   1010.2       99
25/03/2023  20:00:00          0.0         -       0.0         24.3   1010.2       99
25/03/2023  20:15:00          0.0         -       0.0         24.0   1010.3      100
25/03/2023  20:30:00          0.0         -       0.0         24.3   1010.6      100
25/03/2023  20:45:00          0.0         -       0.0         24.2   1010.9      100
25/03/2023  21:00:00          0.0         -       0.0         23.8   1010.9      100
25/03/2023  21:15:00          0.0         -       0.0         23.7   1010.9      100
25/03/2023  21:30:00          0.0       108       1.1         23.8   1011.3      100
25/03/2023  21:45:00          0.0         -       0.0         23.4   1010.9      100
25/03/2023  22:00:00          0.0         -       0.0         23.3   1010.9      100
25/03/2023  22:15:00          0.0         -       0.0         23.2   1010.9      100
25/03/2023  22:30:00          0.0         -       0.0         23.1   1010.6      100
25/03/2023  22:45:00          0.0         -       0.0         23.0   1010.4      100
25/03/2023  23:00:00          0.0       102       1.1         22.9   1010.6      100
25/03/2023  23:15:00          0.0       107       3.2         22.8   1010.4      100
25/03/2023  23:30:00          0.0         -       0.0         22.8   1010.4      100
25/03/2023  23:45:00          0.0       100       1.1         22.6   1010.4      100
26/03/2023  00:00:00          0.0       113       2.1         22.7   1010.2      100
26/03/2023  00:15:00          0.0         -       0.0         22.6   1009.9      100
26/03/2023  00:30:00          0.0       100       2.5         22.5   1009.7      100
26/03/2023  00:45:00          0.0         -       0.0         22.4   1009.7      100
26/03/2023  01:00:00          0.0         -       0.0         22.9   1009.8      100
26/03/2023  01:15:00          0.0       104       1.1         22.5   1009.4      100
26/03/2023  01:30:00          0.0       103       2.5         22.8   1009.4      100
26/03/2023  01:45:00          0.0       098       4.9         22.5   1009.2      100
26/03/2023  02:00:00          0.0       096       3.2         22.8   1008.9      100
26/03/2023  02:15:00          0.0         -       0.0         22.8   1008.8      100
26/03/2023  02:30:00          0.0       102       1.4         22.9   1008.6      100
26/03/2023  02:45:00          0.0       115       2.8         22.7   1008.7      100
26/03/2023  03:00:00          0.0       117       4.6         22.8   1008.3      100
26/03/2023  03:15:00          0.0       109       6.7         22.7   1008.2      100
26/03/2023  03:30:00          0.0       103       1.1         22.9   1008.0      100
26/03/2023  03:45:00          0.0       102       1.4         22.7   1008.0      100
26/03/2023  04:00:00          0.0       100       1.8         22.6   1008.2      100
26/03/2023  04:15:00          0.0       107       3.2         22.7   1008.2      100
26/03/2023  04:30:00          0.0       104       3.2         22.9   1008.2      100
26/03/2023  04:45:00          0.0       113       4.6         22.7   1008.2      100
26/03/2023  05:00:00          0.0       131       1.4         22.8   1008.4       99
26/03/2023  05:15:00          0.0       117       6.0         22.9   1008.2       99
26/03/2023  05:30:00          0.0       108       6.7         23.1   1008.4       97
26/03/2023  05:45:00          0.0       102       2.8         23.2   1008.4       96
26/03/2023  06:00:00          0.0       129       2.1         23.4   1008.7       95
26/03/2023  06:15:00          0.0       119       3.9         23.3   1008.7       96
26/03/2023  06:30:00          0.0       121       6.0         23.8   1008.7       95
26/03/2023  06:45:00          0.0       125       5.6         24.6   1008.7       92
26/03/2023  07:00:00          0.0       132       3.9         25.7   1008.7       89
26/03/2023  07:15:00          0.0       126       8.5         26.4   1008.9       87
26/03/2023  07:30:00          0.0       145       2.5         27.1   1008.7       84
26/03/2023  07:45:00          0.0       137       5.3         27.5   1008.8       82
26/03/2023  08:00:00          0.0       116       2.8         28.8   1009.1       79
26/03/2023  08:15:00          0.0       120       8.5         29.7   1009.1       76
26/03/2023  08:30:00          0.0       133      14.1         30.1   1009.1       74
26/03/2023  08:45:00          0.0       119      15.5         30.2   1009.1       72
26/03/2023  09:00:00          0.0       119       9.2         31.1   1008.8       69
26/03/2023  09:15:00          0.0       113       7.1         31.9   1009.1       67
26/03/2023  09:30:00          0.0       125       6.0         31.9   1008.8       64
26/03/2023  09:45:00          0.0       146       2.5         32.2   1008.8       62
26/03/2023  10:00:00          0.0       112      14.8         32.9   1008.7       59
26/03/2023  10:15:00          0.0       118      11.3         33.2   1008.4       57
26/03/2023  10:30:00          0.0       105      21.2         33.7   1008.1       55
26/03/2023  10:45:00          0.0       127      12.3         34.6   1007.8       52
26/03/2023  11:00:00          0.0       115       6.0         35.4   1007.6       51
26/03/2023  11:15:00          0.0       322      16.6         35.5   1007.3       49
26/03/2023  11:30:00          0.0       137       2.5         36.0   1007.1       47
26/03/2023  11:45:00          0.0       127      15.9         36.7   1006.9       45
26/03/2023  12:00:00          0.0       314      14.5         36.9   1006.6       44
26/03/2023  12:15:00          0.0       126      10.6         37.5   1006.7       43
26/03/2023  12:30:00          0.0       140       1.4         37.7   1006.5       43
26/03/2023  12:45:00          0.0       270       5.3         38.9   1006.4       41
26/03/2023  13:00:00          0.0       137       3.9         39.1   1006.1       39
26/03/2023  13:15:00          0.0       315       3.2         39.0   1006.0       39
26/03/2023  13:30:00          0.0       306       4.9         39.0   1006.2       38
26/03/2023  13:45:00          0.0       221       9.2         32.7   1005.9       60
26/03/2023  14:00:00          0.0       198       9.9         32.1   1005.6       65
26/03/2023  14:15:00          0.0       206       4.9         31.2   1005.6       68
26/03/2023  14:30:00          0.0       209      10.6         31.7   1005.6       68
26/03/2023  14:45:00          0.0       211      12.0         31.5   1005.6       68
26/03/2023  15:00:00          0.0       199      14.8         30.2   1005.6       75
26/03/2023  15:15:00          0.0       173       9.2         31.5   1005.6       68
26/03/2023  15:30:00          0.0       201       9.5         32.9   1005.6       61
26/03/2023  15:45:00          0.0       190       8.8         31.0   1005.6       68
26/03/2023  16:00:00          0.0       184       6.7         32.7   1005.6       62
26/03/2023  16:15:00          0.0       189       5.3         32.5   1005.6       60
26/03/2023  16:30:00          0.0       183       4.6         32.6   1005.6       61
26/03/2023  16:45:00          0.0       153       9.9         31.8   1005.6       60
26/03/2023  17:00:00          0.0       153       8.5         31.1   1005.9       63
26/03/2023  17:15:00          0.0       166      11.3         30.4   1005.9       68
26/03/2023  17:30:00          0.0       145      11.3         29.8   1005.9       67
26/03/2023  17:45:00          0.0       168      10.6         29.4   1005.9       68
26/03/2023  18:00:00          0.0       154      10.9         29.2   1005.9       69
26/03/2023  18:15:00          0.0       153      12.3         29.2   1006.1       72
26/03/2023  18:30:00          0.0       154       9.9         28.5   1006.1       70
26/03/2023  18:45:00          0.0       154       6.0         29.1   1006.1       69
26/03/2023  19:00:00          0.0       155       6.0         28.9   1006.1       69
26/03/2023  19:15:00          0.0       149       3.2         28.7   1006.1       69
26/03/2023  19:30:00          0.0       312       2.1         28.1   1006.1       73
26/03/2023  19:45:00          0.0         -       0.0         28.0   1006.4       77
26/03/2023  20:00:00          0.0       176       2.5         27.9   1006.6       76
26/03/2023  20:15:00          0.0         -       0.0         28.8   1006.6       70
26/03/2023  20:30:00          0.0       097       1.8         28.1   1006.9       78
26/03/2023  20:45:00          0.0       082       3.2         27.1   1007.1       81
26/03/2023  21:00:00          0.0       096       4.9         26.7   1007.0       84
26/03/2023  21:15:00          0.0       094       6.4         26.5   1007.0       85
26/03/2023  21:30:00          0.0       299       4.9         26.7   1007.3       87
26/03/2023  21:45:00          0.0       303       7.1         26.8   1007.6       89
26/03/2023  22:00:00          0.0       097       3.5         26.9   1007.7       90
26/03/2023  22:15:00          0.0       127       2.1         26.6   1007.7       89
26/03/2023  22:30:00          0.0       118       1.8         26.3   1007.8       90
26/03/2023  22:45:00          0.0         -       0.0         25.8   1007.8       90
26/03/2023  23:00:00          0.0       095       2.5         25.9   1007.7       91
26/03/2023  23:15:00          0.0       103       1.4         25.7   1007.6       92
26/03/2023  23:30:00          0.0         -       0.0         25.7   1007.7       92
26/03/2023  23:45:00          0.0       102       1.4         25.5   1007.5       92
27/03/2023  00:00:00          0.0       102       6.4         25.4   1007.2       92
27/03/2023  00:15:00          0.0       083       4.6         25.6   1007.5       91
27/03/2023  00:30:00          0.0       241       5.3         25.8   1007.7       91
27/03/2023  00:45:00          0.0       239       9.2         26.1   1008.2       92
27/03/2023  01:00:00          0.0       210      28.6         25.6   1008.3       93
27/03/2023  01:15:00          0.2       183      21.5         24.9   1008.2       96
27/03/2023  01:30:00          0.4       199      26.5         24.8   1008.4       99
27/03/2023  01:45:00          0.0       207      18.3         24.9   1008.4       98
27/03/2023  02:00:00          0.0       211      21.9         25.1   1008.7       98
27/03/2023  02:15:00          0.0       221      20.5         25.2   1008.9       99
27/03/2023  02:30:00          0.0       234      25.0         25.4   1008.7       99
27/03/2023  02:45:00          0.0       217      20.5         25.4   1008.8       99
27/03/2023  03:00:00          0.0       237      27.9         25.3   1008.4       99
27/03/2023  03:15:00          0.0       257       9.2         25.4   1008.7       98
27/03/2023  03:30:00          0.0       266      17.6         25.1   1008.8       97
27/03/2023  03:45:00          0.0       266      13.1         25.4   1008.9       97
27/03/2023  04:00:00          0.0       277      14.5         25.1   1008.9       97
27/03/2023  04:15:00          0.6       256      10.9         24.8   1008.9       97
27/03/2023  04:30:00          2.0       237      16.9         24.3   1008.9       99
27/03/2023  04:45:00          0.2       227       3.9         24.3   1008.9      100
27/03/2023  05:00:00          0.2       268       8.8         24.3   1009.2      100
27/03/2023  05:15:00          0.0       271       9.5         24.4   1009.2      100
27/03/2023  05:30:00          0.0       267       7.4         24.5   1009.2      100
27/03/2023  05:45:00          0.0       302       2.8         24.4   1009.2      100
27/03/2023  06:00:00          0.0       359       3.5         24.2   1009.4      100
27/03/2023  06:15:00          0.0       308       7.4         24.3   1009.4      100
27/03/2023  06:30:00          0.0       294       7.1         24.5   1009.4      100
27/03/2023  06:45:00          0.0       314       9.2         24.6   1009.4      100
27/03/2023  07:00:00          0.0       360       5.6         24.9   1009.7      100
27/03/2023  07:15:00          0.0       360      10.9         24.9   1009.9      100
27/03/2023  07:30:00          0.0       343       9.5         25.1   1009.9      100
27/03/2023  07:45:00          0.0       329      13.8         25.0   1010.3       99
27/03/2023  08:00:00          0.0       311      14.8         25.1   1010.4       98
27/03/2023  08:15:00          0.0       303      10.6         25.4   1010.4       97
27/03/2023  08:30:00          0.0       282      16.9         25.6   1010.4       96
27/03/2023  08:45:00          0.0       289      14.8         25.7   1010.4       94
27/03/2023  09:00:00          0.0       293      14.1         25.6   1010.6       95
27/03/2023  09:15:00          0.0       269      10.6         25.7   1010.6       95
27/03/2023  09:30:00          0.0       263      11.3         25.4   1010.9       95
27/03/2023  09:45:00          0.0       235      17.6         26.1   1011.1       92
27/03/2023  10:00:00          0.0       249      11.3         25.8   1011.1       92
27/03/2023  10:15:00          0.0       228      10.9         26.0   1011.3       91
27/03/2023  10:30:00          0.0       234      10.2         26.0   1010.9       92
27/03/2023  10:45:00          0.0       229       9.2         26.2   1010.9       91
27/03/2023  11:00:00          0.0       235       6.0         25.9   1011.3       92
27/03/2023  11:15:00          0.0       246       5.3         25.9   1011.0       93
27/03/2023  11:30:00          0.0       226       7.1         26.7   1010.9       93
27/03/2023  11:45:00          0.0       227       5.3         26.9   1010.8       93
27/03/2023  12:00:00          0.0       237      10.9         26.6   1010.8       92
27/03/2023  12:15:00          0.0       235      12.0         26.1   1010.6       94
27/03/2023  12:30:00          0.0       254       9.5         26.1   1010.8       94
27/03/2023  12:45:00          0.0       247       9.5         26.2   1010.8       94
27/03/2023  13:00:00          0.0       227      13.8         27.1   1010.4       92
27/03/2023  13:15:00          0.0       227      13.4         26.9   1010.5       91
27/03/2023  13:30:00          0.0       215      19.8         25.5   1010.5       93
27/03/2023  13:45:00          0.0       272      20.8         24.6   1010.4       96
27/03/2023  14:00:00          0.0       258      17.3         24.8   1010.2       95
27/03/2023  14:15:00          0.0       241      19.1         25.0   1010.2       97
27/03/2023  14:30:00          0.0       260      16.6         25.2   1009.9       95
27/03/2023  14:45:00          0.0       226      10.6         25.4   1010.2       95
27/03/2023  15:00:00          0.0       212      17.6         24.8   1010.2       95
27/03/2023  15:15:00          0.0       210       8.8         24.8   1010.3       95
27/03/2023  15:30:00          0.0       207       8.5         24.9   1010.2       94
27/03/2023  15:45:00          0.0       217       6.0         24.8   1010.3       93
27/03/2023  16:00:00          0.0       234       3.9         25.0   1010.5       94
27/03/2023  16:15:00          0.0       234       5.6         25.1   1010.4       94
27/03/2023  16:30:00          0.0       238       3.2         25.1   1010.4       93
27/03/2023  16:45:00          0.0       226       6.0         25.1   1010.5       93
27/03/2023  17:00:00          0.0       239       2.1         24.9   1010.8       95
27/03/2023  17:15:00          0.0       274       6.0         24.6   1010.6       95
27/03/2023  17:30:00          0.0       248       9.9         24.9   1010.9       95
27/03/2023  17:45:00          0.0       261      11.6         24.6   1010.9       94
27/03/2023  18:00:00          0.0       223      16.9         24.6   1010.9       96
27/03/2023  18:15:00          0.0       187      19.1         23.5   1010.9      100
27/03/2023  18:30:00          0.0       168      21.5         23.0   1011.3       99
27/03/2023  18:45:00          0.0       172      15.2         22.7   1010.9       98
27/03/2023  19:00:00          0.0       170       6.7         23.5   1011.1       93
27/03/2023  19:15:00          0.0         -       0.0         23.6   1011.6       93
27/03/2023  19:30:00          0.0         -       0.0         23.4   1011.9       95
27/03/2023  19:45:00          0.0       107       2.1         23.2   1012.1       96
27/03/2023  20:00:00          0.0         -       0.0         23.2   1012.4       97
27/03/2023  20:15:00          0.0       100       1.1         22.9   1012.4       98
27/03/2023  20:30:00          0.0         -       0.0         22.9   1012.4       99
27/03/2023  20:45:00          0.0       238       3.9         22.9   1012.4       99
27/03/2023  21:00:00          0.0       213       5.3         23.5   1012.6      100
27/03/2023  21:15:00          0.0       226       4.6         23.7   1012.6      100
27/03/2023  21:30:00          0.0       243       8.5         23.5   1012.6      100
27/03/2023  21:45:00          0.2       219      10.2         23.3   1012.6      100
27/03/2023  22:00:00          0.0       236       7.8         23.2   1012.8      100
27/03/2023  22:15:00          0.2         -       0.0         23.2   1012.8      100
27/03/2023  22:30:00          0.0         -       0.0         23.1   1012.8      100
27/03/2023  22:45:00          0.0       210       6.4         23.2   1012.8      100
27/03/2023  23:00:00          0.0       255       3.2         22.9   1012.8      100
27/03/2023  23:15:00          0.0       048       1.4         22.9   1013.0      100
27/03/2023  23:30:00          0.2       286       1.1         22.8   1012.6      100
27/03/2023  23:45:00          0.0         -       0.0         22.5   1012.7      100
28/03/2023  00:00:00          0.0       301       5.3         22.7   1012.5      100
28/03/2023  00:15:00          0.0       237      13.4         22.4   1012.4      100
28/03/2023  00:30:00          0.0       252       7.4         22.0   1012.4      100
28/03/2023  00:45:00          0.0       308       1.1         22.4   1012.1      100
28/03/2023  01:00:00          0.0         -       0.0         22.1   1012.1      100
28/03/2023  01:15:00          0.0         -       0.0         22.2   1011.9      100
28/03/2023  01:30:00          0.0       079       1.8         22.3   1011.9      100
28/03/2023  01:45:00          0.0       059       1.8         22.6   1011.9      100
28/03/2023  02:00:00          0.0       057       0.4         22.4   1011.6      100
28/03/2023  02:15:00          0.0       058       2.8         22.5   1011.6      100
28/03/2023  02:30:00          0.0       045       2.5         22.3   1011.6      100
28/03/2023  02:45:00          0.0       054       4.2         22.3   1011.4      100
28/03/2023  03:00:00          0.0       075       2.5         22.2   1011.4      100
28/03/2023  03:15:00          0.0         -       0.0         22.3   1011.4      100
28/03/2023  03:30:00          0.0       085       2.8         22.3   1011.1      100
28/03/2023  03:45:00          0.0       088       1.1         22.2   1011.1      100
28/03/2023  04:00:00          0.0       037       4.2         22.2   1011.1      100
28/03/2023  04:15:00          0.0       066       2.5         22.3   1011.1      100
28/03/2023  04:30:00          0.0       056       3.2         22.0   1011.1      100
28/03/2023  04:45:00          0.0         -       0.0         22.1   1011.4      100
28/03/2023  05:00:00          0.0       041       0.4         22.1   1011.4      100
28/03/2023  05:15:00          0.2         -       0.0         22.1   1011.4      100
28/03/2023  05:30:00          0.0       061       1.1         22.3   1011.6      100
28/03/2023  05:45:00          0.0         -       0.0         22.4   1011.6      100
28/03/2023  06:00:00          0.0         -       0.0         22.2   1011.9      100
28/03/2023  06:15:00          0.0       182       1.4         22.1   1011.9      100
28/03/2023  06:30:00          0.0         -       0.0         22.4   1011.9      100
28/03/2023  06:45:00          0.0         -       0.0         22.6   1012.1      100
28/03/2023  07:00:00          0.0         -       0.0         23.2   1012.2      100
28/03/2023  07:15:00          0.0       126       2.5         23.0   1012.2      100
28/03/2023  07:30:00          0.0       106       0.7         23.2   1012.6      100
28/03/2023  07:45:00          0.0       357       1.8         23.4   1012.7      100
28/03/2023  08:00:00          0.0         -       0.0         23.2   1012.8      100
28/03/2023  08:15:00          0.0         -       0.0         23.4   1012.8      100
28/03/2023  08:30:00          0.0       205       2.1         23.7   1013.0      100
28/03/2023  08:45:00          0.0       165       4.2         24.3   1012.8      100
28/03/2023  09:00:00          0.0         -       0.0         24.6   1012.8       99
28/03/2023  09:15:00          0.0         -       0.0         25.4   1012.8       95
28/03/2023  09:30:00          0.0       129       0.4         26.1   1012.8       90
28/03/2023  09:45:00          0.0       203       3.2         26.7   1012.7       88
28/03/2023  10:00:00          0.0       219       3.5         26.0   1012.7       88
28/03/2023  10:15:00          0.0       226       4.9         28.0   1012.5       84
28/03/2023  10:30:00          0.0       229       7.4         26.9   1012.5       86
28/03/2023  10:45:00          0.0       223       6.7         26.8   1012.5       87
28/03/2023  11:00:00          0.0       228       8.1         27.1   1012.2       83
28/03/2023  11:15:00          0.0       224       9.9         26.5   1012.2       86
28/03/2023  11:30:00          0.0       224      10.6         26.6   1012.2       86
28/03/2023  11:45:00          0.0       229      10.2         26.6   1012.0       84
28/03/2023  12:00:00          0.0       230      10.2         26.5   1012.0       84
28/03/2023  12:15:00          0.0       220       7.1         27.1   1011.7       83
28/03/2023  12:30:00          0.0       199       5.3         26.7   1011.7       84
28/03/2023  12:45:00          0.0       214       7.1         27.9   1011.5       80
28/03/2023  13:00:00          0.0       219       7.1         27.0   1011.5       80
28/03/2023  13:15:00          0.0       203       9.9         27.4   1011.5       81
28/03/2023  13:30:00          0.0       209      12.3         27.3   1011.3       81
28/03/2023  13:45:00          0.0       202       6.7         26.5   1011.3       83
28/03/2023  14:00:00          0.0       201       8.5         25.7   1011.3       85
28/03/2023  14:15:00          0.0       188       4.6         25.1   1011.0       87
28/03/2023  14:30:00          0.0       202       0.7         25.7   1011.0       87
28/03/2023  14:45:00          0.0       189       3.2         25.8   1011.0       88
28/03/2023  15:00:00          0.0       198       3.5         25.6   1010.8       87
28/03/2023  15:15:00          0.0       201       6.0         25.7   1011.0       88
28/03/2023  15:30:00          0.0       197       4.2         25.4   1010.8       87
28/03/2023  15:45:00          0.0       197       7.8         25.5   1010.5       87
28/03/2023  16:00:00          0.0       190      14.1         25.8   1010.8       87
28/03/2023  16:15:00          0.0       192      10.2         25.7   1010.6       89
28/03/2023  16:30:00          0.0       197       9.2         25.4   1010.8       90
28/03/2023  16:45:00          0.0       184       5.6         25.4   1010.8       89
28/03/2023  17:00:00          0.0       179       8.5         25.1   1010.8       89
28/03/2023  17:15:00          0.0       194       4.6         25.1   1010.8       90
28/03/2023  17:30:00          0.0       178       3.9         25.1   1011.0       91
28/03/2023  17:45:00          0.0         -       0.0         25.0   1010.9       91
28/03/2023  18:00:00          0.0         -       0.0         24.9   1010.9       91
28/03/2023  18:15:00          0.0         -       0.0         24.9   1010.9       91
28/03/2023  18:30:00          0.0         -       0.0         24.8   1011.1       92
28/03/2023  18:45:00          0.0         -       0.0         24.6   1011.1       92
28/03/2023  19:00:00          0.0       143       3.5         24.6   1011.5       93
28/03/2023  19:15:00          0.0       116       2.1         24.7   1011.4       93
28/03/2023  19:30:00          0.0       144       1.1         24.5   1011.6       92
28/03/2023  19:45:00          0.0       134       0.7         24.7   1011.9       90
28/03/2023  20:00:00          0.0       138       3.5         24.7   1012.2       90
28/03/2023  20:15:00          0.0       169       4.2         24.8   1012.1       90
28/03/2023  20:30:00          0.0       166       1.1         24.6   1012.5       90
28/03/2023  20:45:00          0.0       157       2.5         24.6   1012.1       90
28/03/2023  21:00:00          0.0       154       3.9         24.4   1012.4       89
28/03/2023  21:15:00          0.0       151       3.5         24.5   1012.4       89
28/03/2023  21:30:00          0.0         -       0.0         24.6   1012.4       89
28/03/2023  21:45:00          0.0       137       3.5         24.6   1012.1       90
28/03/2023  22:00:00          0.0       163       4.2         24.6   1011.9       90
28/03/2023  22:15:00          0.0       153       7.1         24.7   1011.9       92
28/03/2023  22:30:00          0.0       156       3.9         24.3   1011.6       91
28/03/2023  22:45:00          0.0         -       0.0         24.3   1011.6       92
28/03/2023  23:00:00          0.0       185       3.9         24.1   1011.5       91
28/03/2023  23:15:00          0.0         -       0.0         24.2   1011.4       92
28/03/2023  23:30:00          0.0         -       0.0         24.1   1011.4       93
28/03/2023  23:45:00          0.0         -       0.0         24.0   1011.4       94
29/03/2023  00:00:00          0.0         -       0.0         23.8   1011.4       94
29/03/2023  00:15:00          0.0         -       0.0         23.7   1011.4       95
29/03/2023  00:30:00          0.0         -       0.0         23.6   1011.1       95
29/03/2023  00:45:00          0.0         -       0.0         23.8   1011.3       95
29/03/2023  01:00:00          0.0       144       2.5         23.7   1011.0       96
29/03/2023  01:15:00          0.0         -       0.0         23.6   1010.9       97
29/03/2023  01:30:00          0.0         -       0.0         23.7   1010.6       97
29/03/2023  01:45:00          0.0         -       0.0         23.7   1010.4       98
29/03/2023  02:00:00          0.0         -       0.0         23.4   1010.4       97
29/03/2023  02:15:00          0.0         -       0.0         23.2   1010.4       98
29/03/2023  02:30:00          0.0         -       0.0         23.2   1010.4       98
29/03/2023  02:45:00          0.0         -       0.0         23.0   1010.3       98
29/03/2023  03:00:00          0.0       124       1.4         23.0   1010.3       98
29/03/2023  03:15:00          0.0         -       0.0         22.6   1010.0       99
29/03/2023  03:30:00          0.0       125       1.4         22.6   1009.8       99
29/03/2023  03:45:00          0.0       111       1.1         22.7   1009.9       99
29/03/2023  04:00:00          0.0       118       1.8         22.6   1009.9       99
29/03/2023  04:15:00          0.0         -       0.0         22.2   1009.9      100
29/03/2023  04:30:00          0.0         -       0.0         22.1   1009.7      100
29/03/2023  04:45:00          0.0         -       0.0         22.3   1009.7      100
29/03/2023  05:00:00          0.0       105       3.9         22.1   1009.7      100
29/03/2023  05:15:00          0.0       110       2.5         22.1   1009.7      100
29/03/2023  05:30:00          0.0       106       0.7         22.0   1009.7      100
29/03/2023  05:45:00          0.0       101       2.1         22.1   1009.7      100
29/03/2023  06:00:00          0.0         -       0.0         21.9   1009.7      100
29/03/2023  06:15:00          0.0         -       0.0         21.8   1009.9      100
29/03/2023  06:30:00          0.0         -       0.0         22.0   1009.9      100
29/03/2023  06:45:00          0.0         -       0.0         22.3   1009.9      100
29/03/2023  07:00:00          0.0         -       0.0         22.5   1009.9      100
29/03/2023  07:15:00          0.0         -       0.0         23.2   1010.0      100
29/03/2023  07:30:00          0.0         -       0.0         23.5   1010.2      100
29/03/2023  07:45:00          0.0         -       0.0         25.2   1010.4       97
29/03/2023  08:00:00          0.0       126       1.4         27.4   1010.8       88
29/03/2023  08:15:00          0.0       123       3.9         27.7   1011.0       82
29/03/2023  08:30:00          0.0       225       1.8         27.7   1011.3       81
29/03/2023  08:45:00          0.0       221       3.2         27.4   1011.3       81
29/03/2023  09:00:00          0.0       167       2.8         28.0   1011.3       82
29/03/2023  09:15:00          0.0       293       3.2         29.0   1011.3       77
29/03/2023  09:30:00          0.0       275       1.1         30.0   1011.5       75
29/03/2023  09:45:00          0.0       284       2.5         30.8   1011.3       69
29/03/2023  10:00:00          0.0       150       3.5         31.5   1011.3       68
29/03/2023  10:15:00          0.0       173       4.9         31.9   1011.3       65
29/03/2023  10:30:00          0.0       153       1.4         32.3   1011.0       59
29/03/2023  10:45:00          0.0       223      17.3         29.5   1011.0       75
29/03/2023  11:00:00          0.0       209       9.2         29.4   1010.9       77
29/03/2023  11:15:00          0.0       201      12.7         29.2   1010.3       76
29/03/2023  11:30:00          0.0       215      17.6         28.9   1010.5       77
29/03/2023  11:45:00          0.0       208      10.9         29.3   1010.4       77
29/03/2023  12:00:00          0.0       218       9.2         29.5   1010.0       77
29/03/2023  12:15:00          0.0       212      12.3         29.5   1010.0       76
29/03/2023  12:30:00          0.0       230       8.1         29.2   1009.8       78
29/03/2023  12:45:00          0.0       212      10.9         28.6   1009.8       79
29/03/2023  13:00:00          0.0       212       9.5         30.0   1009.5       75
29/03/2023  13:15:00          0.0       201      10.2         29.1   1009.3       78
29/03/2023  13:30:00          0.0       209       9.5         28.1   1009.3       81
29/03/2023  13:45:00          0.0       200      12.3         27.6   1009.3       83
29/03/2023  14:00:00          0.0       206       5.6         27.7   1009.3       83
29/03/2023  14:15:00          0.0       195       6.4         27.8   1009.1       83
29/03/2023  14:30:00          0.0       181       4.9         28.0   1008.9       82
29/03/2023  14:45:00          0.0       154       4.2         27.9   1009.1       80
29/03/2023  15:00:00          0.0       186       7.4         27.8   1009.1       79
29/03/2023  15:15:00          0.0       159       7.1         28.3   1008.8       78
29/03/2023  15:30:00          0.0       161      12.3         27.8   1008.6       79
29/03/2023  15:45:00          0.0       184      12.0         27.2   1008.6       78
29/03/2023  16:00:00          0.0       158      11.6         27.1   1008.6       77
29/03/2023  16:15:00          0.0       163       6.4         27.1   1008.8       76
29/03/2023  16:30:00          0.0       147      15.2         27.4   1008.8       77
29/03/2023  16:45:00          0.0       163      16.9         26.9   1008.8       75
29/03/2023  17:00:00          0.0       164       2.5         27.0   1008.6       76
29/03/2023  17:15:00          0.0       159       8.8         26.4   1008.8       78
29/03/2023  17:30:00          0.0       157       3.5         26.6   1008.6       78
29/03/2023  17:45:00          0.0       154      11.3         26.4   1008.8       79
29/03/2023  18:00:00          0.0       169       5.3         26.1   1008.8       82
29/03/2023  18:15:00          0.0       145       3.5         25.9   1008.7       84
29/03/2023  18:30:00          0.0       145       4.9         26.0   1008.9       85
29/03/2023  18:45:00          0.0       107       0.4         25.7   1008.9       87
29/03/2023  19:00:00          0.0         -       0.0         25.8   1009.1       87
29/03/2023  19:15:00          0.0         -       0.0         25.6   1009.1       89
29/03/2023  19:30:00          0.0       174       2.1         25.1   1009.3       91
29/03/2023  19:45:00          0.0         -       0.0         25.0   1009.5       92
29/03/2023  20:00:00          0.0       088       2.5         24.8   1009.7       92
29/03/2023  20:15:00          0.0         -       0.0         24.6   1009.7       92
29/03/2023  20:30:00          0.0         -       0.0         24.6   1009.9       92
29/03/2023  20:45:00          0.0         -       0.0         24.4   1009.9       93
29/03/2023  21:00:00          0.0       126       1.1         24.4   1010.3       94
29/03/2023  21:15:00          0.0       123       1.1         24.3   1010.3       94
29/03/2023  21:30:00          0.0         -       0.0         24.3   1010.3       94
29/03/2023  21:45:00          0.0       104       3.9         24.3   1009.9       95
29/03/2023  22:00:00          0.0         -       0.0         24.3   1009.7       95
29/03/2023  22:15:00          0.0       113       2.5         24.1   1009.7       96
29/03/2023  22:30:00          0.0       142       0.7         24.2   1009.7       97
29/03/2023  22:45:00          0.0         -       0.0         24.0   1009.7       97
29/03/2023  23:00:00          0.0       265       1.1         24.0   1009.9       98
29/03/2023  23:15:00          0.0       173       1.4         24.0   1009.9       98
29/03/2023  23:30:00          0.0         -       0.0         24.2   1010.2       99
29/03/2023  23:45:00          0.0       113       1.4         23.7   1009.9       99
30/03/2023  00:00:00          0.0         -       0.0         23.7   1009.7       99
30/03/2023  00:15:00          0.0         -       0.0         24.0   1009.7      100
30/03/2023  00:30:00          0.0         -       0.0         23.8   1009.8      100
30/03/2023  00:45:00          0.0       109       3.2         23.8   1009.4      100
30/03/2023  01:00:00          0.0       093       1.4         23.7   1009.4      100
30/03/2023  01:15:00          0.0         -       0.0         23.7   1009.2      100
30/03/2023  01:30:00          0.0         -       0.0         23.7   1009.2      100
30/03/2023  01:45:00          0.0         -       0.0         23.4   1009.2      100
30/03/2023  02:00:00          0.0       074       2.1         23.4   1009.2      100
30/03/2023  02:15:00          0.0         -       0.0         23.5   1009.2      100
30/03/2023  02:30:00          0.0       125       1.8         23.3   1008.9      100
30/03/2023  02:45:00          0.0         -       0.0         23.2   1008.9      100
30/03/2023  03:00:00          0.0       096       0.7         23.4   1008.7      100
30/03/2023  03:15:00          0.0       097       1.8         23.4   1008.7      100
30/03/2023  03:30:00          0.0         -       0.0         23.5   1008.7      100
30/03/2023  03:45:00          0.0       085       0.4         23.4   1008.7      100
30/03/2023  04:00:00          0.0       233       1.1         23.4   1008.9      100
30/03/2023  04:15:00          0.0         -       0.0         23.5   1008.9      100
30/03/2023  04:30:00          0.0         -       0.0         23.2   1008.9      100
30/03/2023  04:45:00          0.0         -       0.0         23.2   1009.3      100
30/03/2023  05:00:00          0.0         -       0.0         23.4   1009.2      100
30/03/2023  05:15:00          0.0         -       0.0         23.3   1009.5      100
30/03/2023  05:30:00          0.0       092       0.7         23.2   1009.4      100
30/03/2023  05:45:00          0.0       268       1.4         23.4   1009.4      100
30/03/2023  06:00:00          0.0       084       1.8         23.5   1009.4      100
30/03/2023  06:15:00          0.0       314       2.5         23.3   1009.7      100
30/03/2023  06:30:00          0.0       308       2.5         23.8   1009.9      100
30/03/2023  06:45:00          0.0       301       9.5         24.2   1010.4      100
30/03/2023  07:00:00          0.0       312      10.9         24.7   1010.6      100
30/03/2023  07:15:00          0.0       312      10.6         24.9   1011.4      100
30/03/2023  07:30:00          0.0       312      20.1         24.9   1011.4      100
30/03/2023  07:45:00          0.0       290      12.7         25.2   1011.6      100
30/03/2023  08:00:00          0.0       263      10.9         24.9   1011.9       97
30/03/2023  08:15:00          0.0       289       9.9         25.2   1011.9       97
30/03/2023  08:30:00          0.0       265      11.3         25.7   1011.6       95
30/03/2023  08:45:00          0.0       288      12.7         25.8   1011.6       89
30/03/2023  09:00:00          0.0       233       6.7         26.2   1011.6       89
30/03/2023  09:15:00          0.0       246      13.8         26.4   1011.7       89
30/03/2023  09:30:00          0.0       276       6.7         26.9   1011.7       89
30/03/2023  09:45:00          0.0       253      13.4         27.4   1011.5       88
30/03/2023  10:00:00          0.0       241       7.4         27.4   1011.3       88
30/03/2023  10:15:00          0.0       236       3.5         27.7   1011.0       85
30/03/2023  10:30:00          0.0       222       4.2         27.5   1010.8       85
30/03/2023  10:45:00          0.0       227       6.7         27.8   1010.8       84
30/03/2023  11:00:00          0.0       228       5.6         27.7   1010.2       85
30/03/2023  11:15:00          0.0       222       5.3         27.3   1010.3       88
30/03/2023  11:30:00          0.0       220       4.2         27.3   1010.0       88
30/03/2023  11:45:00          0.0       214       3.9         28.7   1009.8       86
30/03/2023  12:00:00          0.0       223       2.8         29.4   1009.3       83
30/03/2023  12:15:00          0.0       212       9.5         29.3   1009.1       83
30/03/2023  12:30:00          0.0       213      10.6         29.6   1009.1       82
30/03/2023  12:45:00          0.0       214      13.4         28.5   1008.8       84
30/03/2023  13:00:00          0.0       208      16.9         27.9   1008.6       87
30/03/2023  13:15:00          0.0       194      12.3         28.0   1008.6       85
30/03/2023  13:30:00          0.0       210      14.8         28.6   1008.3       83
30/03/2023  13:45:00          0.0       210      19.4         28.8   1007.8       83
30/03/2023  14:00:00          0.0       194      13.1         28.1   1008.1       85
30/03/2023  14:15:00          0.0       214      19.1         27.5   1008.1       87
30/03/2023  14:30:00          0.0       196      23.3         27.7   1007.8       86
30/03/2023  14:45:00          0.0       204      20.8         27.9   1007.6       83
30/03/2023  15:00:00          0.0       195      25.4         28.0   1007.6       84
30/03/2023  15:15:00          0.0       189       8.8         28.0   1007.6       85
30/03/2023  15:30:00          0.0       185       9.2         29.1   1007.5       82
30/03/2023  15:45:00          0.0       192       6.4         29.2   1007.3       82
30/03/2023  16:00:00          0.0       173       4.6         27.9   1007.3       84
30/03/2023  16:15:00          0.0       163       6.7         26.9   1007.1       86
30/03/2023  16:30:00          0.0       165       4.2         26.9   1006.9       88
30/03/2023  16:45:00          0.0       156      10.9         26.4   1007.5       91
30/03/2023  17:00:00          0.0       147       8.1         26.2   1007.6       91
30/03/2023  17:15:00          0.0       175       6.7         25.9   1007.8       90
30/03/2023  17:30:00          0.0       173      12.7         25.7   1007.6       90
30/03/2023  17:45:00          0.0       166      10.2         25.8   1008.1       89
30/03/2023  18:00:00          0.0       200       0.7         25.7   1008.4       89
30/03/2023  18:15:00          0.0       224      18.0         25.9   1008.8       92
30/03/2023  18:30:00          0.0       207      12.3         25.1   1009.4       97
30/03/2023  18:45:00          0.0       205      13.4         25.2   1009.3       98
30/03/2023  19:00:00          0.0       231      13.1         25.0   1009.1       98
30/03/2023  19:15:00          0.2       228       7.4         24.9   1008.9      100
30/03/2023  19:30:00          0.6         -       0.0         24.7   1008.7      100
30/03/2023  19:45:00          0.6       114       2.8         24.6   1008.8      100
30/03/2023  20:00:00          0.6       101       1.8         24.5   1009.7      100
30/03/2023  20:15:00          0.4       086       6.7         24.7   1009.9      100
30/03/2023  20:30:00          0.2       082       4.2         24.4   1009.7      100
30/03/2023  20:45:00          0.0       208       2.8         23.9   1010.0      100
30/03/2023  21:00:00          0.0       234       6.0         22.9   1010.2      100
30/03/2023  21:15:00          0.2       250      10.6         22.5   1010.9      100
30/03/2023  21:30:00          0.0       085       6.0         22.3   1010.9      100
30/03/2023  21:45:00          0.2       097       6.4         22.3   1010.6      100
30/03/2023  22:00:00          0.4       086       7.1         22.4   1010.4      100
30/03/2023  22:15:00          0.0       117       5.3         22.4   1010.0      100
30/03/2023  22:30:00          0.0       231       7.4         22.3   1010.4      100
30/03/2023  22:45:00          0.0       087       4.9         22.5   1010.2      100
30/03/2023  23:00:00          0.0       068       4.6         22.4   1010.2      100
30/03/2023  23:15:00          0.0       080       4.6         22.5   1009.9      100
30/03/2023  23:30:00          0.0       081      10.9         22.1   1009.7      100
30/03/2023  23:45:00          0.0       088       3.2         22.0   1009.4      100
31/03/2023  00:00:00          0.0       084       4.9         22.0   1009.4      100
31/03/2023  00:15:00          0.2       081       1.8         22.0   1009.3      100
31/03/2023  00:30:00          0.0       079       5.6         21.7   1008.9      100
31/03/2023  00:45:00          0.0       089       8.5         21.8   1008.7      100
31/03/2023  01:00:00          0.0       081       3.5         21.9   1008.8      100
31/03/2023  01:15:00          0.0       116       6.0         21.6   1008.4      100
31/03/2023  01:30:00          0.0       090       6.7         21.6   1007.8      100
31/03/2023  01:45:00          0.0       096       7.4         21.7   1007.8      100
31/03/2023  02:00:00          0.0       097      10.6         21.8   1007.7      100
31/03/2023  02:15:00          0.0       095       5.6         21.8   1007.5      100
31/03/2023  02:30:00          0.0       118       2.8         21.8   1007.2      100
31/03/2023  02:45:00          0.0       086       1.4         21.7   1007.2      100
31/03/2023  03:00:00          0.0       090       6.0         21.5   1006.7      100
31/03/2023  03:15:00          0.0       106       4.6         21.9   1006.5      100
31/03/2023  03:30:00          0.0       088       7.1         22.0   1006.5       99
31/03/2023  03:45:00          0.0       093       6.0         22.1   1006.5       98
31/03/2023  04:00:00          0.0       087       3.5         22.2   1006.9       97
31/03/2023  04:15:00          0.0       091       4.9         22.3   1006.7       96
31/03/2023  04:30:00          0.0       094       6.4         22.1   1007.0       95
31/03/2023  04:45:00          0.0       095       3.2         22.3   1007.2       95
31/03/2023  05:00:00          0.0       089       4.2         22.0   1007.2       95
31/03/2023  05:15:00          0.0       092       3.2         22.0   1007.5       96
31/03/2023  05:30:00          0.0       102       7.1         21.9   1007.5       96
31/03/2023  05:45:00          0.0       095       3.5         21.8   1007.5       96
31/03/2023  06:00:00          0.0       234       3.9         21.7   1007.7       97
31/03/2023  06:15:00          0.0       184       3.2         21.8   1007.7       98
31/03/2023  06:30:00          0.0       184       8.5         21.9   1008.0       98
31/03/2023  06:45:00          0.0       141       8.1         22.8   1008.1       96
31/03/2023  07:00:00          0.0       139       3.9         24.0   1008.3       93
31/03/2023  07:15:00          0.0       118       4.2         25.0   1008.2       89
31/03/2023  07:30:00          0.0       115       7.8         26.0   1008.4       86
31/03/2023  07:45:00          0.0       128       1.8         27.0   1008.6       84
31/03/2023  08:00:00          0.0       141       3.5         27.4   1008.8       81
31/03/2023  08:15:00          0.0       124       3.2         28.0   1009.1       78
31/03/2023  08:30:00          0.0       126       2.5         28.9   1008.8       75
31/03/2023  08:45:00          0.0       121       7.4         28.8   1009.1       73
31/03/2023  09:00:00          0.0       133       4.9         28.7   1009.1       75
31/03/2023  09:15:00          0.0       140      12.0         30.0   1009.3       71
31/03/2023  09:30:00          0.0       124       9.9         30.3   1009.3       68
31/03/2023  09:45:00          0.0       120       4.6         31.1   1009.3       68
31/03/2023  10:00:00          0.0       129       3.2         31.5   1009.3       65
31/03/2023  10:15:00          0.0       134       5.6         32.4   1009.4       62
31/03/2023  10:30:00          0.0       125       6.7         32.8   1009.1       59
31/03/2023  10:45:00          0.0       127       2.8         33.5   1009.3       58
31/03/2023  11:00:00          0.0       143       2.5         33.4   1009.2       57
31/03/2023  11:15:00          0.0         -       0.0         34.1   1009.1       55
31/03/2023  11:30:00          0.0       145       6.0         34.2   1008.8       51
31/03/2023  11:45:00          0.0       234       9.2         31.1   1008.6       66
31/03/2023  12:00:00          0.0       227       9.9         29.4   1008.8       77
31/03/2023  12:15:00          0.0       240      10.9         29.3   1008.8       78
31/03/2023  12:30:00          0.0       224       7.8         29.3   1008.6       79
31/03/2023  12:45:00          0.0       241       7.4         29.5   1008.6       79
31/03/2023  13:00:00          0.0       257      12.3         29.8   1008.3       78
31/03/2023  13:15:00          0.0       243      18.7         29.4   1008.3       78
31/03/2023  13:30:00          0.0       247      13.8         28.8   1008.1       80
31/03/2023  13:45:00          0.0       246      13.4         28.7   1007.8       81
31/03/2023  14:00:00          0.0       244      10.9         28.5   1007.8       81
31/03/2023  14:15:00          0.0       246      12.0         28.7   1007.3       82
31/03/2023  14:30:00          0.0       246       9.5         28.9   1007.1       81
31/03/2023  14:45:00          0.0       238       3.9         28.9   1007.0       80
31/03/2023  15:00:00          0.0       237       6.0         28.4   1007.1       80
31/03/2023  15:15:00          0.0       225       7.8         28.7   1006.9       81
31/03/2023  15:30:00          0.0       241       9.9         28.3   1007.2       83
31/03/2023  15:45:00          0.0       248      14.5         28.0   1007.5       83
31/03/2023  16:00:00          0.0       240      10.9         27.9   1007.3       85
31/03/2023  16:15:00          0.0       237      10.9         26.5   1007.6       89
31/03/2023  16:30:00          0.0       233      12.3         26.2   1007.3       90
31/03/2023  16:45:00          0.0       249      18.0         26.1   1007.3       91
31/03/2023  17:00:00          0.0       234       7.4         26.8   1007.8       89
31/03/2023  17:15:00          0.0       240      12.7         26.1   1007.5       90
31/03/2023  17:30:00          0.0       263       9.9         25.5   1007.3       93
31/03/2023  17:45:00          0.0       268       6.7         25.3   1007.8       94
31/03/2023  18:00:00          0.0       284       5.6         25.1   1008.1       94
31/03/2023  18:15:00          0.0       224      14.8         25.4   1008.3       93
31/03/2023  18:30:00          0.0       230      10.6         25.4   1008.6       92
31/03/2023  18:45:00          0.0       230      15.2         25.7   1008.4       89
31/03/2023  19:00:00          0.0       260      16.2         25.7   1008.8       88
31/03/2023  19:15:00          0.0       262       7.8         25.7   1009.1       87
31/03/2023  19:30:00          0.0       237       7.1         25.8   1009.1       88
31/03/2023  19:45:00          0.0       113       2.1         25.6   1009.3       89
31/03/2023  20:00:00          0.0       118       3.5         25.1   1009.1       89
31/03/2023  20:15:00          0.0       107       9.9         24.8   1008.8       90
31/03/2023  20:30:00          0.0       101       6.4         24.1   1008.7       91
31/03/2023  20:45:00          0.0       116       3.5         23.9   1008.8       92
31/03/2023  21:00:00          0.0         -       0.0         23.8   1008.7       93
31/03/2023  21:15:00          0.0       114       2.1         23.7   1008.7       93
31/03/2023  21:30:00          0.0       110       1.8         23.5   1008.7       93
31/03/2023  21:45:00          0.0       107       1.1         23.4   1008.7       93
31/03/2023  22:00:00          0.0       293       4.6         23.2   1008.9       92
31/03/2023  22:15:00          0.0       101       4.2         23.2   1008.9       92
31/03/2023  22:30:00          0.0       126       4.9         23.0   1008.9       92
31/03/2023  22:45:00          0.0       131       4.6         23.1   1008.9       92
31/03/2023  23:00:00          0.0       109       9.5         22.9   1009.2       92
31/03/2023  23:15:00          0.0       106       3.2         22.9   1009.2       92
31/03/2023  23:30:00          0.0       114       4.2         22.8   1008.9       92
31/03/2023  23:45:00          0.0       122       3.9         22.9   1008.9       92
