operadora,id_validador,latitude,longitude,data,estado_equipamento,primeiro_datetime_gps,ultimo_datetime_gps,qtde_min_entre_a_prim_e_ultima_transmissao,qtde_min_distintos_houve_transmissao,qtde_registros_gps,qtde_registros_gps_georreferenciados,percentual_registros_gps_georreferenciados,percentual_transmissao_a_cada_min
CITY RIO ROTAS TURISTICAS LTDA,B35T020D00202175,-22.83780099,-43.28496573,2026-04-26,FECHADO,2026-04-26 00:00:01.126531,2026-04-26 00:04:01.197523,5,5,5,5,1.0,1.0
CITY RIO ROTAS TURISTICAS LTDA,B35T020D00204935,-22.83649267,-43.28571198,2026-04-26,FECHADO,2026-04-26 00:00:00.126985,2026-04-26 00:04:00.017346,5,5,5,5,1.0,1.0
CITY RIO ROTAS TURISTICAS LTDA,B35T020D00207037,-22.83638493,-43.28571753,2026-04-26,FECHADO,2026-04-26 00:00:13.989783,2026-04-26 00:04:13.625286,5,5,5,5,1.0,1.0
CITY RIO ROTAS TURISTICAS LTDA,B35T020D00201761,-22.83715328,-43.28493642,2026-04-26,FECHADO,2026-04-26 00:00:31.879626,2026-04-26 00:04:32.048613,5,5,5,5,1.0,1.0
CITY RIO ROTAS TURISTICAS LTDA,B35T020D00202807,-22.83671607,-43.28572922,2026-04-26,FECHADO,2026-04-26 00:00:49.664117,2026-04-26 00:04:49.78502,5,5,5,5,1.0,1.0
CITY RIO ROTAS TURISTICAS LTDA,B35T020D00206689,-22.83654179,-43.28573816,2026-04-26,FECHADO,2026-04-26 00:00:30.482733,2026-04-26 00:04:30.498696,5,5,5,5,1.0,1.0
CITY RIO ROTAS TURISTICAS LTDA,B35T020D00207422,-22.83719708,-43.28491886,2026-04-26,FECHADO,2026-04-26 00:00:17.959995,2026-04-26 00:04:17.349271,5,5,5,5,1.0,1.0
CITY RIO ROTAS TURISTICAS LTDA,B35T020D00207902,-22.83688031,-43.28567717,2026-04-26,FECHADO,2026-04-26 00:00:52.282149,2026-04-26 00:04:52.566305,5,5,5,5,1.0,1.0
CITY RIO ROTAS TURISTICAS LTDA,B35T020D00209692,-22.83614973,-43.28570126,2026-04-26,FECHADO,2026-04-26 00:00:04.877373,2026-04-26 00:04:04.53611,5,5,5,5,1.0,1.0
CITY RIO ROTAS TURISTICAS LTDA,B35T020D00201393,-22.83701346,-43.28624849,2026-04-26,FECHADO,2026-04-26 00:00:44.093394,2026-04-26 00:04:44.006306,5,5,5,5,1.0,1.0
CITY RIO ROTAS TURISTICAS LTDA,B4CT020D00400005,-22.83694161,-43.2862194,2026-04-26,FECHADO,2026-04-26 00:00:24.280154,2026-04-26 00:04:24.161088,5,5,5,5,1.0,1.0
CITY RIO ROTAS TURISTICAS LTDA,B35T020D00207063,-22.83724687,-43.28642774,2026-04-26,FECHADO,2026-04-26 00:00:08.187688,2026-04-26 00:04:08.097742,5,5,5,5,1.0,1.0
CITY RIO ROTAS TURISTICAS LTDA,B35T020D00204667,-22.83724229,-43.28626394,2026-04-26,FECHADO,2026-04-26 00:00:30.349994,2026-04-26 00:04:30.238052,5,5,5,5,1.0,1.0
CITY RIO ROTAS TURISTICAS LTDA,B35T020D00204762,-22.83702472,-43.28625504,2026-04-26,FECHADO,2026-04-26 00:00:55.959725,2026-04-26 00:04:56.084589,5,5,5,5,1.0,1.0
CITY RIO ROTAS TURISTICAS LTDA,B35T020D00203645,-22.83738771,-43.28548948,2026-04-26,FECHADO,2026-04-26 00:00:57.286508,2026-04-26 00:04:57.718759,5,5,5,5,1.0,1.0
CITY RIO ROTAS TURISTICAS LTDA,B35T020D00207187,-22.83668248,-43.28589281,2026-04-26,FECHADO,2026-04-26 00:00:05.839686,2026-04-26 00:04:05.815742,5,5,5,5,1.0,1.0
CITY RIO ROTAS TURISTICAS LTDA,B35T020D00208115,-22.83693648,-43.2861112,2026-04-26,FECHADO,2026-04-26 00:00:08.120114,2026-04-26 00:04:07.885898,5,5,5,5,1.0,1.0
CITY RIO ROTAS TURISTICAS LTDA,B35T020D00204758,-22.83650897,-43.28569289,2026-04-26,FECHADO,2026-04-26 00:00:10.312196,2026-04-26 00:04:10.294795,5,5,5,5,1.0,1.0
CITY RIO ROTAS TURISTICAS LTDA,B35T020D00208887,-22.83663783,-43.28577765,2026-04-26,FECHADO,2026-04-26 00:00:20.78542,2026-04-26 00:04:20.784152,5,5,5,5,1.0,1.0
CITY RIO ROTAS TURISTICAS LTDA,B35T020D00205345,-22.83678157,-43.28580499,2026-04-26,FECHADO,2026-04-26 00:00:02.565315,2026-04-26 00:04:02.350692,5,5,5,5,1.0,1.0
CITY RIO ROTAS TURISTICAS LTDA,B35T020D00208886,-22.83647378,-43.28555573,2026-04-26,FECHADO,2026-04-26 00:00:29.202786,2026-04-26 00:04:28.849258,5,5,5,5,1.0,1.0
CITY RIO ROTAS TURISTICAS LTDA,B35T020D00209022,-22.81968339,-43.31735699,2026-04-26,FECHADO,2026-04-26 00:00:21.795344,2026-04-26 00:04:21.448392,5,5,5,5,1.0,1.0
CITY RIO ROTAS TURISTICAS LTDA,B35T020D00202519,-22.8376494,-43.28498299,2026-04-26,FECHADO,2026-04-26 00:00:27.882121,2026-04-26 00:04:27.830116,5,5,5,5,1.0,1.0
CITY RIO ROTAS TURISTICAS LTDA,B35T020D00207061,-22.8364396,-43.28562255,2026-04-26,FECHADO,2026-04-26 00:00:41.672213,2026-04-26 00:04:41.814809,5,5,5,5,1.0,1.0
EMPRESA DE TRANSPORTE BRASO LISBOA LTDA.,B35T020D00203112,-22.86837196,-43.29201758,2026-04-26,FECHADO,2026-04-26 00:00:56.618814,2026-04-26 00:04:56.526082,5,5,5,5,1.0,1.0
EMPRESA DE TRANSPORTE BRASO LISBOA LTDA.,B35T020D00209237,-22.86821315,-43.29093169,2026-04-26,FECHADO,2026-04-26 00:00:38.064571,2026-04-26 00:04:37.642214,5,5,5,5,1.0,1.0
EMPRESA DE TRANSPORTE BRASO LISBOA LTDA.,B35T020D00207930,-22.86800458,-43.29208774,2026-04-26,FECHADO,2026-04-26 00:00:29.869302,2026-04-26 00:04:29.782488,5,5,5,5,1.0,1.0
EMPRESA DE TRANSPORTE BRASO LISBOA LTDA.,B35T020D00208219,-22.86770795,-43.29096263,2026-04-26,FECHADO,2026-04-26 00:00:24.212506,2026-04-26 00:04:23.7194,5,5,5,5,1.0,1.0
EMPRESA DE TRANSPORTE BRASO LISBOA LTDA.,B35T020D00205681,-22.86821025,-43.2918839,2026-04-26,FECHADO,2026-04-26 00:00:40.232116,2026-04-26 00:04:39.783029,5,5,5,5,1.0,1.0
EMPRESA DE TRANSPORTE BRASO LISBOA LTDA.,B35T020D00208170,-22.8682746,-43.2926033,2026-04-26,FECHADO,2026-04-26 00:00:41.689037,2026-04-26 00:04:41.40422,5,5,5,5,1.0,1.0
EMPRESA DE TRANSPORTE BRASO LISBOA LTDA.,B35T020D00207988,-22.86777995,-43.29048027,2026-04-26,FECHADO,2026-04-26 00:00:39.27589,2026-04-26 00:04:38.882254,5,5,5,5,1.0,1.0
EMPRESA DE TRANSPORTE BRASO LISBOA LTDA.,B35T020D00208332,-22.8678213,-43.29145132,2026-04-26,FECHADO,2026-04-26 00:00:32.884908,2026-04-26 00:04:32.399253,5,5,5,5,1.0,1.0
EMPRESA DE TRANSPORTE BRASO LISBOA LTDA.,B35T020D00206924,-22.8680594,-43.29058825,2026-04-26,FECHADO,2026-04-26 00:00:52.86703,2026-04-26 00:04:53.078427,5,5,5,5,1.0,1.0
EMPRESA DE TRANSPORTE BRASO LISBOA LTDA.,B35T020D00207028,-22.86834062,-43.2919311,2026-04-26,FECHADO,2026-04-26 00:00:37.082429,2026-04-26 00:04:36.842129,5,5,5,5,1.0,1.0
EMPRESA DE TRANSPORTE BRASO LISBOA LTDA.,B35T020D00208336,-22.86763873,-43.29098973,2026-04-26,FECHADO,2026-04-26 00:00:13.803448,2026-04-26 00:04:13.626118,5,5,5,5,1.0,1.0
EMPRESA DE TRANSPORTE BRASO LISBOA LTDA.,B35T020D00205460,-22.86800219,-43.29240867,2026-04-26,FECHADO,2026-04-26 00:00:33.019324,2026-04-26 00:04:32.798845,5,5,5,5,1.0,1.0
EMPRESA DE TRANSPORTE BRASO LISBOA LTDA.,B35T020D00207378,-22.86845013,-43.29116426,2026-04-26,FECHADO,2026-04-26 00:00:48.092267,2026-04-26 00:04:48.351838,5,5,5,5,1.0,1.0
EMPRESA DE TRANSPORTE BRASO LISBOA LTDA.,B35T020D00208172,-22.86821589,-43.29304299,2026-04-26,FECHADO,2026-04-26 00:00:42.263838,2026-04-26 00:04:42.113229,5,5,5,5,1.0,1.0
EMPRESA DE TRANSPORTE BRASO LISBOA LTDA.,B35T020D00202534,-22.86831642,-43.29332122,2026-04-26,FECHADO,2026-04-26 00:00:03.789828,2026-04-26 00:04:03.774277,5,5,5,5,1.0,1.0
EMPRESA DE TRANSPORTE BRASO LISBOA LTDA.,B35T020D00206113,-22.86799594,-43.29211106,2026-04-26,FECHADO,2026-04-26 00:00:53.144552,2026-04-26 00:04:53.106142,5,5,5,5,1.0,1.0
EMPRESA DE TRANSPORTE BRASO LISBOA LTDA.,B35T020D00202538,-22.86842624,-43.29106659,2026-04-26,FECHADO,2026-04-26 00:00:16.129143,2026-04-26 00:04:15.542871,5,5,5,5,1.0,1.0
EMPRESA DE TRANSPORTE BRASO LISBOA LTDA.,B35T020D00207650,-22.86824742,-43.29266947,2026-04-26,FECHADO,2026-04-26 00:00:19.561182,2026-04-26 00:04:18.982158,5,5,5,5,1.0,1.0
EMPRESA DE TRANSPORTE BRASO LISBOA LTDA.,B35T020D00208278,-22.86779573,-43.29059171,2026-04-26,FECHADO,2026-04-26 00:00:08.835225,2026-04-26 00:04:08.701403,5,5,5,5,1.0,1.0
EMPRESA DE TRANSPORTE BRASO LISBOA LTDA.,B35T020D00208097,-22.8685398,-43.29133294,2026-04-26,FECHADO,2026-04-26 00:00:10.992222,2026-04-26 00:04:10.886779,5,5,5,5,1.0,1.0
EMPRESA DE TRANSPORTE BRASO LISBOA LTDA.,B35T020D00206450,-22.86774418,-43.29139866,2026-04-26,FECHADO,2026-04-26 00:00:48.790084,2026-04-26 00:04:49.05348,5,5,5,5,1.0,1.0
EMPRESA DE TRANSPORTE BRASO LISBOA LTDA.,B35T020D00201377,-22.86800136,-43.29051383,2026-04-26,FECHADO,2026-04-26 00:00:19.437851,2026-04-26 00:04:18.895623,5,5,5,5,1.0,1.0
EMPRESA DE TRANSPORTE BRASO LISBOA LTDA.,B35T020D00208335,-22.8684235,-43.2921426,2026-04-26,FECHADO,2026-04-26 00:00:15.737956,2026-04-26 00:04:15.376712,5,5,5,5,1.0,1.0
EMPRESA DE TRANSPORTE BRASO LISBOA LTDA.,B35T020D00201548,-22.86835573,-43.29263684,2026-04-26,FECHADO,2026-04-26 00:00:02.01274,2026-04-26 00:04:02.268207,5,5,5,5,1.0,1.0
EMPRESA DE TRANSPORTE BRASO LISBOA LTDA.,B35T020D00208094,-22.86844044,-43.2911951,2026-04-26,FECHADO,2026-04-26 00:00:16.048,2026-04-26 00:04:15.463081,5,5,5,5,1.0,1.0
EMPRESA DE TRANSPORTE BRASO LISBOA LTDA.,B35T020D00208280,-22.8685667,-43.29275011,2026-04-26,FECHADO,2026-04-26 00:00:25.331189,2026-04-26 00:04:24.972113,5,5,5,5,1.0,1.0
EMPRESA DE TRANSPORTE BRASO LISBOA LTDA.,B35T020D00206948,-22.86839351,-43.29283757,2026-04-26,FECHADO,2026-04-26 00:00:44.949401,2026-04-26 00:04:45.167,5,5,5,5,1.0,1.0
EMPRESA DE TRANSPORTE BRASO LISBOA LTDA.,B35T020D00207538,-22.86801628,-43.29218761,2026-04-26,FECHADO,2026-04-26 00:00:56.866542,2026-04-26 00:04:56.753535,5,5,5,5,1.0,1.0
EMPRESA DE TRANSPORTE BRASO LISBOA LTDA.,B35T020D00200968,-22.86836562,-43.29334049,2026-04-26,FECHADO,2026-04-26 00:00:51.357257,2026-04-26 00:04:51.447525,5,5,5,5,1.0,1.0
EMPRESA DE TRANSPORTE BRASO LISBOA LTDA.,B35T020D00210052,-22.86856215,-43.29282403,2026-04-26,FECHADO,2026-04-26 00:00:20.408393,2026-04-26 00:04:19.931091,5,5,5,5,1.0,1.0
EMPRESA DE TRANSPORTE BRASO LISBOA LTDA.,B35T020D00206367,-22.86804878,-43.29185577,2026-04-26,FECHADO,2026-04-26 00:00:35.236949,2026-04-26 00:04:34.572078,5,5,5,5,1.0,1.0
EMPRESA DE TRANSPORTE BRASO LISBOA LTDA.,B35T020D00206534,-22.86842882,-43.29221315,2026-04-26,FECHADO,2026-04-26 00:00:26.84003,2026-04-26 00:04:26.461915,5,5,5,5,1.0,1.0
EMPRESA DE TRANSPORTE BRASO LISBOA LTDA.,B35T020D00207652,-22.86799878,-43.29048632,2026-04-26,FECHADO,2026-04-26 00:00:38.158501,2026-04-26 00:04:37.9316,5,5,5,5,1.0,1.0
EMPRESA DE TRANSPORTE BRASO LISBOA LTDA.,B35T020D00208183,-22.86842912,-43.29129751,2026-04-26,FECHADO,2026-04-26 00:00:13.591039,2026-04-26 00:04:13.205197,5,5,5,5,1.0,1.0
EMPRESA DE TRANSPORTE BRASO LISBOA LTDA.,B35T020D00203113,-22.86820011,-43.29273973,2026-04-26,FECHADO,2026-04-26 00:00:33.071121,2026-04-26 00:04:32.627286,5,5,5,5,1.0,1.0
EMPRESA DE TRANSPORTE BRASO LISBOA LTDA.,B35T020D00205137,-22.86788219,-43.29113015,2026-04-26,FECHADO,2026-04-26 00:00:40.160852,2026-04-26 00:04:40.011383,5,5,5,5,1.0,1.0
EMPRESA DE TRANSPORTE BRASO LISBOA LTDA.,B35T020D00207506,-22.86788509,-43.29054013,2026-04-26,FECHADO,2026-04-26 00:00:31.795113,2026-04-26 00:04:31.324244,5,5,5,5,1.0,1.0
EMPRESA DE TRANSPORTE BRASO LISBOA LTDA.,B35T020D00206884,-22.86803638,-43.29246048,2026-04-26,FECHADO,2026-04-26 00:00:35.935332,2026-04-26 00:04:35.766689,5,5,5,5,1.0,1.0
EMPRESA DE TRANSPORTE BRASO LISBOA LTDA.,B35T020D00201378,-22.86825407,-43.29196306,2026-04-26,FECHADO,2026-04-26 00:00:15.116302,2026-04-26 00:04:14.779775,5,5,5,5,1.0,1.0
EMPRESA DE TRANSPORTE BRASO LISBOA LTDA.,B35T020D00208702,-22.868017,-43.29049103,2026-04-26,FECHADO,2026-04-26 00:00:28.006975,2026-04-26 00:04:27.472426,5,5,5,5,1.0,1.0
EMPRESA DE TRANSPORTE BRASO LISBOA LTDA.,B35T020D00202535,-22.86838954,-43.29160397,2026-04-26,FECHADO,2026-04-26 00:00:31.058991,2026-04-26 00:04:30.805213,5,5,5,5,1.0,1.0
EMPRESA DE TRANSPORTE BRASO LISBOA LTDA.,B35T020D00202309,-22.86842271,-43.29159504,2026-04-26,FECHADO,2026-04-26 00:00:49.307913,2026-04-26 00:04:49.651778,5,5,5,5,1.0,1.0
EMPRESA DE TRANSPORTE BRASO LISBOA LTDA.,B35T020D00202624,-22.86808276,-43.29234426,2026-04-26,FECHADO,2026-04-26 00:00:43.364584,2026-04-26 00:04:43.295203,5,5,5,5,1.0,1.0
EMPRESA DE TRANSPORTE BRASO LISBOA LTDA.,B35T020D00206923,-22.86830941,-43.29246331,2026-04-26,FECHADO,2026-04-26 00:00:48.666574,2026-04-26 00:04:48.209352,5,5,5,5,1.0,1.0
EMPRESA DE TRANSPORTE BRASO LISBOA LTDA.,B35T020D00210120,-22.86878724,-43.29261609,2026-04-26,FECHADO,2026-04-26 00:00:34.168978,2026-04-26 00:04:34.458764,5,5,5,5,1.0,1.0
EMPRESA DE TRANSPORTE BRASO LISBOA LTDA.,B35T020D00208274,-22.8678084,-43.29142508,2026-04-26,FECHADO,2026-04-26 00:00:42.587366,2026-04-26 00:04:42.284156,5,5,5,5,1.0,1.0
EMPRESA DE TRANSPORTE BRASO LISBOA LTDA.,B35T020D00206433,-22.86845873,-43.29133524,2026-04-26,FECHADO,2026-04-26 00:00:50.999103,2026-04-26 00:04:50.832612,5,5,5,5,1.0,1.0
EMPRESA DE TRANSPORTE BRASO LISBOA LTDA.,B35T020D00207251,-22.86834885,-43.29202778,2026-04-26,FECHADO,2026-04-26 00:00:20.606027,2026-04-26 00:04:20.423562,5,5,5,5,1.0,1.0
EMPRESA DE TRANSPORTE BRASO LISBOA LTDA.,B35T020D00206894,-22.86829987,-43.29201557,2026-04-26,FECHADO,2026-04-26 00:00:58.831222,2026-04-26 00:04:58.81663,5,5,5,5,1.0,1.0
EMPRESA DE TRANSPORTE BRASO LISBOA LTDA.,B35T020D00206431,-22.86826834,-43.29167844,2026-04-26,FECHADO,2026-04-26 00:00:44.152512,2026-04-26 00:04:44.281946,5,5,5,5,1.0,1.0
EMPRESA DE TRANSPORTE BRASO LISBOA LTDA.,B35T020D00203109,-22.868258,-43.29253506,2026-04-26,FECHADO,2026-04-26 00:00:18.901255,2026-04-26 00:04:18.828444,5,5,5,5,1.0,1.0
EMPRESA DE TRANSPORTE BRASO LISBOA LTDA.,B35T020D00206449,-22.86840599,-43.29116136,2026-04-26,FECHADO,2026-04-26 00:00:45.020015,2026-04-26 00:04:45.054737,5,5,5,5,1.0,1.0
EMPRESA DE TRANSPORTE BRASO LISBOA LTDA.,B35T020D00210510,-22.86806237,-43.29247323,2026-04-26,FECHADO,2026-04-26 00:00:53.344563,2026-04-26 00:04:53.945493,5,5,5,5,1.0,1.0
EMPRESA DE TRANSPORTE BRASO LISBOA LTDA.,B35T020D00206364,-22.868552,-43.29269361,2026-04-26,FECHADO,2026-04-26 00:00:04.762959,2026-04-26 00:04:04.509336,5,5,5,5,1.0,1.0
EMPRESA DE TRANSPORTE BRASO LISBOA LTDA.,B35T020D00207066,-22.86872677,-43.29144934,2026-04-26,FECHADO,2026-04-26 00:00:00.705757,2026-04-26 00:04:00.9122,5,5,5,5,1.0,1.0
EMPRESA DE TRANSPORTE BRASO LISBOA LTDA.,B35T020D00207535,-22.86768812,-43.29056931,2026-04-26,FECHADO,2026-04-26 00:00:01.480437,2026-04-26 00:04:01.251087,5,5,5,5,1.0,1.0
EMPRESA DE TRANSPORTE BRASO LISBOA LTDA.,B35T020D00206922,-22.86765567,-43.29068598,2026-04-26,FECHADO,2026-04-26 00:00:26.449988,2026-04-26 00:04:26.097406,5,5,5,5,1.0,1.0
EMPRESA DE TRANSPORTE BRASO LISBOA LTDA.,B35T020D00203628,-22.8684918,-43.29264963,2026-04-26,FECHADO,2026-04-26 00:00:22.920666,2026-04-26 00:04:22.610648,5,5,5,5,1.0,1.0
EMPRESA DE TRANSPORTE BRASO LISBOA LTDA.,B35T020D00206451,-22.86784806,-43.29110365,2026-04-26,FECHADO,2026-04-26 00:00:48.2017,2026-04-26 00:04:47.795309,5,5,5,5,1.0,1.0
EMPRESA DE TRANSPORTE BRASO LISBOA LTDA.,B35T020D00208539,-22.86788797,-43.29162086,2026-04-26,FECHADO,2026-04-26 00:00:37.763799,2026-04-26 00:04:37.536839,5,5,5,5,1.0,1.0
EMPRESA DE TRANSPORTE BRASO LISBOA LTDA.,B35T020D00206468,-22.86809018,-43.29057809,2026-04-26,FECHADO,2026-04-26 00:00:15.899459,2026-04-26 00:04:15.758752,5,5,5,5,1.0,1.0
EMPRESA DE TRANSPORTE BRASO LISBOA LTDA.,B35T020D00207411,-22.86766162,-43.29089472,2026-04-26,FECHADO,2026-04-26 00:00:13.821369,2026-04-26 00:04:13.805418,5,5,5,5,1.0,1.0
EMPRESA DE TRANSPORTE BRASO LISBOA LTDA.,B35T020D00209555,-22.86834307,-43.29213642,2026-04-26,FECHADO,2026-04-26 00:00:00.568843,2026-04-26 00:04:00.21216,5,5,5,5,1.0,1.0
EMPRESA DE TRANSPORTE BRASO LISBOA LTDA.,B35T020D00206434,-22.86785173,-43.29172585,2026-04-26,FECHADO,2026-04-26 00:00:17.370096,2026-04-26 00:04:16.929146,5,5,5,5,1.0,1.0
EMPRESA DE TRANSPORTE BRASO LISBOA LTDA.,B35T020D00208281,-22.86786568,-43.29051189,2026-04-26,FECHADO,2026-04-26 00:00:09.404394,2026-04-26 00:04:09.019629,5,5,5,5,1.0,1.0
EMPRESA DE TRANSPORTE BRASO LISBOA LTDA.,B35T020D00204757,-22.86839096,-43.29296653,2026-04-26,FECHADO,2026-04-26 00:00:07.188838,2026-04-26 00:04:07.458537,5,5,5,5,1.0,1.0
EMPRESA DE TRANSPORTE BRASO LISBOA LTDA.,B35T020D00209482,-22.86835117,-43.29336093,2026-04-26,FECHADO,2026-04-26 00:00:37.129674,2026-04-26 00:04:36.960704,5,5,5,5,1.0,1.0
EMPRESA DE TRANSPORTE BRASO LISBOA LTDA.,B35T020D00209010,-22.86783644,-43.29158729,2026-04-26,FECHADO,2026-04-26 00:00:15.148186,2026-04-26 00:04:14.729481,5,5,5,5,1.0,1.0
EMPRESA DE TRANSPORTE BRASO LISBOA LTDA.,B35T020D00208297,-22.86856013,-43.29288939,2026-04-26,FECHADO,2026-04-26 00:00:05.411244,2026-04-26 00:04:05.064195,5,5,5,5,1.0,1.0
EMPRESA DE TRANSPORTE BRASO LISBOA LTDA.,B35T020D00207635,-22.86824372,-43.29146408,2026-04-26,FECHADO,2026-04-26 00:00:05.478297,2026-04-26 00:04:05.084067,5,5,5,5,1.0,1.0
EMPRESA DE TRANSPORTE BRASO LISBOA LTDA.,B35T020D00203701,-22.86822377,-43.29305046,2026-04-26,FECHADO,2026-04-26 00:00:37.849103,2026-04-26 00:04:37.55612,5,5,5,5,1.0,1.0
EMPRESA DE TRANSPORTE BRASO LISBOA LTDA.,B35T020D00206636,-22.86793493,-43.29209548,2026-04-26,FECHADO,2026-04-26 00:00:17.200851,2026-04-26 00:04:16.785838,5,5,5,5,1.0,1.0
EMPRESA DE TRANSPORTE BRASO LISBOA LTDA.,B35T020D00208323,-22.86838523,-43.29260223,2026-04-26,FECHADO,2026-04-26 00:00:18.802753,2026-04-26 00:04:18.659753,5,5,5,5,1.0,1.0
EMPRESA DE TRANSPORTE BRASO LISBOA LTDA.,B35T020D00208333,-22.86834997,-43.2909513,2026-04-26,FECHADO,2026-04-26 00:00:36.865499,2026-04-26 00:04:37.049747,5,5,5,5,1.0,1.0
EMPRESA DE TRANSPORTE BRASO LISBOA LTDA.,B35T020D00207557,-22.86822557,-43.29249515,2026-04-26,FECHADO,2026-04-26 00:00:25.552874,2026-04-26 00:04:25.544664,5,5,5,5,1.0,1.0
EMPRESA DE TRANSPORTE BRASO LISBOA LTDA.,B35T020D00209015,-22.86832911,-43.29090779,2026-04-26,FECHADO,2026-04-26 00:00:07.139542,2026-04-26 00:04:06.570053,5,5,5,5,1.0,1.0
EMPRESA DE TRANSPORTE BRASO LISBOA LTDA.,B35T020D00207932,-22.86764596,-43.29076437,2026-04-26,FECHADO,2026-04-26 00:00:19.228266,2026-04-26 00:04:18.815879,5,5,5,5,1.0,1.0
EMPRESA DE TRANSPORTE BRASO LISBOA LTDA.,B35T020D00208093,-22.86820362,-43.29303108,2026-04-26,FECHADO,2026-04-26 00:00:39.149246,2026-04-26 00:04:38.790263,5,5,5,5,1.0,1.0
EMPRESA DE TRANSPORTE BRASO LISBOA LTDA.,B35T020D00200747,-22.86823999,-43.29148622,2026-04-26,FECHADO,2026-04-26 00:01:45.132389,2026-04-26 00:04:44.762983,4,4,4,4,1.0,1.0
EMPRESA DE TRANSPORTE BRASO LISBOA LTDA.,B35T020D00208221,-22.86828227,-43.2915163,2026-04-26,FECHADO,2026-04-26 00:00:22.962932,2026-04-26 00:04:22.547962,5,5,5,5,1.0,1.0
EMPRESA DE TRANSPORTE BRASO LISBOA LTDA.,B35T020D00210125,-22.86818832,-43.29311655,2026-04-26,FECHADO,2026-04-26 00:00:57.737773,2026-04-26 00:04:57.685266,5,5,5,5,1.0,1.0
EMPRESA DE TRANSPORTE BRASO LISBOA LTDA.,B35T020D00206892,-22.86784768,-43.29044185,2026-04-26,FECHADO,2026-04-26 00:00:23.831975,2026-04-26 00:04:23.891802,5,5,5,5,1.0,1.0
EMPRESA DE TRANSPORTE BRASO LISBOA LTDA.,B35T020D00206453,-22.86817373,-43.29056274,2026-04-26,FECHADO,2026-04-26 00:00:00.363143,2026-04-26 00:04:00.314231,5,5,5,5,1.0,1.0
EMPRESA DE TRANSPORTE BRASO LISBOA LTDA.,B35T020D00207949,-22.86808259,-43.29164375,2026-04-26,FECHADO,2026-04-26 00:00:05.734837,2026-04-26 00:04:05.299943,5,5,5,5,1.0,1.0
EMPRESA DE TRANSPORTE BRASO LISBOA LTDA.,B35T020D00204248,-22.86874103,-43.29283453,2026-04-26,FECHADO,2026-04-26 00:00:32.899128,2026-04-26 00:04:32.444558,5,5,5,5,1.0,1.0
EMPRESA DE TRANSPORTE BRASO LISBOA LTDA.,B35T020D00207122,-22.86812839,-43.29266077,2026-04-26,FECHADO,2026-04-26 00:00:08.569451,2026-04-26 00:04:08.066347,5,5,5,5,1.0,1.0
EMPRESA DE TRANSPORTE BRASO LISBOA LTDA.,B35T020D00206470,-22.86826244,-43.29338483,2026-04-26,FECHADO,2026-04-26 00:00:20.77022,2026-04-26 00:04:20.586225,5,5,5,5,1.0,1.0
EMPRESA DE TRANSPORTE BRASO LISBOA LTDA.,B35T020D00208283,-22.86772558,-43.29099031,2026-04-26,FECHADO,2026-04-26 00:00:39.372862,2026-04-26 00:04:39.29669,5,5,5,5,1.0,1.0
EMPRESA DE TRANSPORTE BRASO LISBOA LTDA.,B35T020D00208187,-22.86792791,-43.29036762,2026-04-26,FECHADO,2026-04-26 00:00:43.820582,2026-04-26 00:04:43.953475,5,5,5,5,1.0,1.0
EMPRESA DE TRANSPORTE BRASO LISBOA LTDA.,B35T020D00208325,-22.86801133,-43.29057502,2026-04-26,FECHADO,2026-04-26 00:00:41.575283,2026-04-26 00:04:40.969443,5,5,5,5,1.0,1.0
EMPRESA DE TRANSPORTE BRASO LISBOA LTDA.,B35T020D00208334,-22.86800361,-43.29053136,2026-04-26,FECHADO,2026-04-26 00:00:08.549281,2026-04-26 00:04:08.231365,5,5,5,5,1.0,1.0
EMPRESA DE TRANSPORTE BRASO LISBOA LTDA.,B35T020D00205677,-22.86770236,-43.29092651,2026-04-26,FECHADO,2026-04-26 00:00:00.80989,2026-04-26 00:04:00.395035,5,5,5,5,1.0,1.0
EMPRESA DE TRANSPORTE BRASO LISBOA LTDA.,B35T020D00210439,-22.86788344,-43.29041904,2026-04-26,FECHADO,2026-04-26 00:00:30.88744,2026-04-26 00:04:30.780289,5,5,5,5,1.0,1.0
EMPRESA DE TRANSPORTE BRASO LISBOA LTDA.,B35T020D00207507,-22.86871991,-43.29150782,2026-04-26,FECHADO,2026-04-26 00:00:52.193474,2026-04-26 00:04:52.111275,5,5,5,5,1.0,1.0
EMPRESA DE TRANSPORTE BRASO LISBOA LTDA.,B35T020D00208324,-22.86833459,-43.29338165,2026-04-26,FECHADO,2026-04-26 00:00:00.431685,2026-04-26 00:04:59.932584,5,5,6,6,1.0,1.0
EMPRESA DE TRANSPORTE BRASO LISBOA LTDA.,B35T020D00205461,-22.86867459,-43.29258719,2026-04-26,FECHADO,2026-04-26 00:00:09.450048,2026-04-26 00:04:09.698217,5,5,5,5,1.0,1.0
EMPRESA DE TRANSPORTE BRASO LISBOA LTDA.,B35T020D00208282,-22.86819426,-43.29313897,2026-04-26,FECHADO,2026-04-26 00:00:03.544404,2026-04-26 00:04:03.244961,5,5,5,5,1.0,1.0
EMPRESA DE TRANSPORTE BRASO LISBOA LTDA.,B35T020D00201374,-22.86789371,-43.29172856,2026-04-26,FECHADO,2026-04-26 00:00:11.287853,2026-04-26 00:04:11.054246,5,5,5,5,1.0,1.0
EMPRESA DE TRANSPORTE BRASO LISBOA LTDA.,B35T020D00209481,-22.86756539,-43.29077277,2026-04-26,FECHADO,2026-04-26 00:00:50.656267,2026-04-26 00:04:50.942389,5,5,5,5,1.0,1.0
EMPRESA DE TRANSPORTE BRASO LISBOA LTDA.,B35T020D00206467,-22.86822931,-43.29296298,2026-04-26,FECHADO,2026-04-26 00:00:05.674092,2026-04-26 00:04:05.350576,5,5,5,5,1.0,1.0
EMPRESA DE TRANSPORTE BRASO LISBOA LTDA.,B35T020D00208220,-22.8682728,-43.29190361,2026-04-26,FECHADO,2026-04-26 00:00:52.909525,2026-04-26 00:04:53.075963,5,5,5,5,1.0,1.0
EMPRESA DE TRANSPORTE BRASO LISBOA LTDA.,B35T020D00205092,-22.86840688,-43.29297972,2026-04-26,FECHADO,2026-04-26 00:00:05.206099,2026-04-26 00:04:05.152868,5,5,5,5,1.0,1.0
EMPRESA DE TRANSPORTE BRASO LISBOA LTDA.,B35T020D00210124,-22.86782004,-43.29146201,2026-04-26,FECHADO,2026-04-26 00:00:29.133816,2026-04-26 00:04:24.611137,5,5,5,5,1.0,1.0
EMPRESA DE TRANSPORTE BRASO LISBOA LTDA.,B35T020D00206435,-22.86873585,-43.2923128,2026-04-26,FECHADO,2026-04-26 00:00:22.200916,2026-04-26 00:04:21.841442,5,5,5,5,1.0,1.0
EMPRESA DE TRANSPORTE BRASO LISBOA LTDA.,B35T020D00206448,-22.86870561,-43.29270416,2026-04-26,FECHADO,2026-04-26 00:00:29.177347,2026-04-26 00:04:28.988318,5,5,5,5,1.0,1.0
EMPRESA DE TRANSPORTE BRASO LISBOA LTDA.,B35T020D00206927,-22.86810905,-43.29175434,2026-04-26,FECHADO,2026-04-26 00:00:19.10407,2026-04-26 00:04:18.741815,5,5,5,5,1.0,1.0
EMPRESA DE TRANSPORTE BRASO LISBOA LTDA.,B35T020D00207059,-22.8682463,-43.29224443,2026-04-26,FECHADO,2026-04-26 00:00:24.543898,2026-04-26 00:04:24.211212,5,5,5,5,1.0,1.0
EMPRESA DE TRANSPORTE BRASO LISBOA LTDA.,B35T020D00201553,-22.86816062,-43.29117849,2026-04-26,FECHADO,2026-04-26 00:00:06.861908,2026-04-26 00:04:06.459923,5,5,5,5,1.0,1.0
EMPRESA DE TRANSPORTE BRASO LISBOA LTDA.,B35T020D00208277,-22.8686791,-43.29141124,2026-04-26,FECHADO,2026-04-26 00:00:39.831891,2026-04-26 00:04:39.643497,5,5,5,5,1.0,1.0
EMPRESA DE TRANSPORTE BRASO LISBOA LTDA.,B35T020D00209013,-22.86837908,-43.29221154,2026-04-26,FECHADO,2026-04-26 00:00:18.256912,2026-04-26 00:04:18.068983,5,5,5,5,1.0,1.0
EMPRESA DE TRANSPORTE BRASO LISBOA LTDA.,B35T020D00207934,-22.86833538,-43.29264914,2026-04-26,FECHADO,2026-04-26 00:00:54.116399,2026-04-26 00:04:53.8952,5,5,5,5,1.0,1.0
EMPRESA DE TRANSPORTE BRASO LISBOA LTDA.,B35T020D00207409,-22.86785901,-43.2917833,2026-04-26,FECHADO,2026-04-26 00:00:28.272798,2026-04-26 00:04:28.251963,5,5,5,5,1.0,1.0
EMPRESA DE TRANSPORTE BRASO LISBOA LTDA.,B35T020D00206533,-22.86772996,-43.29064761,2026-04-26,FECHADO,2026-04-26 00:00:02.427229,2026-04-26 00:04:02.094386,5,5,5,5,1.0,1.0
EMPRESA DE TRANSPORTE BRASO LISBOA LTDA.,B35T020D00205794,-22.86848977,-43.29138687,2026-04-26,FECHADO,2026-04-26 00:00:45.498027,2026-04-26 00:04:45.074891,5,5,5,5,1.0,1.0
EMPRESA DE TRANSPORTE BRASO LISBOA LTDA.,B35T020D00206432,-22.86836238,-43.29118332,2026-04-26,FECHADO,2026-04-26 00:00:19.003653,2026-04-26 00:04:18.994394,5,5,5,5,1.0,1.0
EMPRESA DE TRANSPORTE BRASO LISBOA LTDA.,B35T020D00207841,-22.86784463,-43.29152344,2026-04-26,FECHADO,2026-04-26 00:00:31.730286,2026-04-26 00:04:31.746607,5,5,5,5,1.0,1.0
EMPRESA DE TRANSPORTE BRASO LISBOA LTDA.,B35T020D00201622,-22.86873536,-43.29258075,2026-04-26,FECHADO,2026-04-26 00:00:45.883781,2026-04-26 00:04:45.692811,5,5,5,5,1.0,1.0
EMPRESA DE TRANSPORTE BRASO LISBOA LTDA.,B35T020D00208711,-22.86836203,-43.29274202,2026-04-26,FECHADO,2026-04-26 00:00:22.486182,2026-04-26 00:04:22.213556,5,5,5,5,1.0,1.0
EMPRESA DE TRANSPORTE BRASO LISBOA LTDA.,B35T020D00209504,-22.86767143,-43.29091823,2026-04-26,FECHADO,2026-04-26 00:00:49.298011,2026-04-26 00:04:49.250094,5,5,5,5,1.0,1.0
EMPRESA DE TRANSPORTE BRASO LISBOA LTDA.,B35T020D00206690,-22.86823322,-43.29257002,2026-04-26,FECHADO,2026-04-26 00:00:10.11932,2026-04-26 00:04:09.838744,5,5,5,5,1.0,1.0
EMPRESA DE TRANSPORTE BRASO LISBOA LTDA.,B35T020D00207649,-22.86823173,-43.29323549,2026-04-26,FECHADO,2026-04-26 00:00:11.79395,2026-04-26 00:04:11.942033,5,5,5,5,1.0,1.0
EMPRESA DE TRANSPORTE BRASO LISBOA LTDA.,B35T020D00208279,-22.86831354,-43.2919754,2026-04-26,FECHADO,2026-04-26 00:00:23.393292,2026-04-26 00:04:23.498083,5,5,5,5,1.0,1.0
EMPRESA DE TRANSPORTE BRASO LISBOA LTDA.,B35T020D00206969,-22.86782563,-43.29157793,2026-04-26,FECHADO,2026-04-26 00:00:47.031525,2026-04-26 00:04:47.173771,5,5,5,5,1.0,1.0
EMPRESA DE TRANSPORTE BRASO LISBOA LTDA.,B35T020D00206926,-22.86802952,-43.29259097,2026-04-26,FECHADO,2026-04-26 00:00:07.726223,2026-04-26 00:04:07.741078,5,5,5,5,1.0,1.0
EMPRESA DE TRANSPORTE BRASO LISBOA LTDA.,B35T020D00207933,-22.86819001,-43.29304926,2026-04-26,FECHADO,2026-04-26 00:00:16.3957,2026-04-26 00:04:15.865828,5,5,5,5,1.0,1.0
EMPRESA DE TRANSPORTE BRASO LISBOA LTDA.,B35T020D00207539,-22.86838434,-43.29316488,2026-04-26,FECHADO,2026-04-26 00:00:59.358252,2026-04-26 00:04:59.328799,5,5,5,5,1.0,1.0
EMPRESA DE TRANSPORTE BRASO LISBOA LTDA.,B35T020D00207508,-22.86874484,-43.2926416,2026-04-26,FECHADO,2026-04-26 00:00:56.419592,2026-04-26 00:04:56.17491,5,5,5,5,1.0,1.0
EMPRESA DE TRANSPORTE BRASO LISBOA LTDA.,B35T020D00210122,-22.86789537,-43.29157512,2026-04-26,FECHADO,2026-04-26 00:00:55.593745,2026-04-26 00:04:55.67096,5,5,5,5,1.0,1.0
EMPRESA DE TRANSPORTE BRASO LISBOA LTDA.,B35T020D00210443,-22.86828666,-43.29205045,2026-04-26,FECHADO,2026-04-26 00:00:17.877118,2026-04-26 00:04:17.633347,5,5,5,5,1.0,1.0
EMPRESA DE TRANSPORTE BRASO LISBOA LTDA.,B35T020D00202325,-22.86877553,-43.29240332,2026-04-26,FECHADO,2026-04-26 00:00:39.316961,2026-04-26 00:04:39.273008,5,5,5,5,1.0,1.0
EMPRESA DE TRANSPORTE BRASO LISBOA LTDA.,B35T020D00203409,-22.86877479,-43.29268368,2026-04-26,FECHADO,2026-04-26 00:00:58.683186,2026-04-26 00:04:58.670886,5,5,5,5,1.0,1.0
EMPRESA DE TRANSPORTE BRASO LISBOA LTDA.,B35T020D00206539,-22.86820426,-43.29233038,2026-04-26,FECHADO,2026-04-26 00:00:51.497295,2026-04-26 00:04:51.627894,5,5,5,5,1.0,1.0
EMPRESA DE TRANSPORTE BRASO LISBOA LTDA.,B35T020D00208321,-22.86809389,-43.29055897,2026-04-26,FECHADO,2026-04-26 00:00:44.6737,2026-04-26 00:04:44.839474,5,5,5,5,1.0,1.0
EMPRESA DE TRANSPORTE BRASO LISBOA LTDA.,B35T020D00209011,-22.86806988,-43.29195152,2026-04-26,FECHADO,2026-04-26 00:00:23.549724,2026-04-26 00:04:23.209155,5,5,5,5,1.0,1.0
EMPRESA DE TRANSPORTE BRASO LISBOA LTDA.,B35T020D00208092,-22.86835629,-43.29277254,2026-04-26,FECHADO,2026-04-26 00:00:43.203426,2026-04-26 00:04:43.586988,5,5,5,5,1.0,1.0
EMPRESA DE TRANSPORTE BRASO LISBOA LTDA.,B35T020D00203110,-22.86848168,-43.29286777,2026-04-26,FECHADO,2026-04-26 00:00:08.189134,2026-04-26 00:04:07.722333,5,5,5,5,1.0,1.0
EMPRESA DE TRANSPORTE BRASO LISBOA LTDA.,B35T020D00207197,-22.86778074,-43.29102084,2026-04-26,FECHADO,2026-04-26 00:00:35.112558,2026-04-26 00:04:34.548287,5,5,5,5,1.0,1.0
EMPRESA DE TRANSPORTE BRASO LISBOA LTDA.,B35T020D00208698,-22.86831912,-43.29191174,2026-04-26,FECHADO,2026-04-26 00:00:21.663817,2026-04-26 00:04:21.26383,5,5,5,5,1.0,1.0
EMPRESA DE TRANSPORTE BRASO LISBOA LTDA.,B35T020D00208185,-22.86826144,-43.29327263,2026-04-26,FECHADO,2026-04-26 00:00:17.119669,2026-04-26 00:04:16.695212,5,5,5,5,1.0,1.0
EMPRESA DE TRANSPORTE BRASO LISBOA LTDA.,B35T020D00207029,-22.86759483,-43.29084914,2026-04-26,FECHADO,2026-04-26 00:00:36.226847,2026-04-26 00:04:35.631512,5,5,5,5,1.0,1.0
EMPRESA DE TRANSPORTE BRASO LISBOA LTDA.,B35T020D00207935,-22.86833517,-43.29262073,2026-04-26,FECHADO,2026-04-26 00:00:17.811288,2026-04-26 00:04:17.72347,5,5,5,5,1.0,1.0
EMPRESA DE TRANSPORTE BRASO LISBOA LTDA.,B35T020D00208184,-22.86868248,-43.29247108,2026-04-26,FECHADO,2026-04-26 00:00:02.248689,2026-04-26 00:04:02.182544,5,5,5,5,1.0,1.0
EMPRESA DE TRANSPORTE BRASO LISBOA LTDA.,B35T020D00210157,-22.86836492,-43.29204623,2026-04-26,FECHADO,2026-04-26 00:00:11.655642,2026-04-26 00:04:11.275091,5,5,5,5,1.0,1.0
EMPRESA DE TRANSPORTE BRASO LISBOA LTDA.,B35T020D00207198,-22.86870464,-43.29249489,2026-04-26,FECHADO,2026-04-26 00:00:53.694802,2026-04-26 00:04:53.831421,5,5,5,5,1.0,1.0
EMPRESA DE TRANSPORTE BRASO LISBOA LTDA.,B35T020D00210705,-22.86819136,-43.29159724,2026-04-26,FECHADO,2026-04-26 00:00:05.498888,2026-04-26 00:04:04.948741,5,5,5,5,1.0,1.0
EMPRESA DE TRANSPORTE BRASO LISBOA LTDA.,B35T020D00206471,-22.86867318,-43.29269571,2026-04-26,FECHADO,2026-04-26 00:00:59.139228,2026-04-26 00:04:59.094474,5,5,5,5,1.0,1.0
EMPRESA DE TRANSPORTE BRASO LISBOA LTDA.,B35T020D00203225,-22.86787902,-43.29173233,2026-04-26,FECHADO,2026-04-26 00:00:53.702834,2026-04-26 00:04:53.842934,5,5,5,5,1.0,1.0
EMPRESA DE TRANSPORTE BRASO LISBOA LTDA.,B35T020D00207931,-22.86817663,-43.29219723,2026-04-26,FECHADO,2026-04-26 00:00:29.165334,2026-04-26 00:04:28.733085,5,5,5,5,1.0,1.0
EMPRESA DE TRANSPORTE BRASO LISBOA LTDA.,B35T020D00205471,-22.86816339,-43.2929281,2026-04-26,FECHADO,2026-04-26 00:00:32.630326,2026-04-26 00:04:32.294768,5,5,5,5,1.0,1.0
EMPRESA DE TRANSPORTE BRASO LISBOA LTDA.,B35T020D00201376,-22.86849824,-43.29154537,2026-04-26,FECHADO,2026-04-26 00:00:17.300516,2026-04-26 00:04:17.231389,5,5,5,5,1.0,1.0
EMPRESA DE TRANSPORTE BRASO LISBOA LTDA.,B35T020D00208299,-22.86766064,-43.29057673,2026-04-26,FECHADO,2026-04-26 00:00:57.359639,2026-04-26 00:04:57.395086,5,5,5,5,1.0,1.0
EMPRESA DE TRANSPORTE BRASO LISBOA LTDA.,B35T020D00206535,-22.86878296,-43.29257298,2026-04-26,FECHADO,2026-04-26 00:00:50.724895,2026-04-26 00:04:50.615088,5,5,5,5,1.0,1.0
EMPRESA DE TRANSPORTE BRASO LISBOA LTDA.,B35T020D00208273,-22.86830748,-43.29271241,2026-04-26,FECHADO,2026-04-26 00:00:59.518825,2026-04-26 00:04:59.454052,5,5,5,5,1.0,1.0
EMPRESA DE TRANSPORTE BRASO LISBOA LTDA.,B35T020D00201575,-22.86786873,-43.29159075,2026-04-26,FECHADO,2026-04-26 00:00:32.4746,2026-04-26 00:04:32.154794,5,5,5,5,1.0,1.0
EMPRESA DE TRANSPORTE BRASO LISBOA LTDA.,B35T020D00208635,-22.86818023,-43.29218393,2026-04-26,FECHADO,2026-04-26 00:00:33.737831,2026-04-26 00:04:33.255756,5,5,5,5,1.0,1.0
EMPRESA DE TRANSPORTE BRASO LISBOA LTDA.,B35T020D00207509,-22.86803507,-43.29042456,2026-04-26,FECHADO,2026-04-26 00:00:55.58912,2026-04-26 00:04:55.486385,5,5,5,5,1.0,1.0
EMPRESA DE TRANSPORTE BRASO LISBOA LTDA.,B35T020D00207413,-22.86833878,-43.29284339,2026-04-26,FECHADO,2026-04-26 00:00:13.504244,2026-04-26 00:04:13.072521,5,5,5,5,1.0,1.0
EMPRESA DE TRANSPORTE BRASO LISBOA LTDA.,B35T020D00208111,-22.86873606,-43.29253404,2026-04-26,FECHADO,2026-04-26 00:00:19.052721,2026-04-26 00:04:19.021798,5,5,5,5,1.0,1.0
EMPRESA DE TRANSPORTE BRASO LISBOA LTDA.,B35T020D00207381,-22.86784343,-43.29155963,2026-04-26,FECHADO,2026-04-26 00:00:16.078651,2026-04-26 00:04:16.082901,5,5,5,5,1.0,1.0
EMPRESA DE TRANSPORTE BRASO LISBOA LTDA.,B35T020D00204868,-22.86778529,-43.29102366,2026-04-26,FECHADO,2026-04-26 00:00:33.262934,2026-04-26 00:04:33.230069,5,5,5,5,1.0,1.0
EMPRESA DE TRANSPORTE BRASO LISBOA LTDA.,B35T020D00207536,-22.86807706,-43.29226087,2026-04-26,FECHADO,2026-04-26 00:00:53.125306,2026-04-26 00:04:53.135198,5,5,5,5,1.0,1.0
EMPRESA DE TRANSPORTE BRASO LISBOA LTDA.,B35T020D00208320,-22.86804504,-43.29248652,2026-04-26,FECHADO,2026-04-26 00:00:19.227182,2026-04-26 00:04:18.74597,5,5,5,5,1.0,1.0
EMPRESA DE TRANSPORTE BRASO LISBOA LTDA.,B35T020D00208275,-22.86830288,-43.29218891,2026-04-26,FECHADO,2026-04-26 00:00:20.592228,2026-04-26 00:04:20.582176,5,5,5,5,1.0,1.0
EMPRESA DE TRANSPORTE BRASO LISBOA LTDA.,B35T020D00208182,-22.86871108,-43.29278105,2026-04-26,FECHADO,2026-04-26 00:00:13.118877,2026-04-26 00:04:13.28566,5,5,5,5,1.0,1.0
EMPRESA DE TRANSPORTE BRASO LISBOA LTDA.,B35T020D00207505,-22.86784123,-43.29172407,2026-04-26,FECHADO,2026-04-26 00:00:54.827906,2026-04-26 00:04:54.569181,5,5,5,5,1.0,1.0
EMPRESA DE TRANSPORTE BRASO LISBOA LTDA.,B35T020D00208175,-22.86818434,-43.29291904,2026-04-26,FECHADO,2026-04-26 00:00:45.386194,2026-04-26 00:04:45.30691,5,5,5,5,1.0,1.0
EMPRESA DE TRANSPORTE BRASO LISBOA LTDA.,B35T020D00208710,-22.8676392,-43.29076207,2026-04-26,FECHADO,2026-04-26 00:00:03.65424,2026-04-26 00:04:03.330236,5,5,5,5,1.0,1.0
EMPRESA DE TRANSPORTE BRASO LISBOA LTDA.,B35T020D00208173,-22.86851639,-43.29127768,2026-04-26,FECHADO,2026-04-26 00:00:44.533579,2026-04-26 00:04:44.543327,5,5,5,5,1.0,1.0
EMPRESA DE TRANSPORTE BRASO LISBOA LTDA.,B35T020D00210517,-22.86867131,-43.29135584,2026-04-26,FECHADO,2026-04-26 00:00:19.078041,2026-04-26 00:04:18.93373,5,5,5,5,1.0,1.0
EMPRESA DE TRANSPORTE BRASO LISBOA LTDA.,B35T020D00207194,-22.86842177,-43.29315037,2026-04-26,FECHADO,2026-04-26 00:00:04.993139,2026-04-26 00:04:04.919229,5,5,5,5,1.0,1.0
EMPRESA DE TRANSPORTE BRASO LISBOA LTDA.,B35T020D00206465,-22.86869643,-43.29270178,2026-04-26,FECHADO,2026-04-26 00:00:26.014596,2026-04-26 00:04:25.697274,5,5,5,5,1.0,1.0
EMPRESA DE TRANSPORTE BRASO LISBOA LTDA.,B35T020D00207410,-22.86833489,-43.29184213,2026-04-26,FECHADO,2026-04-26 00:00:33.755342,2026-04-26 00:04:33.309107,5,5,5,5,1.0,1.0
EMPRESA DE TRANSPORTE BRASO LISBOA LTDA.,B35T020D00206430,-22.86861733,-43.29283532,2026-04-26,FECHADO,2026-04-26 00:00:43.509987,2026-04-26 00:04:43.69237,5,5,5,5,1.0,1.0
EMPRESA DE TRANSPORTE BRASO LISBOA LTDA.,B35T020D00207412,-22.86808388,-43.29179787,2026-04-26,FECHADO,2026-04-26 00:00:16.656616,2026-04-26 00:04:16.413116,5,5,5,5,1.0,1.0
EMPRESA DE TRANSPORTE BRASO LISBOA LTDA.,B35T020D00202708,-22.86803516,-43.29213776,2026-04-26,FECHADO,2026-04-26 00:00:59.158515,2026-04-26 00:04:59.304159,5,5,5,5,1.0,1.0
EMPRESA DE TRANSPORTE BRASO LISBOA LTDA.,B35T020D00206469,-22.86853028,-43.29338718,2026-04-26,FECHADO,2026-04-26 00:00:33.600684,2026-04-26 00:04:33.240475,5,5,5,5,1.0,1.0
EMPRESA DE TRANSPORTE BRASO LISBOA LTDA.,B35T020D00209691,-22.86835509,-43.2911101,2026-04-26,FECHADO,2026-04-26 00:00:26.714952,2026-04-26 00:04:26.383008,5,5,5,5,1.0,1.0
EMPRESA DE TRANSPORTE BRASO LISBOA LTDA.,B35T020D00208095,-22.86768798,-43.29070788,2026-04-26,FECHADO,2026-04-26 00:00:59.254413,2026-04-26 00:04:59.429721,5,5,5,5,1.0,1.0
EMPRESA DE TRANSPORTE BRASO LISBOA LTDA.,B35T020D00203802,-22.86827393,-43.29331679,2026-04-26,FECHADO,2026-04-26 00:00:31.820764,2026-04-26 00:04:31.199423,5,5,5,5,1.0,1.0
EMPRESA DE TRANSPORTE BRASO LISBOA LTDA.,B35T020D00202536,-22.86830747,-43.29335072,2026-04-26,FECHADO,2026-04-26 00:00:08.273774,2026-04-26 00:04:07.650312,5,5,5,5,1.0,1.0
EMPRESA DE TRANSPORTE BRASO LISBOA LTDA.,B35T020D00208337,-22.86816967,-43.29302035,2026-04-26,FECHADO,2026-04-26 00:00:00.692808,2026-04-26 00:04:00.51931,5,5,5,5,1.0,1.0
EMPRESA DE TRANSPORTE BRASO LISBOA LTDA.,B35T020D00203111,-22.86853416,-43.29291098,2026-04-26,FECHADO,2026-04-26 00:00:30.87103,2026-04-26 00:04:30.8422,5,5,5,5,1.0,1.0
EMPRESA DE TRANSPORTE BRASO LISBOA LTDA.,B35T020D00208171,-22.86841709,-43.29165843,2026-04-26,FECHADO,2026-04-26 00:00:25.65669,2026-04-26 00:04:25.938908,5,5,5,5,1.0,1.0
EMPRESA DE TRANSPORTE BRASO LISBOA LTDA.,B35T020D00207648,-22.86769399,-43.29089133,2026-04-26,FECHADO,2026-04-26 00:00:16.535468,2026-04-26 00:04:16.431356,5,5,5,5,1.0,1.0
EMPRESA DE TRANSPORTE BRASO LISBOA LTDA.,B35T020D00209688,-22.86825246,-43.29173969,2026-04-26,FECHADO,2026-04-26 00:00:19.525317,2026-04-26 00:04:19.406184,5,5,5,5,1.0,1.0
EMPRESA DE TRANSPORTE BRASO LISBOA LTDA.,B35T020D00202533,-22.86823164,-43.29185482,2026-04-26,FECHADO,2026-04-26 00:00:03.164715,2026-04-26 00:04:02.937186,5,5,5,5,1.0,1.0
EMPRESA DE TRANSPORTE BRASO LISBOA LTDA.,B35T020D00208769,-22.88285214,-43.26507881,2026-04-26,FECHADO,2026-04-26 00:00:19.134975,2026-04-26 00:04:19.222857,5,5,5,5,1.0,1.0
EMPRESA DE TRANSPORTE BRASO LISBOA LTDA.,B35T020D00201375,-22.86786267,-43.29119069,2026-04-26,FECHADO,2026-04-26 00:00:49.352014,2026-04-26 00:04:49.382984,5,5,5,5,1.0,1.0
EMPRESA DE TRANSPORTE BRASO LISBOA LTDA.,B35T020D00207408,-22.86805663,-43.29170147,2026-04-26,FECHADO,2026-04-26 00:00:55.865972,2026-04-26 00:04:55.940889,5,5,5,5,1.0,1.0
EMPRESA DE TRANSPORTE BRASO LISBOA LTDA.,B35T020D00207792,-22.86836005,-43.29286136,2026-04-26,FECHADO,2026-04-26 00:00:57.080342,2026-04-26 00:04:57.033678,5,5,5,5,1.0,1.0
EMPRESA DE TRANSPORTE BRASO LISBOA LTDA.,B35T020D00203222,-22.86824836,-43.29256465,2026-04-26,FECHADO,2026-04-26 00:00:48.554035,2026-04-26 00:04:48.362697,5,5,5,5,1.0,1.0
EMPRESA DE TRANSPORTE BRASO LISBOA LTDA.,B35T020D00206466,-22.86837078,-43.29279466,2026-04-26,FECHADO,2026-04-26 00:00:31.654489,2026-04-26 00:04:31.316011,5,5,5,5,1.0,1.0
EMPRESA DE TRANSPORTE BRASO LISBOA LTDA.,B35T020D00207651,-22.86872652,-43.29263666,2026-04-26,FECHADO,2026-04-26 00:00:00.446607,2026-04-26 00:04:00.472689,5,5,5,5,1.0,1.0
EMPRESA DE TRANSPORTE BRASO LISBOA LTDA.,B35T020D00207537,-22.8687668,-43.29154142,2026-04-26,FECHADO,2026-04-26 00:00:41.236023,2026-04-26 00:04:41.069197,5,5,5,5,1.0,1.0
EMPRESA VIACAO IDEAL S.A.,B35T020D00207380,-22.81575771,-43.18784537,2026-04-26,FECHADO,2026-04-26 00:00:49.1685,2026-04-26 00:04:49.167159,5,5,5,5,1.0,1.0
EMPRESA VIACAO IDEAL S.A.,B35T020D00201467,-22.81523747,-43.18818909,2026-04-26,FECHADO,2026-04-26 00:00:46.943519,2026-04-26 00:04:47.094646,5,5,5,5,1.0,1.0
EMPRESA VIACAO IDEAL S.A.,B35T020D00206717,-22.81460932,-43.18883525,2026-04-26,FECHADO,2026-04-26 00:00:52.774675,2026-04-26 00:04:53.049664,5,5,5,5,1.0,1.0
EMPRESA VIACAO IDEAL S.A.,B35T020D00205708,-22.81483978,-43.1888439,2026-04-26,FECHADO,2026-04-26 00:00:46.343322,2026-04-26 00:04:46.463714,5,5,5,5,1.0,1.0
EMPRESA VIACAO IDEAL S.A.,B35T020D00208376,-22.8145164,-43.18878693,2026-04-26,FECHADO,2026-04-26 00:00:19.415841,2026-04-26 00:04:19.055071,5,5,5,5,1.0,1.0
EMPRESA VIACAO IDEAL S.A.,B35T020D00207797,-22.81510135,-43.18834077,2026-04-26,FECHADO,2026-04-26 00:00:56.621996,2026-04-26 00:04:56.606294,5,5,5,5,1.0,1.0
EMPRESA VIACAO IDEAL S.A.,B35T020D00206693,-22.81531911,-43.18851922,2026-04-26,FECHADO,2026-04-26 00:00:50.032959,2026-04-26 00:04:50.229113,5,5,5,5,1.0,1.0
EMPRESA VIACAO IDEAL S.A.,B35T020D00203413,-22.81622643,-43.18816604,2026-04-26,FECHADO,2026-04-26 00:00:09.223263,2026-04-26 00:04:09.173279,5,5,5,5,1.0,1.0
EMPRESA VIACAO IDEAL S.A.,B35T020D00209091,-22.81514073,-43.18875638,2026-04-26,FECHADO,2026-04-26 00:00:45.863094,2026-04-26 00:04:46.104448,5,5,5,5,1.0,1.0
EMPRESA VIACAO IDEAL S.A.,B35T020D00205261,-22.81557603,-43.18797242,2026-04-26,FECHADO,2026-04-26 00:00:13.325643,2026-04-26 00:04:12.867986,5,5,5,5,1.0,1.0
EMPRESA VIACAO IDEAL S.A.,B35T020D00206591,-22.81475954,-43.18866809,2026-04-26,FECHADO,2026-04-26 00:00:02.40838,2026-04-26 00:04:02.004776,5,5,5,5,1.0,1.0
EMPRESA VIACAO IDEAL S.A.,B35T020D00205321,-22.81577097,-43.18802463,2026-04-26,FECHADO,2026-04-26 00:00:02.83731,2026-04-26 00:04:02.568364,5,5,5,5,1.0,1.0
EMPRESA VIACAO IDEAL S.A.,B35T020D00201339,-22.81527219,-43.18860192,2026-04-26,FECHADO,2026-04-26 00:00:58.832653,2026-04-26 00:04:59.469519,5,5,5,5,1.0,1.0
EMPRESA VIACAO IDEAL S.A.,B35T020D00210183,-22.81608405,-43.18823842,2026-04-26,FECHADO,2026-04-26 00:00:53.932063,2026-04-26 00:04:53.976878,5,5,5,5,1.0,1.0
EMPRESA VIACAO IDEAL S.A.,B35T020D00205268,-22.81515851,-43.18879899,2026-04-26,FECHADO,2026-04-26 00:00:36.193956,2026-04-26 00:04:36.188887,5,5,5,5,1.0,1.0
EMPRESA VIACAO IDEAL S.A.,B35T020D00208351,-22.81478959,-43.18855179,2026-04-26,FECHADO,2026-04-26 00:00:45.267791,2026-04-26 00:04:45.757078,5,5,5,5,1.0,1.0
EMPRESA VIACAO IDEAL S.A.,B35T020D00209523,-22.814643,-43.18865155,2026-04-26,FECHADO,2026-04-26 00:00:33.749021,2026-04-26 00:04:33.596043,5,5,5,5,1.0,1.0
EMPRESA VIACAO IDEAL S.A.,B35T020D00202459,-22.81482154,-43.18867161,2026-04-26,FECHADO,2026-04-26 00:00:01.997685,2026-04-26 00:04:01.944645,5,5,5,5,1.0,1.0
EMPRESA VIACAO IDEAL S.A.,B35T020D00207024,-22.81475991,-43.1885294,2026-04-26,FECHADO,2026-04-26 00:00:05.241211,2026-04-26 00:04:05.081121,5,5,5,5,1.0,1.0
EMPRESA VIACAO IDEAL S.A.,B35T020D00207718,-22.81469726,-43.18853125,2026-04-26,FECHADO,2026-04-26 00:00:05.637521,2026-04-26 00:04:05.523476,5,5,5,5,1.0,1.0
EMPRESA VIACAO IDEAL S.A.,B35T020D00204772,-22.81509609,-43.18835559,2026-04-26,FECHADO,2026-04-26 00:00:08.572053,2026-04-26 00:04:08.712329,5,5,5,5,1.0,1.0
EMPRESA VIACAO IDEAL S.A.,B35T020D00209525,-22.81594255,-43.18843411,2026-04-26,FECHADO,2026-04-26 00:00:47.252023,2026-04-26 00:04:47.42081,5,5,5,5,1.0,1.0
EMPRESA VIACAO IDEAL S.A.,B35T020D00200904,-22.81457288,-43.18879062,2026-04-26,FECHADO,2026-04-26 00:00:12.758417,2026-04-26 00:04:12.604901,5,5,5,5,1.0,1.0
EMPRESA VIACAO IDEAL S.A.,B35T020D00208238,-22.81602089,-43.18826997,2026-04-26,FECHADO,2026-04-26 00:00:56.315711,2026-04-26 00:04:56.772682,5,5,5,5,1.0,1.0
EMPRESA VIACAO IDEAL S.A.,B35T020D00205157,-22.81561792,-43.18777995,2026-04-26,FECHADO,2026-04-26 00:00:09.217588,2026-04-26 00:04:08.959204,5,5,5,5,1.0,1.0
EMPRESA VIACAO IDEAL S.A.,B35T020D00202608,-22.81528117,-43.18852792,2026-04-26,FECHADO,2026-04-26 00:00:29.651463,2026-04-26 00:04:29.497212,5,5,5,5,1.0,1.0
EMPRESA VIACAO IDEAL S.A.,B35T020D00206060,-22.81492114,-43.18884287,2026-04-26,FECHADO,2026-04-26 00:00:22.7384,2026-04-26 00:04:22.374748,5,5,5,5,1.0,1.0
EMPRESA VIACAO IDEAL S.A.,B35T020D00209524,-22.81451453,-43.1889969,2026-04-26,FECHADO,2026-04-26 00:00:07.10537,2026-04-26 00:04:06.949437,5,5,5,5,1.0,1.0
EMPRESA VIACAO IDEAL S.A.,B35T020D00204691,-22.81437686,-43.18902954,2026-04-26,FECHADO,2026-04-26 00:00:13.129778,2026-04-26 00:04:12.97855,5,5,5,5,1.0,1.0
EMPRESA VIACAO IDEAL S.A.,B35T020D00201684,-22.81510241,-43.18839893,2026-04-26,FECHADO,2026-04-26 00:00:23.035794,2026-04-26 00:04:22.945944,5,5,5,5,1.0,1.0
EMPRESA VIACAO IDEAL S.A.,B35T020D00202909,-22.8157761,-43.18812931,2026-04-26,FECHADO,2026-04-26 00:00:40.635643,2026-04-26 00:04:40.894614,5,5,5,5,1.0,1.0
EMPRESA VIACAO IDEAL S.A.,B35T020D00202678,-22.8152214,-43.18831191,2026-04-26,FECHADO,2026-04-26 00:00:02.075424,2026-04-26 00:04:01.92027,5,5,5,5,1.0,1.0
EMPRESA VIACAO IDEAL S.A.,B35T020D00206531,-22.8159957,-43.18834576,2026-04-26,FECHADO,2026-04-26 00:00:42.492377,2026-04-26 00:04:42.674754,5,5,5,5,1.0,1.0
EMPRESA VIACAO IDEAL S.A.,B35T020D00205213,-22.81577718,-43.18842856,2026-04-26,FECHADO,2026-04-26 00:00:39.11541,2026-04-26 00:04:38.944402,5,5,5,5,1.0,1.0
EMPRESA VIACAO IDEAL S.A.,B35T020D00205316,-22.81575706,-43.18785177,2026-04-26,FECHADO,2026-04-26 00:00:20.983057,2026-04-26 00:04:20.876638,5,5,5,5,1.0,1.0
EMPRESA VIACAO IDEAL S.A.,B35T020D00210115,-22.81586918,-43.18847899,2026-04-26,FECHADO,2026-04-26 00:00:15.120889,2026-04-26 00:04:14.659184,5,5,5,5,1.0,1.0
EMPRESA VIACAO IDEAL S.A.,B35T020D00208729,-22.81540424,-43.18813847,2026-04-26,FECHADO,2026-04-26 00:00:33.280762,2026-04-26 00:04:32.475598,5,5,5,5,1.0,1.0
EMPRESA VIACAO IDEAL S.A.,B35T020D00208354,-22.81604061,-43.18823247,2026-04-26,FECHADO,2026-04-26 00:00:12.396362,2026-04-26 00:04:12.280424,5,5,5,5,1.0,1.0
EMPRESA VIACAO IDEAL S.A.,B35T020D00208382,-22.81541348,-43.18796743,2026-04-26,FECHADO,2026-04-26 00:00:44.608457,2026-04-26 00:04:44.946237,5,5,5,5,1.0,1.0
EMPRESA VIACAO IDEAL S.A.,B35T020D00210117,-22.81472922,-43.18860176,2026-04-26,FECHADO,2026-04-26 00:00:53.702834,2026-04-26 00:04:53.865848,5,5,5,5,1.0,1.0
EMPRESA VIACAO IDEAL S.A.,B35T020D00203964,-22.81466285,-43.18904192,2026-04-26,FECHADO,2026-04-26 00:00:17.853161,2026-04-26 00:04:17.816169,5,5,5,5,1.0,1.0
EMPRESA VIACAO IDEAL S.A.,B35T020D00203625,-22.81519173,-43.18835243,2026-04-26,FECHADO,2026-04-26 00:00:52.982727,2026-04-26 00:04:53.128669,5,5,5,5,1.0,1.0
EMPRESA VIACAO IDEAL S.A.,B35T020D00209870,-22.81580425,-43.18777711,2026-04-26,FECHADO,2026-04-26 00:00:16.207811,2026-04-26 00:04:16.316043,5,5,5,5,1.0,1.0
EMPRESA VIACAO IDEAL S.A.,B35T020D00202906,-22.81479612,-43.18860311,2026-04-26,FECHADO,2026-04-26 00:00:01.524749,2026-04-26 00:04:01.515041,5,5,5,5,1.0,1.0
EMPRESA VIACAO IDEAL S.A.,B35T020D00206455,-22.81599338,-43.18836564,2026-04-26,FECHADO,2026-04-26 00:00:17.78974,2026-04-26 00:04:17.643963,5,5,5,5,1.0,1.0
EMPRESA VIACAO IDEAL S.A.,B35T020D00202568,-22.81453602,-43.18902136,2026-04-26,FECHADO,2026-04-26 00:00:56.20262,2026-04-26 00:04:56.362344,5,5,5,5,1.0,1.0
EMPRESA VIACAO IDEAL S.A.,B35T020D00203962,-22.81444626,-43.18889527,2026-04-26,FECHADO,2026-04-26 00:00:14.410113,2026-04-26 00:04:14.174253,5,5,5,5,1.0,1.0
EMPRESA VIACAO IDEAL S.A.,B35T020D00208814,-22.81520938,-43.18819984,2026-04-26,FECHADO,2026-04-26 00:00:38.439417,2026-04-26 00:04:38.274972,5,5,5,5,1.0,1.0
EMPRESA VIACAO IDEAL S.A.,B35T020D00208352,-22.81459343,-43.18875815,2026-04-26,FECHADO,2026-04-26 00:00:53.200133,2026-04-26 00:04:53.319861,5,5,5,5,1.0,1.0
EMPRESA VIACAO IDEAL S.A.,B35T020D00205320,-22.81581794,-43.18811864,2026-04-26,FECHADO,2026-04-26 00:00:49.726596,2026-04-26 00:04:49.98547,5,5,5,5,1.0,1.0
EMPRESA VIACAO IDEAL S.A.,B35T020D00206714,-22.81518031,-43.18878829,2026-04-26,FECHADO,2026-04-26 00:00:12.068053,2026-04-26 00:04:11.734078,5,5,5,5,1.0,1.0
EMPRESA VIACAO IDEAL S.A.,B35T020D00209073,-22.81485199,-43.18859321,2026-04-26,FECHADO,2026-04-26 00:00:16.568347,2026-04-26 00:04:16.262361,5,5,5,5,1.0,1.0
EMPRESA VIACAO IDEAL S.A.,B35T020D00206117,-22.81516873,-43.18845416,2026-04-26,FECHADO,2026-04-26 00:00:54.239143,2026-04-26 00:04:54.215589,5,5,5,5,1.0,1.0
EMPRESA VIACAO IDEAL S.A.,B35T020D00209520,-22.81520982,-43.1881675,2026-04-26,FECHADO,2026-04-26 00:00:40.215154,2026-04-26 00:04:40.267959,5,5,5,5,1.0,1.0
EMPRESA VIACAO IDEAL S.A.,B35T020D00202677,-22.81495475,-43.18846537,2026-04-26,FECHADO,2026-04-26 00:00:38.115193,2026-04-26 00:04:37.994088,5,5,5,5,1.0,1.0
EMPRESA VIACAO IDEAL S.A.,B35T020D00206059,-22.81565781,-43.18782268,2026-04-26,FECHADO,2026-04-26 00:00:19.599663,2026-04-26 00:04:19.343664,5,5,5,5,1.0,1.0
EMPRESA VIACAO IDEAL S.A.,B35T020D00208381,-22.81461257,-43.18880629,2026-04-26,FECHADO,2026-04-26 00:00:03.903627,2026-04-26 00:04:03.847054,5,5,5,5,1.0,1.0
EMPRESA VIACAO IDEAL S.A.,B35T020D00208236,-22.81471187,-43.18862852,2026-04-26,FECHADO,2026-04-26 00:00:18.088225,2026-04-26 00:04:18.077009,5,5,5,5,1.0,1.0
EMPRESA VIACAO IDEAL S.A.,B35T020D00202920,-22.81589932,-43.18780278,2026-04-26,FECHADO,2026-04-26 00:00:36.338749,2026-04-26 00:04:35.790439,5,5,5,5,1.0,1.0
EMPRESA VIACAO IDEAL S.A.,B35T020D00201699,-22.8144715,-43.18889208,2026-04-26,FECHADO,2026-04-26 00:00:32.451037,2026-04-26 00:04:32.456,5,5,5,5,1.0,1.0
EMPRESA VIACAO IDEAL S.A.,B35T020D00200773,-22.81550008,-43.18801082,2026-04-26,FECHADO,2026-04-26 00:00:51.254002,2026-04-26 00:04:51.632929,5,5,5,5,1.0,1.0
EMPRESA VIACAO IDEAL S.A.,B35T020D00207479,-22.81491359,-43.18853971,2026-04-26,FECHADO,2026-04-26 00:00:07.989565,2026-04-26 00:04:07.616614,5,5,5,5,1.0,1.0
EMPRESA VIACAO IDEAL S.A.,B35T020D00208500,-22.81582849,-43.18844692,2026-04-26,FECHADO,2026-04-26 00:00:46.38134,2026-04-26 00:04:46.381404,5,5,5,5,1.0,1.0
EMPRESA VIACAO IDEAL S.A.,B35T020D00200695,-22.81551324,-43.18845029,2026-04-26,FECHADO,2026-04-26 00:00:53.97861,2026-04-26 00:04:54.17145,5,5,5,5,1.0,1.0
EMPRESA VIACAO IDEAL S.A.,B35T020D00203040,-22.81479362,-43.1886921,2026-04-26,FECHADO,2026-04-26 00:00:56.250685,2026-04-26 00:04:56.648652,5,5,5,5,1.0,1.0
EMPRESA VIACAO IDEAL S.A.,B35T020D00205158,-22.81600489,-43.18825893,2026-04-26,FECHADO,2026-04-26 00:00:24.494917,2026-04-26 00:04:24.240696,5,5,5,5,1.0,1.0
EMPRESA VIACAO IDEAL S.A.,B35T020D00209103,-22.81456277,-43.1887248,2026-04-26,FECHADO,2026-04-26 00:00:57.147279,2026-04-26 00:04:57.49061,5,5,5,5,1.0,1.0
EMPRESA VIACAO IDEAL S.A.,B35T020D00203825,-22.81525706,-43.18822622,2026-04-26,FECHADO,2026-04-26 00:00:50.219898,2026-04-26 00:04:50.267946,5,5,5,5,1.0,1.0
EMPRESA VIACAO IDEAL S.A.,B35T020D00203627,-22.81522083,-43.18856744,2026-04-26,FECHADO,2026-04-26 00:00:55.098779,2026-04-26 00:04:55.414694,5,5,5,5,1.0,1.0
EMPRESA VIACAO IDEAL S.A.,B35T020D00206766,-22.81569764,-43.18778961,2026-04-26,FECHADO,2026-04-26 00:00:36.376536,2026-04-26 00:04:36.467034,5,5,5,5,1.0,1.0
EMPRESA VIACAO IDEAL S.A.,B35T020D00207849,-22.8152081,-43.18873648,2026-04-26,FECHADO,2026-04-26 00:00:50.722936,2026-04-26 00:04:50.902582,5,5,5,5,1.0,1.0
EMPRESA VIACAO IDEAL S.A.,B35T020D00202679,-22.81481464,-43.1887222,2026-04-26,FECHADO,2026-04-26 00:00:28.339076,2026-04-26 00:04:28.304003,5,5,5,5,1.0,1.0
EMPRESA VIACAO IDEAL S.A.,B35T020D00204797,-22.81548715,-43.18843378,2026-04-26,FECHADO,2026-04-26 00:00:59.076479,2026-04-26 00:04:59.635471,5,5,5,5,1.0,1.0
EMPRESA VIACAO IDEAL S.A.,B35T020D00201799,-22.81560122,-43.18773811,2026-04-26,FECHADO,2026-04-26 00:00:22.877641,2026-04-26 00:04:22.669444,5,5,5,5,1.0,1.0
EMPRESA VIACAO IDEAL S.A.,B35T020D00209058,-22.81589107,-43.18843471,2026-04-26,FECHADO,2026-04-26 00:00:17.626607,2026-04-26 00:04:17.568996,5,5,5,5,1.0,1.0
EMPRESA VIACAO IDEAL S.A.,B35T020D00209046,-22.81485665,-43.18846767,2026-04-26,FECHADO,2026-04-26 00:00:17.418727,2026-04-26 00:04:17.229036,5,5,5,5,1.0,1.0
EMPRESA VIACAO IDEAL S.A.,B35T020D00200815,-22.81484589,-43.1884978,2026-04-26,FECHADO,2026-04-26 00:00:31.628126,2026-04-26 00:04:31.768846,5,5,5,5,1.0,1.0
EMPRESA VIACAO IDEAL S.A.,B35T020D00203396,-22.8161625,-43.18815132,2026-04-26,FECHADO,2026-04-26 00:00:25.512237,2026-04-26 00:04:25.327515,5,5,5,5,1.0,1.0
EMPRESA VIACAO IDEAL S.A.,B35T020D00203120,-22.81442978,-43.18884276,2026-04-26,FECHADO,2026-04-26 00:00:19.899389,2026-04-26 00:04:19.714557,5,5,5,5,1.0,1.0
EMPRESA VIACAO IDEAL S.A.,B35T020D00204775,-22.8160438,-43.18843834,2026-04-26,FECHADO,2026-04-26 00:00:00.463482,2026-04-26 00:04:00.476447,5,5,5,5,1.0,1.0
EMPRESA VIACAO IDEAL S.A.,B35T020D00209856,0.0,0.0,2026-04-26,FECHADO,2026-04-26 00:00:35.34182,2026-04-26 00:04:35.282266,5,5,5,0,0.0,1.0
EMPRESA VIACAO IDEAL S.A.,B35T020D00200770,-22.81466093,-43.18861567,2026-04-26,FECHADO,2026-04-26 00:00:51.472163,2026-04-26 00:04:51.645026,5,5,5,5,1.0,1.0
EMPRESA VIACAO IDEAL S.A.,B35T020D00206197,0.0,0.0,2026-04-26,FECHADO,2026-04-26 00:00:19.00464,2026-04-26 00:04:19.057661,5,5,5,0,0.0,1.0
EMPRESA VIACAO IDEAL S.A.,B35T020D00209093,-22.81622064,-43.18814743,2026-04-26,FECHADO,2026-04-26 00:00:50.491016,2026-04-26 00:04:50.874799,5,5,5,5,1.0,1.0
EMPRESA VIACAO IDEAL S.A.,B35T020D00207219,-22.81469323,-43.18866228,2026-04-26,FECHADO,2026-04-26 00:00:42.352163,2026-04-26 00:04:42.142308,5,5,5,5,1.0,1.0
EMPRESA VIACAO IDEAL S.A.,B35T020D00207393,-22.81593536,-43.18844758,2026-04-26,FECHADO,2026-04-26 00:00:26.326829,2026-04-26 00:04:26.248789,5,5,5,5,1.0,1.0
EMPRESA VIACAO IDEAL S.A.,B35T020D00201818,-22.81504139,-43.18844267,2026-04-26,FECHADO,2026-04-26 00:00:46.758127,2026-04-26 00:04:47.059408,5,5,5,5,1.0,1.0
EMPRESA VIACAO IDEAL S.A.,B35T020D00200813,-22.81583451,-43.1882031,2026-04-26,FECHADO,2026-04-26 00:00:29.302341,2026-04-26 00:04:29.315315,5,5,5,5,1.0,1.0
EMPRESA VIACAO IDEAL S.A.,B35T020D00207218,-22.81476919,-43.18858609,2026-04-26,FECHADO,2026-04-26 00:00:15.905302,2026-04-26 00:04:15.901066,5,5,5,5,1.0,1.0
EMPRESA VIACAO IDEAL S.A.,B4CT020D00400173,-22.81600396,-43.18836646,2026-04-26,FECHADO,2026-04-26 00:00:50.41363,2026-04-26 00:04:50.618653,5,5,5,5,1.0,1.0
EMPRESA VIACAO IDEAL S.A.,B35T020D00208840,-22.81595302,-43.18849816,2026-04-26,FECHADO,2026-04-26 00:00:13.989337,2026-04-26 00:04:13.818387,5,5,5,5,1.0,1.0
EMPRESA VIACAO IDEAL S.A.,B35T020D00206796,-22.81488765,-43.18897025,2026-04-26,FECHADO,2026-04-26 00:00:24.076637,2026-04-26 00:04:23.654532,5,5,5,5,1.0,1.0
EMPRESA VIACAO IDEAL S.A.,B35T020D00210699,-22.81591744,-43.18833988,2026-04-26,FECHADO,2026-04-26 00:00:10.905687,2026-04-26 00:04:10.830479,5,5,5,5,1.0,1.0
EMPRESA VIACAO IDEAL S.A.,B35T020D00204885,-22.81527779,-43.18823412,2026-04-26,FECHADO,2026-04-26 00:00:18.387066,2026-04-26 00:04:18.309202,5,5,5,5,1.0,1.0
EMPRESA VIACAO IDEAL S.A.,B35T020D00202908,-22.814904,-43.18852973,2026-04-26,FECHADO,2026-04-26 00:00:58.756571,2026-04-26 00:04:59.111677,5,5,5,5,1.0,1.0
EMPRESA VIACAO IDEAL S.A.,B35T020D00208380,-22.81438283,-43.18900713,2026-04-26,FECHADO,2026-04-26 00:00:13.241257,2026-04-26 00:04:13.017432,5,5,5,5,1.0,1.0
EMPRESA VIACAO IDEAL S.A.,B35T020D00206216,-22.81484551,-43.18850503,2026-04-26,FECHADO,2026-04-26 00:00:38.344716,2026-04-26 00:04:38.147475,5,5,5,5,1.0,1.0
EMPRESA VIACAO IDEAL S.A.,B35T020D00210631,-22.81428653,-43.18914831,2026-04-26,FECHADO,2026-04-26 00:00:17.273974,2026-04-26 00:04:17.140548,5,5,5,5,1.0,1.0
EMPRESA VIACAO IDEAL S.A.,B35T020D00203397,-22.81547775,-43.18822475,2026-04-26,FECHADO,2026-04-26 00:00:30.745138,2026-04-26 00:04:30.364581,5,5,5,5,1.0,1.0
EMPRESA VIACAO IDEAL S.A.,B35T020D00203171,-22.81509482,-43.18866185,2026-04-26,FECHADO,2026-04-26 00:00:31.452065,2026-04-26 00:04:30.943951,5,5,5,5,1.0,1.0
EMPRESA VIACAO IDEAL S.A.,B35T020D00207025,-22.81556817,-43.18783043,2026-04-26,FECHADO,2026-04-26 00:00:24.640364,2026-04-26 00:04:24.080006,5,5,5,5,1.0,1.0
EMPRESA VIACAO IDEAL S.A.,B35T020D00204576,-22.81493109,-43.18847862,2026-04-26,FECHADO,2026-04-26 00:00:56.823479,2026-04-26 00:04:56.532865,5,5,5,5,1.0,1.0
EMPRESA VIACAO IDEAL S.A.,B35T020D00210295,-22.81485045,-43.18846325,2026-04-26,FECHADO,2026-04-26 00:00:26.387511,2026-04-26 00:04:26.033572,5,5,5,5,1.0,1.0
EMPRESA VIACAO IDEAL S.A.,B35T020D00205465,-22.81484888,-43.18888067,2026-04-26,FECHADO,2026-04-26 00:00:36.248774,2026-04-26 00:04:36.011312,5,5,5,5,1.0,1.0
EMPRESA VIACAO IDEAL S.A.,B35T020D00208241,-22.81550052,-43.18856214,2026-04-26,FECHADO,2026-04-26 00:00:30.90881,2026-04-26 00:04:30.748602,5,5,5,5,1.0,1.0
EMPRESA VIACAO IDEAL S.A.,B35T020D00200801,-22.81519878,-43.18830157,2026-04-26,FECHADO,2026-04-26 00:00:51.448894,2026-04-26 00:04:51.985054,5,5,5,5,1.0,1.0
EMPRESA VIACAO IDEAL S.A.,B35T020D00200800,-22.8157408,-43.18821657,2026-04-26,FECHADO,2026-04-26 00:00:51.675522,2026-04-26 00:04:51.406583,5,5,5,5,1.0,1.0
EMPRESA VIACAO IDEAL S.A.,B35T020D00208353,-22.81603594,-43.18844275,2026-04-26,FECHADO,2026-04-26 00:00:59.433505,2026-04-26 00:04:59.418812,5,5,5,5,1.0,1.0
EMPRESA VIACAO IDEAL S.A.,B35T020D00207809,-22.81529432,-43.18818929,2026-04-26,FECHADO,2026-04-26 00:00:57.232122,2026-04-26 00:04:57.741041,5,5,5,5,1.0,1.0
EMPRESA VIACAO IDEAL S.A.,B35T020D00208385,-22.81450217,-43.18904576,2026-04-26,FECHADO,2026-04-26 00:00:05.242689,2026-04-26 00:04:05.142683,5,5,5,5,1.0,1.0
EMPRESA VIACAO IDEAL S.A.,B35T020D00203420,-22.81518391,-43.18882594,2026-04-26,FECHADO,2026-04-26 00:00:48.841458,2026-04-26 00:04:48.958711,5,5,5,5,1.0,1.0
EMPRESA VIACAO IDEAL S.A.,B35T020D00205270,-22.81521145,-43.18846942,2026-04-26,FECHADO,2026-04-26 00:00:47.81726,2026-04-26 00:04:47.894569,5,5,5,5,1.0,1.0
EMPRESA VIACAO IDEAL S.A.,B35T020D00208367,-22.81573285,-43.1881516,2026-04-26,FECHADO,2026-04-26 00:00:27.508767,2026-04-26 00:04:27.291093,5,5,5,5,1.0,1.0
EMPRESA VIACAO IDEAL S.A.,B35T020D00203028,-22.81607473,-43.18829781,2026-04-26,FECHADO,2026-04-26 00:00:57.302756,2026-04-26 00:04:57.976756,5,5,5,5,1.0,1.0
EMPRESA VIACAO IDEAL S.A.,B35T020D00210703,-22.81528115,-43.18810554,2026-04-26,FECHADO,2026-04-26 00:00:34.777468,2026-04-26 00:04:34.641296,5,5,5,5,1.0,1.0
EMPRESA VIACAO IDEAL S.A.,B35T020D00205850,-22.81590429,-43.18800243,2026-04-26,FECHADO,2026-04-26 00:00:38.144994,2026-04-26 00:04:38.148241,5,5,5,5,1.0,1.0
EMPRESA VIACAO IDEAL S.A.,B35T020D00206552,-22.81587783,-43.18785326,2026-04-26,FECHADO,2026-04-26 00:00:22.419396,2026-04-26 00:04:22.161547,5,5,5,5,1.0,1.0
EMPRESA VIACAO IDEAL S.A.,B35T020D00206191,-22.81486722,-43.18870463,2026-04-26,FECHADO,2026-04-26 00:00:19.409291,2026-04-26 00:04:19.073053,5,5,5,5,1.0,1.0
EMPRESA VIACAO IDEAL S.A.,B35T020D00203963,-22.81599825,-43.18783728,2026-04-26,FECHADO,2026-04-26 00:00:41.896107,2026-04-26 00:04:41.702625,5,5,5,5,1.0,1.0
EMPRESA VIACAO IDEAL S.A.,B35T020D00208384,-22.81459413,-43.18877209,2026-04-26,FECHADO,2026-04-26 00:00:09.699899,2026-04-26 00:04:09.21705,5,5,5,5,1.0,1.0
EMPRESA VIACAO IDEAL S.A.,B35T020D00201698,-22.815832,-43.18815903,2026-04-26,FECHADO,2026-04-26 00:00:48.962874,2026-04-26 00:04:49.128489,5,5,5,5,1.0,1.0
EMPRESA VIACAO IDEAL S.A.,B35T020D00205318,-22.81458832,-43.18884249,2026-04-26,FECHADO,2026-04-26 00:00:36.639331,2026-04-26 00:04:36.24568,5,5,5,5,1.0,1.0
EMPRESA VIACAO IDEAL S.A.,B35T020D00200692,-22.81571979,-43.18819516,2026-04-26,FECHADO,2026-04-26 00:00:13.005129,2026-04-26 00:04:12.730665,5,5,5,5,1.0,1.0
EMPRESA VIACAO IDEAL S.A.,B35T020D00204264,-22.81575753,-43.18819167,2026-04-26,FECHADO,2026-04-26 00:00:53.538947,2026-04-26 00:04:53.561496,5,5,5,5,1.0,1.0
EMPRESA VIACAO IDEAL S.A.,B35T020D00201469,-22.81469847,-43.18863029,2026-04-26,FECHADO,2026-04-26 00:00:18.042866,2026-04-26 00:04:17.848063,5,5,5,5,1.0,1.0
EMPRESA VIACAO IDEAL S.A.,B35T020D00205256,-22.81522902,-43.18828487,2026-04-26,FECHADO,2026-04-26 00:00:24.998759,2026-04-26 00:04:25.18223,5,5,5,5,1.0,1.0
EMPRESA VIACAO IDEAL S.A.,B35T020D00200810,-22.81606523,-43.18827588,2026-04-26,FECHADO,2026-04-26 00:00:12.581473,2026-04-26 00:04:12.421092,5,5,5,5,1.0,1.0
EMPRESA VIACAO IDEAL S.A.,B35T020D00204262,-22.81565518,-43.18794598,2026-04-26,FECHADO,2026-04-26 00:00:56.08676,2026-04-26 00:04:56.267813,5,5,5,5,1.0,1.0
EMPRESA VIACAO IDEAL S.A.,B35T020D00205271,-22.81515919,-43.18845821,2026-04-26,FECHADO,2026-04-26 00:00:40.674223,2026-04-26 00:04:40.657146,5,5,5,5,1.0,1.0
EMPRESA VIACAO IDEAL S.A.,B35T020D00205259,-22.81578367,-43.18816735,2026-04-26,FECHADO,2026-04-26 00:00:28.388062,2026-04-26 00:04:28.349067,5,5,5,5,1.0,1.0
EMPRESA VIACAO IDEAL S.A.,B35T020D00207296,-22.81516732,-43.18834786,2026-04-26,FECHADO,2026-04-26 00:00:55.397911,2026-04-26 00:04:55.638285,5,5,5,5,1.0,1.0
EMPRESA VIACAO IDEAL S.A.,B35T020D00207168,-22.81491533,-43.18855475,2026-04-26,FECHADO,2026-04-26 00:00:07.222655,2026-04-26 00:04:06.870569,5,5,5,5,1.0,1.0
EMPRESA VIACAO IDEAL S.A.,B35T020D00207169,-22.81515814,-43.18843333,2026-04-26,FECHADO,2026-04-26 00:00:07.463039,2026-04-26 00:04:06.947858,5,5,5,5,1.0,1.0
EMPRESA VIACAO IDEAL S.A.,B35T020D00208240,-22.81546685,-43.18797394,2026-04-26,FECHADO,2026-04-26 00:00:01.644149,2026-04-26 00:04:01.781023,5,5,5,5,1.0,1.0
EMPRESA VIACAO IDEAL S.A.,B35T020D00204798,-22.81463356,-43.18880251,2026-04-26,FECHADO,2026-04-26 00:00:31.400372,2026-04-26 00:04:31.385594,5,5,5,5,1.0,1.0
EMPRESA VIACAO IDEAL S.A.,B35T020D00208191,-22.81468135,-43.18872494,2026-04-26,FECHADO,2026-04-26 00:00:52.348907,2026-04-26 00:04:52.817016,5,5,5,5,1.0,1.0
EMPRESA VIACAO IDEAL S.A.,B35T020D00209425,-22.81495143,-43.18873495,2026-04-26,FECHADO,2026-04-26 00:00:18.007396,2026-04-26 00:04:17.931134,5,5,5,5,1.0,1.0
EMPRESA VIACAO IDEAL S.A.,B35T020D00205837,-22.81497089,-43.18844486,2026-04-26,FECHADO,2026-04-26 00:00:21.51336,2026-04-26 00:04:21.294406,5,5,5,5,1.0,1.0
EMPRESA VIACAO IDEAL S.A.,B35T020D00209584,-22.81557346,-43.18796437,2026-04-26,FECHADO,2026-04-26 00:00:45.056262,2026-04-26 00:04:45.173168,5,5,5,5,1.0,1.0
EMPRESA VIACAO IDEAL S.A.,B35T020D00207477,-22.81558802,-43.18793301,2026-04-26,FECHADO,2026-04-26 00:00:54.683075,2026-04-26 00:04:54.608677,5,5,5,5,1.0,1.0
EMPRESA VIACAO IDEAL S.A.,B35T020D00208469,-22.81588349,-43.18846923,2026-04-26,FECHADO,2026-04-26 00:00:28.971983,2026-04-26 00:04:28.992673,5,5,5,5,1.0,1.0
EMPRESA VIACAO IDEAL S.A.,B35T020D00206188,-22.81497368,-43.18871996,2026-04-26,FECHADO,2026-04-26 00:00:43.926809,2026-04-26 00:04:44.257973,5,5,5,5,1.0,1.0
EMPRESA VIACAO IDEAL S.A.,B35T020D00201683,-22.81509592,-43.1884202,2026-04-26,FECHADO,2026-04-26 00:00:09.006843,2026-04-26 00:04:08.783279,5,5,5,5,1.0,1.0
EMPRESA VIACAO IDEAL S.A.,B35T020D00203903,-22.81575279,-43.18823759,2026-04-26,FECHADO,2026-04-26 00:00:15.912592,2026-04-26 00:04:15.708345,5,5,5,5,1.0,1.0
EMPRESA VIACAO IDEAL S.A.,B35T020D00204799,-22.81527421,-43.18809834,2026-04-26,FECHADO,2026-04-26 00:00:26.547347,2026-04-26 00:04:26.214377,5,5,5,5,1.0,1.0
EMPRESA VIACAO IDEAL S.A.,B35T020D00204411,-22.81600824,-43.18836242,2026-04-26,FECHADO,2026-04-26 00:00:54.436619,2026-04-26 00:04:54.603322,5,5,5,5,1.0,1.0
EMPRESA VIACAO IDEAL S.A.,B35T020D00205327,-22.81587397,-43.18819172,2026-04-26,FECHADO,2026-04-26 00:00:58.946859,2026-04-26 00:03:59.072095,4,3,4,4,1.0,0.75
EMPRESA VIACAO IDEAL S.A.,B35T020D00202551,-22.81514773,-43.18886566,2026-04-26,FECHADO,2026-04-26 00:00:13.781955,2026-04-26 00:04:13.599171,5,5,5,5,1.0,1.0
EMPRESA VIACAO IDEAL S.A.,B35T020D00200867,-22.81446657,-43.18888501,2026-04-26,FECHADO,2026-04-26 00:00:22.009678,2026-04-26 00:04:21.590298,5,5,5,5,1.0,1.0
EMPRESA VIACAO IDEAL S.A.,B35T020D00207474,-22.81595074,-43.1884452,2026-04-26,FECHADO,2026-04-26 00:00:53.419732,2026-04-26 00:04:53.789814,5,5,5,5,1.0,1.0
EMPRESA VIACAO IDEAL S.A.,B35T020D00207026,-22.81499314,-43.18841848,2026-04-26,FECHADO,2026-04-26 00:00:13.860907,2026-04-26 00:04:13.850985,5,5,5,5,1.0,1.0
EMPRESA VIACAO IDEAL S.A.,B35T020D00205326,-22.81498802,-43.1886676,2026-04-26,FECHADO,2026-04-26 00:00:53.053855,2026-04-26 00:04:53.137746,5,5,5,5,1.0,1.0
EMPRESA VIACAO IDEAL S.A.,B35T020D00205258,-22.81522381,-43.18844979,2026-04-26,FECHADO,2026-04-26 00:00:01.470046,2026-04-26 00:04:01.059969,5,5,5,5,1.0,1.0
EMPRESA VIACAO IDEAL S.A.,B35T020D00208350,-22.81610349,-43.18831277,2026-04-26,FECHADO,2026-04-26 00:00:22.45139,2026-04-26 00:04:22.271543,5,5,5,5,1.0,1.0
EMPRESA VIACAO IDEAL S.A.,B35T020D00207475,-22.8152983,-43.1881289,2026-04-26,FECHADO,2026-04-26 00:00:47.646542,2026-04-26 00:04:47.092099,5,5,5,5,1.0,1.0
EMPRESA VIACAO IDEAL S.A.,B35T020D00207027,-22.81475508,-43.18862749,2026-04-26,FECHADO,2026-04-26 00:00:07.224225,2026-04-26 00:04:06.966743,5,5,5,5,1.0,1.0
EMPRESA VIACAO IDEAL S.A.,B35T020D00203960,-22.81456023,-43.1890382,2026-04-26,FECHADO,2026-04-26 00:00:58.489119,2026-04-26 00:04:58.831047,5,5,5,5,1.0,1.0
EMPRESA VIACAO IDEAL S.A.,B35T020D00205996,-22.81529991,-43.18868644,2026-04-26,FECHADO,2026-04-26 00:00:41.343679,2026-04-26 00:04:41.313798,5,5,5,5,1.0,1.0
EMPRESA VIACAO IDEAL S.A.,B35T020D00200811,-22.81482813,-43.18858072,2026-04-26,FECHADO,2026-04-26 00:00:10.476631,2026-04-26 00:04:10.12577,5,5,5,5,1.0,1.0
EMPRESA VIACAO IDEAL S.A.,B35T020D00200903,-22.81596712,-43.18834578,2026-04-26,FECHADO,2026-04-26 00:00:03.583284,2026-04-26 00:04:03.385308,5,5,5,5,1.0,1.0
EMPRESA VIACAO IDEAL S.A.,B35T020D00204574,-22.81443447,-43.18881588,2026-04-26,FECHADO,2026-04-26 00:00:56.441677,2026-04-26 00:04:56.47106,5,5,5,5,1.0,1.0
EMPRESA VIACAO IDEAL S.A.,B35T020D00207453,-22.8152316,-43.18856048,2026-04-26,FECHADO,2026-04-26 00:00:47.599771,2026-04-26 00:04:48.012943,5,5,5,5,1.0,1.0
EMPRESA VIACAO IDEAL S.A.,B35T020D00202039,-22.81596302,-43.18841017,2026-04-26,FECHADO,2026-04-26 00:00:35.588934,2026-04-26 00:04:35.66504,5,5,5,5,1.0,1.0
EMPRESA VIACAO IDEAL S.A.,B35T020D00206756,-22.81529918,-43.18857656,2026-04-26,FECHADO,2026-04-26 00:00:36.261613,2026-04-26 00:04:36.1925,5,5,5,5,1.0,1.0
EMPRESA VIACAO IDEAL S.A.,B35T020D00209047,-22.81582705,-43.18846147,2026-04-26,FECHADO,2026-04-26 00:00:45.873302,2026-04-26 00:04:46.036597,5,5,5,5,1.0,1.0
EMPRESA VIACAO IDEAL S.A.,B35T020D00201093,-22.81512907,-43.18832001,2026-04-26,FECHADO,2026-04-26 00:00:05.213285,2026-04-26 00:04:04.865025,5,5,5,5,1.0,1.0
EMPRESA VIACAO IDEAL S.A.,B35T020D00209212,-22.81495511,-43.18873729,2026-04-26,FECHADO,2026-04-26 00:00:41.667198,2026-04-26 00:04:41.6183,5,5,5,5,1.0,1.0
EMPRESA VIACAO IDEAL S.A.,B35T020D00200901,-22.81584463,-43.1884639,2026-04-26,FECHADO,2026-04-26 00:00:12.729038,2026-04-26 00:04:12.415959,5,5,5,5,1.0,1.0
EMPRESA VIACAO IDEAL S.A.,B35T020D00202658,-22.81571725,-43.18810775,2026-04-26,FECHADO,2026-04-26 00:00:02.04363,2026-04-26 00:04:02.387862,5,5,5,5,1.0,1.0
EMPRESA VIACAO IDEAL S.A.,B35T020D00206770,-22.81473152,-43.18854683,2026-04-26,FECHADO,2026-04-26 00:00:34.674565,2026-04-26 00:04:34.683264,5,5,5,5,1.0,1.0
EMPRESA VIACAO IDEAL S.A.,B35T020D00205322,-22.81544811,-43.18851919,2026-04-26,FECHADO,2026-04-26 00:00:47.208266,2026-04-26 00:04:47.549613,5,5,5,5,1.0,1.0
EMPRESA VIACAO IDEAL S.A.,B35T020D00200796,-22.81552521,-43.18841336,2026-04-26,FECHADO,2026-04-26 00:00:06.656262,2026-04-26 00:04:06.431148,5,5,5,5,1.0,1.0
EMPRESA VIACAO IDEAL S.A.,B35T020D00206845,-22.81448031,-43.18907817,2026-04-26,FECHADO,2026-04-26 00:00:48.238443,2026-04-26 00:04:48.260153,5,5,5,5,1.0,1.0
EMPRESA VIACAO IDEAL S.A.,B35T020D00209050,-22.81448906,-43.18905656,2026-04-26,FECHADO,2026-04-26 00:00:33.415567,2026-04-26 00:04:33.254389,5,5,5,5,1.0,1.0
EMPRESA VIACAO IDEAL S.A.,B35T020D00201061,-22.81512517,-43.18837537,2026-04-26,FECHADO,2026-04-26 00:00:18.335756,2026-04-26 00:04:18.277489,5,5,5,5,1.0,1.0
EMPRESA VIACAO IDEAL S.A.,B35T020D00203624,-22.81577846,-43.18816816,2026-04-26,FECHADO,2026-04-26 00:00:31.064401,2026-04-26 00:04:30.953339,5,5,5,5,1.0,1.0
EMPRESA VIACAO IDEAL S.A.,B35T020D00205319,-22.81585107,-43.18845991,2026-04-26,FECHADO,2026-04-26 00:00:09.569883,2026-04-26 00:04:09.243857,5,5,5,5,1.0,1.0
EMPRESA VIACAO IDEAL S.A.,B35T020D00203398,-22.81536697,-43.18812088,2026-04-26,FECHADO,2026-04-26 00:00:33.861189,2026-04-26 00:04:33.567002,5,5,5,5,1.0,1.0
EMPRESA VIACAO IDEAL S.A.,B35T020D00209268,-22.81570826,-43.18810752,2026-04-26,FECHADO,2026-04-26 00:00:18.049067,2026-04-26 00:04:17.66065,5,5,5,5,1.0,1.0
EMPRESA VIACAO IDEAL S.A.,B35T020D00208392,-22.81589186,-43.18857433,2026-04-26,FECHADO,2026-04-26 00:00:40.490221,2026-04-26 00:04:40.143943,5,5,5,5,1.0,1.0
EMPRESA VIACAO IDEAL S.A.,B35T020D00209858,-22.81485527,-43.18851763,2026-04-26,FECHADO,2026-04-26 00:00:10.26369,2026-04-26 00:04:09.980665,5,5,5,5,1.0,1.0
EMPRESA VIACAO IDEAL S.A.,B35T020D00203400,-22.81499086,-43.18872793,2026-04-26,FECHADO,2026-04-26 00:00:36.561138,2026-04-26 00:04:36.452891,5,5,5,5,1.0,1.0
EMPRESA VIACAO IDEAL S.A.,B35T020D00205325,-22.81538754,-43.1887571,2026-04-26,FECHADO,2026-04-26 00:00:31.063293,2026-04-26 00:04:30.662214,5,5,5,5,1.0,1.0
EMPRESA VIACAO IDEAL S.A.,B35T020D00202676,-22.81528054,-43.18845025,2026-04-26,FECHADO,2026-04-26 00:00:46.202059,2026-04-26 00:04:46.554864,5,5,5,5,1.0,1.0
EMPRESA VIACAO IDEAL S.A.,B35T020D00206114,-22.8161752,-43.18830923,2026-04-26,FECHADO,2026-04-26 00:00:09.234728,2026-04-26 00:04:09.023496,5,5,5,5,1.0,1.0
EMPRESA VIACAO IDEAL S.A.,B35T020D00203399,-22.81457305,-43.18887669,2026-04-26,FECHADO,2026-04-26 00:00:42.11363,2026-04-26 00:04:42.342526,5,5,5,5,1.0,1.0
EMPRESA VIACAO IDEAL S.A.,B35T020D00207769,-22.8150533,-43.18841851,2026-04-26,FECHADO,2026-04-26 00:00:21.646228,2026-04-26 00:04:21.326251,5,5,5,5,1.0,1.0
EMPRESA VIACAO IDEAL S.A.,B35T020D00200772,-22.81500909,-43.1887881,2026-04-26,FECHADO,2026-04-26 00:00:54.603426,2026-04-26 00:04:54.604306,5,5,5,5,1.0,1.0
EMPRESA VIACAO IDEAL S.A.,B35T020D00203961,-22.8148449,-43.18844125,2026-04-26,FECHADO,2026-04-26 00:00:16.222394,2026-04-26 00:04:16.025443,5,5,5,5,1.0,1.0
EMPRESA VIACAO IDEAL S.A.,B35T020D00202458,-22.81537471,-43.18830617,2026-04-26,FECHADO,2026-04-26 00:00:16.826305,2026-04-26 00:04:16.472114,5,5,5,5,1.0,1.0
EMPRESA VIACAO IDEAL S.A.,B35T020D00203629,-22.81613621,-43.18802229,2026-04-26,FECHADO,2026-04-26 00:00:13.073593,2026-04-26 00:04:13.000803,5,5,5,5,1.0,1.0
EMPRESA VIACAO IDEAL S.A.,B35T020D00208451,-22.81442124,-43.18884625,2026-04-26,FECHADO,2026-04-26 00:00:07.404323,2026-04-26 00:04:07.288743,5,5,5,5,1.0,1.0
EMPRESA VIACAO IDEAL S.A.,B35T020D00208239,-22.81537837,-43.18814558,2026-04-26,FECHADO,2026-04-26 00:00:45.455727,2026-04-26 00:04:45.336095,5,5,5,5,1.0,1.0
EMPRESA VIACAO IDEAL S.A.,B35T020D00206925,-22.81596374,-43.18828453,2026-04-26,FECHADO,2026-04-26 00:00:14.338103,2026-04-26 00:04:14.008367,5,5,5,5,1.0,1.0
EMPRESA VIACAO IDEAL S.A.,B35T020D00202680,-22.81498789,-43.18845273,2026-04-26,FECHADO,2026-04-26 00:00:06.523649,2026-04-26 00:04:06.255763,5,5,5,5,1.0,1.0
EMPRESA VIACAO IDEAL S.A.,B35T020D00203410,-22.81571192,-43.18784359,2026-04-26,FECHADO,2026-04-26 00:00:59.238894,2026-04-26 00:04:59.055474,5,5,5,5,1.0,1.0
EMPRESA VIACAO IDEAL S.A.,B35T020D00206774,-22.81595589,-43.18838896,2026-04-26,FECHADO,2026-04-26 00:00:46.626626,2026-04-26 00:04:46.630808,5,5,5,5,1.0,1.0
EMPRESA VIACAO IDEAL S.A.,B35T020D00203382,-22.81532412,-43.18832247,2026-04-26,FECHADO,2026-04-26 00:00:56.187185,2026-04-26 00:04:56.647859,5,5,5,5,1.0,1.0
EMPRESA VIACAO IDEAL S.A.,B35T020D00205222,-22.81463265,-43.18883215,2026-04-26,FECHADO,2026-04-26 00:00:01.509383,2026-04-26 00:04:01.447483,5,5,5,5,1.0,1.0
EMPRESA VIACAO IDEAL S.A.,B35T020D00206938,-22.81496729,-43.18892206,2026-04-26,FECHADO,2026-04-26 00:00:06.095625,2026-04-26 00:04:05.926823,5,5,5,5,1.0,1.0
EMPRESA VIACAO IDEAL S.A.,B35T020D00201412,-22.81594032,-43.18781296,2026-04-26,FECHADO,2026-04-26 00:00:56.736674,2026-04-26 00:04:57.001449,5,5,5,5,1.0,1.0
EMPRESA VIACAO IDEAL S.A.,B35T020D00203803,-22.81554655,-43.18850578,2026-04-26,FECHADO,2026-04-26 00:00:15.309076,2026-04-26 00:04:15.158872,5,5,5,5,1.0,1.0
EMPRESA VIACAO IDEAL S.A.,B35T020D00203699,-22.81530448,-43.18865966,2026-04-26,FECHADO,2026-04-26 00:00:14.464481,2026-04-26 00:04:14.362791,5,5,5,5,1.0,1.0
EMPRESA VIACAO IDEAL S.A.,B35T020D00206956,-22.81503228,-43.18839113,2026-04-26,FECHADO,2026-04-26 00:00:18.089234,2026-04-26 00:04:18.19638,5,5,5,5,1.0,1.0
EMPRESA VIACAO IDEAL S.A.,B35T020D00208668,-22.81497013,-43.18862856,2026-04-26,FECHADO,2026-04-26 00:00:40.863096,2026-04-26 00:04:40.459726,5,5,5,5,1.0,1.0
EMPRESA VIACAO IDEAL S.A.,B35T020D00206982,-22.81488443,-43.1887332,2026-04-26,FECHADO,2026-04-26 00:00:16.497958,2026-04-26 00:04:16.359956,5,5,5,5,1.0,1.0
EXPRESSO PEGASO LTDA.,B35T020D00200823,-22.91751879,-43.60725885,2026-04-26,FECHADO,2026-04-26 00:00:20.774692,2026-04-26 00:04:20.566554,5,5,5,5,1.0,1.0
EXPRESSO PEGASO LTDA.,B35T020D00204174,-22.91648072,-43.60753865,2026-04-26,FECHADO,2026-04-26 00:00:59.292362,2026-04-26 00:04:59.453037,5,5,5,5,1.0,1.0
EXPRESSO PEGASO LTDA.,B35T020D00204180,-22.91686419,-43.60749945,2026-04-26,FECHADO,2026-04-26 00:00:49.310872,2026-04-26 00:04:49.722434,5,5,5,5,1.0,1.0
EXPRESSO PEGASO LTDA.,B35T020D00204190,-22.91784167,-43.60806075,2026-04-26,FECHADO,2026-04-26 00:00:54.738375,2026-04-26 00:04:54.895405,5,5,5,5,1.0,1.0
EXPRESSO PEGASO LTDA.,B35T020D00202806,-22.91735639,-43.60750814,2026-04-26,FECHADO,2026-04-26 00:00:13.465471,2026-04-26 00:04:13.304721,5,5,5,5,1.0,1.0
EXPRESSO PEGASO LTDA.,B35T020D00202530,-22.9177743,-43.60830811,2026-04-26,FECHADO,2026-04-26 00:00:09.010835,2026-04-26 00:04:09.082025,5,5,5,5,1.0,1.0
EXPRESSO PEGASO LTDA.,B35T020D00201792,-22.91710658,-43.60749297,2026-04-26,FECHADO,2026-04-26 00:00:20.158099,2026-04-26 00:04:20.271857,5,5,5,5,1.0,1.0
EXPRESSO PEGASO LTDA.,B35T020D00203870,-22.9166255,-43.60745087,2026-04-26,FECHADO,2026-04-26 00:00:00.632335,2026-04-26 00:04:00.573413,5,5,5,5,1.0,1.0
EXPRESSO PEGASO LTDA.,B35T020D00204424,-22.91802425,-43.60836605,2026-04-26,FECHADO,2026-04-26 00:00:54.344774,2026-04-26 00:04:54.217823,5,5,5,5,1.0,1.0
EXPRESSO PEGASO LTDA.,B35T020D00205177,-22.91679206,-43.60747192,2026-04-26,FECHADO,2026-04-26 00:00:51.105011,2026-04-26 00:04:51.326732,5,5,5,5,1.0,1.0
EXPRESSO PEGASO LTDA.,B35T020D00203266,-22.91682582,-43.60751465,2026-04-26,FECHADO,2026-04-26 00:00:11.493923,2026-04-26 00:04:11.084432,5,5,5,5,1.0,1.0
EXPRESSO PEGASO LTDA.,B35T020D00201195,-22.91673091,-43.60744208,2026-04-26,FECHADO,2026-04-26 00:00:42.618779,2026-04-26 00:04:42.475634,5,5,5,5,1.0,1.0
EXPRESSO PEGASO LTDA.,B35T020D00207905,-22.91732286,-43.60742794,2026-04-26,FECHADO,2026-04-26 00:00:17.418919,2026-04-26 00:04:17.103068,5,5,5,5,1.0,1.0
EXPRESSO PEGASO LTDA.,B35T020D00203214,-22.91665321,-43.60747708,2026-04-26,FECHADO,2026-04-26 00:00:23.451735,2026-04-26 00:04:23.295591,5,5,5,5,1.0,1.0
EXPRESSO PEGASO LTDA.,B35T020D00205073,-22.91645691,-43.60807008,2026-04-26,FECHADO,2026-04-26 00:00:36.826365,2026-04-26 00:04:36.831433,5,5,5,5,1.0,1.0
EXPRESSO PEGASO LTDA.,B35T020D00200818,-22.91711476,-43.60748821,2026-04-26,FECHADO,2026-04-26 00:00:48.778192,2026-04-26 00:04:48.810767,5,5,5,5,1.0,1.0
EXPRESSO PEGASO LTDA.,B35T020D00203752,-22.91778823,-43.60839394,2026-04-26,FECHADO,2026-04-26 00:00:43.701382,2026-04-26 00:04:43.430152,5,5,5,5,1.0,1.0
EXPRESSO PEGASO LTDA.,B35T020D00201182,-22.91697199,-43.60745471,2026-04-26,FECHADO,2026-04-26 00:00:18.350057,2026-04-26 00:04:18.151993,5,5,5,5,1.0,1.0
EXPRESSO PEGASO LTDA.,B35T020D00204175,-22.9165111,-43.60745277,2026-04-26,FECHADO,2026-04-26 00:00:14.885405,2026-04-26 00:04:14.709598,5,5,5,5,1.0,1.0
EXPRESSO PEGASO LTDA.,B35T020D00201187,-22.91721083,-43.60757432,2026-04-26,FECHADO,2026-04-26 00:00:34.940947,2026-04-26 00:04:34.897515,5,5,5,5,1.0,1.0
EXPRESSO PEGASO LTDA.,B35T020D00201174,0.0,0.0,2026-04-26,FECHADO,2026-04-26 00:00:30.154081,2026-04-26 00:04:30.171093,5,5,5,0,0.0,1.0
EXPRESSO PEGASO LTDA.,B35T020D00204177,-22.91767039,-43.60841992,2026-04-26,FECHADO,2026-04-26 00:00:26.415169,2026-04-26 00:04:26.322084,5,5,5,5,1.0,1.0
EXPRESSO PEGASO LTDA.,B35T020D00202950,-22.91779194,-43.60806668,2026-04-26,FECHADO,2026-04-26 00:00:14.092954,2026-04-26 00:04:13.944124,5,5,5,5,1.0,1.0
EXPRESSO RECREIO LTDA,B35T020D00203538,-22.89638299,-43.56079749,2026-04-26,FECHADO,2026-04-26 00:00:44.074785,2026-04-26 00:04:43.850153,5,5,5,5,1.0,1.0
EXPRESSO RECREIO LTDA,B35T020D00203487,-22.89594627,-43.56034915,2026-04-26,FECHADO,2026-04-26 00:00:20.821554,2026-04-26 00:04:20.43071,5,5,5,5,1.0,1.0
EXPRESSO RECREIO LTDA,B35T020D00208763,-22.89552377,-43.55984842,2026-04-26,FECHADO,2026-04-26 00:00:19.66752,2026-04-26 00:04:19.484476,5,5,5,5,1.0,1.0
EXPRESSO RECREIO LTDA,B35T020D00204748,-22.89585327,-43.56041624,2026-04-26,FECHADO,2026-04-26 00:00:40.294962,2026-04-26 00:04:40.140226,5,5,5,5,1.0,1.0
EXPRESSO RECREIO LTDA,B35T020D00206555,-22.89662749,-43.56100215,2026-04-26,FECHADO,2026-04-26 00:00:53.104474,2026-04-26 00:04:53.147663,5,5,5,5,1.0,1.0
EXPRESSO RECREIO LTDA,B35T020D00210509,-22.89667765,-43.56117424,2026-04-26,FECHADO,2026-04-26 00:00:47.524497,2026-04-26 00:04:47.364785,5,5,5,5,1.0,1.0
EXPRESSO RECREIO LTDA,B35T020D00202446,-22.89597219,-43.56083873,2026-04-26,FECHADO,2026-04-26 00:00:06.731422,2026-04-26 00:04:06.356651,5,5,5,5,1.0,1.0
EXPRESSO RECREIO LTDA,B35T020D00209244,-22.89541699,-43.56087787,2026-04-26,FECHADO,2026-04-26 00:00:43.245221,2026-04-26 00:04:43.457076,5,5,5,5,1.0,1.0
EXPRESSO RECREIO LTDA,B35T020D00201331,-22.89533391,-43.56117894,2026-04-26,FECHADO,2026-04-26 00:00:24.5281,2026-04-26 00:04:24.167541,5,5,5,5,1.0,1.0
EXPRESSO RECREIO LTDA,B35T020D00209493,-22.8955034,-43.56081981,2026-04-26,FECHADO,2026-04-26 00:00:07.914076,2026-04-26 00:04:07.514674,5,5,5,5,1.0,1.0
EXPRESSO RECREIO LTDA,B35T020D00206551,-22.89640117,-43.56083061,2026-04-26,FECHADO,2026-04-26 00:00:11.451425,2026-04-26 00:04:10.995515,5,5,5,5,1.0,1.0
EXPRESSO RECREIO LTDA,B35T020D00206457,-22.8964165,-43.56074993,2026-04-26,FECHADO,2026-04-26 00:00:20.26746,2026-04-26 00:04:19.907725,5,5,5,5,1.0,1.0
EXPRESSO RECREIO LTDA,B35T020D00205309,-22.89543217,-43.55999816,2026-04-26,FECHADO,2026-04-26 00:00:10.059099,2026-04-26 00:04:09.646968,5,5,5,5,1.0,1.0
EXPRESSO RECREIO LTDA,B35T020D00205908,-22.89576035,-43.56030454,2026-04-26,FECHADO,2026-04-26 00:00:02.626142,2026-04-26 00:04:02.251451,5,5,5,5,1.0,1.0
EXPRESSO RECREIO LTDA,B35T020D00202490,-22.89568113,-43.56104639,2026-04-26,FECHADO,2026-04-26 00:00:27.763396,2026-04-26 00:04:27.819492,5,5,5,5,1.0,1.0
EXPRESSO RECREIO LTDA,B35T020D00206473,-22.89573681,-43.56095389,2026-04-26,FECHADO,2026-04-26 00:00:35.94355,2026-04-26 00:04:35.729501,5,5,5,5,1.0,1.0
EXPRESSO RECREIO LTDA,B35T020D00210669,-22.89558725,-43.56087164,2026-04-26,FECHADO,2026-04-26 00:00:54.805411,2026-04-26 00:04:54.991409,5,5,5,5,1.0,1.0
EXPRESSO RECREIO LTDA,B35T020D00206095,-22.89546663,-43.56014393,2026-04-26,FECHADO,2026-04-26 00:00:56.747838,2026-04-26 00:04:56.873746,5,5,5,5,1.0,1.0
EXPRESSO RECREIO LTDA,B35T020D00207708,-22.89663335,-43.56117656,2026-04-26,FECHADO,2026-04-26 00:00:02.66459,2026-04-26 00:04:02.72311,5,5,5,5,1.0,1.0
EXPRESSO RECREIO LTDA,B35T020D00207617,-22.89558316,-43.56090562,2026-04-26,FECHADO,2026-04-26 00:00:27.124955,2026-04-26 00:04:26.747452,5,5,5,5,1.0,1.0
EXPRESSO RECREIO LTDA,B35T020D00206861,-22.89537427,-43.56118679,2026-04-26,FECHADO,2026-04-26 00:00:58.928719,2026-04-26 00:04:59.081646,5,5,5,5,1.0,1.0
EXPRESSO RECREIO LTDA,B35T020D00208109,-22.89523306,-43.56071748,2026-04-26,FECHADO,2026-04-26 00:00:16.234802,2026-04-26 00:04:16.0037,5,5,5,5,1.0,1.0
EXPRESSO RECREIO LTDA,B35T020D00201316,-22.89518762,-43.56077606,2026-04-26,FECHADO,2026-04-26 00:00:28.869676,2026-04-26 00:04:28.744551,5,5,5,5,1.0,1.0
EXPRESSO RECREIO LTDA,B35T020D00203456,-22.8955966,-43.56121248,2026-04-26,FECHADO,2026-04-26 00:00:24.545567,2026-04-26 00:04:24.162391,5,5,5,5,1.0,1.0
EXPRESSO RECREIO LTDA,B35T020D00208850,-22.89585288,-43.56153852,2026-04-26,FECHADO,2026-04-26 00:00:51.460652,2026-04-26 00:04:51.672621,5,5,5,5,1.0,1.0
EXPRESSO RECREIO LTDA,B35T020D00210637,-22.89549255,-43.56090309,2026-04-26,FECHADO,2026-04-26 00:00:09.203698,2026-04-26 00:04:08.823503,5,5,5,5,1.0,1.0
EXPRESSO RECREIO LTDA,B35T020D00210644,-22.89529995,-43.56112775,2026-04-26,FECHADO,2026-04-26 00:00:42.462038,2026-04-26 00:04:42.029618,5,5,5,5,1.0,1.0
EXPRESSO RECREIO LTDA,B35T020D00203513,-22.89566899,-43.56029143,2026-04-26,FECHADO,2026-04-26 00:00:41.928587,2026-04-26 00:04:40.748998,5,5,5,5,1.0,1.0
EXPRESSO RECREIO LTDA,B35T020D00205983,-22.89522731,-43.56100791,2026-04-26,FECHADO,2026-04-26 00:00:05.11678,2026-04-26 00:04:04.84734,5,5,5,5,1.0,1.0
EXPRESSO RECREIO LTDA,B35T020D00208841,-22.89658711,-43.56152827,2026-04-26,FECHADO,2026-04-26 00:00:28.507299,2026-04-26 00:04:28.51405,5,5,5,5,1.0,1.0
EXPRESSO RECREIO LTDA,B35T020D00209249,-22.89675186,-43.56130593,2026-04-26,FECHADO,2026-04-26 00:00:14.734663,2026-04-26 00:04:14.670895,5,5,5,5,1.0,1.0
EXPRESSO RECREIO LTDA,B35T020D00204299,-22.8963406,-43.56081971,2026-04-26,FECHADO,2026-04-26 00:00:58.95629,2026-04-26 00:04:59.221501,5,5,5,5,1.0,1.0
EXPRESSO RECREIO LTDA,B35T020D00202572,-22.89531969,-43.56082852,2026-04-26,FECHADO,2026-04-26 00:00:53.383351,2026-04-26 00:04:53.566913,5,5,5,5,1.0,1.0
EXPRESSO RECREIO LTDA,B35T020D00208103,-22.8962108,-43.56097297,2026-04-26,FECHADO,2026-04-26 00:00:03.164282,2026-04-26 00:04:02.998951,5,5,5,5,1.0,1.0
EXPRESSO RECREIO LTDA,B35T020D00208373,-22.89550683,-43.56099281,2026-04-26,FECHADO,2026-04-26 00:00:34.209829,2026-04-26 00:04:33.806865,5,5,5,5,1.0,1.0
EXPRESSO RECREIO LTDA,B35T020D00204747,-22.89632801,-43.56076412,2026-04-26,FECHADO,2026-04-26 00:00:39.232849,2026-04-26 00:04:39.051376,5,5,5,5,1.0,1.0
EXPRESSO RECREIO LTDA,B35T020D00207709,-22.8684756,-43.29130181,2026-04-26,FECHADO,2026-04-26 00:00:13.914521,2026-04-26 00:04:13.818568,5,5,5,5,1.0,1.0
EXPRESSO RECREIO LTDA,B35T020D00201348,-22.89567908,-43.55987479,2026-04-26,FECHADO,2026-04-26 00:00:56.74404,2026-04-26 00:04:57.083448,5,5,5,5,1.0,1.0
EXPRESSO RECREIO LTDA,B35T020D00201330,-22.89520259,-43.56082303,2026-04-26,FECHADO,2026-04-26 00:00:09.313555,2026-04-26 00:04:08.83805,5,5,5,5,1.0,1.0
EXPRESSO RECREIO LTDA,B35T020D00208099,-22.89557301,-43.56105808,2026-04-26,FECHADO,2026-04-26 00:00:53.434949,2026-04-26 00:04:53.648045,5,5,5,5,1.0,1.0
EXPRESSO RECREIO LTDA,B35T020D00207612,-22.89662172,-43.56137242,2026-04-26,FECHADO,2026-04-26 00:00:54.442079,2026-04-26 00:04:54.579456,5,5,5,5,1.0,1.0
EXPRESSO RECREIO LTDA,B35T020D00205576,-22.89643312,-43.560829,2026-04-26,FECHADO,2026-04-26 00:00:51.038132,2026-04-26 00:04:51.196266,5,5,5,5,1.0,1.0
EXPRESSO RECREIO LTDA,B35T020D00201648,-22.89651289,-43.5607869,2026-04-26,FECHADO,2026-04-26 00:00:02.343831,2026-04-26 00:04:01.980609,5,5,5,5,1.0,1.0
EXPRESSO RECREIO LTDA,B35T020D00205907,-22.40967333,-42.99709841,2026-04-26,FECHADO,2026-04-26 00:00:24.296613,2026-04-26 00:04:24.054999,5,5,5,5,1.0,1.0
EXPRESSO RECREIO LTDA,B35T020D00201644,-22.89690505,-43.56154273,2026-04-26,FECHADO,2026-04-26 00:00:38.991065,2026-04-26 00:04:38.943076,5,5,5,5,1.0,1.0
EXPRESSO RECREIO LTDA,B35T020D00201591,-22.89579424,-43.56039159,2026-04-26,FECHADO,2026-04-26 00:00:48.443527,2026-04-26 00:04:48.407316,5,5,5,5,1.0,1.0
EXPRESSO RECREIO LTDA,B35T020D00201948,-22.89518007,-43.56083133,2026-04-26,FECHADO,2026-04-26 00:00:50.722936,2026-04-26 00:04:50.579571,5,5,5,5,1.0,1.0
EXPRESSO RECREIO LTDA,B35T020D00203459,-22.89574532,-43.56039733,2026-04-26,FECHADO,2026-04-26 00:00:07.161282,2026-04-26 00:04:07.004874,5,5,5,5,1.0,1.0
EXPRESSO RECREIO LTDA,B35T020D00210192,-22.89520346,-43.56093834,2026-04-26,FECHADO,2026-04-26 00:00:45.788266,2026-04-26 00:04:46.157182,5,5,5,5,1.0,1.0
EXPRESSO RECREIO LTDA,B35T020D00206553,-22.89524398,-43.56091591,2026-04-26,FECHADO,2026-04-26 00:00:50.355359,2026-04-26 00:04:50.661063,5,5,5,5,1.0,1.0
EXPRESSO RECREIO LTDA,B35T020D00208254,-22.89570801,-43.56032641,2026-04-26,FECHADO,2026-04-26 00:00:37.783802,2026-04-26 00:04:37.756733,5,5,5,5,1.0,1.0
EXPRESSO RECREIO LTDA,B35T020D00209062,-22.89580937,-43.5611257,2026-04-26,FECHADO,2026-04-26 00:00:55.374258,2026-04-26 00:04:55.742502,5,5,5,5,1.0,1.0
EXPRESSO RECREIO LTDA,B35T020D00207969,-22.8955811,-43.56091472,2026-04-26,FECHADO,2026-04-26 00:00:21.91822,2026-04-26 00:04:21.836061,5,5,5,5,1.0,1.0
EXPRESSO RECREIO LTDA,B35T020D00201637,-22.89643354,-43.56077566,2026-04-26,FECHADO,2026-04-26 00:00:14.789969,2026-04-26 00:04:14.442226,5,5,5,5,1.0,1.0
EXPRESSO RECREIO LTDA,B35T020D00207711,-22.89602375,-43.56030026,2026-04-26,FECHADO,2026-04-26 00:00:46.509907,2026-04-26 00:04:46.618849,5,5,5,5,1.0,1.0
EXPRESSO RECREIO LTDA,B35T020D00202444,-22.89533587,-43.56101458,2026-04-26,FECHADO,2026-04-26 00:00:21.989091,2026-04-26 00:04:21.837965,5,5,5,5,1.0,1.0
EXPRESSO RECREIO LTDA,B35T020D00202573,-22.8952483,-43.56106754,2026-04-26,FECHADO,2026-04-26 00:00:25.962663,2026-04-26 00:04:25.531452,5,5,5,5,1.0,1.0
EXPRESSO RECREIO LTDA,B35T020D00209245,-22.89659315,-43.56133258,2026-04-26,FECHADO,2026-04-26 00:00:50.085056,2026-04-26 00:04:50.267739,5,5,5,5,1.0,1.0
EXPRESSO RECREIO LTDA,B35T020D00209248,-22.89509019,-43.56071865,2026-04-26,FECHADO,2026-04-26 00:00:17.057817,2026-04-26 00:04:16.613316,5,5,5,5,1.0,1.0
EXPRESSO RECREIO LTDA,B35T020D00202478,-22.89660764,-43.56112199,2026-04-26,FECHADO,2026-04-26 00:00:41.700786,2026-04-26 00:04:41.602958,5,5,5,5,1.0,1.0
EXPRESSO RECREIO LTDA,B35T020D00201414,-22.89603817,-43.56031497,2026-04-26,FECHADO,2026-04-26 00:00:33.87342,2026-04-26 00:04:33.681091,5,5,5,5,1.0,1.0
EXPRESSO RECREIO LTDA,B35T020D00208544,-22.89579776,-43.56034658,2026-04-26,FECHADO,2026-04-26 00:00:06.577082,2026-04-26 00:04:06.472138,5,5,5,5,1.0,1.0
GIRE  TRANSPORTES LTDA,B35T020D00201643,-22.80574655,-43.30634059,2026-04-26,FECHADO,2026-04-26 00:00:53.351437,2026-04-26 00:04:53.513233,5,5,5,5,1.0,1.0
GIRE  TRANSPORTES LTDA,B35T020D00201871,-22.8679533,-43.25867642,2026-04-26,FECHADO,2026-04-26 00:00:46.62082,2026-04-26 00:04:46.976005,5,5,5,5,1.0,1.0
GIRE  TRANSPORTES LTDA,B35T020D00203079,-22.86773714,-43.2587069,2026-04-26,FECHADO,2026-04-26 00:00:54.806621,2026-04-26 00:04:55.236781,5,5,5,5,1.0,1.0
GIRE  TRANSPORTES LTDA,B35T020D00202726,-22.86731397,-43.25867655,2026-04-26,FECHADO,2026-04-26 00:00:21.015656,2026-04-26 00:04:20.845393,5,5,5,5,1.0,1.0
GIRE  TRANSPORTES LTDA,B35T020D00203935,-22.80621768,-43.30595991,2026-04-26,FECHADO,2026-04-26 00:00:15.07572,2026-04-26 00:04:15.08871,5,5,5,5,1.0,1.0
GIRE  TRANSPORTES LTDA,B35T020D00204604,-22.86743049,-43.25843383,2026-04-26,FECHADO,2026-04-26 00:00:38.65866,2026-04-26 00:04:38.4907,5,5,5,5,1.0,1.0
GIRE  TRANSPORTES LTDA,B35T020D00201014,-22.80568327,-43.3060322,2026-04-26,FECHADO,2026-04-26 00:00:05.857358,2026-04-26 00:04:05.529285,5,5,5,5,1.0,1.0
GIRE  TRANSPORTES LTDA,B35T020D00202822,-22.86793306,-43.25861117,2026-04-26,FECHADO,2026-04-26 00:00:09.44392,2026-04-26 00:04:09.093538,5,5,5,5,1.0,1.0
GIRE  TRANSPORTES LTDA,B35T020D00204682,-22.8062687,-43.30602456,2026-04-26,FECHADO,2026-04-26 00:00:05.331765,2026-04-26 00:04:05.098898,5,5,5,5,1.0,1.0
GIRE  TRANSPORTES LTDA,B35T020D00200907,-22.86772515,-43.258901,2026-04-26,FECHADO,2026-04-26 00:00:23.193665,2026-04-26 00:04:22.806451,5,5,5,5,1.0,1.0
GIRE  TRANSPORTES LTDA,B35T020D00203985,-22.80564552,-43.30621289,2026-04-26,FECHADO,2026-04-26 00:00:35.847791,2026-04-26 00:04:35.674612,5,5,5,5,1.0,1.0
GIRE  TRANSPORTES LTDA,B35T020D00203811,-22.80600012,-43.30628455,2026-04-26,FECHADO,2026-04-26 00:00:35.160282,2026-04-26 00:04:34.924274,5,5,5,5,1.0,1.0
GIRE  TRANSPORTES LTDA,B35T020D00201608,-22.80641287,-43.30613934,2026-04-26,FECHADO,2026-04-26 00:00:25.326647,2026-04-26 00:04:24.980799,5,5,5,5,1.0,1.0
GIRE  TRANSPORTES LTDA,B35T020D00201647,-22.80545177,-43.30600559,2026-04-26,FECHADO,2026-04-26 00:00:40.89872,2026-04-26 00:04:40.790519,5,5,5,5,1.0,1.0
GIRE  TRANSPORTES LTDA,B35T020D00209589,-22.80553348,-43.30606723,2026-04-26,FECHADO,2026-04-26 00:00:41.64053,2026-04-26 00:04:41.715915,5,5,5,5,1.0,1.0
GIRE  TRANSPORTES LTDA,B35T020D00207896,-22.80620809,-43.3060299,2026-04-26,FECHADO,2026-04-26 00:00:44.858814,2026-04-26 00:04:45.128216,5,5,5,5,1.0,1.0
GIRE  TRANSPORTES LTDA,B35T020D00201050,-22.80551025,-43.30621337,2026-04-26,FECHADO,2026-04-26 00:00:36.200551,2026-04-26 00:04:36.110105,5,5,5,5,1.0,1.0
GIRE  TRANSPORTES LTDA,B35T020D00207842,-22.80612148,-43.30622945,2026-04-26,FECHADO,2026-04-26 00:00:47.536461,2026-04-26 00:04:47.553593,5,5,5,5,1.0,1.0
GIRE  TRANSPORTES LTDA,B35T020D00209586,-22.80550179,-43.30610774,2026-04-26,FECHADO,2026-04-26 00:00:17.605427,2026-04-26 00:04:17.280575,5,5,5,5,1.0,1.0
GIRE  TRANSPORTES LTDA,B35T020D00201247,-22.80614506,-43.30621899,2026-04-26,FECHADO,2026-04-26 00:00:49.214948,2026-04-26 00:04:49.447641,5,5,5,5,1.0,1.0
GIRE  TRANSPORTES LTDA,B35T020D00202569,-22.86783631,-43.25861688,2026-04-26,FECHADO,2026-04-26 00:00:29.386935,2026-04-26 00:04:29.454866,5,5,5,5,1.0,1.0
GIRE  TRANSPORTES LTDA,B35T020D00201349,-22.86782447,-43.25875439,2026-04-26,FECHADO,2026-04-26 00:00:31.944789,2026-04-26 00:04:33.418293,5,5,5,5,1.0,1.0
GIRE  TRANSPORTES LTDA,B35T020D00206586,-22.80589151,-43.30615113,2026-04-26,FECHADO,2026-04-26 00:00:27.84884,2026-04-26 00:04:27.787165,5,5,5,5,1.0,1.0
GIRE  TRANSPORTES LTDA,B35T020D00207200,-22.8062808,-43.30621627,2026-04-26,FECHADO,2026-04-26 00:00:26.807654,2026-04-26 00:04:26.666895,5,5,5,5,1.0,1.0
GIRE  TRANSPORTES LTDA,B35T020D00202929,-22.80539496,-43.30594563,2026-04-26,FECHADO,2026-04-26 00:00:43.978168,2026-04-26 00:04:44.183282,5,5,5,5,1.0,1.0
GIRE  TRANSPORTES LTDA,B35T020D00209803,-22.80608408,-43.30629651,2026-04-26,FECHADO,2026-04-26 00:00:06.997082,2026-04-26 00:04:06.87728,5,5,5,5,1.0,1.0
GIRE  TRANSPORTES LTDA,B35T020D00207615,-22.80611214,-43.30638662,2026-04-26,FECHADO,2026-04-26 00:00:41.77691,2026-04-26 00:04:41.677518,5,5,5,5,1.0,1.0
GIRE  TRANSPORTES LTDA,B35T020D00209806,-22.80560396,-43.30629025,2026-04-26,FECHADO,2026-04-26 00:00:45.832035,2026-04-26 00:04:45.840066,5,5,5,5,1.0,1.0
GIRE  TRANSPORTES LTDA,B35T020D00203500,-22.80551662,-43.30610049,2026-04-26,FECHADO,2026-04-26 00:00:24.66627,2026-04-26 00:04:24.489684,5,5,5,5,1.0,1.0
GIRE  TRANSPORTES LTDA,B35T020D00201642,-22.80556053,-43.30617751,2026-04-26,FECHADO,2026-04-26 00:00:40.364374,2026-04-26 00:04:40.025312,5,5,5,5,1.0,1.0
GIRE  TRANSPORTES LTDA,B35T020D00209247,-22.86773257,-43.25885764,2026-04-26,FECHADO,2026-04-26 00:00:15.817383,2026-04-26 00:04:15.482813,5,5,5,5,1.0,1.0
GIRE  TRANSPORTES LTDA,B35T020D00201242,-22.8062318,-43.30617381,2026-04-26,FECHADO,2026-04-26 00:00:01.163279,2026-04-26 00:04:01.124021,5,5,5,5,1.0,1.0
GIRE  TRANSPORTES LTDA,B35T020D00209228,-22.80560726,-43.30601843,2026-04-26,FECHADO,2026-04-26 00:00:03.257589,2026-04-26 00:04:02.811087,5,5,5,5,1.0,1.0
GIRE  TRANSPORTES LTDA,B35T020D00204681,-22.86774732,-43.2587898,2026-04-26,FECHADO,2026-04-26 00:00:00.233741,2026-04-26 00:04:00.071494,5,5,5,5,1.0,1.0
GIRE  TRANSPORTES LTDA,B35T020D00201018,-22.80620245,-43.30592618,2026-04-26,FECHADO,2026-04-26 00:00:17.972432,2026-04-26 00:04:17.522582,5,5,5,5,1.0,1.0
GIRE  TRANSPORTES LTDA,B35T020D00201645,-22.80554162,-43.30598102,2026-04-26,FECHADO,2026-04-26 00:00:49.169793,2026-04-26 00:04:49.309513,5,5,5,5,1.0,1.0
GIRE  TRANSPORTES LTDA,B35T020D00201213,-22.80552751,-43.30586597,2026-04-26,FECHADO,2026-04-26 00:00:52.540198,2026-04-26 00:04:52.921624,5,5,5,5,1.0,1.0
GIRE  TRANSPORTES LTDA,B35T020D00203219,-22.86780283,-43.25871723,2026-04-26,FECHADO,2026-04-26 00:00:48.269427,2026-04-26 00:04:48.569025,5,5,5,5,1.0,1.0
GIRE  TRANSPORTES LTDA,B35T020D00204126,-22.80659426,-43.30605342,2026-04-26,FECHADO,2026-04-26 00:00:27.890372,2026-04-26 00:04:27.826737,5,5,5,5,1.0,1.0
GIRE  TRANSPORTES LTDA,B35T020D00201347,-22.86739194,-43.25844119,2026-04-26,FECHADO,2026-04-26 00:00:25.56832,2026-04-26 00:04:25.21919,5,5,5,5,1.0,1.0
GIRE  TRANSPORTES LTDA,B35T020D00204157,-22.80626151,-43.3060071,2026-04-26,FECHADO,2026-04-26 00:00:06.164034,2026-04-26 00:04:06.076068,5,5,5,5,1.0,1.0
GIRE  TRANSPORTES LTDA,B35T020D00209804,-22.86747851,-43.23278061,2026-04-26,FECHADO,2026-04-26 00:00:55.097002,2026-04-26 00:04:55.343098,5,5,5,5,1.0,1.0
GIRE  TRANSPORTES LTDA,B35T020D00201070,-22.80617885,-43.30624012,2026-04-26,FECHADO,2026-04-26 00:00:27.711807,2026-04-26 00:04:27.783289,5,5,5,5,1.0,1.0
GIRE  TRANSPORTES LTDA,B35T020D00204152,-22.80652294,-43.30577843,2026-04-26,FECHADO,2026-04-26 00:00:33.061061,2026-04-26 00:04:32.898701,5,5,5,5,1.0,1.0
GIRE  TRANSPORTES LTDA,B35T020D00201640,-22.86774716,-43.25869013,2026-04-26,FECHADO,2026-04-26 00:00:23.093337,2026-04-26 00:04:23.149428,5,5,5,5,1.0,1.0
GIRE  TRANSPORTES LTDA,B35T020D00208632,-22.80544168,-43.30615316,2026-04-26,FECHADO,2026-04-26 00:00:59.735618,2026-04-26 00:04:59.739793,5,5,5,5,1.0,1.0
GIRE  TRANSPORTES LTDA,B35T020D00204603,-22.86774913,-43.25874526,2026-04-26,FECHADO,2026-04-26 00:00:45.450967,2026-04-26 00:04:45.736344,5,5,5,5,1.0,1.0
GIRE  TRANSPORTES LTDA,B35T020D00205439,-22.86759273,-43.25876503,2026-04-26,FECHADO,2026-04-26 00:00:31.047422,2026-04-26 00:04:31.04366,5,5,5,5,1.0,1.0
GIRE  TRANSPORTES LTDA,B35T020D00201026,-22.8056246,-43.30616239,2026-04-26,FECHADO,2026-04-26 00:00:43.551078,2026-04-26 00:04:43.950103,5,5,5,5,1.0,1.0
GIRE  TRANSPORTES LTDA,B35T020D00201022,-22.8062621,-43.30599725,2026-04-26,FECHADO,2026-04-26 00:00:21.270721,2026-04-26 00:04:21.100265,5,5,5,5,1.0,1.0
GIRE  TRANSPORTES LTDA,B35T020D00207614,-22.8061994,-43.30602976,2026-04-26,FECHADO,2026-04-26 00:00:37.493231,2026-04-26 00:04:37.144146,5,5,5,5,1.0,1.0
GIRE  TRANSPORTES LTDA,B35T020D00204396,-22.80554426,-43.30619141,2026-04-26,FECHADO,2026-04-26 00:00:19.231449,2026-04-26 00:04:18.865784,5,5,5,5,1.0,1.0
GIRE  TRANSPORTES LTDA,B35T020D00204020,-22.86781109,-43.25865195,2026-04-26,FECHADO,2026-04-26 00:00:10.974685,2026-04-26 00:04:10.707692,5,5,5,5,1.0,1.0
GIRE  TRANSPORTES LTDA,B35T020D00201069,-22.80555285,-43.30618165,2026-04-26,FECHADO,2026-04-26 00:00:12.231675,2026-04-26 00:04:11.802018,5,5,5,5,1.0,1.0
GIRE  TRANSPORTES LTDA,B35T020D00202930,-22.80563748,-43.30613538,2026-04-26,FECHADO,2026-04-26 00:00:53.515474,2026-04-26 00:04:53.524158,5,5,5,5,1.0,1.0
GIRE  TRANSPORTES LTDA,B35T020D00204153,-22.80589472,-43.30623187,2026-04-26,FECHADO,2026-04-26 00:00:46.484937,2026-04-26 00:04:46.494744,5,5,5,5,1.0,1.0
GIRE  TRANSPORTES LTDA,B35T020D00203218,-22.80599193,-43.30620016,2026-04-26,FECHADO,2026-04-26 00:00:02.436686,2026-04-26 00:04:02.288336,5,5,5,5,1.0,1.0
GIRE  TRANSPORTES LTDA,B35T020D00204684,-22.80541473,-43.30599157,2026-04-26,FECHADO,2026-04-26 00:00:05.687304,2026-04-26 00:04:05.475563,5,5,5,5,1.0,1.0
GIRE  TRANSPORTES LTDA,B35T020D00202300,-22.80570071,-43.30621601,2026-04-26,FECHADO,2026-04-26 00:00:40.227785,2026-04-26 00:04:40.287164,5,5,5,5,1.0,1.0
GIRE  TRANSPORTES LTDA,B35T020D00207680,-22.80553326,-43.3060378,2026-04-26,FECHADO,2026-04-26 00:00:37.70679,2026-04-26 00:04:37.418128,5,5,5,5,1.0,1.0
GIRE  TRANSPORTES LTDA,B35T020D00209246,-22.86787567,-43.25860459,2026-04-26,FECHADO,2026-04-26 00:00:31.122075,2026-04-26 00:04:30.94641,5,5,5,5,1.0,1.0
GIRE  TRANSPORTES LTDA,B35T020D00205501,-22.86750181,-43.25858683,2026-04-26,FECHADO,2026-04-26 00:00:37.087256,2026-04-26 00:04:36.904965,5,5,5,5,1.0,1.0
GIRE  TRANSPORTES LTDA,B35T020D00205498,-22.86766843,-43.25873701,2026-04-26,FECHADO,2026-04-26 00:00:25.283422,2026-04-26 00:04:25.079733,5,5,5,5,1.0,1.0
GIRE  TRANSPORTES LTDA,B35T020D00203945,-22.86763177,-43.25888318,2026-04-26,FECHADO,2026-04-26 00:00:57.732578,2026-04-26 00:04:57.91489,5,5,5,5,1.0,1.0
GIRE  TRANSPORTES LTDA,B35T020D00200981,-22.86778934,-43.25856694,2026-04-26,FECHADO,2026-04-26 00:00:56.796127,2026-04-26 00:04:57.13493,5,5,5,5,1.0,1.0
GIRE  TRANSPORTES LTDA,B35T020D00202727,-22.8674649,-43.25845211,2026-04-26,FECHADO,2026-04-26 00:00:06.829471,2026-04-26 00:04:06.43214,5,5,5,5,1.0,1.0
GIRE  TRANSPORTES LTDA,B35T020D00201345,-22.80583891,-43.3063268,2026-04-26,FECHADO,2026-04-26 00:00:50.696292,2026-04-26 00:04:51.054467,5,5,5,5,1.0,1.0
GIRE  TRANSPORTES LTDA,B35T020D00209590,-22.80624384,-43.30608729,2026-04-26,FECHADO,2026-04-26 00:00:50.750417,2026-04-26 00:04:50.898894,5,5,5,5,1.0,1.0
GIRE  TRANSPORTES LTDA,B35T020D00209841,-22.86779372,-43.25864798,2026-04-26,FECHADO,2026-04-26 00:00:32.244841,2026-04-26 00:04:32.058696,5,5,5,5,1.0,1.0
GIRE  TRANSPORTES LTDA,B35T020D00204451,-22.86775173,-43.25879536,2026-04-26,FECHADO,2026-04-26 00:00:20.331325,2026-04-26 00:04:19.87317,5,5,5,5,1.0,1.0
GIRE  TRANSPORTES LTDA,B35T020D00201023,-22.80556405,-43.30614711,2026-04-26,FECHADO,2026-04-26 00:00:02.064811,2026-04-26 00:04:00.865164,5,5,5,5,1.0,1.0
GIRE  TRANSPORTES LTDA,B35T020D00201641,-22.80625224,-43.30588748,2026-04-26,FECHADO,2026-04-26 00:00:05.840561,2026-04-26 00:04:05.75924,5,5,5,5,1.0,1.0
GIRE  TRANSPORTES LTDA,B35T020D00208264,-22.80550719,-43.30603005,2026-04-26,FECHADO,2026-04-26 00:00:40.475248,2026-04-26 00:04:40.468631,5,5,5,5,1.0,1.0
GIRE  TRANSPORTES LTDA,B35T020D00210486,-22.86764491,-43.25856659,2026-04-26,FECHADO,2026-04-26 00:00:05.57346,2026-04-26 00:04:05.5066,5,5,5,5,1.0,1.0
GIRE  TRANSPORTES LTDA,B35T020D00201271,-22.86789089,-43.25884802,2026-04-26,FECHADO,2026-04-26 00:00:13.474948,2026-04-26 00:04:13.1174,5,5,5,5,1.0,1.0
GIRE  TRANSPORTES LTDA,B35T020D00205711,-22.80606715,-43.30585571,2026-04-26,FECHADO,2026-04-26 00:00:10.029865,2026-04-26 00:04:09.620457,5,5,5,5,1.0,1.0
GIRE  TRANSPORTES LTDA,B35T020D00201638,-22.80626946,-43.30600613,2026-04-26,FECHADO,2026-04-26 00:00:21.885245,2026-04-26 00:04:21.872279,5,5,5,5,1.0,1.0
GIRE  TRANSPORTES LTDA,B35T020D00201269,-22.8676665,-43.25876126,2026-04-26,FECHADO,2026-04-26 00:00:30.338591,2026-04-26 00:04:30.220959,5,5,5,5,1.0,1.0
GIRE  TRANSPORTES LTDA,B35T020D00208547,-22.86778717,-43.25866373,2026-04-26,FECHADO,2026-04-26 00:00:00.624449,2026-04-26 00:04:00.441681,5,5,5,5,1.0,1.0
REAL AUTO ONIBUS LTDA,B35T020D00207019,-24.46154157,-47.81799444,2026-04-26,FECHADO,2026-04-26 00:00:54.152229,2026-04-26 00:04:54.860193,5,5,5,5,1.0,1.0
RODOVIARIA A. MATIAS LTDA.,B35T020D00206110,-22.90240752,-43.29911447,2026-04-26,FECHADO,2026-04-26 00:00:23.672802,2026-04-26 00:04:23.237803,5,5,5,5,1.0,1.0
RODOVIARIA A. MATIAS LTDA.,B35T020D00202363,-22.90216097,-43.29833786,2026-04-26,FECHADO,2026-04-26 00:00:25.663617,2026-04-26 00:04:25.521036,5,5,5,5,1.0,1.0
RODOVIARIA A. MATIAS LTDA.,B35T020D00201087,-22.90272017,-43.29778009,2026-04-26,FECHADO,2026-04-26 00:00:15.342534,2026-04-26 00:04:15.194139,5,5,5,5,1.0,1.0
RODOVIARIA A. MATIAS LTDA.,B35T020D00201065,-22.90246473,-43.29785243,2026-04-26,FECHADO,2026-04-26 00:00:27.371367,2026-04-26 00:04:27.115679,5,5,5,5,1.0,1.0
RODOVIARIA A. MATIAS LTDA.,B35T020D00207082,-22.90250216,-43.29767432,2026-04-26,FECHADO,2026-04-26 00:00:10.923006,2026-04-26 00:04:10.595044,5,5,5,5,1.0,1.0
RODOVIARIA A. MATIAS LTDA.,B35T020D00206578,-22.90256088,-43.29780113,2026-04-26,FECHADO,2026-04-26 00:00:45.768701,2026-04-26 00:04:45.644538,5,5,5,5,1.0,1.0
RODOVIARIA A. MATIAS LTDA.,B35T020D00206772,-22.90228257,-43.29964835,2026-04-26,FECHADO,2026-04-26 00:00:24.329488,2026-04-26 00:04:24.192606,5,5,5,5,1.0,1.0
RODOVIARIA A. MATIAS LTDA.,B35T020D00210677,-22.90243316,-43.29877795,2026-04-26,FECHADO,2026-04-26 00:00:51.697041,2026-04-26 00:04:51.574109,5,5,5,5,1.0,1.0
RODOVIARIA A. MATIAS LTDA.,B35T020D00202361,-22.90192785,-43.29840946,2026-04-26,FECHADO,2026-04-26 00:00:22.294578,2026-04-26 00:04:21.878817,5,5,5,5,1.0,1.0
RODOVIARIA A. MATIAS LTDA.,B35T020D00207253,-22.90276201,-43.29802638,2026-04-26,FECHADO,2026-04-26 00:00:31.160619,2026-04-26 00:04:31.225672,5,5,5,5,1.0,1.0
RODOVIARIA A. MATIAS LTDA.,B35T020D00204551,-22.90226554,-43.29836376,2026-04-26,FECHADO,2026-04-26 00:00:26.621046,2026-04-26 00:04:26.629513,5,5,5,5,1.0,1.0
RODOVIARIA A. MATIAS LTDA.,B35T020D00202713,-22.90213826,-43.29864205,2026-04-26,FECHADO,2026-04-26 00:00:34.455147,2026-04-26 00:04:34.088015,5,5,5,5,1.0,1.0
RODOVIARIA A. MATIAS LTDA.,B35T020D00206874,-22.90199976,-43.29850184,2026-04-26,FECHADO,2026-04-26 00:00:12.559949,2026-04-26 00:04:12.323813,5,5,5,5,1.0,1.0
RODOVIARIA A. MATIAS LTDA.,B35T020D00203554,-22.90276097,-43.29784457,2026-04-26,FECHADO,2026-04-26 00:00:21.865725,2026-04-26 00:04:21.532406,5,5,5,5,1.0,1.0
RODOVIARIA A. MATIAS LTDA.,B35T020D00202525,-22.90275259,-43.29783499,2026-04-26,FECHADO,2026-04-26 00:00:37.169687,2026-04-26 00:04:36.971302,5,5,5,5,1.0,1.0
RODOVIARIA A. MATIAS LTDA.,B35T020D00201550,-22.90224371,-43.29838643,2026-04-26,FECHADO,2026-04-26 00:00:21.159807,2026-04-26 00:04:20.942369,5,5,5,5,1.0,1.0
RODOVIARIA A. MATIAS LTDA.,B35T020D00205618,-22.90207762,-43.29852737,2026-04-26,FECHADO,2026-04-26 00:00:57.374736,2026-04-26 00:04:57.531558,5,5,5,5,1.0,1.0
RODOVIARIA A. MATIAS LTDA.,B35T020D00200957,-22.90274798,-43.29792197,2026-04-26,FECHADO,2026-04-26 00:00:16.76967,2026-04-26 00:04:16.369748,5,5,5,5,1.0,1.0
RODOVIARIA A. MATIAS LTDA.,B35T020D00204412,-22.90267001,-43.29790541,2026-04-26,FECHADO,2026-04-26 00:00:48.407767,2026-04-26 00:04:48.514081,5,5,5,5,1.0,1.0
RODOVIARIA A. MATIAS LTDA.,B35T020D00209065,-22.90278335,-43.2979744,2026-04-26,FECHADO,2026-04-26 00:00:56.928463,2026-04-26 00:04:57.155504,5,5,5,5,1.0,1.0
RODOVIARIA A. MATIAS LTDA.,B35T020D00205378,-22.90258686,-43.29780606,2026-04-26,FECHADO,2026-04-26 00:00:41.786755,2026-04-26 00:04:41.379064,5,5,5,5,1.0,1.0
RODOVIARIA A. MATIAS LTDA.,B35T020D00205790,-22.90252387,-43.29848607,2026-04-26,FECHADO,2026-04-26 00:00:24.352021,2026-04-26 00:04:24.196753,5,5,5,5,1.0,1.0
RODOVIARIA A. MATIAS LTDA.,B35T020D00201110,-22.9023669,-43.29872569,2026-04-26,FECHADO,2026-04-26 00:00:37.578873,2026-04-26 00:04:37.262691,5,5,5,5,1.0,1.0
RODOVIARIA A. MATIAS LTDA.,B35T020D00203797,-22.90271113,-43.29801002,2026-04-26,FECHADO,2026-04-26 00:00:50.923981,2026-04-26 00:04:51.05923,5,5,5,5,1.0,1.0
RODOVIARIA A. MATIAS LTDA.,B35T020D00200752,-22.90211172,-43.29852777,2026-04-26,FECHADO,2026-04-26 00:00:47.163916,2026-04-26 00:04:47.253197,5,5,5,5,1.0,1.0
RODOVIARIA A. MATIAS LTDA.,B35T020D00204415,-22.9026268,-43.29776259,2026-04-26,FECHADO,2026-04-26 00:00:44.647693,2026-04-26 00:04:44.743493,5,5,5,5,1.0,1.0
RODOVIARIA A. MATIAS LTDA.,B35T020D00204491,-22.90251422,-43.29905989,2026-04-26,FECHADO,2026-04-26 00:00:05.663875,2026-04-26 00:04:05.294588,5,5,5,5,1.0,1.0
RODOVIARIA A. MATIAS LTDA.,B35T020D00203193,-22.9025086,-43.29790789,2026-04-26,FECHADO,2026-04-26 00:00:05.304191,2026-04-26 00:04:05.290351,5,5,5,5,1.0,1.0
RODOVIARIA A. MATIAS LTDA.,B35T020D00204095,-22.90194679,-43.29854479,2026-04-26,FECHADO,2026-04-26 00:00:06.113358,2026-04-26 00:04:05.804964,5,5,5,5,1.0,1.0
RODOVIARIA A. MATIAS LTDA.,B35T020D00208863,-22.90194428,-43.29858501,2026-04-26,FECHADO,2026-04-26 00:00:50.095891,2026-04-26 00:04:49.914817,5,5,5,5,1.0,1.0
RODOVIARIA A. MATIAS LTDA.,B35T020D00201817,-22.90250695,-43.29923549,2026-04-26,FECHADO,2026-04-26 00:00:47.083125,2026-04-26 00:04:47.732119,5,5,5,5,1.0,1.0
RODOVIARIA A. MATIAS LTDA.,B35T020D00206571,-22.90196396,-43.29825809,2026-04-26,FECHADO,2026-04-26 00:00:13.409386,2026-04-26 00:04:13.314402,5,5,5,5,1.0,1.0
RODOVIARIA A. MATIAS LTDA.,B35T020D00201774,-22.90264481,-43.29920486,2026-04-26,FECHADO,2026-04-26 00:00:25.14027,2026-04-26 00:04:24.760262,5,5,5,5,1.0,1.0
RODOVIARIA A. MATIAS LTDA.,B35T020D00204413,-22.90196604,-43.29845564,2026-04-26,FECHADO,2026-04-26 00:00:07.38484,2026-04-26 00:04:07.241792,5,5,5,5,1.0,1.0
RODOVIARIA A. MATIAS LTDA.,B35T020D00202429,-22.90225285,-43.29928104,2026-04-26,FECHADO,2026-04-26 00:00:38.87011,2026-04-26 00:04:38.762869,5,5,5,5,1.0,1.0
RODOVIARIA A. MATIAS LTDA.,B35T020D00204489,-22.90255578,-43.29765224,2026-04-26,FECHADO,2026-04-26 00:00:21.113804,2026-04-26 00:04:20.779861,5,5,5,5,1.0,1.0
RODOVIARIA A. MATIAS LTDA.,B35T020D00202360,-22.90209189,-43.29857039,2026-04-26,FECHADO,2026-04-26 00:00:18.027157,2026-04-26 00:04:17.592977,5,5,5,5,1.0,1.0
RODOVIARIA A. MATIAS LTDA.,B35T020D00203234,-22.90276717,-43.29808803,2026-04-26,FECHADO,2026-04-26 00:00:07.909165,2026-04-26 00:04:07.796779,5,5,5,5,1.0,1.0
RODOVIARIA A. MATIAS LTDA.,B35T020D00210031,-22.90212987,-43.29952745,2026-04-26,FECHADO,2026-04-26 00:00:17.546116,2026-04-26 00:04:17.15106,5,5,5,5,1.0,1.0
RODOVIARIA A. MATIAS LTDA.,B35T020D00206577,-22.90209964,-43.29949259,2026-04-26,FECHADO,2026-04-26 00:00:12.359763,2026-04-26 00:04:12.167653,5,5,5,5,1.0,1.0
RODOVIARIA A. MATIAS LTDA.,B35T020D00202958,-22.90264756,-43.2980099,2026-04-26,FECHADO,2026-04-26 00:00:43.025597,2026-04-26 00:04:43.182226,5,5,5,5,1.0,1.0
RODOVIARIA A. MATIAS LTDA.,B35T020D00207883,-22.90251329,-43.29791252,2026-04-26,FECHADO,2026-04-26 00:00:33.231052,2026-04-26 00:04:33.198737,5,5,5,5,1.0,1.0
RODOVIARIA A. MATIAS LTDA.,B35T020D00210563,-22.90245546,-43.29801882,2026-04-26,FECHADO,2026-04-26 00:00:20.901509,2026-04-26 00:04:20.824784,5,5,5,5,1.0,1.0
RODOVIARIA A. MATIAS LTDA.,B35T020D00206631,-22.90273406,-43.29779197,2026-04-26,FECHADO,2026-04-26 00:00:54.833005,2026-04-26 00:04:54.969747,5,5,5,5,1.0,1.0
RODOVIARIA A. MATIAS LTDA.,B35T020D00203198,-22.90230612,-43.29853334,2026-04-26,FECHADO,2026-04-26 00:00:35.927261,2026-04-26 00:04:35.64655,5,5,5,5,1.0,1.0
RODOVIARIA A. MATIAS LTDA.,B35T020D00201441,-22.90269023,-43.29792037,2026-04-26,FECHADO,2026-04-26 00:00:13.84355,2026-04-26 00:04:13.394336,5,5,5,5,1.0,1.0
RODOVIARIA A. MATIAS LTDA.,B35T020D00201443,-22.90276278,-43.29777813,2026-04-26,FECHADO,2026-04-26 00:00:31.556829,2026-04-26 00:04:31.183737,5,5,5,5,1.0,1.0
RODOVIARIA A. MATIAS LTDA.,B35T020D00207080,-22.90257047,-43.29774708,2026-04-26,FECHADO,2026-04-26 00:00:53.258881,2026-04-26 00:04:53.368387,5,5,5,5,1.0,1.0
RODOVIARIA A. MATIAS LTDA.,B35T020D00204492,-22.90195293,-43.29853633,2026-04-26,FECHADO,2026-04-26 00:00:02.960504,2026-04-26 00:04:02.654733,5,5,5,5,1.0,1.0
RODOVIARIA A. MATIAS LTDA.,B35T020D00201337,-22.90271284,-43.29788792,2026-04-26,FECHADO,2026-04-26 00:00:26.444198,2026-04-26 00:04:26.459733,5,5,5,5,1.0,1.0
RODOVIARIA A. MATIAS LTDA.,B35T020D00205436,-22.90223833,-43.29844943,2026-04-26,FECHADO,2026-04-26 00:00:31.302501,2026-04-26 00:04:31.076715,5,5,5,5,1.0,1.0
RODOVIARIA A. MATIAS LTDA.,B35T020D00207829,-22.90231959,-43.29852117,2026-04-26,FECHADO,2026-04-26 00:00:27.587755,2026-04-26 00:04:27.442448,5,5,5,5,1.0,1.0
RODOVIARIA A. MATIAS LTDA.,B35T020D00208088,-22.90255242,-43.29769797,2026-04-26,FECHADO,2026-04-26 00:00:13.364476,2026-04-26 00:04:12.98491,5,5,5,5,1.0,1.0
RODOVIARIA A. MATIAS LTDA.,B35T020D00208901,-22.90237141,-43.29915738,2026-04-26,FECHADO,2026-04-26 00:00:37.745774,2026-04-26 00:04:37.702881,5,5,5,5,1.0,1.0
RODOVIARIA A. MATIAS LTDA.,B35T020D00206632,-22.90243665,-43.29763727,2026-04-26,FECHADO,2026-04-26 00:00:52.718927,2026-04-26 00:04:53.48571,5,5,5,5,1.0,1.0
RODOVIARIA A. MATIAS LTDA.,B35T020D00202403,-22.90252253,-43.29770686,2026-04-26,FECHADO,2026-04-26 00:00:59.57324,2026-04-26 00:04:59.628859,5,5,5,5,1.0,1.0
RODOVIARIA A. MATIAS LTDA.,B35T020D00201112,-22.90182267,-43.29837176,2026-04-26,FECHADO,2026-04-26 00:00:00.413336,2026-04-26 00:04:00.261114,5,5,5,5,1.0,1.0
RODOVIARIA A. MATIAS LTDA.,B35T020D00202400,-22.90188552,-43.29852166,2026-04-26,FECHADO,2026-04-26 00:00:15.835845,2026-04-26 00:04:15.9278,5,5,5,5,1.0,1.0
RODOVIARIA A. MATIAS LTDA.,B35T020D00203505,-22.90218488,-43.29847078,2026-04-26,FECHADO,2026-04-26 00:00:13.530735,2026-04-26 00:04:12.944851,5,5,5,5,1.0,1.0
RODOVIARIA A. MATIAS LTDA.,B35T020D00207268,-22.90217557,-43.29962012,2026-04-26,FECHADO,2026-04-26 00:00:14.869492,2026-04-26 00:04:14.466749,5,5,5,5,1.0,1.0
RODOVIARIA A. MATIAS LTDA.,B35T020D00201259,-22.90243585,-43.29900805,2026-04-26,FECHADO,2026-04-26 00:00:27.475916,2026-04-26 00:04:27.102724,5,5,5,5,1.0,1.0
RODOVIARIA A. MATIAS LTDA.,B35T020D00207886,-22.90252922,-43.29874899,2026-04-26,FECHADO,2026-04-26 00:00:05.007793,2026-04-26 00:04:04.883121,5,5,5,5,1.0,1.0
RODOVIARIA A. MATIAS LTDA.,B35T020D00206638,-22.90249848,-43.29771805,2026-04-26,FECHADO,2026-04-26 00:00:18.478797,2026-04-26 00:04:18.125546,5,5,5,5,1.0,1.0
RODOVIARIA A. MATIAS LTDA.,B35T020D00206723,-22.90227482,-43.29843366,2026-04-26,FECHADO,2026-04-26 00:00:11.691483,2026-04-26 00:04:11.400822,5,5,5,5,1.0,1.0
RODOVIARIA A. MATIAS LTDA.,B35T020D00201176,-22.90189395,-43.29843528,2026-04-26,FECHADO,2026-04-26 00:00:58.805632,2026-04-26 00:04:58.895128,5,5,5,5,1.0,1.0
RODOVIARIA A. MATIAS LTDA.,B35T020D00206525,-22.90192649,-43.29849099,2026-04-26,FECHADO,2026-04-26 00:00:40.784744,2026-04-26 00:04:40.636934,5,5,5,5,1.0,1.0
RODOVIARIA A. MATIAS LTDA.,B35T020D00207832,-22.90206802,-43.29884158,2026-04-26,FECHADO,2026-04-26 00:00:36.982923,2026-04-26 00:04:36.803971,5,5,5,5,1.0,1.0
RODOVIARIA A. MATIAS LTDA.,B35T020D00203758,-22.90186421,-43.29829477,2026-04-26,FECHADO,2026-04-26 00:00:56.1623,2026-04-26 00:04:56.490774,5,5,5,5,1.0,1.0
RODOVIARIA A. MATIAS LTDA.,B35T020D00203567,-22.90232281,-43.29954645,2026-04-26,FECHADO,2026-04-26 00:00:59.044649,2026-04-26 00:04:59.189907,5,5,5,5,1.0,1.0
RODOVIARIA A. MATIAS LTDA.,B35T020D00202404,-22.90231282,-43.29849633,2026-04-26,FECHADO,2026-04-26 00:00:11.887092,2026-04-26 00:04:11.311885,5,5,5,5,1.0,1.0
RODOVIARIA A. MATIAS LTDA.,B35T020D00201265,-22.90247816,-43.29777785,2026-04-26,FECHADO,2026-04-26 00:00:45.642355,2026-04-26 00:04:45.993171,5,5,5,5,1.0,1.0
RODOVIARIA A. MATIAS LTDA.,B35T020D00208228,-22.90207946,-43.29877037,2026-04-26,FECHADO,2026-04-26 00:00:41.912834,2026-04-26 00:04:41.969302,5,5,5,5,1.0,1.0
RODOVIARIA A. MATIAS LTDA.,B35T020D00200750,-22.90196356,-43.29878205,2026-04-26,FECHADO,2026-04-26 00:00:47.567122,2026-04-26 00:04:47.627401,5,5,5,5,1.0,1.0
RODOVIARIA A. MATIAS LTDA.,B35T020D00201525,-22.90189657,-43.29860776,2026-04-26,FECHADO,2026-04-26 00:00:08.692428,2026-04-26 00:04:08.375081,5,5,5,5,1.0,1.0
RODOVIARIA A. MATIAS LTDA.,B35T020D00207828,-22.90223971,-43.2995999,2026-04-26,FECHADO,2026-04-26 00:00:02.381732,2026-04-26 00:04:02.329575,5,5,5,5,1.0,1.0
RODOVIARIA A. MATIAS LTDA.,B35T020D00201177,-22.90221971,-43.29954077,2026-04-26,FECHADO,2026-04-26 00:00:39.364833,2026-04-26 00:04:39.22343,5,5,5,5,1.0,1.0
RODOVIARIA A. MATIAS LTDA.,B35T020D00207541,-22.84282186,-43.25399445,2026-04-26,FECHADO,2026-04-26 00:00:31.554333,2026-04-26 00:04:31.195206,5,5,5,5,1.0,1.0
RODOVIARIA A. MATIAS LTDA.,B35T020D00201067,-22.90218561,-43.29952755,2026-04-26,FECHADO,2026-04-26 00:00:33.603688,2026-04-26 00:04:33.572025,5,5,5,5,1.0,1.0
RODOVIARIA A. MATIAS LTDA.,B35T020D00202594,-22.90201454,-43.29883132,2026-04-26,FECHADO,2026-04-26 00:00:16.754074,2026-04-26 00:04:16.398756,5,5,5,5,1.0,1.0
RODOVIARIA A. MATIAS LTDA.,B35T020D00202824,-22.90198366,-43.29860143,2026-04-26,FECHADO,2026-04-26 00:00:02.716519,2026-04-26 00:04:02.364501,5,5,5,5,1.0,1.0
RODOVIARIA A. MATIAS LTDA.,B35T020D00204369,-22.90250356,-43.29771847,2026-04-26,FECHADO,2026-04-26 00:00:09.286132,2026-04-26 00:04:09.163095,5,5,5,5,1.0,1.0
RODOVIARIA A. MATIAS LTDA.,B35T020D00204939,-22.9026703,-43.29786129,2026-04-26,FECHADO,2026-04-26 00:00:56.37916,2026-04-26 00:04:56.423995,5,5,5,5,1.0,1.0
RODOVIARIA A. MATIAS LTDA.,B35T020D00205710,-22.90210631,-43.2987412,2026-04-26,FECHADO,2026-04-26 00:00:02.568247,2026-04-26 00:04:02.385194,5,5,5,5,1.0,1.0
RODOVIARIA A. MATIAS LTDA.,B35T020D00204493,-22.90254761,-43.29772969,2026-04-26,FECHADO,2026-04-26 00:00:03.509849,2026-04-26 00:04:03.427549,5,5,5,5,1.0,1.0
RODOVIARIA A. MATIAS LTDA.,B35T020D00206360,-22.90211793,-43.2984582,2026-04-26,FECHADO,2026-04-26 00:00:55.037348,2026-04-26 00:04:55.501002,5,5,5,5,1.0,1.0
RODOVIARIA A. MATIAS LTDA.,B35T020D00204038,-22.9026921,-43.2980222,2026-04-26,FECHADO,2026-04-26 00:00:55.332447,2026-04-26 00:04:55.434633,5,5,5,5,1.0,1.0
RODOVIARIA A. MATIAS LTDA.,B35T020D00207885,-22.90181677,-43.29859754,2026-04-26,FECHADO,2026-04-26 00:00:09.843863,2026-04-26 00:04:09.837648,5,5,5,5,1.0,1.0
RODOVIARIA A. MATIAS LTDA.,B35T020D00206626,-22.90206279,-43.29887026,2026-04-26,FECHADO,2026-04-26 00:00:08.55523,2026-04-26 00:04:08.6171,5,5,5,5,1.0,1.0
RODOVIARIA A. MATIAS LTDA.,B35T020D00205265,-22.9025893,-43.29793178,2026-04-26,FECHADO,2026-04-26 00:00:19.459952,2026-04-26 00:04:19.274267,5,5,5,5,1.0,1.0
RODOVIARIA A. MATIAS LTDA.,B35T020D00202823,-22.84282479,-43.25417363,2026-04-26,FECHADO,2026-04-26 00:00:25.528369,2026-04-26 00:04:25.359477,5,5,5,5,1.0,1.0
RODOVIARIA A. MATIAS LTDA.,B35T020D00203203,-22.90189101,-43.29827021,2026-04-26,FECHADO,2026-04-26 00:00:52.819456,2026-04-26 00:04:52.977932,5,5,5,5,1.0,1.0
RODOVIARIA A. MATIAS LTDA.,B35T020D00203065,-22.90267958,-43.29771095,2026-04-26,FECHADO,2026-04-26 00:00:08.92088,2026-04-26 00:04:08.56594,5,5,5,5,1.0,1.0
RODOVIARIA A. MATIAS LTDA.,B35T020D00203393,-22.90253191,-43.29784531,2026-04-26,FECHADO,2026-04-26 00:00:03.459489,2026-04-26 00:04:03.427831,5,5,5,5,1.0,1.0
RODOVIARIA A. MATIAS LTDA.,B35T020D00206321,-22.90245261,-43.29765097,2026-04-26,FECHADO,2026-04-26 00:00:16.057564,2026-04-26 00:04:15.734044,5,5,5,5,1.0,1.0
RODOVIARIA A. MATIAS LTDA.,B35T020D00202434,-22.90272713,-43.29780306,2026-04-26,FECHADO,2026-04-26 00:00:26.123804,2026-04-26 00:04:25.828181,5,5,5,5,1.0,1.0
RODOVIARIA A. MATIAS LTDA.,B35T020D00208007,-22.90241685,-43.29799252,2026-04-26,FECHADO,2026-04-26 00:00:16.762792,2026-04-26 00:04:16.73618,5,5,5,5,1.0,1.0
RODOVIARIA A. MATIAS LTDA.,B35T020D00207079,-22.90206621,-43.29842784,2026-04-26,FECHADO,2026-04-26 00:00:19.255174,2026-04-26 00:04:18.801965,5,5,5,5,1.0,1.0
RODOVIARIA A. MATIAS LTDA.,B35T020D00206323,-22.90274731,-43.29798113,2026-04-26,FECHADO,2026-04-26 00:00:34.116891,2026-04-26 00:04:33.979338,5,5,5,5,1.0,1.0
RODOVIARIA A. MATIAS LTDA.,B35T020D00207762,-22.90241091,-43.29917975,2026-04-26,FECHADO,2026-04-26 00:00:51.961127,2026-04-26 00:04:52.345582,5,5,5,5,1.0,1.0
RODOVIARIA A. MATIAS LTDA.,B35T020D00205380,-22.9024523,-43.29908142,2026-04-26,FECHADO,2026-04-26 00:00:51.731907,2026-04-26 00:04:51.968616,5,5,5,5,1.0,1.0
RODOVIARIA A. MATIAS LTDA.,B35T020D00208407,-22.90253661,-43.29778037,2026-04-26,FECHADO,2026-04-26 00:00:31.806562,2026-04-26 00:04:31.58466,5,5,5,5,1.0,1.0
RODOVIARIA A. MATIAS LTDA.,B35T020D00201391,-22.90274647,-43.29777221,2026-04-26,FECHADO,2026-04-26 00:00:11.033313,2026-04-26 00:04:10.94758,5,5,5,5,1.0,1.0
RODOVIARIA A. MATIAS LTDA.,B35T020D00206966,-22.90279323,-43.29783159,2026-04-26,FECHADO,2026-04-26 00:00:35.992763,2026-04-26 00:04:35.861689,5,5,5,5,1.0,1.0
RODOVIARIA A. MATIAS LTDA.,B35T020D00201526,-22.90244708,-43.29921052,2026-04-26,FECHADO,2026-04-26 00:00:00.330465,2026-04-26 00:03:59.989017,4,4,5,5,1.0,1.0
RODOVIARIA A. MATIAS LTDA.,B35T020D00204592,-22.90256739,-43.29767736,2026-04-26,FECHADO,2026-04-26 00:00:40.709515,2026-04-26 00:04:40.315579,5,5,5,5,1.0,1.0
RODOVIARIA A. MATIAS LTDA.,B35T020D00201828,-22.90213149,-43.29959631,2026-04-26,FECHADO,2026-04-26 00:00:39.875816,2026-04-26 00:04:39.832462,5,5,5,5,1.0,1.0
RODOVIARIA A. MATIAS LTDA.,B35T020D00202432,-22.90205269,-43.29834399,2026-04-26,FECHADO,2026-04-26 00:00:36.384522,2026-04-26 00:04:37.010416,5,5,5,5,1.0,1.0
RODOVIARIA A. MATIAS LTDA.,B35T020D00206698,-22.90278844,-43.29771449,2026-04-26,FECHADO,2026-04-26 00:00:37.436026,2026-04-26 00:04:37.02257,5,5,5,5,1.0,1.0
RODOVIARIA A. MATIAS LTDA.,B35T020D00206994,-22.90215015,-43.29838014,2026-04-26,FECHADO,2026-04-26 00:00:51.443059,2026-04-26 00:04:51.572696,5,5,5,5,1.0,1.0
RODOVIARIA A. MATIAS LTDA.,B35T020D00202561,-22.90222108,-43.29840049,2026-04-26,FECHADO,2026-04-26 00:00:42.936248,2026-04-26 00:04:43.138155,5,5,5,5,1.0,1.0
RODOVIARIA A. MATIAS LTDA.,B35T020D00207421,-22.90265588,-43.29790848,2026-04-26,FECHADO,2026-04-26 00:00:03.331503,2026-04-26 00:04:03.255584,5,5,5,5,1.0,1.0
RODOVIARIA A. MATIAS LTDA.,B35T020D00200755,-22.90242125,-43.29796732,2026-04-26,FECHADO,2026-04-26 00:00:32.80965,2026-04-26 00:04:32.30942,5,5,5,5,1.0,1.0
RODOVIARIA A. MATIAS LTDA.,B35T020D00209016,-22.90247029,-43.29794965,2026-04-26,FECHADO,2026-04-26 00:00:16.299547,2026-04-26 00:04:15.924311,5,5,5,5,1.0,1.0
RODOVIARIA A. MATIAS LTDA.,B35T020D00208860,-22.90199782,-43.29837921,2026-04-26,FECHADO,2026-04-26 00:00:42.081379,2026-04-26 00:04:41.781453,5,5,5,5,1.0,1.0
RODOVIARIA A. MATIAS LTDA.,B35T020D00204892,-22.9022514,-43.29838985,2026-04-26,FECHADO,2026-04-26 00:00:27.272634,2026-04-26 00:04:26.940672,5,5,5,5,1.0,1.0
RODOVIARIA A. MATIAS LTDA.,B35T020D00204368,-22.90185311,-43.29853125,2026-04-26,FECHADO,2026-04-26 00:00:20.363997,2026-04-26 00:04:20.31225,5,5,5,5,1.0,1.0
RODOVIARIA A. MATIAS LTDA.,B35T020D00201111,-22.90236183,-43.29893643,2026-04-26,FECHADO,2026-04-26 00:00:26.12417,2026-04-26 00:04:25.774015,5,5,5,5,1.0,1.0
RODOVIARIA A. MATIAS LTDA.,B35T020D00207349,-22.90213099,-43.29872021,2026-04-26,FECHADO,2026-04-26 00:00:00.804877,2026-04-26 00:04:01.513026,5,5,5,5,1.0,1.0
RODOVIARIA A. MATIAS LTDA.,B35T020D00201831,-22.90239915,-43.29826468,2026-04-26,FECHADO,2026-04-26 00:00:39.728671,2026-04-26 00:04:39.166784,5,5,5,5,1.0,1.0
RODOVIARIA A. MATIAS LTDA.,B35T020D00205201,-22.90215667,-43.2983984,2026-04-26,FECHADO,2026-04-26 00:00:32.771725,2026-04-26 00:04:32.643337,5,5,5,5,1.0,1.0
RODOVIARIA A. MATIAS LTDA.,B35T020D00203236,-22.90247623,-43.29789044,2026-04-26,FECHADO,2026-04-26 00:00:31.368165,2026-04-26 00:04:30.916825,5,5,5,5,1.0,1.0
RODOVIARIA A. MATIAS LTDA.,B35T020D00210613,-22.90269309,-43.2976692,2026-04-26,FECHADO,2026-04-26 00:00:26.474509,2026-04-26 00:04:26.224358,5,5,5,5,1.0,1.0
RODOVIARIA A. MATIAS LTDA.,B35T020D00203290,-22.90234107,-43.29888912,2026-04-26,FECHADO,2026-04-26 00:00:27.069798,2026-04-26 00:04:26.764593,5,5,5,5,1.0,1.0
RODOVIARIA A. MATIAS LTDA.,B35T020D00209326,-22.90225394,-43.29950134,2026-04-26,FECHADO,2026-04-26 00:00:12.143697,2026-04-26 00:04:11.71961,5,5,5,5,1.0,1.0
RODOVIARIA A. MATIAS LTDA.,B35T020D00208405,-22.90266495,-43.29916977,2026-04-26,FECHADO,2026-04-26 00:00:23.819887,2026-04-26 00:04:23.766163,5,5,5,5,1.0,1.0
RODOVIARIA A. MATIAS LTDA.,B35T020D00208284,-22.90245232,-43.29764428,2026-04-26,FECHADO,2026-04-26 00:00:24.726251,2026-04-26 00:04:24.26418,5,5,5,5,1.0,1.0
RODOVIARIA A. MATIAS LTDA.,B35T020D00204591,-22.90215221,-43.29884829,2026-04-26,FECHADO,2026-04-26 00:00:55.928571,2026-04-26 00:04:56.009572,5,5,5,5,1.0,1.0
RODOVIARIA A. MATIAS LTDA.,B35T020D00202963,-22.90133398,-43.29796699,2026-04-26,FECHADO,2026-04-26 00:00:28.657421,2026-04-26 00:04:28.330315,5,5,5,5,1.0,1.0
RODOVIARIA A. MATIAS LTDA.,B35T020D00208703,-22.90236826,-43.29893348,2026-04-26,FECHADO,2026-04-26 00:00:20.786423,2026-04-26 00:04:20.78565,5,5,5,5,1.0,1.0
RODOVIARIA A. MATIAS LTDA.,B35T020D00207030,-22.90201179,-43.298276,2026-04-26,FECHADO,2026-04-26 00:00:25.702323,2026-04-26 00:04:25.700332,5,5,5,5,1.0,1.0
RODOVIARIA A. MATIAS LTDA.,B35T020D00201373,-22.90218156,-43.29957321,2026-04-26,FECHADO,2026-04-26 00:00:54.938855,2026-04-26 00:04:55.293718,5,5,5,5,1.0,1.0
RODOVIARIA A. MATIAS LTDA.,B35T020D00203238,-22.90248059,-43.29910271,2026-04-26,FECHADO,2026-04-26 00:00:27.983942,2026-04-26 00:04:27.538762,5,5,5,5,1.0,1.0
RODOVIARIA A. MATIAS LTDA.,B35T020D00209585,-22.90237344,-43.29889642,2026-04-26,FECHADO,2026-04-26 00:00:02.31305,2026-04-26 00:04:02.059685,5,5,5,5,1.0,1.0
RODOVIARIA A. MATIAS LTDA.,B35T020D00206989,-22.9018329,-43.29852957,2026-04-26,FECHADO,2026-04-26 00:00:47.948838,2026-04-26 00:04:48.070023,5,5,5,5,1.0,1.0
RODOVIARIA A. MATIAS LTDA.,B35T020D00202428,-22.90202061,-43.29857983,2026-04-26,FECHADO,2026-04-26 00:00:33.217733,2026-04-26 00:04:33.177714,5,5,5,5,1.0,1.0
RODOVIARIA A. MATIAS LTDA.,B35T020D00200739,-22.90227026,-43.29959586,2026-04-26,FECHADO,2026-04-26 00:00:30.438509,2026-04-26 00:04:30.066202,5,5,5,5,1.0,1.0
RODOVIARIA A. MATIAS LTDA.,B35T020D00207120,-22.90225519,-43.29956477,2026-04-26,FECHADO,2026-04-26 00:00:10.532642,2026-04-26 00:04:10.347808,5,5,5,5,1.0,1.0
RODOVIARIA A. MATIAS LTDA.,B35T020D00205583,-22.90181592,-43.29842628,2026-04-26,FECHADO,2026-04-26 00:00:52.040898,2026-04-26 00:04:52.282293,5,5,5,5,1.0,1.0
RODOVIARIA A. MATIAS LTDA.,B35T020D00202058,-22.90245005,-43.29777003,2026-04-26,FECHADO,2026-04-26 00:00:13.857867,2026-04-26 00:04:13.846878,5,5,5,5,1.0,1.0
RODOVIARIA A. MATIAS LTDA.,B35T020D00201616,-22.90182068,-43.29856179,2026-04-26,FECHADO,2026-04-26 00:00:39.534079,2026-04-26 00:04:39.142506,5,5,5,5,1.0,1.0
RODOVIARIA A. MATIAS LTDA.,B35T020D00206537,-22.90268794,-43.29811432,2026-04-26,FECHADO,2026-04-26 00:00:09.560591,2026-04-26 00:04:09.390659,5,5,5,5,1.0,1.0
RODOVIARIA A. MATIAS LTDA.,B35T020D00201063,-22.90275284,-43.29810807,2026-04-26,FECHADO,2026-04-26 00:00:13.824155,2026-04-26 00:04:13.463088,5,5,5,5,1.0,1.0
RODOVIARIA A. MATIAS LTDA.,B35T020D00203900,-22.90265126,-43.29798226,2026-04-26,FECHADO,2026-04-26 00:00:25.994228,2026-04-26 00:04:26.067741,5,5,5,5,1.0,1.0
RODOVIARIA A. MATIAS LTDA.,B35T020D00203565,-22.90280296,-43.29785101,2026-04-26,FECHADO,2026-04-26 00:00:52.805369,2026-04-26 00:04:52.927073,5,5,5,5,1.0,1.0
RODOVIARIA A. MATIAS LTDA.,B35T020D00207830,-22.90272934,-43.29773996,2026-04-26,FECHADO,2026-04-26 00:00:06.151449,2026-04-26 00:04:05.716233,5,5,5,5,1.0,1.0
RODOVIARIA A. MATIAS LTDA.,B35T020D00201066,-22.90185648,-43.29833455,2026-04-26,FECHADO,2026-04-26 00:00:15.443883,2026-04-26 00:04:15.155086,5,5,5,5,1.0,1.0
RODOVIARIA A. MATIAS LTDA.,B35T020D00206744,-22.90187584,-43.29818399,2026-04-26,FECHADO,2026-04-26 00:00:07.64483,2026-04-26 00:04:07.364523,5,5,5,5,1.0,1.0
RODOVIARIA A. MATIAS LTDA.,B35T020D00208189,-22.90234714,-43.29960614,2026-04-26,FECHADO,2026-04-26 00:00:06.398966,2026-04-26 00:04:06.233927,5,5,5,5,1.0,1.0
RODOVIARIA A. MATIAS LTDA.,B35T020D00203202,-22.90268993,-43.29777053,2026-04-26,FECHADO,2026-04-26 00:00:44.45334,2026-04-26 00:04:44.444837,5,5,5,5,1.0,1.0
RODOVIARIA A. MATIAS LTDA.,B35T020D00204374,-22.90237977,-43.2991202,2026-04-26,FECHADO,2026-04-26 00:00:27.229704,2026-04-26 00:04:27.400796,5,5,5,5,1.0,1.0
RODOVIARIA A. MATIAS LTDA.,B35T020D00208701,-22.90241259,-43.29905532,2026-04-26,FECHADO,2026-04-26 00:00:45.955102,2026-04-26 00:04:46.288201,5,5,5,5,1.0,1.0
RODOVIARIA A. MATIAS LTDA.,B35T020D00202245,-22.90278255,-43.29807903,2026-04-26,FECHADO,2026-04-26 00:00:36.696262,2026-04-26 00:04:36.669126,5,5,5,5,1.0,1.0
RODOVIARIA A. MATIAS LTDA.,B35T020D00203299,-22.90202079,-43.29839046,2026-04-26,FECHADO,2026-04-26 00:00:32.170349,2026-04-26 00:04:31.824842,5,5,5,5,1.0,1.0
RODOVIARIA A. MATIAS LTDA.,B35T020D00204850,-22.90197261,-43.29855571,2026-04-26,FECHADO,2026-04-26 00:00:16.094347,2026-04-26 00:04:15.975242,5,5,5,5,1.0,1.0
RODOVIARIA A. MATIAS LTDA.,B35T020D00207124,-22.90272076,-43.29796015,2026-04-26,FECHADO,2026-04-26 00:00:12.511007,2026-04-26 00:04:12.227265,5,5,5,5,1.0,1.0
RODOVIARIA A. MATIAS LTDA.,B35T020D00208646,-22.90232842,-43.29851446,2026-04-26,FECHADO,2026-04-26 00:00:05.405137,2026-04-26 00:04:05.072205,5,5,5,5,1.0,1.0
RODOVIARIA A. MATIAS LTDA.,B35T020D00209070,-22.90195549,-43.29881789,2026-04-26,FECHADO,2026-04-26 00:00:57.038252,2026-04-26 00:04:57.197012,5,5,5,5,1.0,1.0
RODOVIARIA A. MATIAS LTDA.,B35T020D00204137,-22.90278911,-43.29791252,2026-04-26,FECHADO,2026-04-26 00:00:31.385171,2026-04-26 00:04:31.130184,5,5,5,5,1.0,1.0
RODOVIARIA A. MATIAS LTDA.,B35T020D00210665,-22.90206163,-43.29849936,2026-04-26,FECHADO,2026-04-26 00:00:14.617375,2026-04-26 00:04:14.470059,5,5,5,5,1.0,1.0
RODOVIARIA A. MATIAS LTDA.,B35T020D00201725,-22.90197199,-43.29835093,2026-04-26,FECHADO,2026-04-26 00:00:30.063556,2026-04-26 00:04:29.729215,5,5,5,5,1.0,1.0
RODOVIARIA A. MATIAS LTDA.,B35T020D00208530,-22.90188062,-43.29843125,2026-04-26,FECHADO,2026-04-26 00:00:25.498528,2026-04-26 00:04:24.993187,5,5,5,5,1.0,1.0
RODOVIARIA A. MATIAS LTDA.,B35T020D00201064,-22.90264999,-43.29769931,2026-04-26,FECHADO,2026-04-26 00:00:24.817806,2026-04-26 00:04:24.73816,5,5,5,5,1.0,1.0
RODOVIARIA A. MATIAS LTDA.,B35T020D00202961,-22.9027829,-43.29770589,2026-04-26,FECHADO,2026-04-26 00:00:38.078919,2026-04-26 00:04:37.835322,5,5,5,5,1.0,1.0
RODOVIARIA A. MATIAS LTDA.,B35T020D00204410,-22.90200062,-43.29826833,2026-04-26,FECHADO,2026-04-26 00:00:55.856904,2026-04-26 00:04:55.993367,5,5,5,5,1.0,1.0
RODOVIARIA A. MATIAS LTDA.,B35T020D00207820,-22.90241114,-43.29882463,2026-04-26,FECHADO,2026-04-26 00:00:14.921357,2026-04-26 00:04:14.55034,5,5,5,5,1.0,1.0
RODOVIARIA A. MATIAS LTDA.,B35T020D00204136,-22.90230903,-43.29956633,2026-04-26,FECHADO,2026-04-26 00:00:25.97595,2026-04-26 00:04:25.612661,5,5,5,5,1.0,1.0
RODOVIARIA A. MATIAS LTDA.,B35T020D00209427,-22.90193566,-43.29857504,2026-04-26,FECHADO,2026-04-26 00:00:03.291007,2026-04-26 00:04:03.130662,5,5,5,5,1.0,1.0
RODOVIARIA A. MATIAS LTDA.,B35T020D00204372,-22.902104,-43.2985037,2026-04-26,FECHADO,2026-04-26 00:00:47.887475,2026-04-26 00:04:47.844539,5,5,5,5,1.0,1.0
RODOVIARIA A. MATIAS LTDA.,B35T020D00209250,-22.90189719,-43.29846587,2026-04-26,FECHADO,2026-04-26 00:00:53.496342,2026-04-26 00:04:53.43903,5,5,5,5,1.0,1.0
RODOVIARIA A. MATIAS LTDA.,B35T020D00201075,-22.90269501,-43.29793688,2026-04-26,FECHADO,2026-04-26 00:00:46.550794,2026-04-26 00:04:46.677095,5,5,5,5,1.0,1.0
RODOVIARIA A. MATIAS LTDA.,B35T020D00208152,-22.90285169,-43.29783964,2026-04-26,FECHADO,2026-04-26 00:00:51.519641,2026-04-26 00:04:51.843088,5,5,5,5,1.0,1.0
RODOVIARIA A. MATIAS LTDA.,B35T020D00205188,-22.90264625,-43.29788731,2026-04-26,FECHADO,2026-04-26 00:00:41.044175,2026-04-26 00:04:41.02778,5,5,5,5,1.0,1.0
RODOVIARIA A. MATIAS LTDA.,B35T020D00205656,-22.90193548,-43.29846213,2026-04-26,FECHADO,2026-04-26 00:00:38.543619,2026-04-26 00:04:38.032433,5,5,5,5,1.0,1.0
RODOVIARIA A. MATIAS LTDA.,B35T020D00202402,-22.90214046,-43.29837764,2026-04-26,FECHADO,2026-04-26 00:00:49.364125,2026-04-26 00:04:52.02586,5,5,5,5,1.0,1.0
RODOVIARIA A. MATIAS LTDA.,B35T020D00205641,-22.9023173,-43.29843728,2026-04-26,FECHADO,2026-04-26 00:00:07.973474,2026-04-26 00:04:07.87744,5,5,5,5,1.0,1.0
RODOVIARIA A. MATIAS LTDA.,B35T020D00202430,-22.90232791,-43.29953284,2026-04-26,FECHADO,2026-04-26 00:00:19.715982,2026-04-26 00:04:19.475806,5,5,5,5,1.0,1.0
RODOVIARIA A. MATIAS LTDA.,B35T020D00206563,-22.90244523,-43.29792854,2026-04-26,FECHADO,2026-04-26 00:00:23.53987,2026-04-26 00:04:23.150954,5,5,5,5,1.0,1.0
RODOVIARIA A. MATIAS LTDA.,B35T020D00209615,-22.90275482,-43.29787419,2026-04-26,FECHADO,2026-04-26 00:00:26.093126,2026-04-26 00:04:25.961796,5,5,5,5,1.0,1.0
RODOVIARIA A. MATIAS LTDA.,B35T020D00206695,-22.90196034,-43.29853227,2026-04-26,FECHADO,2026-04-26 00:00:41.579778,2026-04-26 00:04:41.284779,5,5,5,5,1.0,1.0
RODOVIARIA A. MATIAS LTDA.,B35T020D00201989,-22.90246371,-43.29769024,2026-04-26,FECHADO,2026-04-26 00:00:24.076393,2026-04-26 00:04:23.77169,5,5,5,5,1.0,1.0
RODOVIARIA A. MATIAS LTDA.,B35T020D00206987,-22.90233491,-43.29957484,2026-04-26,FECHADO,2026-04-26 00:00:26.600926,2026-04-26 00:04:26.21213,5,5,5,5,1.0,1.0
RODOVIARIA A. MATIAS LTDA.,B35T020D00210168,-22.90252903,-43.29777612,2026-04-26,FECHADO,2026-04-26 00:00:31.49444,2026-04-26 00:04:31.428822,5,5,5,5,1.0,1.0
RODOVIARIA A. MATIAS LTDA.,B35T020D00206656,-22.90266408,-43.29763809,2026-04-26,FECHADO,2026-04-26 00:00:05.608174,2026-04-26 00:04:05.863628,5,5,5,5,1.0,1.0
RODOVIARIA A. MATIAS LTDA.,B35T020D00201114,-22.90289108,-43.29781174,2026-04-26,FECHADO,2026-04-26 00:00:01.275646,2026-04-26 00:04:01.13732,5,5,5,5,1.0,1.0
RODOVIARIA A. MATIAS LTDA.,B35T020D00206524,-22.90216568,-43.29953413,2026-04-26,FECHADO,2026-04-26 00:00:18.625792,2026-04-26 00:04:18.558822,5,5,5,5,1.0,1.0
RODOVIARIA A. MATIAS LTDA.,B35T020D00200754,-22.90212825,-43.29957974,2026-04-26,FECHADO,2026-04-26 00:00:30.383179,2026-04-26 00:04:29.950953,5,5,5,5,1.0,1.0
RODOVIARIA A. MATIAS LTDA.,B35T020D00205386,-22.90203761,-43.29878576,2026-04-26,FECHADO,2026-04-26 00:00:12.785958,2026-04-26 00:04:12.47625,5,5,5,5,1.0,1.0
RODOVIARIA A. MATIAS LTDA.,B35T020D00209232,-22.90250056,-43.29848435,2026-04-26,FECHADO,2026-04-26 00:00:48.497312,2026-04-26 00:04:48.242214,5,5,5,5,1.0,1.0
RODOVIARIA A. MATIAS LTDA.,B35T020D00207287,-22.90278742,-43.29774171,2026-04-26,FECHADO,2026-04-26 00:00:33.89881,2026-04-26 00:04:33.538961,5,5,5,5,1.0,1.0
RODOVIARIA A. MATIAS LTDA.,B35T020D00206721,-22.90259575,-43.29773871,2026-04-26,FECHADO,2026-04-26 00:00:57.051737,2026-04-26 00:04:57.364197,5,5,5,5,1.0,1.0
RODOVIARIA A. MATIAS LTDA.,B35T020D00207083,-22.90180754,-43.2983242,2026-04-26,FECHADO,2026-04-26 00:00:27.786898,2026-04-26 00:04:27.335647,5,5,5,5,1.0,1.0
RODOVIARIA A. MATIAS LTDA.,B35T020D00202358,-22.9018698,-43.29849746,2026-04-26,FECHADO,2026-04-26 00:00:16.661039,2026-04-26 00:04:16.283833,5,5,5,5,1.0,1.0
RODOVIARIA A. MATIAS LTDA.,B35T020D00207880,-22.90183126,-43.29849814,2026-04-26,FECHADO,2026-04-26 00:00:56.275656,2026-04-26 00:04:56.607843,5,5,5,5,1.0,1.0
RODOVIARIA A. MATIAS LTDA.,B35T020D00206773,-22.90209199,-43.29958663,2026-04-26,FECHADO,2026-04-26 00:00:27.343747,2026-04-26 00:04:26.915073,5,5,5,5,1.0,1.0
RODOVIARIA A. MATIAS LTDA.,B35T020D00202246,-22.90207869,-43.29880717,2026-04-26,FECHADO,2026-04-26 00:00:39.902895,2026-04-26 00:04:40.027261,5,5,5,5,1.0,1.0
RODOVIARIA A. MATIAS LTDA.,B35T020D00205590,-22.9026514,-43.29795882,2026-04-26,FECHADO,2026-04-26 00:00:35.25766,2026-04-26 00:04:35.043402,5,5,5,5,1.0,1.0
RODOVIARIA A. MATIAS LTDA.,B35T020D00210464,-22.90233636,-43.29850573,2026-04-26,FECHADO,2026-04-26 00:00:40.955282,2026-04-26 00:04:40.546623,5,5,5,5,1.0,1.0
RODOVIARIA A. MATIAS LTDA.,B35T020D00207020,-22.9020257,-43.29948379,2026-04-26,FECHADO,2026-04-26 00:00:15.105331,2026-04-26 00:04:14.957987,5,5,5,5,1.0,1.0
RODOVIARIA A. MATIAS LTDA.,B35T020D00210420,-22.90201319,-43.29828965,2026-04-26,FECHADO,2026-04-26 00:00:39.413068,2026-04-26 00:04:39.078049,5,5,5,5,1.0,1.0
RODOVIARIA A. MATIAS LTDA.,B35T020D00200993,-22.90252003,-43.29768782,2026-04-26,FECHADO,2026-04-26 00:00:30.269717,2026-04-26 00:04:29.893808,5,5,5,5,1.0,1.0
RODOVIARIA A. MATIAS LTDA.,B35T020D00207069,-22.90198846,-43.29844495,2026-04-26,FECHADO,2026-04-26 00:00:40.727832,2026-04-26 00:04:40.526585,5,5,5,5,1.0,1.0
RODOVIARIA A. MATIAS LTDA.,B35T020D00206697,-22.90241593,-43.297828,2026-04-26,FECHADO,2026-04-26 00:00:08.930505,2026-04-26 00:04:08.969809,5,5,5,5,1.0,1.0
RODOVIARIA A. MATIAS LTDA.,B35T020D00201058,-22.90234279,-43.2990325,2026-04-26,FECHADO,2026-04-26 00:00:25.219623,2026-04-26 00:04:25.221685,5,5,5,5,1.0,1.0
RODOVIARIA A. MATIAS LTDA.,B35T020D00207078,-22.90250958,-43.29778834,2026-04-26,FECHADO,2026-04-26 00:00:44.670097,2026-04-26 00:04:44.227369,5,5,5,5,1.0,1.0
RODOVIARIA A. MATIAS LTDA.,B35T020D00203165,-22.9020079,-43.29848846,2026-04-26,FECHADO,2026-04-26 00:00:24.009735,2026-04-26 00:04:23.57397,5,5,5,5,1.0,1.0
RODOVIARIA A. MATIAS LTDA.,B35T020D00203237,-22.90205836,-43.29877838,2026-04-26,FECHADO,2026-04-26 00:00:10.631557,2026-04-26 00:04:10.580441,5,5,5,5,1.0,1.0
RODOVIARIA A. MATIAS LTDA.,B35T020D00204370,-22.90209011,-43.29852404,2026-04-26,FECHADO,2026-04-26 00:00:00.220007,2026-04-26 00:04:00.001415,5,4,5,5,1.0,0.8
RODOVIARIA A. MATIAS LTDA.,B35T020D00201089,-22.90211549,-43.2984545,2026-04-26,FECHADO,2026-04-26 00:00:06.93519,2026-04-26 00:04:06.777797,5,5,5,5,1.0,1.0
SANCETUR - SANTA CECILIA TURISMO LTDA,B35T020D00209964,-22.86244027,-43.53529691,2026-04-26,FECHADO,2026-04-26 00:00:53.919802,2026-04-26 00:04:54.119076,5,5,5,5,1.0,1.0
SANCETUR - SANTA CECILIA TURISMO LTDA,B35T020D00209114,-22.87668971,-43.41991736,2026-04-26,FECHADO,2026-04-26 00:00:11.747859,2026-04-26 00:04:11.388271,5,5,5,5,1.0,1.0
SANCETUR - SANTA CECILIA TURISMO LTDA,B35T020D00210568,-22.87640665,-43.41946334,2026-04-26,FECHADO,2026-04-26 00:00:59.233051,2026-04-26 00:04:59.366696,5,5,5,5,1.0,1.0
SANCETUR - SANTA CECILIA TURISMO LTDA,B35T020D00202970,-22.86238233,-43.5349304,2026-04-26,FECHADO,2026-04-26 00:00:03.226898,2026-04-26 00:04:02.771782,5,5,5,5,1.0,1.0
SANCETUR - SANTA CECILIA TURISMO LTDA,B35T020D00207274,-22.8759556,-43.41882885,2026-04-26,FECHADO,2026-04-26 00:00:17.909111,2026-04-26 00:04:17.877942,5,5,5,5,1.0,1.0
SANCETUR - SANTA CECILIA TURISMO LTDA,B35T020D00203842,-22.87633304,-43.42001008,2026-04-26,FECHADO,2026-04-26 00:00:36.428554,2026-04-26 00:04:36.669279,5,5,5,5,1.0,1.0
SANCETUR - SANTA CECILIA TURISMO LTDA,B35T020D00208409,-22.8767073,-43.41960094,2026-04-26,FECHADO,2026-04-26 00:00:55.445027,2026-04-26 00:04:55.78113,5,5,5,5,1.0,1.0
SANCETUR - SANTA CECILIA TURISMO LTDA,B35T020D00203482,-22.87593424,-43.42014163,2026-04-26,FECHADO,2026-04-26 00:00:20.748284,2026-04-26 00:04:20.523043,5,5,5,5,1.0,1.0
SANCETUR - SANTA CECILIA TURISMO LTDA,B35T020D00209396,-22.86234129,-43.53465516,2026-04-26,FECHADO,2026-04-26 00:00:31.641373,2026-04-26 00:04:31.115989,5,5,5,5,1.0,1.0
SANCETUR - SANTA CECILIA TURISMO LTDA,B35T020D00203142,-22.86236936,-43.53486479,2026-04-26,FECHADO,2026-04-26 00:00:53.049068,2026-04-26 00:04:53.394885,5,5,5,5,1.0,1.0
SANCETUR - SANTA CECILIA TURISMO LTDA,B35T020D00201538,-22.86249957,-43.53500725,2026-04-26,FECHADO,2026-04-26 00:00:56.3905,2026-04-26 00:04:55.877107,5,5,5,5,1.0,1.0
SANCETUR - SANTA CECILIA TURISMO LTDA,B35T020D00206895,-22.86215242,-43.5345409,2026-04-26,FECHADO,2026-04-26 00:00:13.892254,2026-04-26 00:04:13.903652,5,5,5,5,1.0,1.0
SANCETUR - SANTA CECILIA TURISMO LTDA,B35T020D00207040,-22.87597782,-43.41947275,2026-04-26,FECHADO,2026-04-26 00:00:33.553135,2026-04-26 00:04:33.26115,5,5,5,5,1.0,1.0
SANCETUR - SANTA CECILIA TURISMO LTDA,B35T020D00203679,-22.87613205,-43.41905745,2026-04-26,FECHADO,2026-04-26 00:00:41.607224,2026-04-26 00:04:41.604107,5,5,5,5,1.0,1.0
SANCETUR - SANTA CECILIA TURISMO LTDA,B35T020D00203678,-22.87635934,-43.41990288,2026-04-26,FECHADO,2026-04-26 00:00:27.880514,2026-04-26 00:04:27.523288,5,5,5,5,1.0,1.0
SANCETUR - SANTA CECILIA TURISMO LTDA,B35T020D00201237,-22.87585317,-43.41999009,2026-04-26,FECHADO,2026-04-26 00:00:45.463426,2026-04-26 00:04:45.30257,5,5,5,5,1.0,1.0
SANCETUR - SANTA CECILIA TURISMO LTDA,B35T020D00207038,-22.87553083,-43.41913303,2026-04-26,FECHADO,2026-04-26 00:00:01.602348,2026-04-26 00:04:01.445477,5,5,5,5,1.0,1.0
SANCETUR - SANTA CECILIA TURISMO LTDA,B35T020D00207928,-22.86181219,-43.53500078,2026-04-26,FECHADO,2026-04-26 00:00:33.537446,2026-04-26 00:04:33.3983,5,5,5,5,1.0,1.0
SANCETUR - SANTA CECILIA TURISMO LTDA,B35T020D00202192,-22.87559148,-43.41914091,2026-04-26,FECHADO,2026-04-26 00:00:08.561319,2026-04-26 00:04:07.858993,5,5,5,5,1.0,1.0
SANCETUR - SANTA CECILIA TURISMO LTDA,B35T020D00204977,-22.87655234,-43.42002446,2026-04-26,FECHADO,2026-04-26 00:00:11.052358,2026-04-26 00:04:10.877228,5,5,5,5,1.0,1.0
SANCETUR - SANTA CECILIA TURISMO LTDA,B35T020D00202422,-22.87656111,-43.41945265,2026-04-26,FECHADO,2026-04-26 00:00:23.742455,2026-04-26 00:04:23.553214,5,5,5,5,1.0,1.0
SANCETUR - SANTA CECILIA TURISMO LTDA,B35T020D00202580,-22.8754093,-43.41934647,2026-04-26,FECHADO,2026-04-26 00:00:47.952112,2026-04-26 00:04:48.168344,5,5,5,5,1.0,1.0
SANCETUR - SANTA CECILIA TURISMO LTDA,B35T020D00202883,-22.87650991,-43.41964037,2026-04-26,FECHADO,2026-04-26 00:00:58.916472,2026-04-26 00:04:59.125589,5,5,5,5,1.0,1.0
SANCETUR - SANTA CECILIA TURISMO LTDA,B35T020D00204788,-22.87562127,-43.41912164,2026-04-26,FECHADO,2026-04-26 00:00:00.007424,2026-04-26 00:03:59.971779,4,3,5,5,1.0,0.75
SANCETUR - SANTA CECILIA TURISMO LTDA,B35T020D00203358,-22.86194508,-43.53431682,2026-04-26,FECHADO,2026-04-26 00:00:45.480757,2026-04-26 00:04:45.263232,5,5,5,5,1.0,1.0
SANCETUR - SANTA CECILIA TURISMO LTDA,B35T020D00206443,-22.87637811,-43.41999369,2026-04-26,FECHADO,2026-04-26 00:00:43.619605,2026-04-26 00:04:43.552685,5,5,5,5,1.0,1.0
SANCETUR - SANTA CECILIA TURISMO LTDA,B35T020D00207117,-22.87612536,-43.41981989,2026-04-26,FECHADO,2026-04-26 00:00:42.338989,2026-04-26 00:04:42.046553,5,5,5,5,1.0,1.0
SANCETUR - SANTA CECILIA TURISMO LTDA,B35T020D00207167,-22.87639563,-43.41980245,2026-04-26,FECHADO,2026-04-26 00:00:56.848803,2026-04-26 00:04:56.999373,5,5,5,5,1.0,1.0
SANCETUR - SANTA CECILIA TURISMO LTDA,B35T020D00210666,-22.87621695,-43.42010138,2026-04-26,FECHADO,2026-04-26 00:00:54.517346,2026-04-26 00:04:54.563903,5,5,5,5,1.0,1.0
SANCETUR - SANTA CECILIA TURISMO LTDA,B35T020D00205612,-22.87629367,-43.41939618,2026-04-26,FECHADO,2026-04-26 00:00:47.71839,2026-04-26 00:04:47.819476,5,5,5,5,1.0,1.0
SANCETUR - SANTA CECILIA TURISMO LTDA,B35T020D00201567,-22.86254275,-43.5351694,2026-04-26,FECHADO,2026-04-26 00:00:32.19987,2026-04-26 00:04:33.287098,5,5,5,5,1.0,1.0
SANCETUR - SANTA CECILIA TURISMO LTDA,B35T020D00203017,-22.87632767,-43.41929572,2026-04-26,FECHADO,2026-04-26 00:00:16.979228,2026-04-26 00:04:16.540646,5,5,5,5,1.0,1.0
SANCETUR - SANTA CECILIA TURISMO LTDA,B35T020D00202515,-22.87577097,-43.41880524,2026-04-26,FECHADO,2026-04-26 00:00:09.002661,2026-04-26 00:04:08.823684,5,5,5,5,1.0,1.0
SANCETUR - SANTA CECILIA TURISMO LTDA,B35T020D00202172,-22.87659865,-43.41964837,2026-04-26,FECHADO,2026-04-26 00:00:18.914933,2026-04-26 00:04:18.814188,5,5,5,5,1.0,1.0
SANCETUR - SANTA CECILIA TURISMO LTDA,B35T020D00204912,-22.86178567,-43.53531801,2026-04-26,FECHADO,2026-04-26 00:00:36.417432,2026-04-26 00:04:36.035209,5,5,5,5,1.0,1.0
SANCETUR - SANTA CECILIA TURISMO LTDA,B35T020D00204970,-22.86236419,-43.53528035,2026-04-26,FECHADO,2026-04-26 00:00:20.400496,2026-04-26 00:04:19.911487,5,5,5,5,1.0,1.0
SANCETUR - SANTA CECILIA TURISMO LTDA,B35T020D00204718,-22.87595619,-43.41927289,2026-04-26,FECHADO,2026-04-26 00:00:33.849185,2026-04-26 00:04:33.678819,5,5,5,5,1.0,1.0
SANCETUR - SANTA CECILIA TURISMO LTDA,B35T020D00205052,-22.87550525,-43.41919358,2026-04-26,FECHADO,2026-04-26 00:00:04.196412,2026-04-26 00:04:04.119254,5,5,5,5,1.0,1.0
SANCETUR - SANTA CECILIA TURISMO LTDA,B35T020D00201109,-22.8764561,-43.41976765,2026-04-26,FECHADO,2026-04-26 00:00:17.658228,2026-04-26 00:04:17.463262,5,5,5,5,1.0,1.0
SANCETUR - SANTA CECILIA TURISMO LTDA,B35T020D00201473,-22.87623729,-43.4196181,2026-04-26,FECHADO,2026-04-26 00:00:13.695844,2026-04-26 00:04:13.585797,5,5,5,5,1.0,1.0
SANCETUR - SANTA CECILIA TURISMO LTDA,B35T020D00207904,-22.87553799,-43.4192352,2026-04-26,FECHADO,2026-04-26 00:00:10.116267,2026-04-26 00:04:09.725601,5,5,5,5,1.0,1.0
SANCETUR - SANTA CECILIA TURISMO LTDA,B35T020D00203750,0.0,0.0,2026-04-26,FECHADO,2026-04-26 00:00:27.555762,2026-04-26 00:04:27.190516,5,5,5,0,0.0,1.0
SANCETUR - SANTA CECILIA TURISMO LTDA,B35T020D00207512,-22.876123,-43.41945569,2026-04-26,FECHADO,2026-04-26 00:00:15.142187,2026-04-26 00:04:15.104663,5,5,5,5,1.0,1.0
SANCETUR - SANTA CECILIA TURISMO LTDA,B35T020D00202182,-22.86204459,-43.53413712,2026-04-26,FECHADO,2026-04-26 00:00:53.56234,2026-04-26 00:04:53.871547,5,5,5,5,1.0,1.0
SANCETUR - SANTA CECILIA TURISMO LTDA,B35T020D00202116,-22.86255437,-43.53404342,2026-04-26,FECHADO,2026-04-26 00:00:39.275371,2026-04-26 00:04:38.900834,5,5,5,5,1.0,1.0
SANCETUR - SANTA CECILIA TURISMO LTDA,B35T020D00209630,-22.87622674,-43.41963191,2026-04-26,FECHADO,2026-04-26 00:00:41.983867,2026-04-26 00:04:41.90739,5,5,5,5,1.0,1.0
SANCETUR - SANTA CECILIA TURISMO LTDA,B35T020D00208110,-22.87667371,-43.41987155,2026-04-26,FECHADO,2026-04-26 00:00:55.199392,2026-04-26 00:04:55.235346,5,5,5,5,1.0,1.0
SANCETUR - SANTA CECILIA TURISMO LTDA,B35T020D00209490,-22.86248711,-43.53492716,2026-04-26,FECHADO,2026-04-26 00:00:06.129448,2026-04-26 00:04:05.878984,5,5,5,5,1.0,1.0
SANCETUR - SANTA CECILIA TURISMO LTDA,B35T020D00210121,-22.87560514,-43.41893256,2026-04-26,FECHADO,2026-04-26 00:00:12.192295,2026-04-26 00:04:12.017207,5,5,5,5,1.0,1.0
SANCETUR - SANTA CECILIA TURISMO LTDA,B35T020D00203093,-22.88393388,-43.55702806,2026-04-26,FECHADO,2026-04-26 00:00:01.635612,2026-04-26 00:04:01.49966,5,5,5,5,1.0,1.0
SANCETUR - SANTA CECILIA TURISMO LTDA,B35T020D00207913,-22.87585313,-43.4188582,2026-04-26,FECHADO,2026-04-26 00:00:49.124781,2026-04-26 00:04:49.529867,5,5,5,5,1.0,1.0
SANCETUR - SANTA CECILIA TURISMO LTDA,B35T020D00208411,-22.87608563,-43.42018883,2026-04-26,FECHADO,2026-04-26 00:00:59.050068,2026-04-26 00:04:59.280953,5,5,5,5,1.0,1.0
SANCETUR - SANTA CECILIA TURISMO LTDA,B35T020D00200364,-22.86244299,-43.53519144,2026-04-26,FECHADO,2026-04-26 00:00:39.215565,2026-04-26 00:04:39.157951,5,5,5,5,1.0,1.0
SANCETUR - SANTA CECILIA TURISMO LTDA,B35T020D00201475,-22.87588773,-43.41980149,2026-04-26,FECHADO,2026-04-26 00:00:19.098747,2026-04-26 00:04:19.048334,5,5,5,5,1.0,1.0
SANCETUR - SANTA CECILIA TURISMO LTDA,B35T020D00206225,-22.87620707,-43.4201883,2026-04-26,FECHADO,2026-04-26 00:00:08.799216,2026-04-26 00:04:08.623032,5,5,5,5,1.0,1.0
SANCETUR - SANTA CECILIA TURISMO LTDA,B35T020D00201333,-22.86236876,-43.53455789,2026-04-26,FECHADO,2026-04-26 00:00:17.369094,2026-04-26 00:04:17.179717,5,5,5,5,1.0,1.0
SANCETUR - SANTA CECILIA TURISMO LTDA,B35T020D00205675,-22.86240041,-43.53512802,2026-04-26,FECHADO,2026-04-26 00:00:36.455398,2026-04-26 00:04:36.490654,5,5,5,5,1.0,1.0
SANCETUR - SANTA CECILIA TURISMO LTDA,B35T020D00201556,-22.8619346,-43.5342522,2026-04-26,FECHADO,2026-04-26 00:00:49.561688,2026-04-26 00:04:49.51412,5,5,5,5,1.0,1.0
SANCETUR - SANTA CECILIA TURISMO LTDA,B35T020D00203680,-22.86198195,-43.5344282,2026-04-26,FECHADO,2026-04-26 00:00:29.530429,2026-04-26 00:04:29.386344,5,5,5,5,1.0,1.0
SANCETUR - SANTA CECILIA TURISMO LTDA,B35T020D00201105,-22.87651677,-43.41963166,2026-04-26,FECHADO,2026-04-26 00:00:35.116131,2026-04-26 00:04:35.119404,5,5,5,5,1.0,1.0
SANCETUR - SANTA CECILIA TURISMO LTDA,B35T020D00209831,-22.86234624,-43.53469947,2026-04-26,FECHADO,2026-04-26 00:00:11.137455,2026-04-26 00:04:10.894753,5,5,5,5,1.0,1.0
SANCETUR - SANTA CECILIA TURISMO LTDA,B35T020D00202836,-22.86234317,-43.53470846,2026-04-26,FECHADO,2026-04-26 00:00:15.842229,2026-04-26 00:04:15.49701,5,5,5,5,1.0,1.0
SANCETUR - SANTA CECILIA TURISMO LTDA,B35T020D00206447,-22.87664384,-43.41957602,2026-04-26,FECHADO,2026-04-26 00:00:31.982676,2026-04-26 00:04:31.577307,5,5,5,5,1.0,1.0
SANCETUR - SANTA CECILIA TURISMO LTDA,B35T020D00202477,-22.86247975,-43.53447851,2026-04-26,FECHADO,2026-04-26 00:00:57.971557,2026-04-26 00:04:58.009867,5,5,5,5,1.0,1.0
SANCETUR - SANTA CECILIA TURISMO LTDA,B35T020D00204731,-22.87604397,-43.41988437,2026-04-26,FECHADO,2026-04-26 00:00:38.356869,2026-04-26 00:04:38.405024,5,5,5,5,1.0,1.0
SANCETUR - SANTA CECILIA TURISMO LTDA,B35T020D00204909,-22.86249175,-43.53455664,2026-04-26,FECHADO,2026-04-26 00:00:13.231504,2026-04-26 00:04:12.901678,5,5,5,5,1.0,1.0
SANCETUR - SANTA CECILIA TURISMO LTDA,B35T020D00202264,-22.87577159,-43.41954344,2026-04-26,FECHADO,2026-04-26 00:00:58.473998,2026-04-26 00:04:58.688183,5,5,5,5,1.0,1.0
SANCETUR - SANTA CECILIA TURISMO LTDA,B35T020D00208089,-22.87605699,-43.41915449,2026-04-26,FECHADO,2026-04-26 00:00:20.208167,2026-04-26 00:04:20.027216,5,5,5,5,1.0,1.0
SANCETUR - SANTA CECILIA TURISMO LTDA,B35T020D00208842,-22.87625778,-43.42005484,2026-04-26,FECHADO,2026-04-26 00:00:38.250895,2026-04-26 00:04:38.10774,5,5,5,5,1.0,1.0
SANCETUR - SANTA CECILIA TURISMO LTDA,B35T020D00201471,-22.87561562,-43.41963986,2026-04-26,FECHADO,2026-04-26 00:00:26.948455,2026-04-26 00:04:27.816602,5,5,5,5,1.0,1.0
SANCETUR - SANTA CECILIA TURISMO LTDA,B35T020D00208402,-22.87564186,-43.41923346,2026-04-26,FECHADO,2026-04-26 00:00:29.757701,2026-04-26 00:04:29.257551,5,5,5,5,1.0,1.0
SANCETUR - SANTA CECILIA TURISMO LTDA,B35T020D00202926,-22.87605043,-43.41935163,2026-04-26,FECHADO,2026-04-26 00:00:27.799976,2026-04-26 00:04:27.629743,5,5,5,5,1.0,1.0
SANCETUR - SANTA CECILIA TURISMO LTDA,B35T020D00207929,-22.87548795,-43.41931344,2026-04-26,FECHADO,2026-04-26 00:00:13.327369,2026-04-26 00:04:12.910622,5,5,5,5,1.0,1.0
SANCETUR - SANTA CECILIA TURISMO LTDA,B35T020D00207882,-22.87607674,-43.42018654,2026-04-26,FECHADO,2026-04-26 00:00:09.084618,2026-04-26 00:04:08.612715,5,5,5,5,1.0,1.0
SANCETUR - SANTA CECILIA TURISMO LTDA,B35T020D00201979,-22.87553771,-43.41940493,2026-04-26,FECHADO,2026-04-26 00:00:06.484264,2026-04-26 00:04:06.537074,5,5,5,5,1.0,1.0
SANCETUR - SANTA CECILIA TURISMO LTDA,B35T020D00205853,0.0,0.0,2026-04-26,FECHADO,2026-04-26 00:00:00.953627,2026-04-26 00:04:02.170792,5,5,5,0,0.0,1.0
SANCETUR - SANTA CECILIA TURISMO LTDA,B35T020D00208242,0.0,0.0,2026-04-26,FECHADO,2026-04-26 00:00:30.682758,2026-04-26 00:04:30.480526,5,5,5,0,0.0,1.0
SANCETUR - SANTA CECILIA TURISMO LTDA,B35T020D00201825,-22.87589907,-43.41875416,2026-04-26,FECHADO,2026-04-26 00:00:05.70698,2026-04-26 00:04:05.658011,5,5,5,5,1.0,1.0
SANCETUR - SANTA CECILIA TURISMO LTDA,B35T020D00205094,-22.86180083,-43.53506582,2026-04-26,FECHADO,2026-04-26 00:00:34.774674,2026-04-26 00:04:34.888762,5,5,5,5,1.0,1.0
SANCETUR - SANTA CECILIA TURISMO LTDA,B35T020D00202031,-22.87666893,-43.41991335,2026-04-26,FECHADO,2026-04-26 00:00:54.584303,2026-04-26 00:04:54.959419,5,5,5,5,1.0,1.0
SANCETUR - SANTA CECILIA TURISMO LTDA,B35T020D00207056,-22.87591998,-43.4201082,2026-04-26,FECHADO,2026-04-26 00:00:40.105323,2026-04-26 00:04:40.197196,5,5,5,5,1.0,1.0
SANCETUR - SANTA CECILIA TURISMO LTDA,B35T020D00206703,-22.87611394,-43.41909077,2026-04-26,FECHADO,2026-04-26 00:00:01.32351,2026-04-26 00:04:01.222594,5,5,5,5,1.0,1.0
SANCETUR - SANTA CECILIA TURISMO LTDA,B35T020D00203169,-22.86205735,-43.53461984,2026-04-26,FECHADO,2026-04-26 00:00:00.265742,2026-04-26 00:04:00.113247,5,5,5,5,1.0,1.0
SANCETUR - SANTA CECILIA TURISMO LTDA,B35T020D00206952,-22.87597421,-43.42015915,2026-04-26,FECHADO,2026-04-26 00:00:25.279988,2026-04-26 00:04:25.307167,5,5,5,5,1.0,1.0
SANCETUR - SANTA CECILIA TURISMO LTDA,B35T020D00205420,-22.86229894,-43.53461098,2026-04-26,FECHADO,2026-04-26 00:00:07.722973,2026-04-26 00:04:07.829564,5,5,5,5,1.0,1.0
SANCETUR - SANTA CECILIA TURISMO LTDA,B35T020D00209274,-22.8625315,-43.53467263,2026-04-26,FECHADO,2026-04-26 00:00:08.210355,2026-04-26 00:04:07.983667,5,5,5,5,1.0,1.0
SANCETUR - SANTA CECILIA TURISMO LTDA,B35T020D00203844,-22.87585858,-43.41882451,2026-04-26,FECHADO,2026-04-26 00:00:48.319611,2026-04-26 00:04:48.447766,5,5,5,5,1.0,1.0
SANCETUR - SANTA CECILIA TURISMO LTDA,B35T020D00208401,-22.87579089,-43.41995614,2026-04-26,FECHADO,2026-04-26 00:00:20.407044,2026-04-26 00:04:20.53399,5,5,5,5,1.0,1.0
SANCETUR - SANTA CECILIA TURISMO LTDA,B35T020D00201501,-22.87577635,-43.41984094,2026-04-26,FECHADO,2026-04-26 00:00:26.949028,2026-04-26 00:04:26.438077,5,5,5,5,1.0,1.0
SANCETUR - SANTA CECILIA TURISMO LTDA,B35T020D00205759,-22.86231759,-43.53491264,2026-04-26,FECHADO,2026-04-26 00:00:50.046973,2026-04-26 00:04:50.427033,5,5,5,5,1.0,1.0
SANCETUR - SANTA CECILIA TURISMO LTDA,B35T020D00204888,-22.87656858,-43.4199328,2026-04-26,FECHADO,2026-04-26 00:00:46.555524,2026-04-26 00:04:46.477181,5,5,5,5,1.0,1.0
SANCETUR - SANTA CECILIA TURISMO LTDA,B35T020D00202176,-22.86259758,-43.53413084,2026-04-26,FECHADO,2026-04-26 00:00:07.086106,2026-04-26 00:04:07.299752,5,5,5,5,1.0,1.0
SANCETUR - SANTA CECILIA TURISMO LTDA,B35T020D00207199,-22.87552911,-43.41984759,2026-04-26,FECHADO,2026-04-26 00:00:45.679188,2026-04-26 00:04:45.734731,5,5,5,5,1.0,1.0
SANCETUR - SANTA CECILIA TURISMO LTDA,B35T020D00209789,-22.8757664,-43.41984165,2026-04-26,FECHADO,2026-04-26 00:00:52.012908,2026-04-26 00:04:52.430032,5,5,5,5,1.0,1.0
SANCETUR - SANTA CECILIA TURISMO LTDA,B35T020D00201536,-22.87674152,-43.41989125,2026-04-26,FECHADO,2026-04-26 00:00:45.454265,2026-04-26 00:04:45.037428,5,5,5,5,1.0,1.0
SANCETUR - SANTA CECILIA TURISMO LTDA,B35T020D00203682,-22.87596073,-43.42009492,2026-04-26,FECHADO,2026-04-26 00:00:42.516642,2026-04-26 00:04:42.897906,5,5,5,5,1.0,1.0
SANCETUR - SANTA CECILIA TURISMO LTDA,B35T020D00202056,-22.87615283,-43.41962903,2026-04-26,FECHADO,2026-04-26 00:00:59.707029,2026-04-26 00:04:59.895686,5,5,5,5,1.0,1.0
SANCETUR - SANTA CECILIA TURISMO LTDA,B35T020D00204009,-22.87651734,-43.4198822,2026-04-26,FECHADO,2026-04-26 00:00:15.310981,2026-04-26 00:04:14.983412,5,5,5,5,1.0,1.0
SANCETUR - SANTA CECILIA TURISMO LTDA,B35T020D00200145,-22.86195298,-43.53466491,2026-04-26,FECHADO,2026-04-26 00:00:19.24911,2026-04-26 00:04:19.370109,5,5,5,5,1.0,1.0
SANCETUR - SANTA CECILIA TURISMO LTDA,B35T020D00206070,-22.87655587,-43.42011455,2026-04-26,FECHADO,2026-04-26 00:00:05.091052,2026-04-26 00:04:05.038914,5,5,5,5,1.0,1.0
SANCETUR - SANTA CECILIA TURISMO LTDA,B35T020D00205613,-22.87648276,-43.41993789,2026-04-26,FECHADO,2026-04-26 00:00:19.324938,2026-04-26 00:04:18.913763,5,5,5,5,1.0,1.0
SANCETUR - SANTA CECILIA TURISMO LTDA,B35T020D00201156,-22.87605293,-43.42011014,2026-04-26,FECHADO,2026-04-26 00:01:00.006321,2026-04-26 00:04:59.981059,4,3,5,5,1.0,0.75
SANCETUR - SANTA CECILIA TURISMO LTDA,B35T020D00207960,-22.87620857,-43.42005844,2026-04-26,FECHADO,2026-04-26 00:00:52.583791,2026-04-26 00:04:52.687507,5,5,5,5,1.0,1.0
SANCETUR - SANTA CECILIA TURISMO LTDA,B35T020D00205036,-22.87607985,-43.41987948,2026-04-26,FECHADO,2026-04-26 00:00:01.785601,2026-04-26 00:04:01.671824,5,5,5,5,1.0,1.0
SANCETUR - SANTA CECILIA TURISMO LTDA,B35T020D00207081,-22.87607746,-43.41943613,2026-04-26,FECHADO,2026-04-26 00:00:33.329118,2026-04-26 00:04:33.482136,5,5,5,5,1.0,1.0
SANCETUR - SANTA CECILIA TURISMO LTDA,B35T020D00209721,-22.87648254,-43.41990153,2026-04-26,FECHADO,2026-04-26 00:00:46.62819,2026-04-26 00:04:46.945975,5,5,5,5,1.0,1.0
SANCETUR - SANTA CECILIA TURISMO LTDA,B35T020D00209398,-22.87590642,-43.4201107,2026-04-26,FECHADO,2026-04-26 00:00:14.281033,2026-04-26 00:04:14.063679,5,5,5,5,1.0,1.0
SANCETUR - SANTA CECILIA TURISMO LTDA,B35T020D00203570,-22.87546436,-43.41969122,2026-04-26,FECHADO,2026-04-26 00:00:39.335311,2026-04-26 00:04:39.531486,5,5,5,5,1.0,1.0
SANCETUR - SANTA CECILIA TURISMO LTDA,B35T020D00210343,-22.87587438,-43.41954027,2026-04-26,FECHADO,2026-04-26 00:00:58.427801,2026-04-26 00:04:58.757241,5,5,5,5,1.0,1.0
SANCETUR - SANTA CECILIA TURISMO LTDA,B35T020D00201557,-22.87651825,-43.41994538,2026-04-26,FECHADO,2026-04-26 00:00:36.024979,2026-04-26 00:04:35.987641,5,5,5,5,1.0,1.0
SANCETUR - SANTA CECILIA TURISMO LTDA,B35T020D00204913,-22.87603562,-43.41904142,2026-04-26,FECHADO,2026-04-26 00:00:08.158921,2026-04-26 00:04:07.665786,5,5,5,5,1.0,1.0
SANCETUR - SANTA CECILIA TURISMO LTDA,B35T020D00204926,-22.87638157,-43.41945663,2026-04-26,FECHADO,2026-04-26 00:00:08.283363,2026-04-26 00:04:08.361248,5,5,5,5,1.0,1.0
SANCETUR - SANTA CECILIA TURISMO LTDA,B35T020D00201106,-22.86232039,-43.53491716,2026-04-26,FECHADO,2026-04-26 00:00:42.783802,2026-04-26 00:04:42.857712,5,5,5,5,1.0,1.0
SANCETUR - SANTA CECILIA TURISMO LTDA,B35T020D00205913,-22.87670604,-43.41969676,2026-04-26,FECHADO,2026-04-26 00:00:58.803599,2026-04-26 00:04:59.218734,5,5,5,5,1.0,1.0
SANCETUR - SANTA CECILIA TURISMO LTDA,B35T020D00205225,-22.87678055,-43.41983083,2026-04-26,FECHADO,2026-04-26 00:00:23.59696,2026-04-26 00:04:23.407971,5,5,5,5,1.0,1.0
SANCETUR - SANTA CECILIA TURISMO LTDA,B35T020D00202706,-22.86251634,-43.53512602,2026-04-26,FECHADO,2026-04-26 00:00:35.315839,2026-04-26 00:04:35.016595,5,5,5,5,1.0,1.0
SANCETUR - SANTA CECILIA TURISMO LTDA,B35T020D00206406,-22.87627984,-43.42005903,2026-04-26,FECHADO,2026-04-26 00:00:30.021412,2026-04-26 00:04:29.839239,5,5,5,5,1.0,1.0
SANCETUR - SANTA CECILIA TURISMO LTDA,B35T020D00207624,-22.87594576,-43.4190307,2026-04-26,FECHADO,2026-04-26 00:00:15.368425,2026-04-26 00:04:15.206747,5,5,5,5,1.0,1.0
SANCETUR - SANTA CECILIA TURISMO LTDA,B35T020D00204975,-22.87663745,-43.41972439,2026-04-26,FECHADO,2026-04-26 00:00:25.466567,2026-04-26 00:04:25.147179,5,5,5,5,1.0,1.0
SANCETUR - SANTA CECILIA TURISMO LTDA,B35T020D00203620,-22.86236442,-43.53513083,2026-04-26,FECHADO,2026-04-26 00:00:31.127007,2026-04-26 00:04:31.34393,5,5,5,5,1.0,1.0
SANCETUR - SANTA CECILIA TURISMO LTDA,B35T020D00205428,-22.86168526,-43.53467578,2026-04-26,FECHADO,2026-04-26 00:00:21.755412,2026-04-26 00:04:21.294568,5,5,5,5,1.0,1.0
SANCETUR - SANTA CECILIA TURISMO LTDA,B35T020D00201601,-22.86192855,-43.53431895,2026-04-26,FECHADO,2026-04-26 00:00:11.99402,2026-04-26 00:04:11.516528,5,5,5,5,1.0,1.0
SANCETUR - SANTA CECILIA TURISMO LTDA,B35T020D00202698,-22.8765538,-43.41989125,2026-04-26,FECHADO,2026-04-26 00:00:36.672013,2026-04-26 00:04:36.514615,5,5,5,5,1.0,1.0
SANCETUR - SANTA CECILIA TURISMO LTDA,B35T020D00205591,-22.87581384,-43.41983595,2026-04-26,FECHADO,2026-04-26 00:00:58.361333,2026-04-26 00:04:58.747869,5,5,5,5,1.0,1.0
SANCETUR - SANTA CECILIA TURISMO LTDA,B35T020D00208087,-22.87634589,-43.41920829,2026-04-26,FECHADO,2026-04-26 00:00:40.216227,2026-04-26 00:04:40.173726,5,5,5,5,1.0,1.0
SANCETUR - SANTA CECILIA TURISMO LTDA,B35T020D00208085,-22.87611017,-43.41984426,2026-04-26,FECHADO,2026-04-26 00:00:34.333138,2026-04-26 00:04:34.025456,5,5,5,5,1.0,1.0
SANCETUR - SANTA CECILIA TURISMO LTDA,B35T020D00206394,-22.86199835,-43.53448108,2026-04-26,FECHADO,2026-04-26 00:00:42.622818,2026-04-26 00:04:42.338432,5,5,5,5,1.0,1.0
SANCETUR - SANTA CECILIA TURISMO LTDA,B35T020D00204630,-22.86232151,-43.53479875,2026-04-26,FECHADO,2026-04-26 00:00:52.832895,2026-04-26 00:04:53.135393,5,5,5,5,1.0,1.0
SANCETUR - SANTA CECILIA TURISMO LTDA,B35T020D00202032,-22.87646151,-43.42018211,2026-04-26,FECHADO,2026-04-26 00:00:41.358879,2026-04-26 00:04:41.454599,5,5,5,5,1.0,1.0
SANCETUR - SANTA CECILIA TURISMO LTDA,B35T020D00209472,-22.87592402,-43.41976132,2026-04-26,FECHADO,2026-04-26 00:00:00.447708,2026-04-26 00:04:00.291651,5,5,5,5,1.0,1.0
SANCETUR - SANTA CECILIA TURISMO LTDA,B35T020D00204717,-22.87656803,-43.41958777,2026-04-26,FECHADO,2026-04-26 00:00:24.36533,2026-04-26 00:04:24.427848,5,5,5,5,1.0,1.0
SANCETUR - SANTA CECILIA TURISMO LTDA,B35T020D00207592,-22.87646724,-43.41949605,2026-04-26,FECHADO,2026-04-26 00:00:01.841414,2026-04-26 00:04:01.569212,5,5,5,5,1.0,1.0
SANCETUR - SANTA CECILIA TURISMO LTDA,B35T020D00204716,-22.86234738,-43.53449786,2026-04-26,FECHADO,2026-04-26 00:00:17.312682,2026-04-26 00:04:17.237514,5,5,5,5,1.0,1.0
SANCETUR - SANTA CECILIA TURISMO LTDA,B35T020D00204894,-22.87660336,-43.41955322,2026-04-26,FECHADO,2026-04-26 00:00:53.290043,2026-04-26 00:04:53.461946,5,5,5,5,1.0,1.0
SANCETUR - SANTA CECILIA TURISMO LTDA,B35T020D00207555,-22.87564544,-43.41939468,2026-04-26,FECHADO,2026-04-26 00:00:59.818619,2026-04-26 00:04:59.950775,5,5,5,5,1.0,1.0
SANCETUR - SANTA CECILIA TURISMO LTDA,B35T020D00209116,-22.87581962,-43.41972465,2026-04-26,FECHADO,2026-04-26 00:00:30.452698,2026-04-26 00:04:30.451904,5,5,5,5,1.0,1.0
SANCETUR - SANTA CECILIA TURISMO LTDA,B35T020D00205260,-22.86213332,-43.53448068,2026-04-26,FECHADO,2026-04-26 00:00:38.650438,2026-04-26 00:04:38.192343,5,5,5,5,1.0,1.0
SANCETUR - SANTA CECILIA TURISMO LTDA,B35T020D00202277,-22.87662948,-43.41952163,2026-04-26,FECHADO,2026-04-26 00:00:51.206395,2026-04-26 00:04:51.357988,5,5,5,5,1.0,1.0
SANCETUR - SANTA CECILIA TURISMO LTDA,B35T020D00203091,-22.87671422,-43.41965549,2026-04-26,FECHADO,2026-04-26 00:00:32.181865,2026-04-26 00:04:31.844924,5,5,5,5,1.0,1.0
SANCETUR - SANTA CECILIA TURISMO LTDA,B35T020D00202489,-22.87612123,-43.4190853,2026-04-26,FECHADO,2026-04-26 00:00:40.816736,2026-04-26 00:04:40.734932,5,5,5,5,1.0,1.0
SANCETUR - SANTA CECILIA TURISMO LTDA,B35T020D00202262,-22.87647764,-43.41972077,2026-04-26,FECHADO,2026-04-26 00:00:10.230428,2026-04-26 00:04:10.021408,5,5,5,5,1.0,1.0
SANCETUR - SANTA CECILIA TURISMO LTDA,B35T020D00207736,-22.87601682,-43.41990531,2026-04-26,FECHADO,2026-04-26 00:00:09.775335,2026-04-26 00:04:09.711057,5,5,5,5,1.0,1.0
SANCETUR - SANTA CECILIA TURISMO LTDA,B35T020D00204979,-22.87653006,-43.41981792,2026-04-26,FECHADO,2026-04-26 00:00:21.975932,2026-04-26 00:04:21.989686,5,5,5,5,1.0,1.0
SANCETUR - SANTA CECILIA TURISMO LTDA,B35T020D00209823,-22.8623626,-43.53457627,2026-04-26,FECHADO,2026-04-26 00:00:36.831084,2026-04-26 00:04:36.761462,5,5,5,5,1.0,1.0
SANCETUR - SANTA CECILIA TURISMO LTDA,B35T020D00207799,-22.87605103,-43.42007297,2026-04-26,FECHADO,2026-04-26 00:00:13.077394,2026-04-26 00:04:13.081405,5,5,5,5,1.0,1.0
SANCETUR - SANTA CECILIA TURISMO LTDA,B35T020D00202486,-22.87562693,-43.41951042,2026-04-26,FECHADO,2026-04-26 00:00:58.103203,2026-04-26 00:04:58.286741,5,5,5,5,1.0,1.0
SANCETUR - SANTA CECILIA TURISMO LTDA,B35T020D00210471,-22.87629941,-43.41931362,2026-04-26,FECHADO,2026-04-26 00:00:28.114543,2026-04-26 00:04:27.749383,5,5,5,5,1.0,1.0
SANCETUR - SANTA CECILIA TURISMO LTDA,B35T020D00205614,-22.86260853,-43.5340343,2026-04-26,FECHADO,2026-04-26 00:00:36.498488,2026-04-26 00:04:36.545246,5,5,5,5,1.0,1.0
SANCETUR - SANTA CECILIA TURISMO LTDA,B35T020D00201107,-22.87639949,-43.41986278,2026-04-26,FECHADO,2026-04-26 00:00:33.400265,2026-04-26 00:04:33.334934,5,5,5,5,1.0,1.0
SANCETUR - SANTA CECILIA TURISMO LTDA,B35T020D00207419,-22.8758975,-43.41934512,2026-04-26,FECHADO,2026-04-26 00:00:25.243058,2026-04-26 00:04:24.905872,5,5,5,5,1.0,1.0
SANCETUR - SANTA CECILIA TURISMO LTDA,B35T020D00202184,-22.8624102,-43.53466737,2026-04-26,FECHADO,2026-04-26 00:00:41.697577,2026-04-26 00:04:42.079618,5,5,5,5,1.0,1.0
SANCETUR - SANTA CECILIA TURISMO LTDA,B35T020D00203350,-22.87558452,-43.4195159,2026-04-26,FECHADO,2026-04-26 00:00:15.097007,2026-04-26 00:04:15.095484,5,5,5,5,1.0,1.0
SANCETUR - SANTA CECILIA TURISMO LTDA,B35T020D00208475,-22.87632869,-43.41992213,2026-04-26,FECHADO,2026-04-26 00:00:03.161628,2026-04-26 00:04:03.065545,5,5,5,5,1.0,1.0
SANCETUR - SANTA CECILIA TURISMO LTDA,B35T020D00204719,-22.87654436,-43.41966847,2026-04-26,FECHADO,2026-04-26 00:00:04.636669,2026-04-26 00:04:04.577862,5,5,5,5,1.0,1.0
SANCETUR - SANTA CECILIA TURISMO LTDA,B35T020D00206917,-22.87635145,-43.41986104,2026-04-26,FECHADO,2026-04-26 00:00:51.891367,2026-04-26 00:04:52.365524,5,5,5,5,1.0,1.0
SANCETUR - SANTA CECILIA TURISMO LTDA,B35T020D00206940,-22.86240141,-43.534992,2026-04-26,FECHADO,2026-04-26 00:00:45.91021,2026-04-26 00:04:46.462914,5,5,5,5,1.0,1.0
SANCETUR - SANTA CECILIA TURISMO LTDA,B35T020D00201539,-22.87661201,-43.41948926,2026-04-26,FECHADO,2026-04-26 00:00:32.609389,2026-04-26 00:04:32.400682,5,5,5,5,1.0,1.0
SANCETUR - SANTA CECILIA TURISMO LTDA,B35T020D00201454,-22.87588706,-43.4197415,2026-04-26,FECHADO,2026-04-26 00:00:01.049744,2026-04-26 00:04:00.840517,5,5,5,5,1.0,1.0
SANCETUR - SANTA CECILIA TURISMO LTDA,B35T020D00208400,-22.86251189,-43.53470761,2026-04-26,FECHADO,2026-04-26 00:00:35.521576,2026-04-26 00:04:35.28869,5,5,5,5,1.0,1.0
SANCETUR - SANTA CECILIA TURISMO LTDA,B35T020D00208471,-22.87651886,-43.419724,2026-04-26,FECHADO,2026-04-26 00:00:54.338532,2026-04-26 00:04:54.534512,5,5,5,5,1.0,1.0
SANCETUR - SANTA CECILIA TURISMO LTDA,B35T020D00203843,-22.87630658,-43.41938912,2026-04-26,FECHADO,2026-04-26 00:00:47.493457,2026-04-26 00:04:47.61289,5,5,5,5,1.0,1.0
SANCETUR - SANTA CECILIA TURISMO LTDA,B35T020D00201854,-22.87606142,-43.41986081,2026-04-26,FECHADO,2026-04-26 00:00:32.939573,2026-04-26 00:04:32.920713,5,5,5,5,1.0,1.0
SANCETUR - SANTA CECILIA TURISMO LTDA,B35T020D00205862,-22.86194567,-43.53444758,2026-04-26,FECHADO,2026-04-26 00:00:52.078467,2026-04-26 00:04:52.005758,5,5,5,5,1.0,1.0
SANCETUR - SANTA CECILIA TURISMO LTDA,B35T020D00203140,-22.86234344,-43.53484635,2026-04-26,FECHADO,2026-04-26 00:00:49.009578,2026-04-26 00:04:49.90485,5,5,5,5,1.0,1.0
SANCETUR - SANTA CECILIA TURISMO LTDA,B35T020D00204699,-22.87567161,-43.41932536,2026-04-26,FECHADO,2026-04-26 00:00:02.669611,2026-04-26 00:04:02.588946,5,5,5,5,1.0,1.0
SANCETUR - SANTA CECILIA TURISMO LTDA,B35T020D00206646,-22.87625922,-43.41916057,2026-04-26,FECHADO,2026-04-26 00:00:36.312131,2026-04-26 00:04:36.116372,5,5,5,5,1.0,1.0
SANCETUR - SANTA CECILIA TURISMO LTDA,B35T020D00205033,-22.87616444,-43.41945992,2026-04-26,FECHADO,2026-04-26 00:00:12.895579,2026-04-26 00:04:12.380424,5,5,5,5,1.0,1.0
SANCETUR - SANTA CECILIA TURISMO LTDA,B35T020D00201672,-22.87546415,-43.41964231,2026-04-26,FECHADO,2026-04-26 00:00:53.395763,2026-04-26 00:04:53.681021,5,5,5,5,1.0,1.0
SANCETUR - SANTA CECILIA TURISMO LTDA,B35T020D00206651,-22.87595257,-43.41925454,2026-04-26,FECHADO,2026-04-26 00:00:35.448645,2026-04-26 00:04:35.352251,5,5,5,5,1.0,1.0
SANCETUR - SANTA CECILIA TURISMO LTDA,B35T020D00203092,-22.8761617,-43.41946363,2026-04-26,FECHADO,2026-04-26 00:00:34.231717,2026-04-26 00:04:34.159833,5,5,5,5,1.0,1.0
SANCETUR - SANTA CECILIA TURISMO LTDA,B35T020D00207201,-22.8759094,-43.42005062,2026-04-26,FECHADO,2026-04-26 00:00:53.806538,2026-04-26 00:04:53.977359,5,5,5,5,1.0,1.0
SANCETUR - SANTA CECILIA TURISMO LTDA,B35T020D00204972,-22.86247009,-43.53488471,2026-04-26,FECHADO,2026-04-26 00:00:22.589784,2026-04-26 00:04:22.467154,5,5,5,5,1.0,1.0
SANCETUR - SANTA CECILIA TURISMO LTDA,B35T020D00205056,-22.87658858,-43.41964931,2026-04-26,FECHADO,2026-04-26 00:00:41.545015,2026-04-26 00:04:41.497212,5,5,5,5,1.0,1.0
SANCETUR - SANTA CECILIA TURISMO LTDA,B35T020D00202975,-22.87665209,-43.41994333,2026-04-26,FECHADO,2026-04-26 00:00:05.259887,2026-04-26 00:04:04.683984,5,5,5,5,1.0,1.0
SANCETUR - SANTA CECILIA TURISMO LTDA,B35T020D00206643,-22.8760886,-43.41998386,2026-04-26,FECHADO,2026-04-26 00:00:06.686453,2026-04-26 00:04:06.292267,5,5,5,5,1.0,1.0
SANCETUR - SANTA CECILIA TURISMO LTDA,B35T020D00207888,-22.86249816,-43.53523864,2026-04-26,FECHADO,2026-04-26 00:00:47.180381,2026-04-26 00:04:46.225371,5,5,5,5,1.0,1.0
SANCETUR - SANTA CECILIA TURISMO LTDA,B35T020D00203577,-22.8759816,-43.42016788,2026-04-26,FECHADO,2026-04-26 00:00:18.705858,2026-04-26 00:04:18.071706,5,5,5,5,1.0,1.0
SANCETUR - SANTA CECILIA TURISMO LTDA,B35T020D00203561,-22.87681131,-43.41978218,2026-04-26,FECHADO,2026-04-26 00:00:41.538364,2026-04-26 00:04:41.482669,5,5,5,5,1.0,1.0
SANCETUR - SANTA CECILIA TURISMO LTDA,B35T020D00204628,-22.87584689,-43.41992197,2026-04-26,FECHADO,2026-04-26 00:00:01.833321,2026-04-26 00:04:01.687684,5,5,5,5,1.0,1.0
SANCETUR - SANTA CECILIA TURISMO LTDA,B35T020D00202581,-22.87649142,-43.42003524,2026-04-26,FECHADO,2026-04-26 00:00:15.042539,2026-04-26 00:04:14.841629,5,5,5,5,1.0,1.0
SANCETUR - SANTA CECILIA TURISMO LTDA,B35T020D00209463,-22.87638595,-43.42007595,2026-04-26,FECHADO,2026-04-26 00:00:54.584289,2026-04-26 00:04:54.724105,5,5,5,5,1.0,1.0
SANCETUR - SANTA CECILIA TURISMO LTDA,B35T020D00206398,-22.8763239,-43.4198907,2026-04-26,FECHADO,2026-04-26 00:00:50.340053,2026-04-26 00:04:50.552134,5,5,5,5,1.0,1.0
SANCETUR - SANTA CECILIA TURISMO LTDA,B35T020D00200869,-22.87615334,-43.41926293,2026-04-26,FECHADO,2026-04-26 00:00:05.229726,2026-04-26 00:04:04.851713,5,5,5,5,1.0,1.0
SANCETUR - SANTA CECILIA TURISMO LTDA,B35T020D00208217,-22.86259153,-43.5347565,2026-04-26,FECHADO,2026-04-26 00:00:39.235924,2026-04-26 00:04:39.149553,5,5,5,5,1.0,1.0
SANCETUR - SANTA CECILIA TURISMO LTDA,B35T020D00210103,-22.86236901,-43.53526654,2026-04-26,FECHADO,2026-04-26 00:00:57.723407,2026-04-26 00:04:57.567308,5,5,5,5,1.0,1.0
SANCETUR - SANTA CECILIA TURISMO LTDA,B35T020D00201568,-22.86181435,-43.53473505,2026-04-26,FECHADO,2026-04-26 00:00:25.340542,2026-04-26 00:04:25.354718,5,5,5,5,1.0,1.0
SANCETUR - SANTA CECILIA TURISMO LTDA,B35T020D00202518,-22.87640712,-43.41962502,2026-04-26,FECHADO,2026-04-26 00:00:07.601596,2026-04-26 00:04:07.241685,5,5,5,5,1.0,1.0
SANCETUR - SANTA CECILIA TURISMO LTDA,B35T020D00205034,-22.86258527,-43.53457932,2026-04-26,FECHADO,2026-04-26 00:00:30.116424,2026-04-26 00:04:30.904756,5,5,5,5,1.0,1.0
SANCETUR - SANTA CECILIA TURISMO LTDA,B35T020D00207627,-22.87626148,-43.42010038,2026-04-26,FECHADO,2026-04-26 00:00:47.196449,2026-04-26 00:04:46.364869,5,5,5,5,1.0,1.0
SANCETUR - SANTA CECILIA TURISMO LTDA,B35T020D00202514,-22.87625973,-43.41934198,2026-04-26,FECHADO,2026-04-26 00:00:35.492798,2026-04-26 00:04:35.18764,5,5,5,5,1.0,1.0
SANCETUR - SANTA CECILIA TURISMO LTDA,B35T020D00205390,-22.86237413,-43.53508004,2026-04-26,FECHADO,2026-04-26 00:00:23.683242,2026-04-26 00:04:23.705168,5,5,5,5,1.0,1.0
SANCETUR - SANTA CECILIA TURISMO LTDA,B35T020D00202130,-22.87675989,-43.41975034,2026-04-26,FECHADO,2026-04-26 00:00:15.939456,2026-04-26 00:04:15.736538,5,5,5,5,1.0,1.0
SANCETUR - SANTA CECILIA TURISMO LTDA,B35T020D00206397,-22.87620821,-43.41973946,2026-04-26,FECHADO,2026-04-26 00:00:00.918309,2026-04-26 00:04:01.22706,5,5,5,5,1.0,1.0
SANCETUR - SANTA CECILIA TURISMO LTDA,B35T020D00204701,-22.87580593,-43.42004081,2026-04-26,FECHADO,2026-04-26 00:00:40.449365,2026-04-26 00:04:40.568833,5,5,5,5,1.0,1.0
SANCETUR - SANTA CECILIA TURISMO LTDA,B35T020D00201571,-22.86190772,-43.53465446,2026-04-26,FECHADO,2026-04-26 00:00:25.917676,2026-04-26 00:04:25.774439,5,5,5,5,1.0,1.0
SANCETUR - SANTA CECILIA TURISMO LTDA,B35T020D00204878,-22.87564985,-43.41889938,2026-04-26,FECHADO,2026-04-26 00:00:19.337755,2026-04-26 00:04:18.965453,5,5,5,5,1.0,1.0
SANCETUR - SANTA CECILIA TURISMO LTDA,B35T020D00204928,-22.87551957,-43.41970221,2026-04-26,FECHADO,2026-04-26 00:00:35.216306,2026-04-26 00:04:34.998411,5,5,5,5,1.0,1.0
SANCETUR - SANTA CECILIA TURISMO LTDA,B35T020D00201673,-22.8620929,-43.5339805,2026-04-26,FECHADO,2026-04-26 00:00:02.133602,2026-04-26 00:04:01.777259,5,5,5,5,1.0,1.0
SANCETUR - SANTA CECILIA TURISMO LTDA,B35T020D00206386,-22.87560243,-43.4193513,2026-04-26,FECHADO,2026-04-26 00:00:53.971806,2026-04-26 00:04:54.201739,5,5,5,5,1.0,1.0
SANCETUR - SANTA CECILIA TURISMO LTDA,B35T020D00202582,-22.86210429,-43.53431637,2026-04-26,FECHADO,2026-04-26 00:00:48.209145,2026-04-26 00:04:47.715735,5,5,5,5,1.0,1.0
SANCETUR - SANTA CECILIA TURISMO LTDA,B35T020D00203204,-22.87561552,-43.41965225,2026-04-26,FECHADO,2026-04-26 00:00:54.744455,2026-04-26 00:04:54.989445,5,5,5,5,1.0,1.0
SANCETUR - SANTA CECILIA TURISMO LTDA,B35T020D00203704,-22.87566461,-43.41930374,2026-04-26,FECHADO,2026-04-26 00:00:09.151939,2026-04-26 00:04:09.147316,5,5,5,5,1.0,1.0
SANCETUR - SANTA CECILIA TURISMO LTDA,B35T020D00210162,-22.86230713,-43.53512288,2026-04-26,FECHADO,2026-04-26 00:00:04.313195,2026-04-26 00:04:04.139058,5,5,5,5,1.0,1.0
SANCETUR - SANTA CECILIA TURISMO LTDA,B35T020D00201540,-22.86254653,-43.53526679,2026-04-26,FECHADO,2026-04-26 00:00:41.353276,2026-04-26 00:04:41.276823,5,5,5,5,1.0,1.0
SANCETUR - SANTA CECILIA TURISMO LTDA,B35T020D00207133,-22.86196437,-43.53420358,2026-04-26,FECHADO,2026-04-26 00:00:56.947831,2026-04-26 00:04:57.128333,5,5,5,5,1.0,1.0
SANCETUR - SANTA CECILIA TURISMO LTDA,B35T020D00201108,-22.87559391,-43.41960868,2026-04-26,FECHADO,2026-04-26 00:00:55.363123,2026-04-26 00:04:55.566801,5,5,5,5,1.0,1.0
SANCETUR - SANTA CECILIA TURISMO LTDA,B35T020D00206504,-22.87583613,-43.4200028,2026-04-26,FECHADO,2026-04-26 00:00:43.229766,2026-04-26 00:04:43.046377,5,5,5,5,1.0,1.0
SANCETUR - SANTA CECILIA TURISMO LTDA,B35T020D00207625,-22.87658483,-43.41949958,2026-04-26,FECHADO,2026-04-26 00:00:47.126782,2026-04-26 00:04:47.063856,5,5,5,5,1.0,1.0
SANCETUR - SANTA CECILIA TURISMO LTDA,B35T020D00205892,-22.87630545,-43.42002625,2026-04-26,FECHADO,2026-04-26 00:00:31.866072,2026-04-26 00:04:31.788188,5,5,5,5,1.0,1.0
SANCETUR - SANTA CECILIA TURISMO LTDA,B35T020D00201671,-22.86258921,-43.5345317,2026-04-26,FECHADO,2026-04-26 00:00:05.793635,2026-04-26 00:04:05.656007,5,5,5,5,1.0,1.0
SANCETUR - SANTA CECILIA TURISMO LTDA,B35T020D00209594,-22.86256906,-43.53515269,2026-04-26,FECHADO,2026-04-26 00:00:49.303796,2026-04-26 00:04:49.147654,5,5,5,5,1.0,1.0
SANCETUR - SANTA CECILIA TURISMO LTDA,B35T020D00200226,-22.87624692,-43.41898845,2026-04-26,FECHADO,2026-04-26 00:00:31.620556,2026-04-26 00:04:31.569683,5,5,5,5,1.0,1.0
SANCETUR - SANTA CECILIA TURISMO LTDA,B35T020D00202266,-22.87670206,-43.41987726,2026-04-26,FECHADO,2026-04-26 00:00:38.621413,2026-04-26 00:04:38.337147,5,5,5,5,1.0,1.0
SANCETUR - SANTA CECILIA TURISMO LTDA,B35T020D00206393,-22.87629331,-43.41928432,2026-04-26,FECHADO,2026-04-26 00:00:24.238305,2026-04-26 00:04:24.213514,5,5,5,5,1.0,1.0
SANCETUR - SANTA CECILIA TURISMO LTDA,B35T020D00201563,-22.87653496,-43.41987076,2026-04-26,FECHADO,2026-04-26 00:00:58.292462,2026-04-26 00:04:58.628369,5,5,5,5,1.0,1.0
SANCETUR - SANTA CECILIA TURISMO LTDA,B35T020D00206096,-22.8754945,-43.41947193,2026-04-26,FECHADO,2026-04-26 00:00:01.43405,2026-04-26 00:04:01.640004,5,5,5,5,1.0,1.0
SANCETUR - SANTA CECILIA TURISMO LTDA,B35T020D00205444,-22.87644362,-43.41969675,2026-04-26,FECHADO,2026-04-26 00:00:49.363962,2026-04-26 00:04:49.63364,5,5,5,5,1.0,1.0
SANCETUR - SANTA CECILIA TURISMO LTDA,B35T020D00203615,-22.86199142,-43.53455606,2026-04-26,FECHADO,2026-04-26 00:00:03.358224,2026-04-26 00:04:02.99836,5,5,5,5,1.0,1.0
SANCETUR - SANTA CECILIA TURISMO LTDA,B35T020D00206778,-22.8761555,-43.41920437,2026-04-26,FECHADO,2026-04-26 00:00:29.20152,2026-04-26 00:04:28.783504,5,5,5,5,1.0,1.0
SANCETUR - SANTA CECILIA TURISMO LTDA,B35T020D00208251,-22.87581813,-43.41872819,2026-04-26,FECHADO,2026-04-26 00:00:25.534822,2026-04-26 00:04:25.591327,5,5,5,5,1.0,1.0
SANCETUR - SANTA CECILIA TURISMO LTDA,B35T020D00203012,-22.86203272,-43.53425088,2026-04-26,FECHADO,2026-04-26 00:00:28.368071,2026-04-26 00:04:28.458939,5,5,5,5,1.0,1.0
SANCETUR - SANTA CECILIA TURISMO LTDA,B35T020D00210308,-22.86248002,-43.53496132,2026-04-26,FECHADO,2026-04-26 00:00:23.528375,2026-04-26 00:04:22.437656,5,5,5,5,1.0,1.0
SANCETUR - SANTA CECILIA TURISMO LTDA,B35T020D00202346,-22.87634068,-43.41987037,2026-04-26,FECHADO,2026-04-26 00:00:49.968096,2026-04-26 00:04:50.190765,5,5,5,5,1.0,1.0
SANCETUR - SANTA CECILIA TURISMO LTDA,B35T020D00201612,-22.86261867,-43.53416079,2026-04-26,FECHADO,2026-04-26 00:00:56.259377,2026-04-26 00:04:56.373634,5,5,5,5,1.0,1.0
SANCETUR - SANTA CECILIA TURISMO LTDA,B35T020D00201577,-22.86860294,-43.41490336,2026-04-26,FECHADO,2026-04-26 00:00:04.841838,2026-04-26 00:04:04.888762,5,5,5,5,1.0,1.0
SANCETUR - SANTA CECILIA TURISMO LTDA,B35T020D00209967,-22.86233177,-43.53489914,2026-04-26,FECHADO,2026-04-26 00:00:32.027494,2026-04-26 00:04:31.641279,5,5,5,5,1.0,1.0
SANCETUR - SANTA CECILIA TURISMO LTDA,B35T020D00208215,-22.87617381,-43.41968611,2026-04-26,FECHADO,2026-04-26 00:00:44.428037,2026-04-26 00:04:44.536146,5,5,5,5,1.0,1.0
SANCETUR - SANTA CECILIA TURISMO LTDA,B35T020D00204755,-22.87573845,-43.41916861,2026-04-26,FECHADO,2026-04-26 00:00:18.437599,2026-04-26 00:04:18.216749,5,5,5,5,1.0,1.0
SANCETUR - SANTA CECILIA TURISMO LTDA,B35T020D00206720,-22.87600082,-43.42012988,2026-04-26,FECHADO,2026-04-26 00:00:49.862807,2026-04-26 00:04:50.174973,5,5,5,5,1.0,1.0
SANCETUR - SANTA CECILIA TURISMO LTDA,B35T020D00206190,-22.86255861,-43.53511499,2026-04-26,FECHADO,2026-04-26 00:00:08.696778,2026-04-26 00:04:08.825597,5,5,5,5,1.0,1.0
SANCETUR - SANTA CECILIA TURISMO LTDA,B35T020D00202228,-22.87556731,-43.41904069,2026-04-26,FECHADO,2026-04-26 00:00:55.510908,2026-04-26 00:04:55.564448,5,5,5,5,1.0,1.0
SANCETUR - SANTA CECILIA TURISMO LTDA,B35T020D00203706,-22.87676322,-43.41983522,2026-04-26,FECHADO,2026-04-26 00:00:25.166346,2026-04-26 00:04:24.686287,5,5,5,5,1.0,1.0
SANCETUR - SANTA CECILIA TURISMO LTDA,B35T020D00208112,-22.86258042,-43.53500298,2026-04-26,FECHADO,2026-04-26 00:00:54.561532,2026-04-26 00:04:54.624129,5,5,5,5,1.0,1.0
SANCETUR - SANTA CECILIA TURISMO LTDA,B35T020D00210617,-22.87618013,-43.41975148,2026-04-26,FECHADO,2026-04-26 00:00:17.664144,2026-04-26 00:04:17.23021,5,5,5,5,1.0,1.0
SANCETUR - SANTA CECILIA TURISMO LTDA,B35T020D00206507,-22.87581051,-43.41944309,2026-04-26,FECHADO,2026-04-26 00:00:45.878856,2026-04-26 00:04:45.85759,5,5,5,5,1.0,1.0
SANCETUR - SANTA CECILIA TURISMO LTDA,B35T020D00202087,-22.87660614,-43.41977902,2026-04-26,FECHADO,2026-04-26 00:00:04.377702,2026-04-26 00:04:04.026971,5,5,5,5,1.0,1.0
SANCETUR - SANTA CECILIA TURISMO LTDA,B35T020D00209494,-22.87665593,-43.42002408,2026-04-26,FECHADO,2026-04-26 00:00:52.725601,2026-04-26 00:04:53.082107,5,5,5,5,1.0,1.0
SANCETUR - SANTA CECILIA TURISMO LTDA,B35T020D00204971,-22.87569272,-43.418903,2026-04-26,FECHADO,2026-04-26 00:00:55.583787,2026-04-26 00:04:55.787244,5,5,5,5,1.0,1.0
SANCETUR - SANTA CECILIA TURISMO LTDA,B35T020D00204278,-22.87629974,-43.41963289,2026-04-26,FECHADO,2026-04-26 00:00:48.821118,2026-04-26 00:04:49.143738,5,5,5,5,1.0,1.0
SANCETUR - SANTA CECILIA TURISMO LTDA,B35T020D00203727,-22.87586023,-43.41877926,2026-04-26,FECHADO,2026-04-26 00:00:40.83457,2026-04-26 00:04:40.675774,5,5,5,5,1.0,1.0
SANCETUR - SANTA CECILIA TURISMO LTDA,B35T020D00201558,-22.86244896,-43.5347881,2026-04-26,FECHADO,2026-04-26 00:00:39.699995,2026-04-26 00:04:39.591223,5,5,5,5,1.0,1.0
SANCETUR - SANTA CECILIA TURISMO LTDA,B35T020D00202584,-22.86191648,-43.53407087,2026-04-26,FECHADO,2026-04-26 00:00:45.930645,2026-04-26 00:04:46.082664,5,5,5,5,1.0,1.0
SANCETUR - SANTA CECILIA TURISMO LTDA,B35T020D00204626,-22.87589663,-43.41941726,2026-04-26,FECHADO,2026-04-26 00:00:14.851975,2026-04-26 00:04:14.668207,5,5,5,5,1.0,1.0
SANCETUR - SANTA CECILIA TURISMO LTDA,B35T020D00208829,-22.87572564,-43.41955821,2026-04-26,FECHADO,2026-04-26 00:00:43.057769,2026-04-26 00:04:43.321828,5,5,5,5,1.0,1.0
TRANSPORTES BARRA LTDA.,B35T020D00203705,-22.95302886,-43.35095218,2026-04-26,FECHADO,2026-04-26 00:00:56.245714,2026-04-26 00:04:56.41586,5,5,5,5,1.0,1.0
TRANSPORTES BARRA LTDA.,B35T020D00204257,-22.87962906,-43.35700766,2026-04-26,FECHADO,2026-04-26 00:00:47.622318,2026-04-26 00:04:47.466363,5,5,5,5,1.0,1.0
TRANSPORTES BARRA LTDA.,B35T020D00204243,-22.95230656,-43.34965063,2026-04-26,FECHADO,2026-04-26 00:00:28.814887,2026-04-26 00:04:28.750712,5,5,5,5,1.0,1.0
TRANSPORTES BARRA LTDA.,B35T020D00203845,-22.88009164,-43.35682658,2026-04-26,FECHADO,2026-04-26 00:00:51.587195,2026-04-26 00:04:51.828065,5,5,5,5,1.0,1.0
TRANSPORTES BARRA LTDA.,B35T020D00201158,-22.88040253,-43.35772447,2026-04-26,FECHADO,2026-04-26 00:00:44.472929,2026-04-26 00:04:44.606498,5,5,5,5,1.0,1.0
TRANSPORTES BARRA LTDA.,B35T020D00203595,-22.88027473,-43.35708779,2026-04-26,FECHADO,2026-04-26 00:00:04.966096,2026-04-26 00:04:04.578235,5,5,5,5,1.0,1.0
TRANSPORTES BARRA LTDA.,B35T020D00207275,-22.88003496,-43.35789728,2026-04-26,FECHADO,2026-04-26 00:00:17.368101,2026-04-26 00:04:17.120571,5,5,5,5,1.0,1.0
TRANSPORTES BARRA LTDA.,B35T020D00207190,-22.88031272,-43.35707189,2026-04-26,FECHADO,2026-04-26 00:00:57.152258,2026-04-26 00:04:57.367389,5,5,5,5,1.0,1.0
TRANSPORTES BARRA LTDA.,B35T020D00205031,-22.95264259,-43.34891345,2026-04-26,FECHADO,2026-04-26 00:00:23.756475,2026-04-26 00:04:23.755748,5,5,5,5,1.0,1.0
TRANSPORTES BARRA LTDA.,B4CT020D00400296,-22.87976475,-43.35757201,2026-04-26,FECHADO,2026-04-26 00:00:41.021424,2026-04-26 00:04:40.755325,5,5,5,5,1.0,1.0
TRANSPORTES BARRA LTDA.,B35T020D00208413,-22.88068892,-43.35716621,2026-04-26,FECHADO,2026-04-26 00:00:22.594105,2026-04-26 00:04:22.683926,5,5,5,5,1.0,1.0
TRANSPORTES BARRA LTDA.,B35T020D00208744,-22.87979947,-43.35717114,2026-04-26,FECHADO,2026-04-26 00:00:02.966877,2026-04-26 00:04:02.798896,5,5,5,5,1.0,1.0
TRANSPORTES BARRA LTDA.,B35T020D00210576,-22.95218418,-43.34961478,2026-04-26,FECHADO,2026-04-26 00:00:47.244157,2026-04-26 00:04:47.512028,5,5,5,5,1.0,1.0
TRANSPORTES BARRA LTDA.,B35T020D00205037,-22.88010541,-43.35691944,2026-04-26,FECHADO,2026-04-26 00:00:31.462322,2026-04-26 00:04:31.447263,5,5,5,5,1.0,1.0
TRANSPORTES BARRA LTDA.,B35T020D00201711,-22.88040857,-43.3581938,2026-04-26,FECHADO,2026-04-26 00:00:45.348286,2026-04-26 00:04:45.508299,5,5,5,5,1.0,1.0
TRANSPORTES BARRA LTDA.,B35T020D00209965,-22.88030356,-43.35815018,2026-04-26,FECHADO,2026-04-26 00:00:02.364497,2026-04-26 00:04:02.321726,5,5,5,5,1.0,1.0
TRANSPORTES BARRA LTDA.,B35T020D00202190,-22.88064555,-43.35720707,2026-04-26,FECHADO,2026-04-26 00:00:42.242193,2026-04-26 00:04:42.526175,5,5,5,5,1.0,1.0
TRANSPORTES BARRA LTDA.,B35T020D00206368,-22.87999813,-43.35706926,2026-04-26,FECHADO,2026-04-26 00:00:41.542642,2026-04-26 00:04:41.616364,5,5,5,5,1.0,1.0
TRANSPORTES BARRA LTDA.,B35T020D00202247,-22.9530283,-43.35094351,2026-04-26,FECHADO,2026-04-26 00:00:20.318755,2026-04-26 00:04:20.26446,5,5,5,5,1.0,1.0
TRANSPORTES BARRA LTDA.,B35T020D00202972,-22.87976388,-43.35707937,2026-04-26,FECHADO,2026-04-26 00:00:09.584796,2026-04-26 00:04:09.346054,5,5,5,5,1.0,1.0
TRANSPORTES BARRA LTDA.,B35T020D00207164,-22.88003662,-43.35716074,2026-04-26,FECHADO,2026-04-26 00:00:05.290329,2026-04-26 00:04:05.137041,5,5,5,5,1.0,1.0
TRANSPORTES BARRA LTDA.,B35T020D00208180,-22.88030591,-43.35708535,2026-04-26,FECHADO,2026-04-26 00:00:42.888227,2026-04-26 00:04:42.721032,5,5,5,5,1.0,1.0
TRANSPORTES BARRA LTDA.,B35T020D00205029,-22.87959355,-43.35718016,2026-04-26,FECHADO,2026-04-26 00:00:43.498802,2026-04-26 00:04:43.877705,5,5,5,5,1.0,1.0
TRANSPORTES BARRA LTDA.,B4CT020D00400202,-22.88071979,-43.35695042,2026-04-26,FECHADO,2026-04-26 00:00:19.158106,2026-04-26 00:04:19.116843,5,5,5,5,1.0,1.0
TRANSPORTES BARRA LTDA.,B35T020D00207162,-22.87963718,-43.35706743,2026-04-26,FECHADO,2026-04-26 00:00:42.117408,2026-04-26 00:04:41.785776,5,5,5,5,1.0,1.0
TRANSPORTES BARRA LTDA.,B35T020D00210119,-22.87964558,-43.35706164,2026-04-26,FECHADO,2026-04-26 00:00:30.793511,2026-04-26 00:04:30.429717,5,5,5,5,1.0,1.0
TRANSPORTES BARRA LTDA.,B35T020D00205492,-22.88014988,-43.35783041,2026-04-26,FECHADO,2026-04-26 00:00:06.371121,2026-04-26 00:04:06.05052,5,5,5,5,1.0,1.0
TRANSPORTES BARRA LTDA.,B35T020D00205274,-22.95217443,-43.3495261,2026-04-26,FECHADO,2026-04-26 00:00:01.498697,2026-04-26 00:04:01.360519,5,5,5,5,1.0,1.0
TRANSPORTES BARRA LTDA.,B35T020D00210521,-22.87965351,-43.35702721,2026-04-26,FECHADO,2026-04-26 00:00:37.85431,2026-04-26 00:04:37.719904,5,5,5,5,1.0,1.0
TRANSPORTES BARRA LTDA.,B35T020D00207416,-22.95302686,-43.35088518,2026-04-26,FECHADO,2026-04-26 00:00:49.106124,2026-04-26 00:04:49.096253,5,5,5,5,1.0,1.0
TRANSPORTES BARRA LTDA.,B4CT020D00400196,-22.88066682,-43.35733879,2026-04-26,FECHADO,2026-04-26 00:00:39.625216,2026-04-26 00:04:39.78784,5,5,5,5,1.0,1.0
TRANSPORTES BARRA LTDA.,B35T020D00201596,-22.88050474,-43.35774178,2026-04-26,FECHADO,2026-04-26 00:00:24.118042,2026-04-26 00:04:23.683488,5,5,5,5,1.0,1.0
TRANSPORTES BARRA LTDA.,B35T020D00209993,-22.8797875,-43.3571426,2026-04-26,FECHADO,2026-04-26 00:00:35.916001,2026-04-26 00:04:35.721953,5,5,5,5,1.0,1.0
TRANSPORTES BARRA LTDA.,B35T020D00206396,-22.95295472,-43.35099833,2026-04-26,FECHADO,2026-04-26 00:00:50.660827,2026-04-26 00:04:50.806678,5,5,5,5,1.0,1.0
TRANSPORTES BARRA LTDA.,B35T020D00207226,-22.95271666,-43.34995792,2026-04-26,FECHADO,2026-04-26 00:00:27.15767,2026-04-26 00:04:26.967018,5,5,5,5,1.0,1.0
TRANSPORTES BARRA LTDA.,B35T020D00206493,-22.87988669,-43.35703799,2026-04-26,FECHADO,2026-04-26 00:00:18.119544,2026-04-26 00:04:17.745702,5,5,5,5,1.0,1.0
TRANSPORTES BARRA LTDA.,B35T020D00202275,-22.88002875,-43.35801635,2026-04-26,FECHADO,2026-04-26 00:00:33.66752,2026-04-26 00:04:33.461471,5,5,5,5,1.0,1.0
TRANSPORTES BARRA LTDA.,B35T020D00202278,-22.95203554,-43.34832488,2026-04-26,FECHADO,2026-04-26 00:00:57.470225,2026-04-26 00:04:57.843823,5,5,5,5,1.0,1.0
TRANSPORTES BARRA LTDA.,B4CT020D00400221,-22.9522299,-43.3496237,2026-04-26,FECHADO,2026-04-26 00:00:52.289438,2026-04-26 00:04:52.843874,5,5,5,5,1.0,1.0
TRANSPORTES BARRA LTDA.,B35T020D00202925,-22.87972199,-43.35713711,2026-04-26,FECHADO,2026-04-26 00:00:25.306414,2026-04-26 00:04:25.684244,5,5,5,5,1.0,1.0
TRANSPORTES BARRA LTDA.,B35T020D00202149,-22.88044033,-43.35826939,2026-04-26,FECHADO,2026-04-26 00:00:27.814296,2026-04-26 00:04:27.788888,5,5,5,5,1.0,1.0
TRANSPORTES BARRA LTDA.,B35T020D00203683,-22.8802626,-43.35699125,2026-04-26,FECHADO,2026-04-26 00:00:01.020874,2026-04-26 00:04:01.018941,5,5,5,5,1.0,1.0
TRANSPORTES BARRA LTDA.,B35T020D00203023,-22.87955353,-43.35709424,2026-04-26,FECHADO,2026-04-26 00:00:24.024823,2026-04-26 00:04:23.917006,5,5,5,5,1.0,1.0
TRANSPORTES BARRA LTDA.,B35T020D00208248,-22.88033564,-43.35702136,2026-04-26,FECHADO,2026-04-26 00:00:35.600372,2026-04-26 00:04:35.389636,5,5,5,5,1.0,1.0
TRANSPORTES BARRA LTDA.,B35T020D00202696,-22.95193486,-43.34838712,2026-04-26,FECHADO,2026-04-26 00:00:21.730498,2026-04-26 00:04:21.589597,5,5,5,5,1.0,1.0
TRANSPORTES BARRA LTDA.,B35T020D00207490,-22.95215752,-43.34957413,2026-04-26,FECHADO,2026-04-26 00:00:52.216103,2026-04-26 00:04:52.812973,5,5,5,5,1.0,1.0
TRANSPORTES BARRA LTDA.,B35T020D00206387,-22.87997471,-43.3581027,2026-04-26,FECHADO,2026-04-26 00:00:32.760381,2026-04-26 00:04:32.587004,5,5,5,5,1.0,1.0
TRANSPORTES BARRA LTDA.,B35T020D00203702,-22.88049867,-43.35761426,2026-04-26,FECHADO,2026-04-26 00:00:28.379302,2026-04-26 00:04:28.178556,5,5,5,5,1.0,1.0
TRANSPORTES BARRA LTDA.,B35T020D00202263,-22.95304116,-43.35094574,2026-04-26,FECHADO,2026-04-26 00:00:34.827291,2026-04-26 00:04:34.868601,5,5,5,5,1.0,1.0
TRANSPORTES BARRA LTDA.,B4CT020D00400130,-22.87989882,-43.35704337,2026-04-26,FECHADO,2026-04-26 00:00:05.782001,2026-04-26 00:04:05.426718,5,5,5,5,1.0,1.0
TRANSPORTES BARRA LTDA.,B35T020D00210511,-22.87756841,-43.36399701,2026-04-26,FECHADO,2026-04-26 00:00:32.42385,2026-04-26 00:04:32.287646,5,5,5,5,1.0,1.0
TRANSPORTES BARRA LTDA.,B35T020D00207270,-22.88053759,-43.35731699,2026-04-26,FECHADO,2026-04-26 00:00:48.43663,2026-04-26 00:04:48.792297,5,5,5,5,1.0,1.0
TRANSPORTES BARRA LTDA.,B35T020D00202265,-22.88001072,-43.35713397,2026-04-26,FECHADO,2026-04-26 00:00:57.369323,2026-04-26 00:04:57.491608,5,5,5,5,1.0,1.0
TRANSPORTES BARRA LTDA.,B35T020D00206408,-22.88003175,-43.35690238,2026-04-26,FECHADO,2026-04-26 00:00:06.791717,2026-04-26 00:04:06.607285,5,5,5,5,1.0,1.0
TRANSPORTES BARRA LTDA.,B35T020D00203138,-22.88033641,-43.35831768,2026-04-26,FECHADO,2026-04-26 00:00:33.029719,2026-04-26 00:04:32.671658,5,5,5,5,1.0,1.0
TRANSPORTES BARRA LTDA.,B4CT020D00400162,-22.88068806,-43.35705496,2026-04-26,FECHADO,2026-04-26 00:00:14.726605,2026-04-26 00:04:14.721796,5,5,5,5,1.0,1.0
TRANSPORTES BARRA LTDA.,B35T020D00203746,-22.87983204,-43.35715497,2026-04-26,FECHADO,2026-04-26 00:00:02.175912,2026-04-26 00:04:02.079188,5,5,5,5,1.0,1.0
TRANSPORTES BARRA LTDA.,B35T020D00207884,-22.87978702,-43.35705873,2026-04-26,FECHADO,2026-04-26 00:00:56.540373,2026-04-26 00:04:56.686684,5,5,5,5,1.0,1.0
TRANSPORTES BARRA LTDA.,B35T020D00207900,-22.88067969,-43.35716791,2026-04-26,FECHADO,2026-04-26 00:00:50.355505,2026-04-26 00:04:50.676636,5,5,5,5,1.0,1.0
TRANSPORTES BARRA LTDA.,B35T020D00206409,-22.88025384,-43.35690196,2026-04-26,FECHADO,2026-04-26 00:00:23.193308,2026-04-26 00:04:23.212494,5,5,5,5,1.0,1.0
TRANSPORTES BARRA LTDA.,B35T020D00203348,-22.8806502,-43.35704761,2026-04-26,FECHADO,2026-04-26 00:00:31.737097,2026-04-26 00:04:31.676951,5,5,5,5,1.0,1.0
TRANSPORTES BARRA LTDA.,B35T020D00205279,-22.95323023,-43.35019868,2026-04-26,FECHADO,2026-04-26 00:00:20.419589,2026-04-26 00:04:20.367567,5,5,5,5,1.0,1.0
TRANSPORTES BARRA LTDA.,B35T020D00203729,-22.87907977,-43.49123369,2026-04-26,FECHADO,2026-04-26 00:00:26.574643,2026-04-26 00:04:26.580766,5,5,5,5,1.0,1.0
TRANSPORTES BARRA LTDA.,B35T020D00210528,-22.88014749,-43.35707273,2026-04-26,FECHADO,2026-04-26 00:00:09.790185,2026-04-26 00:04:09.871542,5,5,5,5,1.0,1.0
TRANSPORTES BARRA LTDA.,B35T020D00206889,-22.95214444,-43.34961733,2026-04-26,FECHADO,2026-04-26 00:00:06.326685,2026-04-26 00:04:06.426564,5,5,5,5,1.0,1.0
TRANSPORTES BARRA LTDA.,B35T020D00205030,-22.87985923,-43.35759963,2026-04-26,FECHADO,2026-04-26 00:00:43.483178,2026-04-26 00:04:43.528613,5,5,5,5,1.0,1.0
TRANSPORTES BARRA LTDA.,B35T020D00201537,-22.88028935,-43.35702058,2026-04-26,FECHADO,2026-04-26 00:00:47.84487,2026-04-26 00:04:47.868071,5,5,5,5,1.0,1.0
TRANSPORTES BARRA LTDA.,B35T020D00208637,-22.95308112,-43.35100453,2026-04-26,FECHADO,2026-04-26 00:00:25.056917,2026-04-26 00:04:25.056844,5,5,5,5,1.0,1.0
TRANSPORTES BARRA LTDA.,B35T020D00203321,-22.88008899,-43.35733915,2026-04-26,FECHADO,2026-04-26 00:00:00.532271,2026-04-26 00:04:00.441541,5,5,5,5,1.0,1.0
TRANSPORTES BARRA LTDA.,B35T020D00209968,-22.95172964,-43.34863007,2026-04-26,FECHADO,2026-04-26 00:00:01.522103,2026-04-26 00:04:01.227744,5,5,5,5,1.0,1.0
TRANSPORTES BARRA LTDA.,B35T020D00204280,-22.88027668,-43.35820921,2026-04-26,FECHADO,2026-04-26 00:00:58.757341,2026-04-26 00:04:59.166696,5,5,5,5,1.0,1.0
TRANSPORTES BARRA LTDA.,B35T020D00203522,-22.88004152,-43.35677163,2026-04-26,FECHADO,2026-04-26 00:00:33.791821,2026-04-26 00:04:33.740756,5,5,5,5,1.0,1.0
TRANSPORTES BARRA LTDA.,B35T020D00203143,-22.88023315,-43.35707406,2026-04-26,FECHADO,2026-04-26 00:00:09.257146,2026-04-26 00:04:09.031633,5,5,5,5,1.0,1.0
TRANSPORTES BARRA LTDA.,B35T020D00201569,-22.88007256,-43.35727566,2026-04-26,FECHADO,2026-04-26 00:00:36.4222,2026-04-26 00:04:36.207516,5,5,5,5,1.0,1.0
TRANSPORTES BARRA LTDA.,B35T020D00201335,-22.95302689,-43.35091777,2026-04-26,FECHADO,2026-04-26 00:00:40.407739,2026-04-26 00:04:40.293781,5,5,5,5,1.0,1.0
TRANSPORTES BARRA LTDA.,B35T020D00202152,-22.88028355,-43.35706713,2026-04-26,FECHADO,2026-04-26 00:00:35.955313,2026-04-26 00:04:35.592048,5,5,5,5,1.0,1.0
TRANSPORTES BARRA LTDA.,B35T020D00208641,-22.87984988,-43.3571667,2026-04-26,FECHADO,2026-04-26 00:00:07.180653,2026-04-26 00:04:06.996942,5,5,5,5,1.0,1.0
TRANSPORTES BARRA LTDA.,B35T020D00202055,-22.88017096,-43.35783783,2026-04-26,FECHADO,2026-04-26 00:00:34.807686,2026-04-26 00:04:34.602342,5,5,5,5,1.0,1.0
TRANSPORTES BARRA LTDA.,B35T020D00210095,-22.87956105,-43.35707063,2026-04-26,FECHADO,2026-04-26 00:00:35.023392,2026-04-26 00:04:34.919398,5,5,5,5,1.0,1.0
TRANSPORTES BARRA LTDA.,B35T020D00202973,-22.87965403,-43.35752551,2026-04-26,FECHADO,2026-04-26 00:00:38.744961,2026-04-26 00:04:38.705778,5,5,5,5,1.0,1.0
TRANSPORTES BARRA LTDA.,B35T020D00206918,-22.87743439,-43.36519213,2026-04-26,FECHADO,2026-04-26 00:00:31.477173,2026-04-26 00:04:31.15506,5,5,5,5,1.0,1.0
TRANSPORTES BARRA LTDA.,B35T020D00202177,-22.88034016,-43.35707655,2026-04-26,FECHADO,2026-04-26 00:00:39.715388,2026-04-26 00:04:39.754395,5,5,5,5,1.0,1.0
TRANSPORTES BARRA LTDA.,B35T020D00209412,-22.87986286,-43.35712941,2026-04-26,FECHADO,2026-04-26 00:00:08.035683,2026-04-26 00:04:07.854594,5,5,5,5,1.0,1.0
TRANSPORTES BARRA LTDA.,B35T020D00202098,-22.8796826,-43.35710465,2026-04-26,FECHADO,2026-04-26 00:00:51.278547,2026-04-26 00:04:51.648589,5,5,5,5,1.0,1.0
TRANSPORTES BARRA LTDA.,B35T020D00207626,-22.87987201,-43.35704577,2026-04-26,FECHADO,2026-04-26 00:00:55.826481,2026-04-26 00:04:56.197198,5,5,5,5,1.0,1.0
TRANSPORTES BARRA LTDA.,B35T020D00210583,-22.95221827,-43.34973502,2026-04-26,FECHADO,2026-04-26 00:00:20.506739,2026-04-26 00:04:20.501383,5,5,5,5,1.0,1.0
TRANSPORTES BARRA LTDA.,B35T020D00205415,-22.88054891,-43.35731291,2026-04-26,FECHADO,2026-04-26 00:00:38.118907,2026-04-26 00:04:38.020296,5,5,5,5,1.0,1.0
TRANSPORTES BARRA LTDA.,B35T020D00210483,-22.87982062,-43.35711474,2026-04-26,FECHADO,2026-04-26 00:00:56.927866,2026-04-26 00:04:56.930045,5,5,5,5,1.0,1.0
TRANSPORTES BARRA LTDA.,B35T020D00207223,-22.88062663,-43.35724372,2026-04-26,FECHADO,2026-04-26 00:00:54.846687,2026-04-26 00:04:55.198012,5,5,5,5,1.0,1.0
TRANSPORTES BARRA LTDA.,B35T020D00202923,-22.88002558,-43.35764911,2026-04-26,FECHADO,2026-04-26 00:00:24.989337,2026-04-26 00:04:24.629179,5,5,5,5,1.0,1.0
TRANSPORTES BARRA LTDA.,B35T020D00206650,-22.95170198,-43.34864324,2026-04-26,FECHADO,2026-04-26 00:00:04.970019,2026-04-26 00:04:04.332414,5,5,5,5,1.0,1.0
TRANSPORTES BARRA LTDA.,B35T020D00203599,-22.88063681,-43.35698224,2026-04-26,FECHADO,2026-04-26 00:00:37.774092,2026-04-26 00:04:37.646661,5,5,5,5,1.0,1.0
TRANSPORTES BARRA LTDA.,B35T020D00207273,-22.8803956,-43.3582228,2026-04-26,FECHADO,2026-04-26 00:00:52.726771,2026-04-26 00:04:52.668471,5,5,5,5,1.0,1.0
TRANSPORTES BARRA LTDA.,B35T020D00209023,-22.87982748,-43.35710451,2026-04-26,FECHADO,2026-04-26 00:00:20.932538,2026-04-26 00:04:20.465699,5,5,5,5,1.0,1.0
TRANSPORTES BARRA LTDA.,B35T020D00204804,-22.88000922,-43.35693916,2026-04-26,FECHADO,2026-04-26 00:00:01.503448,2026-04-26 00:04:01.345116,5,5,5,5,1.0,1.0
TRANSPORTES BARRA LTDA.,B35T020D00207675,-22.87968364,-43.35702405,2026-04-26,FECHADO,2026-04-26 00:00:14.246613,2026-04-26 00:04:13.840116,5,5,5,5,1.0,1.0
TRANSPORTES BARRA LTDA.,B35T020D00202279,-22.88037344,-43.35816234,2026-04-26,FECHADO,2026-04-26 00:00:53.44734,2026-04-26 00:04:53.792824,5,5,5,5,1.0,1.0
TRANSPORTES BARRA LTDA.,B4CT020D00400167,-22.87993766,-43.35716359,2026-04-26,FECHADO,2026-04-26 00:00:12.056981,2026-04-26 00:04:11.702306,5,5,5,5,1.0,1.0
TRANSPORTES BARRA LTDA.,B35T020D00206649,-22.87977513,-43.35713129,2026-04-26,FECHADO,2026-04-26 00:00:17.352734,2026-04-26 00:04:17.210302,5,5,5,5,1.0,1.0
TRANSPORTES BARRA LTDA.,B4CT020D00400277,-22.88019563,-43.35717461,2026-04-26,FECHADO,2026-04-26 00:00:33.492014,2026-04-26 00:04:33.453087,5,5,5,5,1.0,1.0
TRANSPORTES BARRA LTDA.,B35T020D00209601,-22.88038873,-43.3582339,2026-04-26,FECHADO,2026-04-26 00:00:04.601798,2026-04-26 00:04:04.42926,5,5,5,5,1.0,1.0
TRANSPORTES BARRA LTDA.,B35T020D00203623,-22.87999526,-43.35706104,2026-04-26,FECHADO,2026-04-26 00:00:50.932334,2026-04-26 00:04:51.154197,5,5,5,5,1.0,1.0
TRANSPORTES BARRA LTDA.,B35T020D00204930,-22.88021077,-43.35716164,2026-04-26,FECHADO,2026-04-26 00:00:41.376019,2026-04-26 00:04:41.39102,5,5,5,5,1.0,1.0
TRANSPORTES CAMPO GRANDE LTDA.,B35T020D00208132,-22.884229,-43.49523178,2026-04-26,FECHADO,2026-04-26 00:00:50.455976,2026-04-26 00:04:50.454295,5,5,5,5,1.0,1.0
TRANSPORTES CAMPO GRANDE LTDA.,B35T020D00206570,-22.88326075,-43.49512742,2026-04-26,FECHADO,2026-04-26 00:00:29.608887,2026-04-26 00:04:29.220056,5,5,5,5,1.0,1.0
TRANSPORTES CAMPO GRANDE LTDA.,B35T020D00200809,-22.92746991,-43.68857124,2026-04-26,FECHADO,2026-04-26 00:00:58.558477,2026-04-26 00:04:58.894234,5,5,5,5,1.0,1.0
TRANSPORTES CAMPO GRANDE LTDA.,B35T020D00210148,-22.92717033,-43.68899389,2026-04-26,FECHADO,2026-04-26 00:00:51.944657,2026-04-26 00:04:52.177494,5,5,5,5,1.0,1.0
TRANSPORTES CAMPO GRANDE LTDA.,B35T020D00205342,-22.88375255,-43.49624419,2026-04-26,FECHADO,2026-04-26 00:00:28.017083,2026-04-26 00:04:27.564933,5,5,5,5,1.0,1.0
TRANSPORTES CAMPO GRANDE LTDA.,B35T020D00202652,-22.8838939,-43.49474675,2026-04-26,FECHADO,2026-04-26 00:00:33.148501,2026-04-26 00:04:32.862179,5,5,5,5,1.0,1.0
TRANSPORTES CAMPO GRANDE LTDA.,B35T020D00204210,-22.92757587,-43.68856683,2026-04-26,FECHADO,2026-04-26 00:00:14.749297,2026-04-26 00:04:14.648174,5,5,5,5,1.0,1.0
TRANSPORTES CAMPO GRANDE LTDA.,B35T020D00200864,-22.92742637,-43.68915587,2026-04-26,FECHADO,2026-04-26 00:00:43.675033,2026-04-26 00:04:43.647851,5,5,5,5,1.0,1.0
TRANSPORTES CAMPO GRANDE LTDA.,B35T020D00206676,-22.8835068,-43.49601817,2026-04-26,FECHADO,2026-04-26 00:00:54.704529,2026-04-26 00:04:54.872965,5,5,5,5,1.0,1.0
TRANSPORTES CAMPO GRANDE LTDA.,B35T020D00201048,-22.92760522,-43.68861303,2026-04-26,FECHADO,2026-04-26 00:00:52.683392,2026-04-26 00:04:52.864417,5,5,5,5,1.0,1.0
TRANSPORTES CAMPO GRANDE LTDA.,B35T020D00201294,-22.92748374,-43.6886546,2026-04-26,FECHADO,2026-04-26 00:00:19.349904,2026-04-26 00:04:19.354765,5,5,5,5,1.0,1.0
TRANSPORTES CAMPO GRANDE LTDA.,B35T020D00204524,-22.88348676,-43.49622311,2026-04-26,FECHADO,2026-04-26 00:00:16.858066,2026-04-26 00:04:16.787283,5,5,5,5,1.0,1.0
TRANSPORTES CAMPO GRANDE LTDA.,B35T020D00205617,-22.88391918,-43.49553699,2026-04-26,FECHADO,2026-04-26 00:00:35.67055,2026-04-26 00:04:35.708152,5,5,5,5,1.0,1.0
TRANSPORTES CAMPO GRANDE LTDA.,B35T020D00203969,-22.8837069,-43.49494268,2026-04-26,FECHADO,2026-04-26 00:00:03.941582,2026-04-26 00:04:04.28776,5,5,5,5,1.0,1.0
TRANSPORTES CAMPO GRANDE LTDA.,B35T020D00201834,-22.88341299,-43.49547275,2026-04-26,FECHADO,2026-04-26 00:00:33.64594,2026-04-26 00:04:33.913128,5,5,5,5,1.0,1.0
TRANSPORTES CAMPO GRANDE LTDA.,B35T020D00207087,-22.88362905,-43.4950855,2026-04-26,FECHADO,2026-04-26 00:00:53.730194,2026-04-26 00:04:54.015645,5,5,5,5,1.0,1.0
TRANSPORTES CAMPO GRANDE LTDA.,B35T020D00202853,-22.88373011,-43.49510505,2026-04-26,FECHADO,2026-04-26 00:00:42.770219,2026-04-26 00:04:42.971691,5,5,5,5,1.0,1.0
TRANSPORTES CAMPO GRANDE LTDA.,B35T020D00204495,-22.88397308,-43.49601739,2026-04-26,FECHADO,2026-04-26 00:00:21.359464,2026-04-26 00:04:21.437305,5,5,5,5,1.0,1.0
TRANSPORTES CAMPO GRANDE LTDA.,B35T020D00200785,-22.8833413,-43.49563583,2026-04-26,FECHADO,2026-04-26 00:00:04.20949,2026-04-26 00:04:04.179461,5,5,5,5,1.0,1.0
TRANSPORTES CAMPO GRANDE LTDA.,B35T020D00203855,-22.92743785,-43.6891788,2026-04-26,FECHADO,2026-04-26 00:00:31.847617,2026-04-26 00:04:31.46063,5,5,5,5,1.0,1.0
TRANSPORTES CAMPO GRANDE LTDA.,B35T020D00208649,-22.88342908,-43.49474844,2026-04-26,FECHADO,2026-04-26 00:00:19.519558,2026-04-26 00:04:18.852452,5,5,5,5,1.0,1.0
TRANSPORTES CAMPO GRANDE LTDA.,B35T020D00203433,-22.88393261,-43.49491678,2026-04-26,FECHADO,2026-04-26 00:00:01.141782,2026-04-26 00:04:01.010571,5,5,5,5,1.0,1.0
TRANSPORTES CAMPO GRANDE LTDA.,B35T020D00202662,-22.88390299,-43.49481397,2026-04-26,FECHADO,2026-04-26 00:00:14.432753,2026-04-26 00:04:14.51159,5,5,5,5,1.0,1.0
TRANSPORTES CAMPO GRANDE LTDA.,B35T020D00207556,-22.88378548,-43.49627271,2026-04-26,FECHADO,2026-04-26 00:00:27.38889,2026-04-26 00:04:27.257784,5,5,5,5,1.0,1.0
TRANSPORTES CAMPO GRANDE LTDA.,B35T020D00203871,-22.88393101,-43.49581796,2026-04-26,FECHADO,2026-04-26 00:00:40.875822,2026-04-26 00:04:40.546652,5,5,5,5,1.0,1.0
TRANSPORTES CAMPO GRANDE LTDA.,B35T020D00202016,-22.92772337,-43.68926759,2026-04-26,FECHADO,2026-04-26 00:00:29.087546,2026-04-26 00:04:29.184085,5,5,5,5,1.0,1.0
TRANSPORTES CAMPO GRANDE LTDA.,B35T020D00202315,-22.88376404,-43.49486719,2026-04-26,FECHADO,2026-04-26 00:00:04.376997,2026-04-26 00:04:04.254385,5,5,5,5,1.0,1.0
TRANSPORTES CAMPO GRANDE LTDA.,B35T020D00201041,-22.92748106,-43.68862119,2026-04-26,FECHADO,2026-04-26 00:00:41.950852,2026-04-26 00:04:41.848283,5,5,5,5,1.0,1.0
TRANSPORTES CAMPO GRANDE LTDA.,B35T020D00203868,-22.8844584,-43.49525316,2026-04-26,FECHADO,2026-04-26 00:00:40.723082,2026-04-26 00:04:40.319384,5,5,5,5,1.0,1.0
TRANSPORTES CAMPO GRANDE LTDA.,B35T020D00204010,-22.88355572,-43.49534701,2026-04-26,FECHADO,2026-04-26 00:00:57.340529,2026-04-26 00:04:57.394818,5,5,5,5,1.0,1.0
TRANSPORTES CAMPO GRANDE LTDA.,B35T020D00202792,-22.92738822,-43.68909886,2026-04-26,FECHADO,2026-04-26 00:00:45.851766,2026-04-26 00:04:45.893791,5,5,5,5,1.0,1.0
TRANSPORTES CAMPO GRANDE LTDA.,B35T020D00202370,-22.92743317,-43.68881569,2026-04-26,FECHADO,2026-04-26 00:00:49.726113,2026-04-26 00:04:50.034104,5,5,5,5,1.0,1.0
TRANSPORTES CAMPO GRANDE LTDA.,B35T020D00204349,-22.88400969,-43.49474737,2026-04-26,FECHADO,2026-04-26 00:00:53.377951,2026-04-26 00:04:53.315008,5,5,5,5,1.0,1.0
TRANSPORTES CAMPO GRANDE LTDA.,B35T020D00204559,-22.88393674,-43.49497587,2026-04-26,FECHADO,2026-04-26 00:00:57.499536,2026-04-26 00:04:57.747539,5,5,5,5,1.0,1.0
TRANSPORTES CAMPO GRANDE LTDA.,B35T020D00206691,-22.88317206,-43.49509914,2026-04-26,FECHADO,2026-04-26 00:00:22.966629,2026-04-26 00:04:22.528898,5,5,5,5,1.0,1.0
TRANSPORTES CAMPO GRANDE LTDA.,B35T020D00204317,-22.88399368,-43.49508524,2026-04-26,FECHADO,2026-04-26 00:00:41.124406,2026-04-26 00:04:40.864538,5,5,5,5,1.0,1.0
TRANSPORTES CAMPO GRANDE LTDA.,B35T020D00205811,-22.88420627,-43.49501212,2026-04-26,FECHADO,2026-04-26 00:00:47.179623,2026-04-26 00:04:47.019686,5,5,5,5,1.0,1.0
TRANSPORTES CAMPO GRANDE LTDA.,B35T020D00201850,-22.92775701,-43.68942696,2026-04-26,FECHADO,2026-04-26 00:00:50.175715,2026-04-26 00:04:50.288124,5,5,5,5,1.0,1.0
TRANSPORTES CAMPO GRANDE LTDA.,B35T020D00203295,-22.88394599,-43.49544261,2026-04-26,FECHADO,2026-04-26 00:00:58.497982,2026-04-26 00:04:58.891161,5,5,5,5,1.0,1.0
TRANSPORTES CAMPO GRANDE LTDA.,B35T020D00202669,-22.92733358,-43.68878438,2026-04-26,FECHADO,2026-04-26 00:00:15.900123,2026-04-26 00:04:15.526977,5,5,5,5,1.0,1.0
TRANSPORTES CAMPO GRANDE LTDA.,B35T020D00202044,-22.88406848,-43.49463753,2026-04-26,FECHADO,2026-04-26 00:00:27.256648,2026-04-26 00:04:27.240435,5,5,5,5,1.0,1.0
TRANSPORTES CAMPO GRANDE LTDA.,B35T020D00203899,0.0,0.0,2026-04-26,FECHADO,2026-04-26 00:00:15.015949,2026-04-26 00:04:15.020346,5,5,5,0,0.0,1.0
TRANSPORTES CAMPO GRANDE LTDA.,B35T020D00205126,-22.92724674,-43.68887431,2026-04-26,FECHADO,2026-04-26 00:00:39.431518,2026-04-26 00:04:39.048294,5,5,5,5,1.0,1.0
TRANSPORTES CAMPO GRANDE LTDA.,B35T020D00208133,-22.88218028,-43.51366031,2026-04-26,FECHADO,2026-04-26 00:00:23.252309,2026-04-26 00:04:23.209759,5,5,5,5,1.0,1.0
TRANSPORTES CAMPO GRANDE LTDA.,B35T020D00201201,-22.88378223,-43.49584706,2026-04-26,FECHADO,2026-04-26 00:00:41.13967,2026-04-26 00:04:41.172171,5,5,5,5,1.0,1.0
TRANSPORTES CAMPO GRANDE LTDA.,B35T020D00207766,-22.88385192,-43.49482183,2026-04-26,FECHADO,2026-04-26 00:00:14.305974,2026-04-26 00:04:14.179945,5,5,5,5,1.0,1.0
TRANSPORTES CAMPO GRANDE LTDA.,B35T020D00202912,-22.88356443,-43.49617121,2026-04-26,FECHADO,2026-04-26 00:00:11.050702,2026-04-26 00:04:10.786237,5,5,5,5,1.0,1.0
TRANSPORTES CAMPO GRANDE LTDA.,B35T020D00202990,-22.92739632,-43.68873791,2026-04-26,FECHADO,2026-04-26 00:00:49.947926,2026-04-26 00:04:50.124145,5,5,5,5,1.0,1.0
TRANSPORTES CAMPO GRANDE LTDA.,B35T020D00201855,-22.87955178,-43.50271675,2026-04-26,FECHADO,2026-04-26 00:00:50.168207,2026-04-26 00:04:50.542188,5,5,5,5,1.0,1.0
TRANSPORTES CAMPO GRANDE LTDA.,B35T020D00200870,-22.92725025,-43.68884197,2026-04-26,FECHADO,2026-04-26 00:00:54.229861,2026-04-26 00:04:54.610631,5,5,5,5,1.0,1.0
TRANSPORTES CAMPO GRANDE LTDA.,B35T020D00207696,-22.88374317,-43.49563227,2026-04-26,FECHADO,2026-04-26 00:00:54.925351,2026-04-26 00:04:55.00861,5,5,5,5,1.0,1.0
TRANSPORTES CAMPO GRANDE LTDA.,B35T020D00208164,-22.88386375,-43.49478017,2026-04-26,FECHADO,2026-04-26 00:00:12.963635,2026-04-26 00:04:12.615467,5,5,5,5,1.0,1.0
TRANSPORTES CAMPO GRANDE LTDA.,B35T020D00202317,-22.92728568,-43.68872448,2026-04-26,FECHADO,2026-04-26 00:00:38.9851,2026-04-26 00:04:38.936692,5,5,5,5,1.0,1.0
TRANSPORTES CAMPO GRANDE LTDA.,B35T020D00204182,-22.9020064,-43.55455069,2026-04-26,FECHADO,2026-04-26 00:00:21.453562,2026-04-26 00:04:21.087684,5,5,5,5,1.0,1.0
TRANSPORTES CAMPO GRANDE LTDA.,B35T020D00206883,-22.88381771,-43.49576143,2026-04-26,FECHADO,2026-04-26 00:00:23.254767,2026-04-26 00:04:22.890186,5,5,5,5,1.0,1.0
TRANSPORTES CAMPO GRANDE LTDA.,B35T020D00201047,-22.92746548,-43.68857954,2026-04-26,FECHADO,2026-04-26 00:00:19.794634,2026-04-26 00:04:19.521053,5,5,5,5,1.0,1.0
TRANSPORTES CAMPO GRANDE LTDA.,B35T020D00203690,-22.88359238,-43.49488838,2026-04-26,FECHADO,2026-04-26 00:00:55.522963,2026-04-26 00:04:55.691383,5,5,5,5,1.0,1.0
TRANSPORTES CAMPO GRANDE LTDA.,B35T020D00200298,-22.9273475,-43.68866714,2026-04-26,FECHADO,2026-04-26 00:00:47.507867,2026-04-26 00:04:47.820364,5,5,5,5,1.0,1.0
TRANSPORTES CAMPO GRANDE LTDA.,B35T020D00200259,-22.88354704,-43.49620224,2026-04-26,FECHADO,2026-04-26 00:00:37.278885,2026-04-26 00:04:37.394637,5,5,5,5,1.0,1.0
TRANSPORTES CAMPO GRANDE LTDA.,B35T020D00204433,-22.92745071,-43.68870371,2026-04-26,FECHADO,2026-04-26 00:00:35.384777,2026-04-26 00:04:34.877758,5,5,5,5,1.0,1.0
TRANSPORTES CAMPO GRANDE LTDA.,B35T020D00205479,-22.92723841,-43.6886964,2026-04-26,FECHADO,2026-04-26 00:00:10.972904,2026-04-26 00:04:10.575193,5,5,5,5,1.0,1.0
TRANSPORTES CAMPO GRANDE LTDA.,B35T020D00206999,-22.92742197,-43.68886979,2026-04-26,FECHADO,2026-04-26 00:00:02.5102,2026-04-26 00:04:02.105837,5,5,5,5,1.0,1.0
TRANSPORTES CAMPO GRANDE LTDA.,B35T020D00202319,-22.88363667,-43.49463386,2026-04-26,FECHADO,2026-04-26 00:00:38.697172,2026-04-26 00:04:38.394111,5,5,5,5,1.0,1.0
TRANSPORTES CAMPO GRANDE LTDA.,B35T020D00202992,-22.88354287,-43.49511154,2026-04-26,FECHADO,2026-04-26 00:00:02.790715,2026-04-26 00:04:02.718935,5,5,5,5,1.0,1.0
TRANSPORTES CAMPO GRANDE LTDA.,B35T020D00202855,-22.90170283,-43.55420953,2026-04-26,FECHADO,2026-04-26 00:00:08.569929,2026-04-26 00:04:08.554456,5,5,5,5,1.0,1.0
TRANSPORTES CAMPO GRANDE LTDA.,B35T020D00204211,-22.88428138,-43.49494226,2026-04-26,FECHADO,2026-04-26 00:00:41.802314,2026-04-26 00:04:42.139272,5,5,5,5,1.0,1.0
TRANSPORTES CAMPO GRANDE LTDA.,B35T020D00202321,-22.88336093,-43.49548227,2026-04-26,FECHADO,2026-04-26 00:00:33.550144,2026-04-26 00:04:33.790939,5,5,5,5,1.0,1.0
TRANSPORTES CAMPO GRANDE LTDA.,B35T020D00203854,-22.92766237,-43.68892234,2026-04-26,FECHADO,2026-04-26 00:00:11.226763,2026-04-26 00:04:11.037545,5,5,5,5,1.0,1.0
TRANSPORTES CAMPO GRANDE LTDA.,B35T020D00208843,-22.92692372,-43.6888356,2026-04-26,FECHADO,2026-04-26 00:00:30.059347,2026-04-26 00:04:29.725223,5,5,5,5,1.0,1.0
TRANSPORTES CAMPO GRANDE LTDA.,B35T020D00207637,-22.90143221,-43.55468337,2026-04-26,FECHADO,2026-04-26 00:00:11.978529,2026-04-26 00:04:11.794702,5,5,5,5,1.0,1.0
TRANSPORTES CAMPO GRANDE LTDA.,B35T020D00204314,-22.8843722,-43.49547266,2026-04-26,FECHADO,2026-04-26 00:00:35.977751,2026-04-26 00:04:35.925428,5,5,5,5,1.0,1.0
TRANSPORTES CAMPO GRANDE LTDA.,B35T020D00202020,-22.92763516,-43.68853177,2026-04-26,FECHADO,2026-04-26 00:00:43.723051,2026-04-26 00:04:43.847427,5,5,5,5,1.0,1.0
TRANSPORTES CAMPO GRANDE LTDA.,B35T020D00209514,-22.92705551,-43.68891241,2026-04-26,FECHADO,2026-04-26 00:00:42.826272,2026-04-26 00:04:42.646921,5,5,5,5,1.0,1.0
TRANSPORTES CAMPO GRANDE LTDA.,B35T020D00204526,-22.88397153,-43.4960099,2026-04-26,FECHADO,2026-04-26 00:00:49.232731,2026-04-26 00:04:49.276878,5,5,5,5,1.0,1.0
TRANSPORTES CAMPO GRANDE LTDA.,B35T020D00207100,-22.88230815,-43.49627392,2026-04-26,FECHADO,2026-04-26 00:00:53.215108,2026-04-26 00:04:53.620832,5,5,5,5,1.0,1.0
TRANSPORTES CAMPO GRANDE LTDA.,B35T020D00205192,-22.88369146,-43.49566173,2026-04-26,FECHADO,2026-04-26 00:00:04.967493,2026-04-26 00:04:04.926967,5,5,5,5,1.0,1.0
TRANSPORTES CAMPO GRANDE LTDA.,B35T020D00201169,-22.92704092,-43.68916706,2026-04-26,FECHADO,2026-04-26 00:00:20.38347,2026-04-26 00:04:18.8548,5,5,5,5,1.0,1.0
TRANSPORTES CAMPO GRANDE LTDA.,B35T020D00201008,-22.8834727,-43.495462,2026-04-26,FECHADO,2026-04-26 00:00:31.222285,2026-04-26 00:04:31.136075,5,5,5,5,1.0,1.0
TRANSPORTES CAMPO GRANDE LTDA.,B35T020D00203973,-22.88400915,-43.49507223,2026-04-26,FECHADO,2026-04-26 00:00:19.956624,2026-04-26 00:04:19.989413,5,5,5,5,1.0,1.0
TRANSPORTES CAMPO GRANDE LTDA.,B35T020D00203894,-22.9276926,-43.68912148,2026-04-26,FECHADO,2026-04-26 00:00:43.5377,2026-04-26 00:04:43.548916,5,5,5,5,1.0,1.0
TRANSPORTES CAMPO GRANDE LTDA.,B35T020D00202386,-22.88391102,-43.49588434,2026-04-26,FECHADO,2026-04-26 00:00:24.100124,2026-04-26 00:04:23.74117,5,5,5,5,1.0,1.0
TRANSPORTES CAMPO GRANDE LTDA.,B35T020D00202878,-22.88341611,-43.49479522,2026-04-26,FECHADO,2026-04-26 00:00:48.243866,2026-04-26 00:04:48.374223,5,5,5,5,1.0,1.0
TRANSPORTES CAMPO GRANDE LTDA.,B35T020D00206699,-22.92750578,-43.68864963,2026-04-26,FECHADO,2026-04-26 00:00:35.944818,2026-04-26 00:04:36.095789,5,5,5,5,1.0,1.0
TRANSPORTES CAMPO GRANDE LTDA.,B35T020D00209080,-22.92862989,-43.68830599,2026-04-26,FECHADO,2026-04-26 00:00:47.13763,2026-04-26 00:04:46.800211,5,5,5,5,1.0,1.0
TRANSPORTES CAMPO GRANDE LTDA.,B35T020D00202427,-22.88393244,-43.4946643,2026-04-26,FECHADO,2026-04-26 00:00:00.853487,2026-04-26 00:04:00.838286,5,5,5,5,1.0,1.0
TRANSPORTES CAMPO GRANDE LTDA.,B35T020D00207192,-22.88346255,-43.49616557,2026-04-26,FECHADO,2026-04-26 00:00:16.334742,2026-04-26 00:04:16.113673,5,5,5,5,1.0,1.0
TRANSPORTES CAMPO GRANDE LTDA.,B35T020D00203269,-22.92722271,-43.68877128,2026-04-26,FECHADO,2026-04-26 00:00:19.699959,2026-04-26 00:04:19.275527,5,5,5,5,1.0,1.0
TRANSPORTES CAMPO GRANDE LTDA.,B35T020D00201045,-22.88344093,-43.49556659,2026-04-26,FECHADO,2026-04-26 00:00:54.309949,2026-04-26 00:04:54.500811,5,5,5,5,1.0,1.0
TRANSPORTES CAMPO GRANDE LTDA.,B35T020D00205344,-22.88364677,-43.49481424,2026-04-26,FECHADO,2026-04-26 00:00:35.92101,2026-04-26 00:04:35.76477,5,5,5,5,1.0,1.0
TRANSPORTES CAMPO GRANDE LTDA.,B35T020D00203966,-22.88397889,-43.49580064,2026-04-26,FECHADO,2026-04-26 00:00:04.431648,2026-04-26 00:04:04.575694,5,5,5,5,1.0,1.0
TRANSPORTES CAMPO GRANDE LTDA.,B35T020D00201611,-22.88380977,-43.49463993,2026-04-26,FECHADO,2026-04-26 00:00:05.739692,2026-04-26 00:04:05.683835,5,5,5,5,1.0,1.0
TRANSPORTES CAMPO GRANDE LTDA.,B35T020D00202040,-22.88367035,-43.49608452,2026-04-26,FECHADO,2026-04-26 00:00:23.950057,2026-04-26 00:04:23.610258,5,5,5,5,1.0,1.0
TRANSPORTES FUTURO LTDA,B35T020D00201382,-22.95027745,-43.34847145,2026-04-26,FECHADO,2026-04-26 00:00:04.799239,2026-04-26 00:04:04.729057,5,5,5,5,1.0,1.0
TRANSPORTES FUTURO LTDA,B35T020D00208974,-22.95226237,-43.34809231,2026-04-26,FECHADO,2026-04-26 00:00:55.122828,2026-04-26 00:04:55.179447,5,5,5,5,1.0,1.0
TRANSPORTES FUTURO LTDA,B35T020D00205670,-22.95122227,-43.34872182,2026-04-26,FECHADO,2026-04-26 00:00:11.232738,2026-04-26 00:04:10.98274,5,5,5,5,1.0,1.0
TRANSPORTES FUTURO LTDA,B35T020D00203285,-22.9498842,-43.34795372,2026-04-26,FECHADO,2026-04-26 00:00:18.848894,2026-04-26 00:04:18.891783,5,5,5,5,1.0,1.0
TRANSPORTES FUTURO LTDA,B35T020D00206308,-22.95137908,-43.34805684,2026-04-26,FECHADO,2026-04-26 00:00:08.070418,2026-04-26 00:04:07.90051,5,5,5,5,1.0,1.0
TRANSPORTES FUTURO LTDA,B35T020D00202734,-22.95111691,-43.34838666,2026-04-26,FECHADO,2026-04-26 00:00:28.374221,2026-04-26 00:04:28.409324,5,5,5,5,1.0,1.0
TRANSPORTES FUTURO LTDA,B35T020D00209987,-22.95122332,-43.3486942,2026-04-26,FECHADO,2026-04-26 00:00:21.25323,2026-04-26 00:04:21.287315,5,5,5,5,1.0,1.0
TRANSPORTES FUTURO LTDA,B4CT020D00400137,-22.95154094,-43.34854552,2026-04-26,FECHADO,2026-04-26 00:00:43.580287,2026-04-26 00:04:43.523937,5,5,5,5,1.0,1.0
TRANSPORTES FUTURO LTDA,B35T020D00204400,-22.95025587,-43.34850782,2026-04-26,FECHADO,2026-04-26 00:00:32.21121,2026-04-26 00:04:32.11193,5,5,5,5,1.0,1.0
TRANSPORTES FUTURO LTDA,B35T020D00205494,-22.95130851,-43.34834515,2026-04-26,FECHADO,2026-04-26 00:00:52.336561,2026-04-26 00:04:52.286387,5,5,5,5,1.0,1.0
TRANSPORTES FUTURO LTDA,B35T020D00203417,-22.95071774,-43.34812265,2026-04-26,FECHADO,2026-04-26 00:00:00.877725,2026-04-26 00:04:00.498694,5,5,5,5,1.0,1.0
TRANSPORTES FUTURO LTDA,B35T020D00205078,-22.94974393,-43.34832492,2026-04-26,FECHADO,2026-04-26 00:00:07.511207,2026-04-26 00:04:07.662445,5,5,5,5,1.0,1.0
TRANSPORTES FUTURO LTDA,B35T020D00210641,-22.95116852,-43.34843987,2026-04-26,FECHADO,2026-04-26 00:00:06.135282,2026-04-26 00:04:05.844671,5,5,5,5,1.0,1.0
TRANSPORTES FUTURO LTDA,B35T020D00202251,-22.95129245,-43.34868155,2026-04-26,FECHADO,2026-04-26 00:00:28.379646,2026-04-26 00:04:28.000653,5,5,5,5,1.0,1.0
TRANSPORTES FUTURO LTDA,B35T020D00204846,-22.95168083,-43.34821047,2026-04-26,FECHADO,2026-04-26 00:00:43.656502,2026-04-26 00:04:43.545847,5,5,5,5,1.0,1.0
TRANSPORTES FUTURO LTDA,B35T020D00209413,-22.9513201,-43.34836911,2026-04-26,FECHADO,2026-04-26 00:00:42.156815,2026-04-26 00:04:42.367586,5,5,5,5,1.0,1.0
TRANSPORTES FUTURO LTDA,B35T020D00207741,-22.94993326,-43.34793968,2026-04-26,FECHADO,2026-04-26 00:00:13.76284,2026-04-26 00:04:13.682075,5,5,5,5,1.0,1.0
TRANSPORTES FUTURO LTDA,B35T020D00200751,-22.95165217,-43.34819825,2026-04-26,FECHADO,2026-04-26 00:00:21.909883,2026-04-26 00:04:21.468872,5,5,5,5,1.0,1.0
TRANSPORTES FUTURO LTDA,B35T020D00203864,-22.95046068,-43.34853752,2026-04-26,FECHADO,2026-04-26 00:00:18.493876,2026-04-26 00:04:18.419874,5,5,5,5,1.0,1.0
TRANSPORTES FUTURO LTDA,B35T020D00203303,-22.9510867,-43.34849288,2026-04-26,FECHADO,2026-04-26 00:00:12.766537,2026-04-26 00:04:12.618575,5,5,5,5,1.0,1.0
TRANSPORTES FUTURO LTDA,B35T020D00210388,-22.9516179,-43.34816436,2026-04-26,FECHADO,2026-04-26 00:00:14.663586,2026-04-26 00:04:14.602472,5,5,5,5,1.0,1.0
TRANSPORTES FUTURO LTDA,B35T020D00210320,-22.94991344,-43.34767507,2026-04-26,FECHADO,2026-04-26 00:00:24.807438,2026-04-26 00:04:24.407809,5,5,5,5,1.0,1.0
TRANSPORTES FUTURO LTDA,B35T020D00203394,-22.94995884,-43.3480721,2026-04-26,FECHADO,2026-04-26 00:00:54.221757,2026-04-26 00:04:54.412845,5,5,5,5,1.0,1.0
TRANSPORTES FUTURO LTDA,B35T020D00204778,-22.95010074,-43.3481863,2026-04-26,FECHADO,2026-04-26 00:00:58.61625,2026-04-26 00:04:58.770235,5,5,5,5,1.0,1.0
TRANSPORTES FUTURO LTDA,B35T020D00204668,-22.95065941,-43.34813081,2026-04-26,FECHADO,2026-04-26 00:00:50.392134,2026-04-26 00:04:50.5323,5,5,5,5,1.0,1.0
TRANSPORTES FUTURO LTDA,B35T020D00209551,-22.95036703,-43.34843653,2026-04-26,FECHADO,2026-04-26 00:00:01.661908,2026-04-26 00:04:02.502287,5,5,5,5,1.0,1.0
TRANSPORTES FUTURO LTDA,B35T020D00202896,-22.94981141,-43.34807601,2026-04-26,FECHADO,2026-04-26 00:00:45.991254,2026-04-26 00:04:45.84082,5,5,5,5,1.0,1.0
TRANSPORTES FUTURO LTDA,B35T020D00210334,-22.94994412,-43.34808508,2026-04-26,FECHADO,2026-04-26 00:00:31.238581,2026-04-26 00:04:30.781577,5,5,5,5,1.0,1.0
TRANSPORTES FUTURO LTDA,B4CT020D00400075,-22.95074956,-43.3479816,2026-04-26,FECHADO,2026-04-26 00:00:04.435303,2026-04-26 00:04:01.878952,5,5,5,5,1.0,1.0
TRANSPORTES FUTURO LTDA,B4CT020D00400098,-22.95133998,-43.34897107,2026-04-26,FECHADO,2026-04-26 00:00:23.586291,2026-04-26 00:04:23.038429,5,5,5,5,1.0,1.0
TRANSPORTES FUTURO LTDA,B35T020D00209542,-22.9509477,-43.34838529,2026-04-26,FECHADO,2026-04-26 00:00:55.584104,2026-04-26 00:04:55.627444,5,5,5,5,1.0,1.0
TRANSPORTES FUTURO LTDA,B35T020D00207590,-22.9499921,-43.34828394,2026-04-26,FECHADO,2026-04-26 00:00:55.770898,2026-04-26 00:04:55.728274,5,5,5,5,1.0,1.0
TRANSPORTES FUTURO LTDA,B35T020D00205490,-22.95121591,-43.34793986,2026-04-26,FECHADO,2026-04-26 00:00:34.225147,2026-04-26 00:04:34.000162,5,5,5,5,1.0,1.0
TRANSPORTES FUTURO LTDA,B35T020D00206310,-22.95072285,-43.34834714,2026-04-26,FECHADO,2026-04-26 00:00:19.977561,2026-04-26 00:04:19.642265,5,5,5,5,1.0,1.0
TRANSPORTES FUTURO LTDA,B35T020D00203049,-22.95157597,-43.348573,2026-04-26,FECHADO,2026-04-26 00:00:04.958155,2026-04-26 00:04:04.750267,5,5,5,5,1.0,1.0
TRANSPORTES FUTURO LTDA,B35T020D00204695,-22.95011192,-43.34805281,2026-04-26,FECHADO,2026-04-26 00:00:58.226244,2026-04-26 00:04:58.587331,5,5,5,5,1.0,1.0
TRANSPORTES FUTURO LTDA,B35T020D00203403,-22.95160547,-43.34850507,2026-04-26,FECHADO,2026-04-26 00:00:34.711296,2026-04-26 00:04:34.430663,5,5,5,5,1.0,1.0
TRANSPORTES FUTURO LTDA,B35T020D00201829,-22.95058025,-43.34842869,2026-04-26,FECHADO,2026-04-26 00:00:02.886443,2026-04-26 00:04:02.656013,5,5,5,5,1.0,1.0
TRANSPORTES FUTURO LTDA,B35T020D00200876,-22.95277284,-43.34843249,2026-04-26,FECHADO,2026-04-26 00:00:16.206354,2026-04-26 00:04:15.836191,5,5,5,5,1.0,1.0
TRANSPORTES FUTURO LTDA,B35T020D00205360,-22.95189548,-43.34778289,2026-04-26,FECHADO,2026-04-26 00:00:33.584481,2026-04-26 00:04:33.391665,5,5,5,5,1.0,1.0
TRANSPORTES FUTURO LTDA,B35T020D00204832,-22.95165715,-43.34811805,2026-04-26,FECHADO,2026-04-26 00:00:21.011881,2026-04-26 00:04:20.686809,5,5,5,5,1.0,1.0
TRANSPORTES FUTURO LTDA,B35T020D00205611,-22.95236823,-43.34810099,2026-04-26,FECHADO,2026-04-26 00:00:50.748487,2026-04-26 00:04:51.762912,5,5,5,5,1.0,1.0
TRANSPORTES FUTURO LTDA,B35T020D00204483,-22.95155282,-43.348596,2026-04-26,FECHADO,2026-04-26 00:00:44.644507,2026-04-26 00:04:44.63027,5,5,5,5,1.0,1.0
TRANSPORTES FUTURO LTDA,B35T020D00203879,-22.95163468,-43.34828614,2026-04-26,FECHADO,2026-04-26 00:00:32.631705,2026-04-26 00:04:32.463876,5,5,5,5,1.0,1.0
TRANSPORTES FUTURO LTDA,B35T020D00202252,-22.95015887,-43.34846387,2026-04-26,FECHADO,2026-04-26 00:00:15.79877,2026-04-26 00:04:15.469994,5,5,5,5,1.0,1.0
TRANSPORTES FUTURO LTDA,B4CT020D00400292,-22.95052831,-43.34792405,2026-04-26,FECHADO,2026-04-26 00:00:38.744424,2026-04-26 00:04:38.558409,5,5,5,5,1.0,1.0
TRANSPORTES FUTURO LTDA,B35T020D00208848,-22.95156539,-43.34961534,2026-04-26,FECHADO,2026-04-26 00:00:03.24198,2026-04-26 00:04:03.1628,5,5,5,5,1.0,1.0
TRANSPORTES FUTURO LTDA,B35T020D00204658,-22.95117567,-43.34885858,2026-04-26,FECHADO,2026-04-26 00:00:21.65292,2026-04-26 00:04:21.601326,5,5,5,5,1.0,1.0
TRANSPORTES FUTURO LTDA,B35T020D00209465,-22.95038527,-43.34807185,2026-04-26,FECHADO,2026-04-26 00:00:02.846382,2026-04-26 00:04:02.635868,5,5,5,5,1.0,1.0
TRANSPORTES FUTURO LTDA,B35T020D00202206,-22.95147149,-43.34810212,2026-04-26,FECHADO,2026-04-26 00:00:11.277766,2026-04-26 00:04:10.95104,5,5,5,5,1.0,1.0
TRANSPORTES FUTURO LTDA,B35T020D00202741,-22.95116676,-43.34849643,2026-04-26,FECHADO,2026-04-26 00:00:41.786649,2026-04-26 00:04:41.763362,5,5,5,5,1.0,1.0
TRANSPORTES FUTURO LTDA,B35T020D00200829,-22.94973832,-43.34811168,2026-04-26,FECHADO,2026-04-26 00:00:25.416784,2026-04-26 00:04:26.817198,5,5,5,5,1.0,1.0
TRANSPORTES FUTURO LTDA,B35T020D00203744,-22.94981049,-43.34808641,2026-04-26,FECHADO,2026-04-26 00:00:55.981892,2026-04-26 00:04:56.119978,5,5,5,5,1.0,1.0
TRANSPORTES FUTURO LTDA,B35T020D00206805,-22.95141251,-43.34876985,2026-04-26,FECHADO,2026-04-26 00:00:53.946603,2026-04-26 00:04:54.046028,5,5,5,5,1.0,1.0
TRANSPORTES FUTURO LTDA,B35T020D00210473,-22.95011094,-43.34846579,2026-04-26,FECHADO,2026-04-26 00:00:38.535779,2026-04-26 00:04:38.699896,5,5,5,5,1.0,1.0
TRANSPORTES FUTURO LTDA,B35T020D00203834,-22.95115705,-43.34827579,2026-04-26,FECHADO,2026-04-26 00:00:28.362464,2026-04-26 00:04:28.30338,5,5,5,5,1.0,1.0
TRANSPORTES FUTURO LTDA,B35T020D00202327,-22.95107523,-43.34882824,2026-04-26,FECHADO,2026-04-26 00:00:15.050845,2026-04-26 00:04:14.758468,5,5,5,5,1.0,1.0
TRANSPORTES FUTURO LTDA,B35T020D00203102,-22.95112744,-43.34888736,2026-04-26,FECHADO,2026-04-26 00:00:48.596291,2026-04-26 00:04:48.703206,5,5,5,5,1.0,1.0
TRANSPORTES FUTURO LTDA,B35T020D00201384,-22.94999235,-43.34767211,2026-04-26,FECHADO,2026-04-26 00:00:57.623896,2026-04-26 00:04:57.629908,5,5,5,5,1.0,1.0
TRANSPORTES FUTURO LTDA,B35T020D00210497,-22.95130083,-43.34891489,2026-04-26,FECHADO,2026-04-26 00:00:25.91581,2026-04-26 00:04:25.915587,5,5,5,5,1.0,1.0
TRANSPORTES FUTURO LTDA,B35T020D00201380,-22.94992756,-43.34817537,2026-04-26,FECHADO,2026-04-26 00:00:40.70968,2026-04-26 00:04:40.354455,5,5,5,5,1.0,1.0
TRANSPORTES FUTURO LTDA,B35T020D00209784,-22.95213254,-43.34805487,2026-04-26,FECHADO,2026-04-26 00:00:53.636741,2026-04-26 00:04:54.211218,5,5,5,5,1.0,1.0
TRANSPORTES FUTURO LTDA,B4CT020D00400093,-22.95022673,-43.34805499,2026-04-26,FECHADO,2026-04-26 00:00:35.916807,2026-04-26 00:04:35.760851,5,5,5,5,1.0,1.0
TRANSPORTES FUTURO LTDA,B35T020D00204113,-22.95003901,-43.34841216,2026-04-26,FECHADO,2026-04-26 00:00:05.786354,2026-04-26 00:04:05.598264,5,5,5,5,1.0,1.0
TRANSPORTES FUTURO LTDA,B35T020D00206306,-22.95013575,-43.34817831,2026-04-26,FECHADO,2026-04-26 00:00:31.706699,2026-04-26 00:04:31.365537,5,5,5,5,1.0,1.0
TRANSPORTES FUTURO LTDA,B4CT020D00400002,-22.95050406,-43.34788416,2026-04-26,FECHADO,2026-04-26 00:00:25.15942,2026-04-26 00:04:25.168842,5,5,5,5,1.0,1.0
TRANSPORTES FUTURO LTDA,B35T020D00203576,-22.95037855,-43.34849512,2026-04-26,FECHADO,2026-04-26 00:00:54.641533,2026-04-26 00:04:55.009038,5,5,5,5,1.0,1.0
TRANSPORTES FUTURO LTDA,B35T020D00209786,-22.95022252,-43.34847751,2026-04-26,FECHADO,2026-04-26 00:00:57.639861,2026-04-26 00:04:57.827049,5,5,5,5,1.0,1.0
TRANSPORTES FUTURO LTDA,B35T020D00201035,-22.95026088,-43.34781236,2026-04-26,FECHADO,2026-04-26 00:00:10.262957,2026-04-26 00:04:10.23528,5,5,5,5,1.0,1.0
TRANSPORTES FUTURO LTDA,B35T020D00205655,-22.95160512,-43.34864366,2026-04-26,FECHADO,2026-04-26 00:00:26.19216,2026-04-26 00:04:25.801071,5,5,5,5,1.0,1.0
TRANSPORTES FUTURO LTDA,B35T020D00204741,-22.95097075,-43.34869591,2026-04-26,FECHADO,2026-04-26 00:00:41.056626,2026-04-26 00:04:41.107,5,5,5,5,1.0,1.0
TRANSPORTES FUTURO LTDA,B35T020D00205427,-22.9507669,-43.34827848,2026-04-26,FECHADO,2026-04-26 00:00:07.144178,2026-04-26 00:04:06.778053,5,5,5,5,1.0,1.0
TRANSPORTES FUTURO LTDA,B35T020D00204821,-22.94980347,-43.34810183,2026-04-26,FECHADO,2026-04-26 00:00:28.924181,2026-04-26 00:04:28.842917,5,5,5,5,1.0,1.0
TRANSPORTES FUTURO LTDA,B35T020D00205142,-22.951121,-43.34841974,2026-04-26,FECHADO,2026-04-26 00:00:58.353018,2026-04-26 00:04:58.721799,5,5,5,5,1.0,1.0
TRANSPORTES FUTURO LTDA,B35T020D00209593,-22.95108911,-43.3485501,2026-04-26,FECHADO,2026-04-26 00:00:00.674653,2026-04-26 00:04:00.538639,5,5,5,5,1.0,1.0
TRANSPORTES FUTURO LTDA,B35T020D00207887,-22.94995651,-43.34808254,2026-04-26,FECHADO,2026-04-26 00:00:39.858439,2026-04-26 00:04:40.342448,5,5,5,5,1.0,1.0
TRANSPORTES FUTURO LTDA,B35T020D00204470,-22.95247669,-43.35152894,2026-04-26,FECHADO,2026-04-26 00:00:20.993337,2026-04-26 00:04:20.818191,5,5,5,5,1.0,1.0
TRANSPORTES FUTURO LTDA,B35T020D00204446,-22.95032394,-43.34803397,2026-04-26,FECHADO,2026-04-26 00:00:26.271729,2026-04-26 00:04:26.153887,5,5,5,5,1.0,1.0
TRANSPORTES FUTURO LTDA,B35T020D00201394,-22.95000496,-43.34799542,2026-04-26,FECHADO,2026-04-26 00:00:39.842411,2026-04-26 00:04:39.682478,5,5,5,5,1.0,1.0
TRANSPORTES FUTURO LTDA,B35T020D00209926,-22.94973263,-43.34793092,2026-04-26,FECHADO,2026-04-26 00:00:05.183964,2026-04-26 00:04:04.815717,5,5,5,5,1.0,1.0
TRANSPORTES FUTURO LTDA,B35T020D00207591,-22.94991106,-43.34821933,2026-04-26,FECHADO,2026-04-26 00:00:44.928981,2026-04-26 00:04:45.06134,5,5,5,5,1.0,1.0
TRANSPORTES FUTURO LTDA,B35T020D00204744,-22.95045189,-43.34848202,2026-04-26,FECHADO,2026-04-26 00:00:00.463833,2026-04-26 00:04:00.066545,5,5,5,5,1.0,1.0
TRANSPORTES FUTURO LTDA,B35T020D00201352,-22.95153575,-43.34829365,2026-04-26,FECHADO,2026-04-26 00:00:06.907047,2026-04-26 00:04:06.654747,5,5,5,5,1.0,1.0
TRANSPORTES FUTURO LTDA,B35T020D00201453,-22.94989329,-43.34800524,2026-04-26,FECHADO,2026-04-26 00:00:30.891402,2026-04-26 00:04:30.473148,5,5,5,5,1.0,1.0
TRANSPORTES FUTURO LTDA,B35T020D00201364,-22.95132062,-43.34862763,2026-04-26,FECHADO,2026-04-26 00:00:41.594445,2026-04-26 00:04:41.336562,5,5,5,5,1.0,1.0
TRANSPORTES FUTURO LTDA,B35T020D00203250,-22.9510014,-43.34879799,2026-04-26,FECHADO,2026-04-26 00:00:51.351802,2026-04-26 00:04:51.507722,5,5,5,5,1.0,1.0
TRANSPORTES FUTURO LTDA,B35T020D00202664,-22.95001016,-43.34844616,2026-04-26,FECHADO,2026-04-26 00:00:45.811192,2026-04-26 00:04:46.180308,5,5,5,5,1.0,1.0
TRANSPORTES FUTURO LTDA,B35T020D00209460,-22.94998552,-43.34834356,2026-04-26,FECHADO,2026-04-26 00:00:02.360016,2026-04-26 00:04:02.101424,5,5,5,5,1.0,1.0
TRANSPORTES FUTURO LTDA,B35T020D00210007,-22.95044922,-43.34784695,2026-04-26,FECHADO,2026-04-26 00:00:56.953036,2026-04-26 00:04:57.130026,5,5,5,5,1.0,1.0
TRANSPORTES FUTURO LTDA,B35T020D00204408,-22.95042765,-43.34855361,2026-04-26,FECHADO,2026-04-26 00:00:35.361456,2026-04-26 00:04:35.005882,5,5,5,5,1.0,1.0
TRANSPORTES FUTURO LTDA,B35T020D00201367,-22.95124885,-43.34873272,2026-04-26,FECHADO,2026-04-26 00:00:53.426473,2026-04-26 00:04:53.387263,5,5,5,5,1.0,1.0
TRANSPORTES FUTURO LTDA,B35T020D00203481,-22.94996835,-43.34818987,2026-04-26,FECHADO,2026-04-26 00:00:38.81137,2026-04-26 00:04:38.810362,5,5,5,5,1.0,1.0
TRANSPORTES FUTURO LTDA,B35T020D00208846,-22.94998574,-43.34805739,2026-04-26,FECHADO,2026-04-26 00:00:41.366823,2026-04-26 00:04:41.062598,5,5,5,5,1.0,1.0
TRANSPORTES FUTURO LTDA,B35T020D00204397,-22.94998219,-43.34814717,2026-04-26,FECHADO,2026-04-26 00:00:59.559129,2026-04-26 00:04:59.948797,5,5,5,5,1.0,1.0
TRANSPORTES FUTURO LTDA,B35T020D00205654,-22.95181911,-43.34842178,2026-04-26,FECHADO,2026-04-26 00:00:44.314039,2026-04-26 00:04:44.674198,5,5,5,5,1.0,1.0
TRANSPORTES FUTURO LTDA,B35T020D00204505,-22.95022542,-43.34847405,2026-04-26,FECHADO,2026-04-26 00:00:36.902089,2026-04-26 00:04:36.883014,5,5,5,5,1.0,1.0
TRANSPORTES FUTURO LTDA,B35T020D00203739,-22.95144841,-43.34814216,2026-04-26,FECHADO,2026-04-26 00:00:32.575226,2026-04-26 00:04:32.178817,5,5,5,5,1.0,1.0
TRANSPORTES FUTURO LTDA,B35T020D00207912,-22.95218856,-43.34801342,2026-04-26,FECHADO,2026-04-26 00:00:34.460909,2026-04-26 00:04:34.371381,5,5,5,5,1.0,1.0
TRANSPORTES FUTURO LTDA,B35T020D00208920,-22.95005235,-43.34772265,2026-04-26,FECHADO,2026-04-26 00:00:03.154064,2026-04-26 00:04:03.153148,5,5,5,5,1.0,1.0
TRANSPORTES FUTURO LTDA,B35T020D00204287,-22.94970824,-43.3482747,2026-04-26,FECHADO,2026-04-26 00:00:21.156569,2026-04-26 00:04:20.901605,5,5,5,5,1.0,1.0
TRANSPORTES FUTURO LTDA,B35T020D00209785,-22.95024678,-43.34806687,2026-04-26,FECHADO,2026-04-26 00:00:28.145253,2026-04-26 00:04:27.982782,5,5,5,5,1.0,1.0
TRANSPORTES FUTURO LTDA,B35T020D00208010,-22.95007513,-43.34793613,2026-04-26,FECHADO,2026-04-26 00:00:53.779128,2026-04-26 00:04:51.524082,5,5,5,5,1.0,1.0
TRANSPORTES FUTURO LTDA,B35T020D00203387,-22.95046529,-43.34848614,2026-04-26,FECHADO,2026-04-26 00:00:15.641911,2026-04-26 00:04:15.366776,5,5,5,5,1.0,1.0
TRANSPORTES FUTURO LTDA,B35T020D00209529,-22.95133676,-43.34889092,2026-04-26,FECHADO,2026-04-26 00:00:51.050934,2026-04-26 00:04:51.483056,5,5,5,5,1.0,1.0
TRANSPORTES FUTURO LTDA,B35T020D00204439,-22.95069692,-43.34832513,2026-04-26,FECHADO,2026-04-26 00:00:23.012575,2026-04-26 00:04:22.719209,5,5,5,5,1.0,1.0
TRANSPORTES FUTURO LTDA,B35T020D00206311,-22.95114625,-43.34873114,2026-04-26,FECHADO,2026-04-26 00:00:42.436199,2026-04-26 00:04:42.513388,5,5,5,5,1.0,1.0
TRANSPORTES FUTURO LTDA,B35T020D00210645,-22.95148888,-43.34861643,2026-04-26,FECHADO,2026-04-26 00:00:04.393605,2026-04-26 00:04:04.37208,5,5,5,5,1.0,1.0
TRANSPORTES FUTURO LTDA,B35T020D00210017,-22.94987263,-43.348151,2026-04-26,FECHADO,2026-04-26 00:00:00.089648,2026-04-26 00:04:00.081236,5,5,5,5,1.0,1.0
TRANSPORTES FUTURO LTDA,B35T020D00204268,-22.9506121,-43.3479746,2026-04-26,FECHADO,2026-04-26 00:00:00.945512,2026-04-26 00:04:00.97437,5,5,5,5,1.0,1.0
TRANSPORTES FUTURO LTDA,B35T020D00208627,-22.94986844,-43.34832641,2026-04-26,FECHADO,2026-04-26 00:00:41.280959,2026-04-26 00:04:41.29205,5,5,5,5,1.0,1.0
TRANSPORTES FUTURO LTDA,B35T020D00202872,-22.95073906,-43.3482193,2026-04-26,FECHADO,2026-04-26 00:00:49.128465,2026-04-26 00:04:49.496414,5,5,5,5,1.0,1.0
TRANSPORTES FUTURO LTDA,B35T020D00204823,-22.95033354,-43.34791963,2026-04-26,FECHADO,2026-04-26 00:00:49.700323,2026-04-26 00:04:49.877331,5,5,5,5,1.0,1.0
TRANSPORTES FUTURO LTDA,B35T020D00208470,-22.95000832,-43.34838442,2026-04-26,FECHADO,2026-04-26 00:00:37.500048,2026-04-26 00:04:37.147931,5,5,5,5,1.0,1.0
TRANSPORTES FUTURO LTDA,B35T020D00201905,-22.96763348,-43.33583272,2026-04-26,FECHADO,2026-04-26 00:00:11.327329,2026-04-26 00:04:11.312474,5,5,5,5,1.0,1.0
TRANSPORTES FUTURO LTDA,B4CT020D00400261,-22.95143711,-43.34877329,2026-04-26,FECHADO,2026-04-26 00:00:19.758599,2026-04-26 00:04:19.585963,5,5,5,5,1.0,1.0
TRANSPORTES FUTURO LTDA,B35T020D00204964,-22.94971571,-43.3482681,2026-04-26,FECHADO,2026-04-26 00:00:13.301661,2026-04-26 00:04:13.173102,5,5,5,5,1.0,1.0
TRANSPORTES FUTURO LTDA,B35T020D00201236,-22.95167873,-43.34794614,2026-04-26,FECHADO,2026-04-26 00:00:11.553792,2026-04-26 00:04:11.341074,5,5,5,5,1.0,1.0
TRANSPORTES FUTURO LTDA,B35T020D00202269,-22.95000591,-43.34841858,2026-04-26,FECHADO,2026-04-26 00:00:26.221866,2026-04-26 00:04:26.094056,5,5,5,5,1.0,1.0
TRANSPORTES FUTURO LTDA,B35T020D00204045,-22.95131374,-43.34884447,2026-04-26,FECHADO,2026-04-26 00:00:19.587408,2026-04-26 00:04:19.472659,5,5,5,5,1.0,1.0
TRANSPORTES FUTURO LTDA,B35T020D00208515,-22.94996427,-43.34819208,2026-04-26,FECHADO,2026-04-26 00:00:45.961833,2026-04-26 00:04:46.11061,5,5,5,5,1.0,1.0
TRANSPORTES FUTURO LTDA,B35T020D00203749,-22.95094517,-43.34840298,2026-04-26,FECHADO,2026-04-26 00:00:00.736625,2026-04-26 00:04:00.536675,5,5,5,5,1.0,1.0
TRANSPORTES FUTURO LTDA,B35T020D00202093,-22.95113121,-43.34849667,2026-04-26,FECHADO,2026-04-26 00:00:46.28187,2026-04-26 00:04:46.427788,5,5,5,5,1.0,1.0
TRANSPORTES FUTURO LTDA,B35T020D00202939,-22.95165113,-43.34824935,2026-04-26,FECHADO,2026-04-26 00:00:46.053612,2026-04-26 00:04:45.953038,5,5,5,5,1.0,1.0
TRANSPORTES FUTURO LTDA,B35T020D00203438,-22.95127073,-43.34860519,2026-04-26,FECHADO,2026-04-26 00:00:54.137599,2026-04-26 00:04:54.541637,5,5,5,5,1.0,1.0
TRANSPORTES FUTURO LTDA,B35T020D00208833,-22.95102097,-43.34871631,2026-04-26,FECHADO,2026-04-26 00:00:43.433077,2026-04-26 00:04:43.189301,5,5,5,5,1.0,1.0
TRANSPORTES FUTURO LTDA,B35T020D00205080,-22.95209938,-43.34802213,2026-04-26,FECHADO,2026-04-26 00:00:36.209314,2026-04-26 00:04:35.630807,5,5,5,5,1.0,1.0
TRANSPORTES FUTURO LTDA,B35T020D00207740,-22.95106304,-43.34876885,2026-04-26,FECHADO,2026-04-26 00:00:33.974241,2026-04-26 00:04:33.655886,5,5,5,5,1.0,1.0
TRANSPORTES FUTURO LTDA,B35T020D00207793,-22.95014753,-43.34816247,2026-04-26,FECHADO,2026-04-26 00:00:14.711342,2026-04-26 00:04:14.61864,5,5,5,5,1.0,1.0
TRANSPORTES FUTURO LTDA,B35T020D00204819,-22.95113338,-43.34839658,2026-04-26,FECHADO,2026-04-26 00:00:31.515596,2026-04-26 00:04:31.457247,5,5,5,5,1.0,1.0
TRANSPORTES FUTURO LTDA,B35T020D00201899,-22.95007624,-43.34826922,2026-04-26,FECHADO,2026-04-26 00:00:30.053692,2026-04-26 00:04:29.993272,5,5,5,5,1.0,1.0
TRANSPORTES FUTURO LTDA,B35T020D00207926,-22.95144651,-43.34871474,2026-04-26,FECHADO,2026-04-26 00:00:35.484037,2026-04-26 00:04:35.599418,5,5,5,5,1.0,1.0
TRANSPORTES FUTURO LTDA,B35T020D00206634,-22.95156619,-43.34854145,2026-04-26,FECHADO,2026-04-26 00:00:37.135219,2026-04-26 00:04:37.105688,5,5,5,5,1.0,1.0
TRANSPORTES FUTURO LTDA,B35T020D00204777,-22.95006218,-43.34815142,2026-04-26,FECHADO,2026-04-26 00:00:45.224134,2026-04-26 00:04:45.465104,5,5,5,5,1.0,1.0
TRANSPORTES FUTURO LTDA,B35T020D00202205,-22.95011446,-43.34823793,2026-04-26,FECHADO,2026-04-26 00:00:06.232138,2026-04-26 00:04:06.561133,5,5,5,5,1.0,1.0
TRANSPORTES FUTURO LTDA,B35T020D00205626,-22.95209049,-43.34805747,2026-04-26,FECHADO,2026-04-26 00:00:56.43807,2026-04-26 00:04:56.640149,5,5,5,5,1.0,1.0
TRANSPORTES FUTURO LTDA,B35T020D00203283,-22.95102464,-43.34871066,2026-04-26,FECHADO,2026-04-26 00:00:33.782542,2026-04-26 00:04:33.755305,5,5,5,5,1.0,1.0
TRANSPORTES FUTURO LTDA,B35T020D00202894,-22.94986177,-43.34810002,2026-04-26,FECHADO,2026-04-26 00:00:52.294537,2026-04-26 00:04:52.504538,5,5,5,5,1.0,1.0
TRANSPORTES FUTURO LTDA,B35T020D00201802,-22.91575484,-43.36109877,2026-04-26,FECHADO,2026-04-26 00:00:28.425915,2026-04-26 00:04:28.093641,5,5,5,5,1.0,1.0
TRANSPORTES FUTURO LTDA,B35T020D00205200,-22.95022478,-43.34786979,2026-04-26,FECHADO,2026-04-26 00:00:34.566547,2026-04-26 00:04:34.526359,5,5,5,5,1.0,1.0
TRANSPORTES FUTURO LTDA,B35T020D00202844,-22.95114145,-43.34854912,2026-04-26,FECHADO,2026-04-26 00:00:32.611692,2026-04-26 00:04:32.262632,5,5,5,5,1.0,1.0
TRANSPORTES FUTURO LTDA,B35T020D00204261,-22.9501123,-43.34834086,2026-04-26,FECHADO,2026-04-26 00:00:15.719645,2026-04-26 00:04:15.418497,5,5,5,5,1.0,1.0
TRANSPORTES FUTURO LTDA,B35T020D00208670,-22.95046239,-43.34855107,2026-04-26,FECHADO,2026-04-26 00:00:34.931714,2026-04-26 00:04:34.895552,5,5,5,5,1.0,1.0
TRANSPORTES FUTURO LTDA,B35T020D00203443,-22.95002205,-43.34839367,2026-04-26,FECHADO,2026-04-26 00:00:29.776806,2026-04-26 00:04:29.356023,5,5,5,5,1.0,1.0
TRANSPORTES FUTURO LTDA,B35T020D00200833,-22.95054129,-43.34830473,2026-04-26,FECHADO,2026-04-26 00:00:53.796266,2026-04-26 00:04:54.07453,5,5,5,5,1.0,1.0
TRANSPORTES FUTURO LTDA,B35T020D00203483,-22.94985408,-43.34839584,2026-04-26,FECHADO,2026-04-26 00:00:39.311405,2026-04-26 00:04:38.977692,5,5,5,5,1.0,1.0
TRANSPORTES FUTURO LTDA,B35T020D00204436,-22.95055433,-43.3485579,2026-04-26,FECHADO,2026-04-26 00:00:50.118597,2026-04-26 00:04:50.32097,5,5,5,5,1.0,1.0
TRANSPORTES FUTURO LTDA,B35T020D00205076,-22.95025968,-43.34822464,2026-04-26,FECHADO,2026-04-26 00:00:58.496066,2026-04-26 00:04:58.624862,5,5,5,5,1.0,1.0
TRANSPORTES FUTURO LTDA,B35T020D00209927,-22.95127004,-43.34867853,2026-04-26,FECHADO,2026-04-26 00:00:57.355149,2026-04-26 00:04:57.543254,5,5,5,5,1.0,1.0
TRANSPORTES FUTURO LTDA,B35T020D00201385,-22.9512256,-43.3487477,2026-04-26,FECHADO,2026-04-26 00:00:25.994196,2026-04-26 00:04:26.793229,5,5,5,5,1.0,1.0
TRANSPORTES FUTURO LTDA,B35T020D00204123,-22.95090761,-43.34828376,2026-04-26,FECHADO,2026-04-26 00:00:40.158485,2026-04-26 00:04:40.132989,5,5,5,5,1.0,1.0
TRANSPORTES FUTURO LTDA,B35T020D00200828,-22.95136333,-43.34863146,2026-04-26,FECHADO,2026-04-26 00:00:13.941247,2026-04-26 00:04:13.754283,5,5,5,5,1.0,1.0
TRANSPORTES FUTURO LTDA,B35T020D00204693,-22.95095747,-43.34871795,2026-04-26,FECHADO,2026-04-26 00:00:21.263675,2026-04-26 00:04:20.833568,5,5,5,5,1.0,1.0
TRANSPORTES FUTURO LTDA,B35T020D00209417,-22.95122896,-43.34851449,2026-04-26,FECHADO,2026-04-26 00:00:15.14874,2026-04-26 00:04:15.149902,5,5,5,5,1.0,1.0
TRANSPORTES FUTURO LTDA,B35T020D00202877,-22.95133822,-43.34831648,2026-04-26,FECHADO,2026-04-26 00:00:58.343801,2026-04-26 00:04:58.333601,5,5,5,5,1.0,1.0
TRANSPORTES FUTURO LTDA,B35T020D00204437,-22.95038092,-43.34803122,2026-04-26,FECHADO,2026-04-26 00:00:52.581632,2026-04-26 00:04:52.798263,5,5,5,5,1.0,1.0
TRANSPORTES FUTURO LTDA,B35T020D00210494,-22.95015099,-43.34777782,2026-04-26,FECHADO,2026-04-26 00:00:28.069524,2026-04-26 00:04:27.729296,5,5,5,5,1.0,1.0
TRANSPORTES FUTURO LTDA,B35T020D00209415,-22.95123577,-43.34877254,2026-04-26,FECHADO,2026-04-26 00:00:25.664353,2026-04-26 00:04:25.293903,5,5,5,5,1.0,1.0
TRANSPORTES FUTURO LTDA,B35T020D00205429,-22.95129046,-43.34854993,2026-04-26,FECHADO,2026-04-26 00:00:48.503696,2026-04-26 00:04:48.671182,5,5,5,5,1.0,1.0
TRANSPORTES FUTURO LTDA,B35T020D00203188,-22.95013508,-43.34821268,2026-04-26,FECHADO,2026-04-26 00:00:12.394351,2026-04-26 00:04:12.226224,5,5,5,5,1.0,1.0
TRANSPORTES FUTURO LTDA,B35T020D00210698,-22.95014811,-43.34844524,2026-04-26,FECHADO,2026-04-26 00:00:17.332203,2026-04-26 00:04:17.123242,5,5,5,5,1.0,1.0
TRANSPORTES FUTURO LTDA,B35T020D00203233,-22.94996216,-43.3481041,2026-04-26,FECHADO,2026-04-26 00:00:08.971486,2026-04-26 00:04:08.851937,5,5,5,5,1.0,1.0
TRANSPORTES FUTURO LTDA,B35T020D00208845,-22.95152216,-43.34855598,2026-04-26,FECHADO,2026-04-26 00:00:09.590791,2026-04-26 00:04:09.43114,5,5,5,5,1.0,1.0
TRANSPORTES FUTURO LTDA,B35T020D00205363,-22.95017829,-43.34782235,2026-04-26,FECHADO,2026-04-26 00:00:25.217229,2026-04-26 00:04:25.06755,5,5,5,5,1.0,1.0
TRANSPORTES FUTURO LTDA,B35T020D00205674,-22.95142247,-43.34814391,2026-04-26,FECHADO,2026-04-26 00:00:58.389426,2026-04-26 00:04:58.404507,5,5,5,5,1.0,1.0
TRANSPORTES FUTURO LTDA,B35T020D00209277,-22.95013771,-43.34801605,2026-04-26,FECHADO,2026-04-26 00:00:30.966269,2026-04-26 00:04:30.871994,5,5,5,5,1.0,1.0
TRANSPORTES FUTURO LTDA,B35T020D00200921,-22.95019648,-43.34774168,2026-04-26,FECHADO,2026-04-26 00:00:40.814449,2026-04-26 00:04:40.665987,5,5,5,5,1.0,1.0
TRANSPORTES FUTURO LTDA,B35T020D00205635,-22.95156251,-43.34816074,2026-04-26,FECHADO,2026-04-26 00:00:02.447361,2026-04-26 00:04:01.384551,5,5,5,5,1.0,1.0
TRANSPORTES FUTURO LTDA,B35T020D00209592,-22.94981475,-43.34829747,2026-04-26,FECHADO,2026-04-26 00:00:44.256421,2026-04-26 00:04:44.319292,5,5,5,5,1.0,1.0
TRANSPORTES FUTURO LTDA,B35T020D00208847,-22.95067005,-43.34825158,2026-04-26,FECHADO,2026-04-26 00:00:49.532049,2026-04-26 00:04:49.898011,5,5,5,5,1.0,1.0
TRANSPORTES FUTURO LTDA,B35T020D00209597,-22.95005577,-43.34815866,2026-04-26,FECHADO,2026-04-26 00:00:55.144424,2026-04-26 00:04:55.517023,5,5,5,5,1.0,1.0
TRANSPORTES FUTURO LTDA,B35T020D00208891,-22.95073177,-43.34824801,2026-04-26,FECHADO,2026-04-26 00:00:07.300998,2026-04-26 00:04:07.336645,5,5,5,5,1.0,1.0
TRANSPORTES FUTURO LTDA,B35T020D00202099,-22.95018358,-43.34843289,2026-04-26,FECHADO,2026-04-26 00:00:25.341771,2026-04-26 00:04:25.142496,5,5,5,5,1.0,1.0
TRANSPORTES FUTURO LTDA,B35T020D00209702,-22.94992736,-43.34836932,2026-04-26,FECHADO,2026-04-26 00:00:46.494163,2026-04-26 00:04:46.5275,5,5,5,5,1.0,1.0
TRANSPORTES FUTURO LTDA,B35T020D00208758,-22.95111511,-43.34885832,2026-04-26,FECHADO,2026-04-26 00:00:57.51673,2026-04-26 00:04:57.361109,5,5,5,5,1.0,1.0
TRANSPORTES FUTURO LTDA,B35T020D00202668,-22.95071573,-43.34833561,2026-04-26,FECHADO,2026-04-26 00:00:54.66598,2026-04-26 00:04:54.754813,5,5,5,5,1.0,1.0
TRANSPORTES FUTURO LTDA,B35T020D00209923,-22.95145541,-43.34802831,2026-04-26,FECHADO,2026-04-26 00:00:44.584797,2026-04-26 00:04:44.331205,5,5,5,5,1.0,1.0
TRANSPORTES FUTURO LTDA,B35T020D00204687,-22.95069054,-43.34821706,2026-04-26,FECHADO,2026-04-26 00:00:59.127431,2026-04-26 00:04:59.349855,5,5,5,5,1.0,1.0
TRANSPORTES FUTURO LTDA,B35T020D00204272,-22.94991912,-43.34837924,2026-04-26,FECHADO,2026-04-26 00:00:01.790841,2026-04-26 00:04:01.7212,5,5,5,5,1.0,1.0
TRANSPORTES FUTURO LTDA,B35T020D00207917,-22.95136909,-43.3485246,2026-04-26,FECHADO,2026-04-26 00:00:45.163225,2026-04-26 00:04:45.06477,5,5,5,5,1.0,1.0
TRANSPORTES FUTURO LTDA,B35T020D00203460,-22.95020333,-43.34815238,2026-04-26,FECHADO,2026-04-26 00:00:17.515554,2026-04-26 00:04:17.695993,5,5,5,5,1.0,1.0
TRANSPORTES FUTURO LTDA,B35T020D00208285,-22.95099904,-43.34877432,2026-04-26,FECHADO,2026-04-26 00:00:41.50865,2026-04-26 00:04:41.247306,5,5,5,5,1.0,1.0
TRANSPORTES FUTURO LTDA,B35T020D00209629,-22.95002792,-43.34832589,2026-04-26,FECHADO,2026-04-26 00:00:32.981084,2026-04-26 00:04:32.528911,5,5,5,5,1.0,1.0
TRANSPORTES FUTURO LTDA,B35T020D00204286,-22.95102639,-43.34872143,2026-04-26,FECHADO,2026-04-26 00:00:16.01633,2026-04-26 00:04:15.653684,5,5,5,5,1.0,1.0
TRANSPORTES FUTURO LTDA,B4CT020D00400040,-22.95024067,-43.34788318,2026-04-26,FECHADO,2026-04-26 00:00:15.784214,2026-04-26 00:04:15.699383,5,5,5,5,1.0,1.0
TRANSPORTES FUTURO LTDA,B35T020D00209984,-22.95020105,-43.34818634,2026-04-26,FECHADO,2026-04-26 00:00:53.119618,2026-04-26 00:04:53.300814,5,5,5,5,1.0,1.0
TRANSPORTES FUTURO LTDA,B35T020D00204597,-22.95013201,-43.34772222,2026-04-26,FECHADO,2026-04-26 00:00:43.411732,2026-04-26 00:04:43.349136,5,5,5,5,1.0,1.0
TRANSPORTES FUTURO LTDA,B35T020D00202699,-22.91568464,-43.36111069,2026-04-26,FECHADO,2026-04-26 00:00:33.429846,2026-04-26 00:04:33.432287,5,5,5,5,1.0,1.0
TRANSPORTES FUTURO LTDA,B35T020D00206307,-22.95069965,-43.34850257,2026-04-26,FECHADO,2026-04-26 00:00:04.440046,2026-04-26 00:04:04.440159,5,5,5,5,1.0,1.0
TRANSPORTES FUTURO LTDA,B35T020D00203484,-22.95149154,-43.3486824,2026-04-26,FECHADO,2026-04-26 00:00:34.462088,2026-04-26 00:04:34.15763,5,5,5,5,1.0,1.0
TRANSPORTES FUTURO LTDA,B35T020D00204822,-22.95118886,-43.34843609,2026-04-26,FECHADO,2026-04-26 00:00:53.463066,2026-04-26 00:04:53.617155,5,5,5,5,1.0,1.0
TRANSPORTES FUTURO LTDA,B35T020D00207602,-22.95104019,-43.34907236,2026-04-26,FECHADO,2026-04-26 00:00:18.545562,2026-04-26 00:04:18.438151,5,5,5,5,1.0,1.0
TRANSPORTES FUTURO LTDA,B35T020D00204831,-22.96614543,-43.33547383,2026-04-26,FECHADO,2026-04-26 00:01:19.905839,2026-04-26 00:04:19.720826,4,4,4,4,1.0,1.0
TRANSPORTES FUTURO LTDA,B35T020D00203402,-22.95024881,-43.34844751,2026-04-26,FECHADO,2026-04-26 00:00:44.60687,2026-04-26 00:04:44.997695,5,5,5,5,1.0,1.0
TRANSPORTES FUTURO LTDA,B35T020D00203557,-22.95209341,-43.34809418,2026-04-26,FECHADO,2026-04-26 00:00:30.050041,2026-04-26 00:04:29.866946,5,5,5,5,1.0,1.0
TRANSPORTES FUTURO LTDA,B35T020D00205588,-22.95042214,-43.34806509,2026-04-26,FECHADO,2026-04-26 00:00:50.548525,2026-04-26 00:04:50.914096,5,5,5,5,1.0,1.0
TRANSPORTES FUTURO LTDA,B35T020D00208507,-22.95271948,-43.34842535,2026-04-26,FECHADO,2026-04-26 00:00:01.40078,2026-04-26 00:04:01.210979,5,5,5,5,1.0,1.0
TRANSPORTES FUTURO LTDA,B35T020D00203300,-22.95129581,-43.34867398,2026-04-26,FECHADO,2026-04-26 00:00:57.683765,2026-04-26 00:04:57.848194,5,5,5,5,1.0,1.0
TRANSPORTES FUTURO LTDA,B4CT020D00400010,-22.95152162,-43.3487243,2026-04-26,FECHADO,2026-04-26 00:00:50.55101,2026-04-26 00:04:50.470557,5,5,5,5,1.0,1.0
TRANSPORTES FUTURO LTDA,B35T020D00209924,-22.95143724,-43.34878155,2026-04-26,FECHADO,2026-04-26 00:00:58.227736,2026-04-26 00:04:58.660867,5,5,5,5,1.0,1.0
TRANSPORTES FUTURO LTDA,B35T020D00205672,-22.95161581,-43.34823174,2026-04-26,FECHADO,2026-04-26 00:00:10.363171,2026-04-26 00:04:10.144923,5,5,5,5,1.0,1.0
TRANSPORTES FUTURO LTDA,B35T020D00209922,-22.95002157,-43.34833116,2026-04-26,FECHADO,2026-04-26 00:00:32.511538,2026-04-26 00:04:32.30274,5,5,5,5,1.0,1.0
TRANSPORTES FUTURO LTDA,B35T020D00202410,-22.95015374,-43.34818436,2026-04-26,FECHADO,2026-04-26 00:00:11.769276,2026-04-26 00:04:11.613934,5,5,5,5,1.0,1.0
TRANSPORTES FUTURO LTDA,B35T020D00205589,-22.94969594,-43.34828073,2026-04-26,FECHADO,2026-04-26 00:00:29.415168,2026-04-26 00:04:29.309079,5,5,5,5,1.0,1.0
TRANSPORTES FUTURO LTDA,B4CT020D00400256,-22.95224415,-43.34819424,2026-04-26,FECHADO,2026-04-26 00:00:42.530676,2026-04-26 00:04:42.32982,5,5,5,5,1.0,1.0
TRANSPORTES FUTURO LTDA,B35T020D00201381,-22.95233367,-43.34818846,2026-04-26,FECHADO,2026-04-26 00:00:02.925488,2026-04-26 00:04:02.568709,5,5,5,5,1.0,1.0
TRANSPORTES FUTURO LTDA,B35T020D00204289,-22.9506455,-43.3482761,2026-04-26,FECHADO,2026-04-26 00:00:44.84308,2026-04-26 00:04:45.183584,5,5,5,5,1.0,1.0
TRANSPORTES FUTURO LTDA,B35T020D00209982,-22.94995094,-43.34834117,2026-04-26,FECHADO,2026-04-26 00:00:35.700367,2026-04-26 00:04:35.655101,5,5,5,5,1.0,1.0
TRANSPORTES FUTURO LTDA,B35T020D00209414,-22.95138726,-43.34805638,2026-04-26,FECHADO,2026-04-26 00:00:04.705845,2026-04-26 00:04:04.53883,5,5,5,5,1.0,1.0
TRANSPORTES FUTURO LTDA,B35T020D00203573,-22.95007195,-43.34816022,2026-04-26,FECHADO,2026-04-26 00:00:32.536409,2026-04-26 00:04:32.35993,5,5,5,5,1.0,1.0
TRANSPORTES FUTURO LTDA,B35T020D00209595,-22.94999565,-43.34781837,2026-04-26,FECHADO,2026-04-26 00:00:31.874248,2026-04-26 00:04:31.659525,5,5,5,5,1.0,1.0
TRANSPORTES FUTURO LTDA,B35T020D00203457,-22.9512645,-43.34859192,2026-04-26,FECHADO,2026-04-26 00:00:14.731849,2026-04-26 00:04:14.401167,5,5,5,5,1.0,1.0
TRANSPORTES FUTURO LTDA,B35T020D00202006,-22.94999436,-43.34821874,2026-04-26,FECHADO,2026-04-26 00:00:38.800749,2026-04-26 00:04:38.413535,5,5,5,5,1.0,1.0
TRANSPORTES FUTURO LTDA,B35T020D00203386,-22.95072838,-43.34789965,2026-04-26,FECHADO,2026-04-26 00:00:30.06342,2026-04-26 00:04:29.728253,5,5,5,5,1.0,1.0
TRANSPORTES FUTURO LTDA,B35T020D00209632,-22.95075208,-43.34791135,2026-04-26,FECHADO,2026-04-26 00:00:04.564324,2026-04-26 00:04:04.475375,5,5,5,5,1.0,1.0
TRANSPORTES FUTURO LTDA,B35T020D00201867,-22.9499443,-43.34836843,2026-04-26,FECHADO,2026-04-26 00:00:18.663145,2026-04-26 00:04:18.285338,5,5,5,5,1.0,1.0
TRANSPORTES FUTURO LTDA,B35T020D00207220,-22.95000283,-43.34800208,2026-04-26,FECHADO,2026-04-26 00:00:30.23822,2026-04-26 00:04:29.741967,5,5,5,5,1.0,1.0
TRANSPORTES FUTURO LTDA,B35T020D00204284,-22.95007846,-43.34800629,2026-04-26,FECHADO,2026-04-26 00:00:17.981974,2026-04-26 00:04:17.811918,5,5,5,5,1.0,1.0
TRANSPORTES FUTURO LTDA,B35T020D00203480,-22.95037465,-43.34842217,2026-04-26,FECHADO,2026-04-26 00:00:17.706108,2026-04-26 00:04:17.372835,5,5,5,5,1.0,1.0
TRANSPORTES FUTURO LTDA,B35T020D00202424,-22.95032388,-43.34848454,2026-04-26,FECHADO,2026-04-26 00:00:08.185601,2026-04-26 00:04:07.950072,5,5,5,5,1.0,1.0
TRANSPORTES FUTURO LTDA,B35T020D00208851,-22.94987138,-43.34790477,2026-04-26,FECHADO,2026-04-26 00:00:59.373707,2026-04-26 00:04:59.183008,5,5,5,5,1.0,1.0
TRANSPORTES FUTURO LTDA,B35T020D00202935,-22.94979644,-43.34816142,2026-04-26,FECHADO,2026-04-26 00:00:08.642836,2026-04-26 00:04:08.597887,5,5,5,5,1.0,1.0
TRANSPORTES FUTURO LTDA,B35T020D00207739,-22.95005038,-43.34837332,2026-04-26,FECHADO,2026-04-26 00:00:03.964739,2026-04-26 00:04:03.579948,5,5,5,5,1.0,1.0
TRANSPORTES FUTURO LTDA,B35T020D00209613,-22.9510231,-43.34879023,2026-04-26,FECHADO,2026-04-26 00:00:55.569161,2026-04-26 00:04:55.653156,5,5,5,5,1.0,1.0
TRANSPORTES FUTURO LTDA,B35T020D00201883,-22.9513512,-43.34858343,2026-04-26,FECHADO,2026-04-26 00:00:14.450519,2026-04-26 00:04:14.538278,5,5,5,5,1.0,1.0
TRANSPORTES FUTURO LTDA,B35T020D00201878,-22.95012534,-43.34835925,2026-04-26,FECHADO,2026-04-26 00:00:05.377793,2026-04-26 00:04:05.243454,5,5,5,5,1.0,1.0
TRANSPORTES FUTURO LTDA,B35T020D00204579,-22.95258135,-43.35157756,2026-04-26,FECHADO,2026-04-26 00:00:26.217435,2026-04-26 00:04:25.83644,5,5,5,5,1.0,1.0
TRANSPORTES FUTURO LTDA,B4CT020D00400183,-22.95144896,-43.34867406,2026-04-26,FECHADO,2026-04-26 00:00:12.066456,2026-04-26 00:01:11.553736,2,2,2,2,1.0,1.0
TRANSPORTES FUTURO LTDA,B35T020D00204438,-22.95096644,-43.34862171,2026-04-26,FECHADO,2026-04-26 00:00:46.813714,2026-04-26 00:04:46.477097,5,5,5,5,1.0,1.0
TRANSPORTES FUTURO LTDA,B35T020D00209787,-22.9497929,-43.34811896,2026-04-26,FECHADO,2026-04-26 00:00:03.607458,2026-04-26 00:04:03.226066,5,5,5,5,1.0,1.0
TRANSPORTES FUTURO LTDA,B35T020D00209877,-22.95094653,-43.34860597,2026-04-26,FECHADO,2026-04-26 00:00:01.181311,2026-04-26 00:04:01.163119,5,5,5,5,1.0,1.0
TRANSPORTES FUTURO LTDA,B35T020D00202460,-22.94990571,-43.34795749,2026-04-26,FECHADO,2026-04-26 00:00:26.912774,2026-04-26 00:04:26.739588,5,5,5,5,1.0,1.0
TRANSPORTES FUTURO LTDA,B35T020D00202023,-22.95171817,-43.34811016,2026-04-26,FECHADO,2026-04-26 00:00:35.996516,2026-04-26 00:04:35.589814,5,5,5,5,1.0,1.0
TRANSPORTES FUTURO LTDA,B35T020D00201902,-22.95022814,-43.34801398,2026-04-26,FECHADO,2026-04-26 00:00:12.572662,2026-04-26 00:04:12.348411,5,5,5,5,1.0,1.0
TRANSPORTES FUTURO LTDA,B35T020D00201314,-22.95026455,-43.34810691,2026-04-26,FECHADO,2026-04-26 00:00:03.857779,2026-04-26 00:04:03.614518,5,5,5,5,1.0,1.0
TRANSPORTES FUTURO LTDA,B35T020D00209464,-22.95121957,-43.34881005,2026-04-26,FECHADO,2026-04-26 00:00:36.898506,2026-04-26 00:04:36.71461,5,5,5,5,1.0,1.0
TRANSPORTES FUTURO LTDA,B35T020D00209276,-22.95155848,-43.34853657,2026-04-26,FECHADO,2026-04-26 00:00:48.505168,2026-04-26 00:04:48.522117,5,5,5,5,1.0,1.0
TRANSPORTES FUTURO LTDA,B35T020D00210389,-22.95212079,-43.34807622,2026-04-26,FECHADO,2026-04-26 00:00:57.029486,2026-04-26 00:04:57.45113,5,5,5,5,1.0,1.0
TRANSPORTES FUTURO LTDA,B35T020D00204441,-22.94971897,-43.34827737,2026-04-26,FECHADO,2026-04-26 00:00:45.964469,2026-04-26 00:04:45.952424,5,5,5,5,1.0,1.0
TRANSPORTES FUTURO LTDA,B35T020D00209462,-22.94970817,-43.3482585,2026-04-26,FECHADO,2026-04-26 00:00:29.555185,2026-04-26 00:04:29.439023,5,5,5,5,1.0,1.0
TRANSPORTES FUTURO LTDA,B35T020D00203442,-22.94992015,-43.347897,2026-04-26,FECHADO,2026-04-26 00:00:10.697392,2026-04-26 00:04:10.635084,5,5,5,5,1.0,1.0
TRANSPORTES FUTURO LTDA,B35T020D00205424,-22.95132451,-43.34868026,2026-04-26,FECHADO,2026-04-26 00:00:10.724767,2026-04-26 00:04:10.714383,5,5,5,5,1.0,1.0
TRANSPORTES FUTURO LTDA,B35T020D00208578,-22.95026423,-43.34841785,2026-04-26,FECHADO,2026-04-26 00:00:16.616347,2026-04-26 00:04:17.116461,5,5,5,5,1.0,1.0
TRANSPORTES FUTURO LTDA,B35T020D00203698,-22.95032193,-43.34840626,2026-04-26,FECHADO,2026-04-26 00:00:37.70542,2026-04-26 00:04:37.647384,5,5,5,5,1.0,1.0
TRANSPORTES FUTURO LTDA,B4CT020D00400245,-22.95144324,-43.34872394,2026-04-26,FECHADO,2026-04-26 00:00:37.186977,2026-04-26 00:04:37.105175,5,5,5,5,1.0,1.0
TRANSPORTES FUTURO LTDA,B35T020D00203272,-22.94978675,-43.34827199,2026-04-26,FECHADO,2026-04-26 00:00:54.962455,2026-04-26 00:04:55.0127,5,5,5,5,1.0,1.0
TRANSPORTES FUTURO LTDA,B35T020D00208924,-22.95009391,-43.34823759,2026-04-26,FECHADO,2026-04-26 00:00:25.787016,2026-04-26 00:04:25.295576,5,5,5,5,1.0,1.0
TRANSPORTES FUTURO LTDA,B35T020D00202751,-22.94998989,-43.34778744,2026-04-26,FECHADO,2026-04-26 00:00:41.03269,2026-04-26 00:04:40.899736,5,5,5,5,1.0,1.0
TRANSPORTES FUTURO LTDA,B35T020D00209596,-22.95025107,-43.34826941,2026-04-26,FECHADO,2026-04-26 00:00:32.25408,2026-04-26 00:04:32.226441,5,5,5,5,1.0,1.0
TRANSPORTES FUTURO LTDA,B35T020D00202736,-22.95018045,-43.34775276,2026-04-26,FECHADO,2026-04-26 00:00:07.779223,2026-04-26 00:04:07.34629,5,5,5,5,1.0,1.0
TRANSPORTES FUTURO LTDA,B35T020D00209323,-22.95121315,-43.34880857,2026-04-26,FECHADO,2026-04-26 00:00:49.05605,2026-04-26 00:04:49.300686,5,5,5,5,1.0,1.0
TRANSPORTES FUTURO LTDA,B35T020D00206309,-22.92564226,-43.31517148,2026-04-26,FECHADO,2026-04-26 00:00:47.066084,2026-04-26 00:04:47.055545,5,5,5,5,1.0,1.0
TRANSPORTES FUTURO LTDA,B35T020D00204697,-22.95106368,-43.34868595,2026-04-26,FECHADO,2026-04-26 00:00:33.055684,2026-04-26 00:04:32.443824,5,5,5,5,1.0,1.0
TRANSPORTES FUTURO LTDA,B35T020D00204700,-22.95035661,-43.34847051,2026-04-26,FECHADO,2026-04-26 00:00:52.399839,2026-04-26 00:04:52.784967,5,5,5,5,1.0,1.0
TRANSPORTES FUTURO LTDA,B35T020D00205521,-22.95168514,-43.34820618,2026-04-26,FECHADO,2026-04-26 00:00:15.605361,2026-04-26 00:04:15.583946,5,5,5,5,1.0,1.0
TRANSPORTES FUTURO LTDA,B35T020D00207239,-22.95084696,-43.34796231,2026-04-26,FECHADO,2026-04-26 00:00:33.850737,2026-04-26 00:04:33.919469,5,5,5,5,1.0,1.0
TRANSPORTES FUTURO LTDA,B35T020D00206807,-22.95141827,-43.34874096,2026-04-26,FECHADO,2026-04-26 00:00:13.907782,2026-04-26 00:04:13.595861,5,5,5,5,1.0,1.0
TRANSPORTES FUTURO LTDA,B35T020D00204059,-22.95152119,-43.34860794,2026-04-26,FECHADO,2026-04-26 00:00:03.641003,2026-04-26 00:04:04.024224,5,5,5,5,1.0,1.0
TRANSPORTES FUTURO LTDA,B35T020D00205637,-22.9512472,-43.34794018,2026-04-26,FECHADO,2026-04-26 00:00:35.984085,2026-04-26 00:04:35.872821,5,5,5,5,1.0,1.0
TRANSPORTES FUTURO LTDA,B35T020D00203289,-22.95067099,-43.34823122,2026-04-26,FECHADO,2026-04-26 00:00:48.633724,2026-04-26 00:04:48.805776,5,5,5,5,1.0,1.0
TRANSPORTES FUTURO LTDA,B35T020D00202287,-22.95122037,-43.34870746,2026-04-26,FECHADO,2026-04-26 00:00:46.725601,2026-04-26 00:04:46.733912,5,5,5,5,1.0,1.0
TRANSPORTES FUTURO LTDA,B35T020D00209394,-22.95039628,-43.34852901,2026-04-26,FECHADO,2026-04-26 00:00:46.425955,2026-04-26 00:04:46.178966,5,5,5,5,1.0,1.0
TRANSPORTES FUTURO LTDA,B35T020D00203419,-22.95130883,-43.3488525,2026-04-26,FECHADO,2026-04-26 00:00:09.8223,2026-04-26 00:04:09.613337,5,5,5,5,1.0,1.0
TRANSPORTES FUTURO LTDA,B35T020D00208922,-22.95136828,-43.34808886,2026-04-26,FECHADO,2026-04-26 00:00:22.369836,2026-04-26 00:04:22.292573,5,5,5,5,1.0,1.0
TRANSPORTES FUTURO LTDA,B35T020D00204743,-22.95047369,-43.34846705,2026-04-26,FECHADO,2026-04-26 00:00:09.986564,2026-04-26 00:04:09.753635,5,5,5,5,1.0,1.0
TRANSPORTES FUTURO LTDA,B35T020D00205431,-22.95021995,-43.34808975,2026-04-26,FECHADO,2026-04-26 00:00:09.172704,2026-04-26 00:04:09.519117,5,5,5,5,1.0,1.0
TRANSPORTES FUTURO LTDA,B35T020D00210319,-22.95228554,-43.34798996,2026-04-26,FECHADO,2026-04-26 00:00:35.547411,2026-04-26 00:04:35.381782,5,5,5,5,1.0,1.0
TRANSPORTES FUTURO LTDA,B35T020D00204698,-22.95021563,-43.34823091,2026-04-26,FECHADO,2026-04-26 00:00:53.554005,2026-04-26 00:04:53.715411,5,5,5,5,1.0,1.0
TRANSPORTES FUTURO LTDA,B35T020D00203439,-22.95046025,-43.34847988,2026-04-26,FECHADO,2026-04-26 00:00:42.330535,2026-04-26 00:04:42.499244,5,5,5,5,1.0,1.0
TRANSPORTES FUTURO LTDA,B35T020D00209324,-22.95002759,-43.34840793,2026-04-26,FECHADO,2026-04-26 00:00:29.847722,2026-04-26 00:04:29.761365,5,5,5,5,1.0,1.0
TRANSPORTES FUTURO LTDA,B35T020D00204116,-22.95036136,-43.34799762,2026-04-26,FECHADO,2026-04-26 00:00:25.365912,2026-04-26 00:04:25.049013,5,5,5,5,1.0,1.0
TRANSPORTES FUTURO LTDA,B35T020D00204288,-22.95106485,-43.3487867,2026-04-26,FECHADO,2026-04-26 00:00:39.982014,2026-04-26 00:04:39.576365,5,5,5,5,1.0,1.0
TRANSPORTES FUTURO LTDA,B35T020D00210014,-22.94985115,-43.34838692,2026-04-26,FECHADO,2026-04-26 00:00:40.041515,2026-04-26 00:04:38.780445,5,5,5,5,1.0,1.0
TRANSPORTES FUTURO LTDA,B35T020D00209631,-22.95157889,-43.34816966,2026-04-26,FECHADO,2026-04-26 00:00:26.487328,2026-04-26 00:04:26.292401,5,5,5,5,1.0,1.0
TRANSPORTES PARANAPUAN S.A.,B35T020D00201078,-22.81560387,-43.18747635,2026-04-26,FECHADO,2026-04-26 00:00:58.016998,2026-04-26 00:04:58.096605,5,5,5,5,1.0,1.0
TRANSPORTES PARANAPUAN S.A.,B35T020D00201455,-22.81443392,-43.18771325,2026-04-26,FECHADO,2026-04-26 00:00:39.518552,2026-04-26 00:04:39.309631,5,5,5,5,1.0,1.0
TRANSPORTES PARANAPUAN S.A.,B35T020D00205049,-22.81545954,-43.18750419,2026-04-26,FECHADO,2026-04-26 00:00:57.788655,2026-04-26 00:04:58.19515,5,5,5,5,1.0,1.0
TRANSPORTES PARANAPUAN S.A.,B35T020D00204841,-22.81470546,-43.18801488,2026-04-26,FECHADO,2026-04-26 00:00:16.75785,2026-04-26 00:04:16.531416,5,5,5,5,1.0,1.0
TRANSPORTES PARANAPUAN S.A.,B35T020D00205013,-22.8146977,-43.18774144,2026-04-26,FECHADO,2026-04-26 00:00:33.411915,2026-04-26 00:04:32.975288,5,5,5,5,1.0,1.0
TRANSPORTES PARANAPUAN S.A.,B35T020D00205417,-22.81510848,-43.18711949,2026-04-26,FECHADO,2026-04-26 00:00:21.435303,2026-04-26 00:04:21.033745,5,5,5,5,1.0,1.0
TRANSPORTES PARANAPUAN S.A.,B35T020D00205484,-22.81546276,-43.18687085,2026-04-26,FECHADO,2026-04-26 00:00:57.765168,2026-04-26 00:04:58.147788,5,5,5,5,1.0,1.0
TRANSPORTES PARANAPUAN S.A.,B35T020D00200143,-22.81543894,-43.18759483,2026-04-26,FECHADO,2026-04-26 00:00:38.355355,2026-04-26 00:04:38.3324,5,5,5,5,1.0,1.0
TRANSPORTES PARANAPUAN S.A.,B35T020D00203636,-22.81518063,-43.18688928,2026-04-26,FECHADO,2026-04-26 00:00:34.85491,2026-04-26 00:04:34.451073,5,5,5,5,1.0,1.0
TRANSPORTES PARANAPUAN S.A.,B35T020D00207098,-22.81569474,-43.1874318,2026-04-26,FECHADO,2026-04-26 00:00:42.771342,2026-04-26 00:04:43.218313,5,5,5,5,1.0,1.0
TRANSPORTES PARANAPUAN S.A.,B35T020D00202196,-22.8151818,-43.18722082,2026-04-26,FECHADO,2026-04-26 00:00:41.97708,2026-04-26 00:04:41.895312,5,5,5,5,1.0,1.0
TRANSPORTES PARANAPUAN S.A.,B35T020D00203000,-22.81554225,-43.18719101,2026-04-26,FECHADO,2026-04-26 00:00:44.466141,2026-04-26 00:04:44.149737,5,5,5,5,1.0,1.0
TRANSPORTES PARANAPUAN S.A.,B35T020D00201457,-22.81473986,-43.18709732,2026-04-26,FECHADO,2026-04-26 00:00:39.727914,2026-04-26 00:04:39.717711,5,5,5,5,1.0,1.0
TRANSPORTES PARANAPUAN S.A.,B35T020D00205923,-22.81474116,-43.18723778,2026-04-26,FECHADO,2026-04-26 00:00:43.328304,2026-04-26 00:04:43.465268,5,5,5,5,1.0,1.0
TRANSPORTES PARANAPUAN S.A.,B35T020D00203315,-22.81508361,-43.18704539,2026-04-26,FECHADO,2026-04-26 00:00:38.857112,2026-04-26 00:04:38.889092,5,5,5,5,1.0,1.0
TRANSPORTES PARANAPUAN S.A.,B35T020D00208727,-22.81546786,-43.18748546,2026-04-26,FECHADO,2026-04-26 00:00:25.15187,2026-04-26 00:04:24.947271,5,5,5,5,1.0,1.0
TRANSPORTES PARANAPUAN S.A.,B35T020D00203745,-22.81484965,-43.18738552,2026-04-26,FECHADO,2026-04-26 00:00:40.029629,2026-04-26 00:04:39.745226,5,5,5,5,1.0,1.0
TRANSPORTES PARANAPUAN S.A.,B35T020D00203685,-22.81498738,-43.18706252,2026-04-26,FECHADO,2026-04-26 00:00:58.645152,2026-04-26 00:04:58.81147,5,5,5,5,1.0,1.0
TRANSPORTES PARANAPUAN S.A.,B35T020D00202941,-22.81553164,-43.18741666,2026-04-26,FECHADO,2026-04-26 00:00:48.147319,2026-04-26 00:04:48.541101,5,5,5,5,1.0,1.0
TRANSPORTES PARANAPUAN S.A.,B35T020D00206615,-22.81458087,-43.18771095,2026-04-26,FECHADO,2026-04-26 00:00:44.346173,2026-04-26 00:04:44.552279,5,5,5,5,1.0,1.0
TRANSPORTES PARANAPUAN S.A.,B35T020D00209674,-22.81485451,-43.1871643,2026-04-26,FECHADO,2026-04-26 00:00:44.319093,2026-04-26 00:04:43.939634,5,5,5,5,1.0,1.0
TRANSPORTES PARANAPUAN S.A.,B35T020D00210251,-22.81472516,-43.18781138,2026-04-26,FECHADO,2026-04-26 00:00:56.032535,2026-04-26 00:04:56.503437,5,5,5,5,1.0,1.0
TRANSPORTES PARANAPUAN S.A.,B35T020D00207938,-22.81478573,-43.18799877,2026-04-26,FECHADO,2026-04-26 00:00:52.914657,2026-04-26 00:04:52.85868,5,5,5,5,1.0,1.0
TRANSPORTES PARANAPUAN S.A.,B35T020D00203588,-22.81491144,-43.18760555,2026-04-26,FECHADO,2026-04-26 00:00:52.894939,2026-04-26 00:04:53.141754,5,5,5,5,1.0,1.0
TRANSPORTES PARANAPUAN S.A.,B35T020D00204646,-22.81542792,-43.18699337,2026-04-26,FECHADO,2026-04-26 00:00:09.819498,2026-04-26 00:04:09.431602,5,5,5,5,1.0,1.0
TRANSPORTES PARANAPUAN S.A.,B35T020D00209644,-22.81536731,-43.18643215,2026-04-26,FECHADO,2026-04-26 00:00:50.261453,2026-04-26 00:04:50.570377,5,5,5,5,1.0,1.0
TRANSPORTES PARANAPUAN S.A.,B35T020D00205413,-22.81487317,-43.18749853,2026-04-26,FECHADO,2026-04-26 00:00:20.434109,2026-04-26 00:04:19.740741,5,5,5,5,1.0,1.0
TRANSPORTES PARANAPUAN S.A.,B35T020D00210448,-22.81498988,-43.18723529,2026-04-26,FECHADO,2026-04-26 00:00:05.444349,2026-04-26 00:04:04.975488,5,5,5,5,1.0,1.0
TRANSPORTES PARANAPUAN S.A.,B35T020D00200830,-22.81512448,-43.18705173,2026-04-26,FECHADO,2026-04-26 00:00:37.29463,2026-04-26 00:04:37.045354,5,5,5,5,1.0,1.0
TRANSPORTES PARANAPUAN S.A.,B35T020D00207594,-22.81460326,-43.18773278,2026-04-26,FECHADO,2026-04-26 00:00:38.330309,2026-04-26 00:04:37.963607,5,5,5,5,1.0,1.0
TRANSPORTES PARANAPUAN S.A.,B35T020D00204571,-22.81466549,-43.18763826,2026-04-26,FECHADO,2026-04-26 00:00:05.199413,2026-04-26 00:04:05.058165,5,5,5,5,1.0,1.0
TRANSPORTES PARANAPUAN S.A.,B35T020D00205570,-22.81457465,-43.18775857,2026-04-26,FECHADO,2026-04-26 00:00:19.312153,2026-04-26 00:04:18.414393,5,5,5,5,1.0,1.0
TRANSPORTES PARANAPUAN S.A.,B35T020D00205602,-22.81541507,-43.18733693,2026-04-26,FECHADO,2026-04-26 00:00:14.27843,2026-04-26 00:04:13.853751,5,5,5,5,1.0,1.0
TRANSPORTES PARANAPUAN S.A.,B35T020D00204689,-22.81474926,-43.18765754,2026-04-26,FECHADO,2026-04-26 00:00:02.888432,2026-04-26 00:04:03.088706,5,5,5,5,1.0,1.0
TRANSPORTES PARANAPUAN S.A.,B35T020D00201886,-22.81467145,-43.18782668,2026-04-26,FECHADO,2026-04-26 00:00:02.613652,2026-04-26 00:04:02.584603,5,5,5,5,1.0,1.0
TRANSPORTES PARANAPUAN S.A.,B35T020D00207815,-22.81556843,-43.18727328,2026-04-26,FECHADO,2026-04-26 00:00:32.353437,2026-04-26 00:04:32.409923,5,5,5,5,1.0,1.0
TRANSPORTES PARANAPUAN S.A.,B35T020D00202292,-22.81517507,-43.18753122,2026-04-26,FECHADO,2026-04-26 00:00:14.944658,2026-04-26 00:04:14.589743,5,5,5,5,1.0,1.0
TRANSPORTES PARANAPUAN S.A.,B35T020D00203686,-22.81516989,-43.18732851,2026-04-26,FECHADO,2026-04-26 00:00:13.157034,2026-04-26 00:04:12.895408,5,5,5,5,1.0,1.0
TRANSPORTES PARANAPUAN S.A.,B35T020D00210144,-22.81505306,-43.18733371,2026-04-26,FECHADO,2026-04-26 00:00:11.15998,2026-04-26 00:04:11.055021,5,5,5,5,1.0,1.0
TRANSPORTES PARANAPUAN S.A.,B35T020D00208291,-22.81463868,-43.18779036,2026-04-26,FECHADO,2026-04-26 00:00:34.12192,2026-04-26 00:04:33.477662,5,5,5,5,1.0,1.0
TRANSPORTES PARANAPUAN S.A.,B35T020D00205891,-22.81539723,-43.18733185,2026-04-26,FECHADO,2026-04-26 00:00:57.149587,2026-04-26 00:04:57.576781,5,5,5,5,1.0,1.0
TRANSPORTES PARANAPUAN S.A.,B35T020D00208032,-22.81526574,-43.18733265,2026-04-26,FECHADO,2026-04-26 00:00:58.895995,2026-04-26 00:04:59.105662,5,5,5,5,1.0,1.0
TRANSPORTES PARANAPUAN S.A.,B35T020D00203361,-22.81524283,-43.18691097,2026-04-26,FECHADO,2026-04-26 00:00:08.16689,2026-04-26 00:04:07.903805,5,5,5,5,1.0,1.0
TRANSPORTES PARANAPUAN S.A.,B35T020D00204840,-22.81452844,-43.18750417,2026-04-26,FECHADO,2026-04-26 00:00:23.0674,2026-04-26 00:04:22.97911,5,5,5,5,1.0,1.0
TRANSPORTES PARANAPUAN S.A.,B35T020D00208722,-22.81475345,-43.18791624,2026-04-26,FECHADO,2026-04-26 00:00:53.485114,2026-04-26 00:04:53.900296,5,5,5,5,1.0,1.0
TRANSPORTES PARANAPUAN S.A.,B35T020D00203389,-22.81527381,-43.18725129,2026-04-26,FECHADO,2026-04-26 00:00:21.502122,2026-04-26 00:04:21.436045,5,5,5,5,1.0,1.0
TRANSPORTES PARANAPUAN S.A.,B35T020D00210446,-22.81452344,-43.1875146,2026-04-26,FECHADO,2026-04-26 00:00:06.301065,2026-04-26 00:04:05.921898,5,5,5,5,1.0,1.0
TRANSPORTES PARANAPUAN S.A.,B35T020D00202928,-22.81467067,-43.18777744,2026-04-26,FECHADO,2026-04-26 00:00:25.755067,2026-04-26 00:04:25.66698,5,5,5,5,1.0,1.0
TRANSPORTES PARANAPUAN S.A.,B35T020D00210146,-22.8150408,-43.18713699,2026-04-26,FECHADO,2026-04-26 00:00:10.156825,2026-04-26 00:04:09.596813,5,5,5,5,1.0,1.0
TRANSPORTES PARANAPUAN S.A.,B35T020D00203388,-22.81485072,-43.18805581,2026-04-26,FECHADO,2026-04-26 00:00:54.345996,2026-04-26 00:04:54.538451,5,5,5,5,1.0,1.0
TRANSPORTES PARANAPUAN S.A.,B35T020D00201511,-22.81508151,-43.18727728,2026-04-26,FECHADO,2026-04-26 00:00:42.882996,2026-04-26 00:04:43.37323,5,5,5,5,1.0,1.0
TRANSPORTES PARANAPUAN S.A.,B35T020D00200831,-22.81536533,-43.18736667,2026-04-26,FECHADO,2026-04-26 00:00:42.611599,2026-04-26 00:04:42.58788,5,5,5,5,1.0,1.0
TRANSPORTES PARANAPUAN S.A.,B35T020D00201837,-22.81496805,-43.18719509,2026-04-26,FECHADO,2026-04-26 00:00:02.436862,2026-04-26 00:04:01.951097,5,5,5,5,1.0,1.0
TRANSPORTES PARANAPUAN S.A.,B35T020D00207018,-22.8151615,-43.18708683,2026-04-26,FECHADO,2026-04-26 00:00:34.499739,2026-04-26 00:04:34.40551,5,5,5,5,1.0,1.0
TRANSPORTES PARANAPUAN S.A.,B35T020D00203441,-22.81537792,-43.18748096,2026-04-26,FECHADO,2026-04-26 00:00:53.295841,2026-04-26 00:04:53.540337,5,5,5,5,1.0,1.0
TRANSPORTES PARANAPUAN S.A.,B35T020D00203590,-22.815087,-43.1869885,2026-04-26,FECHADO,2026-04-26 00:00:27.473042,2026-04-26 00:04:27.450752,5,5,5,5,1.0,1.0
TRANSPORTES PARANAPUAN S.A.,B35T020D00206184,-22.81455928,-43.18683354,2026-04-26,FECHADO,2026-04-26 00:00:17.999956,2026-04-26 00:04:17.500342,5,5,5,5,1.0,1.0
TRANSPORTES PARANAPUAN S.A.,B35T020D00203607,-22.8155314,-43.18755202,2026-04-26,FECHADO,2026-04-26 00:00:22.154232,2026-04-26 00:04:21.963139,5,5,5,5,1.0,1.0
TRANSPORTES PARANAPUAN S.A.,B35T020D00204735,-22.81521313,-43.18732211,2026-04-26,FECHADO,2026-04-26 00:00:42.188873,2026-04-26 00:04:42.045782,5,5,5,5,1.0,1.0
TRANSPORTES PARANAPUAN S.A.,B35T020D00204811,-22.81566977,-43.18744746,2026-04-26,FECHADO,2026-04-26 00:00:58.20603,2026-04-26 00:04:58.315106,5,5,5,5,1.0,1.0
TRANSPORTES PARANAPUAN S.A.,B35T020D00205015,-22.81482477,-43.18720818,2026-04-26,FECHADO,2026-04-26 00:00:04.874616,2026-04-26 00:04:04.728829,5,5,5,5,1.0,1.0
TRANSPORTES PARANAPUAN S.A.,B35T020D00205569,-22.81478182,-43.18804418,2026-04-26,FECHADO,2026-04-26 00:00:13.889091,2026-04-26 00:04:13.172782,5,5,5,5,1.0,1.0
TRANSPORTES PARANAPUAN S.A.,B35T020D00207813,-22.81529076,-43.18755099,2026-04-26,FECHADO,2026-04-26 00:00:27.130966,2026-04-26 00:04:26.733094,5,5,5,5,1.0,1.0
TRANSPORTES PARANAPUAN S.A.,B35T020D00206269,-22.81460082,-43.18779081,2026-04-26,FECHADO,2026-04-26 00:00:28.817772,2026-04-26 00:04:28.497691,5,5,5,5,1.0,1.0
TRANSPORTES PARANAPUAN S.A.,B35T020D00206274,-22.78911936,-43.16388989,2026-04-26,FECHADO,2026-04-26 00:00:55.113598,2026-04-26 00:04:55.228448,5,5,5,5,1.0,1.0
TRANSPORTES PARANAPUAN S.A.,B35T020D00205164,-22.81562466,-43.18732398,2026-04-26,FECHADO,2026-04-26 00:00:52.391547,2026-04-26 00:04:52.377237,5,5,5,5,1.0,1.0
TRANSPORTES PARANAPUAN S.A.,B35T020D00205915,-22.81555024,-43.18750436,2026-04-26,FECHADO,2026-04-26 00:00:53.426222,2026-04-26 00:04:53.39783,5,5,5,5,1.0,1.0
TRANSPORTES PARANAPUAN S.A.,B35T020D00206270,-22.81481565,-43.18773627,2026-04-26,FECHADO,2026-04-26 00:00:01.513926,2026-04-26 00:04:00.676269,5,5,5,5,1.0,1.0
TRANSPORTES PARANAPUAN S.A.,B35T020D00203066,-22.81506405,-43.18742975,2026-04-26,FECHADO,2026-04-26 00:00:21.024965,2026-04-26 00:04:20.90403,5,5,5,5,1.0,1.0
TRANSPORTES PARANAPUAN S.A.,B35T020D00208290,-22.81475245,-43.18786772,2026-04-26,FECHADO,2026-04-26 00:00:26.25639,2026-04-26 00:04:25.705713,5,5,5,5,1.0,1.0
TRANSPORTES PARANAPUAN S.A.,B35T020D00202201,-22.81442748,-43.18760752,2026-04-26,FECHADO,2026-04-26 00:00:40.403067,2026-04-26 00:04:40.148714,5,5,5,5,1.0,1.0
TRANSPORTES PARANAPUAN S.A.,B35T020D00205917,-22.8149337,-43.18723515,2026-04-26,FECHADO,2026-04-26 00:00:52.574445,2026-04-26 00:04:53.085615,5,5,5,5,1.0,1.0
TRANSPORTES PARANAPUAN S.A.,B35T020D00205914,-22.8145551,-43.18743555,2026-04-26,FECHADO,2026-04-26 00:00:48.034307,2026-04-26 00:04:48.310712,5,5,5,5,1.0,1.0
TRANSPORTES PARANAPUAN S.A.,B35T020D00207811,-22.81480161,-43.18728121,2026-04-26,FECHADO,2026-04-26 00:00:49.229445,2026-04-26 00:04:49.383858,5,5,5,5,1.0,1.0
TRANSPORTES PARANAPUAN S.A.,B35T020D00208016,-22.81489595,-43.18714744,2026-04-26,FECHADO,2026-04-26 00:00:17.827271,2026-04-26 00:04:17.522952,5,5,5,5,1.0,1.0
TRANSPORTES PARANAPUAN S.A.,B35T020D00207023,-22.81470427,-43.18761773,2026-04-26,FECHADO,2026-04-26 00:00:47.686443,2026-04-26 00:04:47.728729,5,5,5,5,1.0,1.0
TRANSPORTES PARANAPUAN S.A.,B35T020D00202933,-22.81473954,-43.18763532,2026-04-26,FECHADO,2026-04-26 00:00:57.150778,2026-04-26 00:04:57.386683,5,5,5,5,1.0,1.0
TRANSPORTES PARANAPUAN S.A.,B35T020D00204837,-22.81459156,-43.18698999,2026-04-26,FECHADO,2026-04-26 00:00:04.772596,2026-04-26 00:04:04.319788,5,5,5,5,1.0,1.0
TRANSPORTES PARANAPUAN S.A.,B35T020D00202047,-22.81493037,-43.18726481,2026-04-26,FECHADO,2026-04-26 00:00:36.834785,2026-04-26 00:04:36.662533,5,5,5,5,1.0,1.0
TRANSPORTES PARANAPUAN S.A.,B35T020D00200913,-22.81501437,-43.1871305,2026-04-26,FECHADO,2026-04-26 00:00:59.78757,2026-04-26 00:04:59.625745,5,4,5,5,1.0,0.8
TRANSPORTES PARANAPUAN S.A.,B35T020D00204566,-22.81489982,-43.1876618,2026-04-26,FECHADO,2026-04-26 00:00:38.583349,2026-04-26 00:04:38.17772,5,5,5,5,1.0,1.0
TRANSPORTES PARANAPUAN S.A.,B35T020D00206272,-22.81561368,-43.18750374,2026-04-26,FECHADO,2026-04-26 00:00:53.461075,2026-04-26 00:04:53.122988,5,5,5,5,1.0,1.0
TRANSPORTES PARANAPUAN S.A.,B35T020D00209139,-22.81520368,-43.18748755,2026-04-26,FECHADO,2026-04-26 00:00:20.399086,2026-04-26 00:04:20.155619,5,5,5,5,1.0,1.0
TRANSPORTES PARANAPUAN S.A.,B35T020D00206267,-22.81464882,-43.18760213,2026-04-26,FECHADO,2026-04-26 00:00:02.287066,2026-04-26 00:04:02.418513,5,5,5,5,1.0,1.0
TRANSPORTES PARANAPUAN S.A.,B35T020D00200914,-22.78924065,-43.16168692,2026-04-26,FECHADO,2026-04-26 00:00:04.241367,2026-04-26 00:04:04.205908,5,5,5,5,1.0,1.0
TRANSPORTES PARANAPUAN S.A.,B35T020D00205568,-22.8151633,-43.18719802,2026-04-26,FECHADO,2026-04-26 00:00:44.370964,2026-04-26 00:04:44.455522,5,5,5,5,1.0,1.0
TRANSPORTES PARANAPUAN S.A.,B35T020D00205010,-22.8146902,-43.18759774,2026-04-26,FECHADO,2026-04-26 00:00:34.128224,2026-04-26 00:04:33.709559,5,5,5,5,1.0,1.0
TRANSPORTES PARANAPUAN S.A.,B35T020D00203510,-22.81546127,-43.187562,2026-04-26,FECHADO,2026-04-26 00:00:24.654685,2026-04-26 00:04:24.277874,5,5,5,5,1.0,1.0
TRANSPORTES PARANAPUAN S.A.,B35T020D00202463,-22.81456443,-43.18755618,2026-04-26,FECHADO,2026-04-26 00:00:35.046029,2026-04-26 00:04:34.953662,5,5,5,5,1.0,1.0
TRANSPORTES PARANAPUAN S.A.,B35T020D00205598,-22.81511875,-43.18767723,2026-04-26,FECHADO,2026-04-26 00:00:37.250094,2026-04-26 00:04:36.773104,5,5,5,5,1.0,1.0
TRANSPORTES PARANAPUAN S.A.,B35T020D00203724,-22.81438928,-43.18757165,2026-04-26,FECHADO,2026-04-26 00:00:15.007799,2026-04-26 00:04:14.600171,5,5,5,5,1.0,1.0
TRANSPORTES PARANAPUAN S.A.,B35T020D00205292,-22.81514492,-43.18732684,2026-04-26,FECHADO,2026-04-26 00:00:01.525243,2026-04-26 00:04:00.865307,5,5,5,5,1.0,1.0
TRANSPORTES PARANAPUAN S.A.,B35T020D00208723,-22.81489578,-43.187827,2026-04-26,FECHADO,2026-04-26 00:00:31.410783,2026-04-26 00:04:31.210746,5,5,5,5,1.0,1.0
TRANSPORTES PARANAPUAN S.A.,B35T020D00204724,-22.81477324,-43.18803893,2026-04-26,FECHADO,2026-04-26 00:00:05.299686,2026-04-26 00:04:05.199369,5,5,5,5,1.0,1.0
TRANSPORTES PARANAPUAN S.A.,B35T020D00204647,-22.81532918,-43.1873769,2026-04-26,FECHADO,2026-04-26 00:00:14.073672,2026-04-26 00:04:13.777164,5,5,5,5,1.0,1.0
TRANSPORTES PARANAPUAN S.A.,B35T020D00203106,-22.78917738,-43.16191296,2026-04-26,FECHADO,2026-04-26 00:00:44.795772,2026-04-26 00:04:45.102071,5,5,5,5,1.0,1.0
TRANSPORTES PARANAPUAN S.A.,B35T020D00203608,-22.81548852,-43.18749671,2026-04-26,FECHADO,2026-04-26 00:00:00.597642,2026-04-26 00:03:59.982764,4,4,5,5,1.0,1.0
TRANSPORTES PARANAPUAN S.A.,B35T020D00207248,-22.81455877,-43.18759083,2026-04-26,FECHADO,2026-04-26 00:00:02.532774,2026-04-26 00:04:02.737684,5,5,5,5,1.0,1.0
TRANSPORTES PARANAPUAN S.A.,B35T020D00205165,-22.81495713,-43.18713032,2026-04-26,FECHADO,2026-04-26 00:00:16.273965,2026-04-26 00:04:16.688915,5,5,5,5,1.0,1.0
TRANSPORTES PARANAPUAN S.A.,B35T020D00203725,-22.8154003,-43.18728231,2026-04-26,FECHADO,2026-04-26 00:00:05.533759,2026-04-26 00:04:05.542074,5,5,5,5,1.0,1.0
TRANSPORTES PARANAPUAN S.A.,B35T020D00205312,-22.81568142,-43.18741776,2026-04-26,FECHADO,2026-04-26 00:00:20.621514,2026-04-26 00:04:20.390109,5,5,5,5,1.0,1.0
TRANSPORTES PARANAPUAN S.A.,B35T020D00203609,-22.81502875,-43.18700877,2026-04-26,FECHADO,2026-04-26 00:00:18.422501,2026-04-26 00:04:18.218668,5,5,5,5,1.0,1.0
TRANSPORTES PARANAPUAN S.A.,B35T020D00200786,-22.81521711,-43.18754626,2026-04-26,FECHADO,2026-04-26 00:00:47.581341,2026-04-26 00:04:47.814181,5,5,5,5,1.0,1.0
TRANSPORTES PARANAPUAN S.A.,B35T020D00201838,-22.81556256,-43.18721568,2026-04-26,FECHADO,2026-04-26 00:00:27.660413,2026-04-26 00:04:28.261558,5,5,5,5,1.0,1.0
TRANSPORTES PARANAPUAN S.A.,B35T020D00203606,-22.78916866,-43.16184535,2026-04-26,FECHADO,2026-04-26 00:00:01.858505,2026-04-26 00:04:01.671315,5,5,5,5,1.0,1.0
TRANSPORTES PARANAPUAN S.A.,B35T020D00200956,-22.80482501,-43.18196139,2026-04-26,FECHADO,2026-04-26 00:00:21.217026,2026-04-26 00:04:20.920365,5,5,5,5,1.0,1.0
TRANSPORTES PARANAPUAN S.A.,B35T020D00204645,-22.81446094,-43.1875037,2026-04-26,FECHADO,2026-04-26 00:00:07.585733,2026-04-26 00:04:07.24188,5,5,5,5,1.0,1.0
TRANSPORTES PARANAPUAN S.A.,B35T020D00206271,-22.81464604,-43.18776754,2026-04-26,FECHADO,2026-04-26 00:00:59.586383,2026-04-26 00:04:59.785439,5,5,5,5,1.0,1.0
TRANSPORTES PARANAPUAN S.A.,B35T020D00205502,-22.80617768,-43.18236025,2026-04-26,FECHADO,2026-04-26 00:00:34.995707,2026-04-26 00:04:34.969626,5,5,5,5,1.0,1.0
TRANSPORTES PARANAPUAN S.A.,B35T020D00206325,-22.78874626,-43.16147678,2026-04-26,FECHADO,2026-04-26 00:00:47.193242,2026-04-26 00:04:47.350746,5,5,5,5,1.0,1.0
TRANSPORTES PARANAPUAN S.A.,B35T020D00204806,-22.81515814,-43.18693064,2026-04-26,FECHADO,2026-04-26 00:00:02.627823,2026-04-26 00:04:02.394513,5,5,5,5,1.0,1.0
TRANSPORTES PARANAPUAN S.A.,B35T020D00207812,-22.81460227,-43.1875873,2026-04-26,FECHADO,2026-04-26 00:00:30.617952,2026-04-26 00:04:30.363882,5,5,5,5,1.0,1.0
TRANSPORTES PARANAPUAN S.A.,B35T020D00203128,-22.81473023,-43.18778144,2026-04-26,FECHADO,2026-04-26 00:00:02.510412,2026-04-26 00:04:02.174122,5,5,5,5,1.0,1.0
TRANSPORTES PARANAPUAN S.A.,B35T020D00201507,-22.81514679,-43.18742134,2026-04-26,FECHADO,2026-04-26 00:00:38.160511,2026-04-26 00:04:37.933821,5,5,5,5,1.0,1.0
TRANSPORTES PARANAPUAN S.A.,B35T020D00203363,-22.81513222,-43.18689886,2026-04-26,FECHADO,2026-04-26 00:00:29.877563,2026-04-26 00:04:29.516432,5,5,5,5,1.0,1.0
TRANSPORTES PARANAPUAN S.A.,B35T020D00210706,-22.81471974,-43.18798057,2026-04-26,FECHADO,2026-04-26 00:00:37.263766,2026-04-26 00:04:37.245338,5,5,5,5,1.0,1.0
TRANSPORTES PARANAPUAN S.A.,B35T020D00206273,-22.81555513,-43.18744661,2026-04-26,FECHADO,2026-04-26 00:00:11.772587,2026-04-26 00:04:11.567936,5,5,5,5,1.0,1.0
TRANSPORTES PARANAPUAN S.A.,B35T020D00207249,-22.81521827,-43.18741752,2026-04-26,FECHADO,2026-04-26 00:00:00.890099,2026-04-26 00:04:00.252456,5,5,5,5,1.0,1.0
TRANSPORTES PARANAPUAN S.A.,B35T020D00204568,-22.81557027,-43.18688843,2026-04-26,FECHADO,2026-04-26 00:00:28.600705,2026-04-26 00:04:28.625195,5,5,5,5,1.0,1.0
TRANSPORTES PARANAPUAN S.A.,B35T020D00208292,-22.81532908,-43.18761266,2026-04-26,FECHADO,2026-04-26 00:00:45.695281,2026-04-26 00:04:45.559382,5,5,5,5,1.0,1.0
TRANSPORTES PARANAPUAN S.A.,B35T020D00202243,-22.81441839,-43.18753163,2026-04-26,FECHADO,2026-04-26 00:00:32.429474,2026-04-26 00:04:32.210836,5,5,5,5,1.0,1.0
TRANSPORTES PARANAPUAN S.A.,B35T020D00210555,-22.81543208,-43.18683855,2026-04-26,FECHADO,2026-04-26 00:00:38.587657,2026-04-26 00:04:38.523988,5,5,5,5,1.0,1.0
TRANSPORTES PARANAPUAN S.A.,B35T020D00205571,-22.81562491,-43.1873072,2026-04-26,FECHADO,2026-04-26 00:00:55.784626,2026-04-26 00:04:55.843114,5,5,5,5,1.0,1.0
TRANSPORTES PARANAPUAN S.A.,B35T020D00203313,-22.81452908,-43.18756501,2026-04-26,FECHADO,2026-04-26 00:00:52.037496,2026-04-26 00:04:52.356781,5,5,5,5,1.0,1.0
TRANSURB S/A,B35T020D00204867,-22.88987252,-43.292354,2026-04-26,FECHADO,2026-04-26 00:00:05.150242,2026-04-26 00:04:04.91832,5,5,5,5,1.0,1.0
TRANSURB S/A,B4CT020D00400078,-22.88890286,-43.2924796,2026-04-26,FECHADO,2026-04-26 00:00:35.555374,2026-04-26 00:04:35.393499,5,5,5,5,1.0,1.0
TRANSURB S/A,B35T020D00207577,-22.88977257,-43.29215222,2026-04-26,FECHADO,2026-04-26 00:00:37.817331,2026-04-26 00:04:37.775775,5,5,5,5,1.0,1.0
TRANSURB S/A,B35T020D00204298,-22.88892123,-43.29240629,2026-04-26,FECHADO,2026-04-26 00:00:25.868208,2026-04-26 00:04:25.527004,5,5,5,5,1.0,1.0
TRANSURB S/A,B35T020D00209895,-22.88909577,-43.2930557,2026-04-26,FECHADO,2026-04-26 00:00:08.618518,2026-04-26 00:04:08.584233,5,5,5,5,1.0,1.0
TRANSURB S/A,B35T020D00209487,-22.8889739,-43.29232792,2026-04-26,FECHADO,2026-04-26 00:00:37.669042,2026-04-26 00:04:37.845956,5,5,5,5,1.0,1.0
TRANSURB S/A,B35T020D00204356,-22.889195,-43.29228373,2026-04-26,FECHADO,2026-04-26 00:00:31.350417,2026-04-26 00:04:31.293462,5,5,5,5,1.0,1.0
TRANSURB S/A,B35T020D00207244,-22.88896107,-43.29231707,2026-04-26,FECHADO,2026-04-26 00:00:09.9096,2026-04-26 00:04:09.652367,5,5,5,5,1.0,1.0
TRANSURB S/A,B35T020D00202479,-22.88927128,-43.291916,2026-04-26,FECHADO,2026-04-26 00:00:06.454815,2026-04-26 00:04:06.018645,5,5,5,5,1.0,1.0
TRANSURB S/A,B35T020D00202630,-22.88906649,-43.29221863,2026-04-26,FECHADO,2026-04-26 00:00:16.31779,2026-04-26 00:04:15.877391,5,5,5,5,1.0,1.0
TRANSURB S/A,B35T020D00203512,-22.88881579,-43.29264728,2026-04-26,FECHADO,2026-04-26 00:00:54.279216,2026-04-26 00:04:54.369504,5,5,5,5,1.0,1.0
TRANSURB S/A,B35T020D00207772,-22.88944307,-43.29176166,2026-04-26,FECHADO,2026-04-26 00:00:26.333877,2026-04-26 00:04:26.186444,5,5,5,5,1.0,1.0
TRANSURB S/A,B35T020D00205528,-22.88906639,-43.29240794,2026-04-26,FECHADO,2026-04-26 00:00:32.626702,2026-04-26 00:04:32.461102,5,5,5,5,1.0,1.0
TRANSURB S/A,B35T020D00201749,-22.88932512,-43.29246375,2026-04-26,FECHADO,2026-04-26 00:00:36.458586,2026-04-26 00:04:36.196633,5,5,5,5,1.0,1.0
TRANSURB S/A,B35T020D00210430,-22.88946011,-43.29165907,2026-04-26,FECHADO,2026-04-26 00:00:39.655208,2026-04-26 00:04:39.323024,5,5,5,5,1.0,1.0
TRANSURB S/A,B35T020D00209873,-22.88950604,-43.29181703,2026-04-26,FECHADO,2026-04-26 00:00:14.284661,2026-04-26 00:04:12.881019,5,5,5,5,1.0,1.0
TRANSURB S/A,B35T020D00206456,-22.89014272,-43.29225191,2026-04-26,FECHADO,2026-04-26 00:00:34.490462,2026-04-26 00:04:34.147638,5,5,5,5,1.0,1.0
TRANSURB S/A,B35T020D00204746,-22.88895778,-43.29316121,2026-04-26,FECHADO,2026-04-26 00:00:04.719719,2026-04-26 00:04:04.281101,5,5,5,5,1.0,1.0
TRANSURB S/A,B35T020D00209752,-22.88924259,-43.2926098,2026-04-26,FECHADO,2026-04-26 00:00:53.068859,2026-04-26 00:04:53.130128,5,5,5,5,1.0,1.0
TRANSURB S/A,B35T020D00204825,-22.88894868,-43.29275449,2026-04-26,FECHADO,2026-04-26 00:00:29.094209,2026-04-26 00:04:28.671718,5,5,5,5,1.0,1.0
TRANSURB S/A,B35T020D00201870,-22.889442,-43.29219722,2026-04-26,FECHADO,2026-04-26 00:00:51.734526,2026-04-26 00:04:51.698261,5,5,5,5,1.0,1.0
TRANSURB S/A,B35T020D00206315,-22.88915164,-43.29244143,2026-04-26,FECHADO,2026-04-26 00:00:25.971063,2026-04-26 00:04:25.418349,5,5,5,5,1.0,1.0
TRANSURB S/A,B35T020D00201319,-22.88901374,-43.29231553,2026-04-26,FECHADO,2026-04-26 00:00:22.194993,2026-04-26 00:04:21.847358,5,5,5,5,1.0,1.0
TRANSURB S/A,B35T020D00210034,-22.88913586,-43.2927724,2026-04-26,FECHADO,2026-04-26 00:00:25.807509,2026-04-26 00:04:25.827637,5,5,5,5,1.0,1.0
TRANSURB S/A,B35T020D00206476,-22.88935239,-43.29190228,2026-04-26,FECHADO,2026-04-26 00:00:35.119369,2026-04-26 00:04:34.752696,5,5,5,5,1.0,1.0
TRANSURB S/A,B35T020D00202722,-22.89027836,-43.29270561,2026-04-26,FECHADO,2026-04-26 00:00:19.442703,2026-04-26 00:04:19.710123,5,5,5,5,1.0,1.0
TRANSURB S/A,B35T020D00203130,-22.89016921,-43.29216419,2026-04-26,FECHADO,2026-04-26 00:00:31.841888,2026-04-26 00:04:31.745236,5,5,5,5,1.0,1.0
TRANSURB S/A,B35T020D00210032,-22.88991826,-43.2926175,2026-04-26,FECHADO,2026-04-26 00:00:14.126692,2026-04-26 00:04:14.287978,5,5,5,5,1.0,1.0
TRANSURB S/A,B35T020D00210058,-22.8894812,-43.29149301,2026-04-26,FECHADO,2026-04-26 00:00:08.413978,2026-04-26 00:04:07.788191,5,5,5,5,1.0,1.0
TRANSURB S/A,B35T020D00202480,-22.88896126,-43.29225423,2026-04-26,FECHADO,2026-04-26 00:00:57.819231,2026-04-26 00:04:57.868622,5,5,5,5,1.0,1.0
TRANSURB S/A,B35T020D00201695,-22.88995848,-43.29284473,2026-04-26,FECHADO,2026-04-26 00:00:41.731681,2026-04-26 00:04:41.452316,5,5,5,5,1.0,1.0
TRANSURB S/A,B35T020D00207277,-22.88862536,-43.29290859,2026-04-26,FECHADO,2026-04-26 00:00:32.041411,2026-04-26 00:04:32.011372,5,5,5,5,1.0,1.0
TRANSURB S/A,B35T020D00209772,-22.88874786,-43.29288511,2026-04-26,FECHADO,2026-04-26 00:00:02.151381,2026-04-26 00:04:01.620837,5,5,5,5,1.0,1.0
TRANSURB S/A,B35T020D00210419,-22.88945111,-43.29163777,2026-04-26,FECHADO,2026-04-26 00:00:26.677556,2026-04-26 00:04:26.657059,5,5,5,5,1.0,1.0
TRANSURB S/A,B35T020D00205304,-22.88941109,-43.29229206,2026-04-26,FECHADO,2026-04-26 00:00:57.690511,2026-04-26 00:04:57.889651,5,5,5,5,1.0,1.0
TRANSURB S/A,B35T020D00206851,-22.88979959,-43.29262511,2026-04-26,FECHADO,2026-04-26 00:00:48.146747,2026-04-26 00:04:47.818398,5,5,5,5,1.0,1.0
TRANSURB S/A,B35T020D00204296,-22.88898767,-43.29272521,2026-04-26,FECHADO,2026-04-26 00:00:20.645239,2026-04-26 00:04:20.418874,5,5,5,5,1.0,1.0
TRANSURB S/A,B35T020D00209645,-22.88941612,-43.29214821,2026-04-26,FECHADO,2026-04-26 00:00:48.392193,2026-04-26 00:04:48.581984,5,5,5,5,1.0,1.0
TRANSURB S/A,B35T020D00201186,-22.88986501,-43.29275925,2026-04-26,FECHADO,2026-04-26 00:00:09.97002,2026-04-26 00:04:09.431075,5,5,5,5,1.0,1.0
TRANSURB S/A,B35T020D00210429,-22.88952088,-43.2918512,2026-04-26,FECHADO,2026-04-26 00:00:59.216828,2026-04-26 00:04:59.603928,5,5,5,5,1.0,1.0
TRANSURB S/A,B35T020D00201907,-22.88944022,-43.29213759,2026-04-26,FECHADO,2026-04-26 00:00:34.340148,2026-04-26 00:04:34.120658,5,5,5,5,1.0,1.0
TRANSURB S/A,B35T020D00206857,-22.8893234,-43.29204183,2026-04-26,FECHADO,2026-04-26 00:00:54.832238,2026-04-26 00:04:55.063804,5,5,5,5,1.0,1.0
TRANSURB S/A,B35T020D00205529,-22.88972757,-43.29242743,2026-04-26,FECHADO,2026-04-26 00:00:55.369775,2026-04-26 00:04:55.414992,5,5,5,5,1.0,1.0
TRANSURB S/A,B35T020D00209225,-22.88940558,-43.29265389,2026-04-26,FECHADO,2026-04-26 00:00:43.532034,2026-04-26 00:04:43.791266,5,5,5,5,1.0,1.0
TRANSURB S/A,B35T020D00208660,-22.88904591,-43.29243613,2026-04-26,FECHADO,2026-04-26 00:00:50.49993,2026-04-26 00:04:50.300903,5,5,5,5,1.0,1.0
TRANSURB S/A,B35T020D00206458,-22.88871009,-43.29272283,2026-04-26,FECHADO,2026-04-26 00:00:56.355868,2026-04-26 00:04:56.413235,5,5,5,5,1.0,1.0
TRANSURB S/A,B35T020D00209484,-22.8890687,-43.29258586,2026-04-26,FECHADO,2026-04-26 00:00:39.898982,2026-04-26 00:04:39.308975,5,5,5,5,1.0,1.0
TRANSURB S/A,B35T020D00204269,-22.88910417,-43.29281559,2026-04-26,FECHADO,2026-04-26 00:00:52.027963,2026-04-26 00:04:51.853196,5,5,5,5,1.0,1.0
TRANSURB S/A,B35T020D00202104,-22.8888383,-43.29342405,2026-04-26,FECHADO,2026-04-26 00:00:51.623542,2026-04-26 00:04:51.79485,5,5,5,5,1.0,1.0
TRANSURB S/A,B35T020D00203553,-22.88932842,-43.29184169,2026-04-26,FECHADO,2026-04-26 00:00:57.423169,2026-04-26 00:04:57.334702,5,5,5,5,1.0,1.0
TRANSURB S/A,B35T020D00203556,-22.88875742,-43.29269643,2026-04-26,FECHADO,2026-04-26 00:00:33.907824,2026-04-26 00:04:33.452092,5,5,5,5,1.0,1.0
TRANSURB S/A,B35T020D00206822,-22.88931787,-43.29210562,2026-04-26,FECHADO,2026-04-26 00:00:41.664577,2026-04-26 00:04:41.554999,5,5,5,5,1.0,1.0
TRANSURB S/A,B35T020D00207241,-22.88979273,-43.29252803,2026-04-26,FECHADO,2026-04-26 00:00:25.034964,2026-04-26 00:04:24.665596,5,5,5,5,1.0,1.0
TRANSURB S/A,B35T020D00208931,-22.88867028,-43.292751,2026-04-26,FECHADO,2026-04-26 00:00:52.972457,2026-04-26 00:04:53.143271,5,5,5,5,1.0,1.0
TRANSURB S/A,B35T020D00206081,-22.88951197,-43.29168423,2026-04-26,FECHADO,2026-04-26 00:00:56.697728,2026-04-26 00:04:56.37118,5,5,5,5,1.0,1.0
TRANSURB S/A,B35T020D00203537,-22.8898695,-43.29258929,2026-04-26,FECHADO,2026-04-26 00:00:42.080086,2026-04-26 00:04:41.845268,5,5,5,5,1.0,1.0
TRANSURB S/A,B35T020D00208443,-22.88960566,-43.29168633,2026-04-26,FECHADO,2026-04-26 00:00:34.672384,2026-04-26 00:04:34.576157,5,5,5,5,1.0,1.0
TRANSURB S/A,B35T020D00208015,-22.88998545,-43.29255852,2026-04-26,FECHADO,2026-04-26 00:00:11.127016,2026-04-26 00:04:10.842036,5,5,5,5,1.0,1.0
TRANSURB S/A,B35T020D00208442,-22.88939667,-43.29210332,2026-04-26,FECHADO,2026-04-26 00:00:36.30606,2026-04-26 00:04:35.982093,5,5,5,5,1.0,1.0
TRANSURB S/A,B35T020D00205020,-22.88906424,-43.2924015,2026-04-26,FECHADO,2026-04-26 00:00:09.658705,2026-04-26 00:04:09.752217,5,5,5,5,1.0,1.0
TRANSURB S/A,B35T020D00206477,-22.88919007,-43.29224902,2026-04-26,FECHADO,2026-04-26 00:00:16.047729,2026-04-26 00:04:15.83807,5,5,5,5,1.0,1.0
TRANSURB S/A,B4CT020D00400177,-22.88935439,-43.29174929,2026-04-26,FECHADO,2026-04-26 00:00:55.114655,2026-04-26 00:04:55.28243,5,5,5,5,1.0,1.0
TRANSURB S/A,B35T020D00209612,-22.88916539,-43.29229434,2026-04-26,FECHADO,2026-04-26 00:00:43.704551,2026-04-26 00:04:43.899471,5,5,5,5,1.0,1.0
TRANSURB S/A,B35T020D00203462,-22.88949422,-43.29260185,2026-04-26,FECHADO,2026-04-26 00:00:24.915895,2026-04-26 00:04:24.479435,5,5,5,5,1.0,1.0
TRANSURB S/A,B35T020D00208659,-22.88896376,-43.29266683,2026-04-26,FECHADO,2026-04-26 00:00:31.583416,2026-04-26 00:04:31.243298,5,5,5,5,1.0,1.0
TRANSURB S/A,B35T020D00205162,-22.88933161,-43.29181819,2026-04-26,FECHADO,2026-04-26 00:00:18.635998,2026-04-26 00:04:18.231292,5,5,5,5,1.0,1.0
TRANSURB S/A,B35T020D00210507,-22.88960376,-43.29179725,2026-04-26,FECHADO,2026-04-26 00:00:22.146837,2026-04-26 00:04:22.105502,5,5,5,5,1.0,1.0
TRANSURB S/A,B35T020D00209275,-22.88942456,-43.29168716,2026-04-26,FECHADO,2026-04-26 00:00:38.20313,2026-04-26 00:04:37.815929,5,5,5,5,1.0,1.0
TRANSURB S/A,B35T020D00209486,-22.88990227,-43.29175198,2026-04-26,FECHADO,2026-04-26 00:00:18.419984,2026-04-26 00:04:18.044857,5,5,5,5,1.0,1.0
TRANSURB S/A,B4CT020D00400217,-22.88997089,-43.29207823,2026-04-26,FECHADO,2026-04-26 00:00:59.570595,2026-04-26 00:04:59.668874,5,5,5,5,1.0,1.0
TRANSURB S/A,B35T020D00203730,-22.8892454,-43.29254735,2026-04-26,FECHADO,2026-04-26 00:00:57.479612,2026-04-26 00:04:57.64052,5,5,5,5,1.0,1.0
TRANSURB S/A,B35T020D00204300,-22.88967621,-43.29187865,2026-04-26,FECHADO,2026-04-26 00:00:54.848216,2026-04-26 00:04:54.878334,5,5,5,5,1.0,1.0
TRANSURB S/A,B35T020D00204711,-22.88905798,-43.2926076,2026-04-26,FECHADO,2026-04-26 00:00:49.093619,2026-04-26 00:04:49.197283,5,5,5,5,1.0,1.0
TRANSURB S/A,B35T020D00202650,-22.89007926,-43.29237538,2026-04-26,FECHADO,2026-04-26 00:00:36.817246,2026-04-26 00:04:36.20982,5,5,5,5,1.0,1.0
TRANSURB S/A,B35T020D00206313,-22.88894363,-43.29248662,2026-04-26,FECHADO,2026-04-26 00:00:51.501373,2026-04-26 00:04:51.707728,5,5,5,5,1.0,1.0
TRANSURB S/A,B4CT020D00400032,-22.88890203,-43.29256038,2026-04-26,FECHADO,2026-04-26 00:00:52.771899,2026-04-26 00:04:52.774006,5,5,5,5,1.0,1.0
TRANSURB S/A,B35T020D00204301,-22.88882086,-43.29273343,2026-04-26,FECHADO,2026-04-26 00:00:50.23294,2026-04-26 00:04:50.029427,5,5,5,5,1.0,1.0
TRANSURB S/A,B35T020D00202651,-22.88895408,-43.29272268,2026-04-26,FECHADO,2026-04-26 00:00:58.53056,2026-04-26 00:04:58.298497,5,5,5,5,1.0,1.0
TRANSURB S/A,B35T020D00203515,-22.88939326,-43.29174149,2026-04-26,FECHADO,2026-04-26 00:00:33.222747,2026-04-26 00:04:33.207814,5,5,5,5,1.0,1.0
TRANSURB S/A,B35T020D00209488,-22.88897934,-43.29222392,2026-04-26,FECHADO,2026-04-26 00:00:47.514845,2026-04-26 00:04:47.635925,5,5,5,5,1.0,1.0
TRANSURB S/A,B35T020D00208440,-22.88991131,-43.29216867,2026-04-26,FECHADO,2026-04-26 00:00:56.640064,2026-04-26 00:04:56.957882,5,5,5,5,1.0,1.0
TRANSURB S/A,B35T020D00210574,-22.88887441,-43.29289106,2026-04-26,FECHADO,2026-04-26 00:00:07.50058,2026-04-26 00:04:07.132246,5,5,5,5,1.0,1.0
TRANSURB S/A,B35T020D00206312,-22.88874094,-43.29289662,2026-04-26,FECHADO,2026-04-26 00:00:39.45902,2026-04-26 00:04:39.104632,5,5,5,5,1.0,1.0
TRANSURB S/A,B35T020D00209279,-22.88903078,-43.29263241,2026-04-26,FECHADO,2026-04-26 00:00:55.356862,2026-04-26 00:04:55.582815,5,5,5,5,1.0,1.0
TRANSURB S/A,B35T020D00207578,-22.88919857,-43.29218978,2026-04-26,FECHADO,2026-04-26 00:00:53.644041,2026-04-26 00:04:53.972645,5,5,5,5,1.0,1.0
TRANSURB S/A,B35T020D00210573,-22.88966674,-43.29182436,2026-04-26,FECHADO,2026-04-26 00:00:20.488169,2026-04-26 00:04:20.106543,5,5,5,5,1.0,1.0
TRANSURB S/A,B35T020D00205577,-22.88954957,-43.29171313,2026-04-26,FECHADO,2026-04-26 00:00:10.600435,2026-04-26 00:04:10.250898,5,5,5,5,1.0,1.0
TRANSURB S/A,B35T020D00207580,-22.88936315,-43.29234656,2026-04-26,FECHADO,2026-04-26 00:00:56.914388,2026-04-26 00:04:56.980708,5,5,5,5,1.0,1.0
TRANSURB S/A,B35T020D00201614,-22.88967449,-43.29266469,2026-04-26,FECHADO,2026-04-26 00:00:06.43916,2026-04-26 00:04:06.485715,5,5,5,5,1.0,1.0
TRANSURB S/A,B35T020D00206349,-22.88878396,-43.29271635,2026-04-26,FECHADO,2026-04-26 00:00:15.459116,2026-04-26 00:04:15.184137,5,5,5,5,1.0,1.0
TRANSURB S/A,B35T020D00203036,-22.88928745,-43.29235055,2026-04-26,FECHADO,2026-04-26 00:00:45.235957,2026-04-26 00:04:45.447542,5,5,5,5,1.0,1.0
TRANSURB S/A,B35T020D00209485,-22.88942449,-43.29162866,2026-04-26,FECHADO,2026-04-26 00:00:04.453356,2026-04-26 00:04:04.181123,5,5,5,5,1.0,1.0
TRANSURB S/A,B35T020D00201395,-22.88912788,-43.2920865,2026-04-26,FECHADO,2026-04-26 00:00:08.714352,2026-04-26 00:04:08.390142,5,5,5,5,1.0,1.0
TRANSURB S/A,B4CT020D00400102,-22.88959137,-43.2916832,2026-04-26,FECHADO,2026-04-26 00:00:22.093913,2026-04-26 00:04:21.914164,5,5,5,5,1.0,1.0
TRANSURB S/A,B35T020D00201746,-22.88928989,-43.29217391,2026-04-26,FECHADO,2026-04-26 00:00:44.037621,2026-04-26 00:04:44.118354,5,5,5,5,1.0,1.0
TRANSURB S/A,B35T020D00209750,-22.88913714,-43.29302304,2026-04-26,FECHADO,2026-04-26 00:00:19.019683,2026-04-26 00:04:18.956676,5,5,5,5,1.0,1.0
TRANSURB S/A,B35T020D00208255,-22.89010759,-43.29221273,2026-04-26,FECHADO,2026-04-26 00:00:26.201346,2026-04-26 00:04:25.77342,5,5,5,5,1.0,1.0
TRANSURB S/A,B35T020D00209773,-22.88949422,-43.29175993,2026-04-26,FECHADO,2026-04-26 00:00:37.932435,2026-04-26 00:04:37.23255,5,5,5,5,1.0,1.0
TRANSURB S/A,B35T020D00202743,-22.8893134,-43.29179501,2026-04-26,FECHADO,2026-04-26 00:00:43.848119,2026-04-26 00:04:43.400419,5,5,5,5,1.0,1.0
TRANSURB S/A,B35T020D00205575,-22.88889216,-43.29286178,2026-04-26,FECHADO,2026-04-26 00:00:01.66259,2026-04-26 00:04:01.466393,5,5,5,5,1.0,1.0
TRANSURB S/A,B35T020D00207901,-22.88917045,-43.29228319,2026-04-26,FECHADO,2026-04-26 00:00:10.095791,2026-04-26 00:04:09.740804,5,5,5,5,1.0,1.0
TRANSURB S/A,B35T020D00205526,-22.88893487,-43.29297111,2026-04-26,FECHADO,2026-04-26 00:00:35.172204,2026-04-26 00:04:35.215161,5,5,5,5,1.0,1.0
TRANSURB S/A,B35T020D00204267,-22.88938224,-43.29172735,2026-04-26,FECHADO,2026-04-26 00:00:40.232116,2026-04-26 00:04:40.286231,5,5,5,5,1.0,1.0
VIACAO MENDANHA LTDA,B35T020D00206738,-22.91734393,-43.60810737,2026-04-26,FECHADO,2026-04-26 00:00:18.85811,2026-04-26 00:04:18.793114,5,5,5,5,1.0,1.0
VIACAO MENDANHA LTDA,B35T020D00206072,-22.91648792,-43.60811681,2026-04-26,FECHADO,2026-04-26 00:00:58.78332,2026-04-26 00:04:58.909982,5,5,5,5,1.0,1.0
VIACAO MENDANHA LTDA,B35T020D00205724,-22.91696778,-43.60741186,2026-04-26,FECHADO,2026-04-26 00:00:05.674737,2026-04-26 00:04:05.716658,5,5,5,5,1.0,1.0
VIACAO MENDANHA LTDA,B35T020D00202818,-22.91765054,-43.60821382,2026-04-26,FECHADO,2026-04-26 00:00:54.142107,2026-04-26 00:04:54.295001,5,5,5,5,1.0,1.0
VIACAO MENDANHA LTDA,B35T020D00204516,-22.91780185,-43.60837115,2026-04-26,FECHADO,2026-04-26 00:00:41.056868,2026-04-26 00:04:40.874991,5,5,5,5,1.0,1.0
VIACAO MENDANHA LTDA,B35T020D00203211,-22.91721248,-43.60745389,2026-04-26,FECHADO,2026-04-26 00:00:30.680998,2026-04-26 00:04:30.681382,5,5,5,5,1.0,1.0
VIACAO MENDANHA LTDA,B35T020D00205851,-22.91788401,-43.60824356,2026-04-26,FECHADO,2026-04-26 00:00:27.282131,2026-04-26 00:04:27.453038,5,5,5,5,1.0,1.0
VIACAO MENDANHA LTDA,B35T020D00204235,-22.91676125,-43.60773985,2026-04-26,FECHADO,2026-04-26 00:00:13.996626,2026-04-26 00:04:14.011619,5,5,5,5,1.0,1.0
VIACAO MENDANHA LTDA,B35T020D00210290,-22.91655469,-43.60746042,2026-04-26,FECHADO,2026-04-26 00:00:43.467233,2026-04-26 00:04:43.431247,5,5,5,5,1.0,1.0
VIACAO NOSSA SENHORA DAS GRACAS S/A,B35T020D00207704,-22.89011458,-43.29199503,2026-04-26,FECHADO,2026-04-26 00:00:24.564693,2026-04-26 00:04:24.329773,5,5,5,5,1.0,1.0
VIACAO NOSSA SENHORA DAS GRACAS S/A,B35T020D00203558,-22.88872774,-43.29302973,2026-04-26,FECHADO,2026-04-26 00:00:56.149373,2026-04-26 00:04:56.491047,5,5,5,5,1.0,1.0
VIACAO NOSSA SENHORA DAS GRACAS S/A,B35T020D00203560,-22.88847103,-43.29274706,2026-04-26,FECHADO,2026-04-26 00:00:19.530821,2026-04-26 00:04:19.207909,5,5,5,5,1.0,1.0
VIACAO NOSSA SENHORA DAS GRACAS S/A,B35T020D00208202,-22.88861242,-43.29312377,2026-04-26,FECHADO,2026-04-26 00:00:46.302125,2026-04-26 00:04:46.598183,5,5,5,5,1.0,1.0
VIACAO NOSSA SENHORA DAS GRACAS S/A,B35T020D00203551,-22.88878167,-43.29305632,2026-04-26,FECHADO,2026-04-26 00:00:28.212108,2026-04-26 00:04:28.19394,5,5,5,5,1.0,1.0
VIACAO NOSSA SENHORA DAS GRACAS S/A,B35T020D00207415,-22.88886641,-43.29324244,2026-04-26,FECHADO,2026-04-26 00:00:23.943974,2026-04-26 00:04:23.933369,5,5,5,5,1.0,1.0
VIACAO NOSSA SENHORA DAS GRACAS S/A,B35T020D00210453,-22.88886277,-43.29333848,2026-04-26,FECHADO,2026-04-26 00:00:57.686243,2026-04-26 00:04:57.549472,5,5,5,5,1.0,1.0
VIACAO NOSSA SENHORA DAS GRACAS S/A,B35T020D00203502,-22.88859759,-43.29337827,2026-04-26,FECHADO,2026-04-26 00:00:18.299487,2026-04-26 00:04:18.084613,5,5,5,5,1.0,1.0
VIACAO NOSSA SENHORA DAS GRACAS S/A,B35T020D00207802,-22.888576,-43.29324825,2026-04-26,FECHADO,2026-04-26 00:00:47.944937,2026-04-26 00:04:47.376845,5,5,5,5,1.0,1.0
VIACAO NOSSA SENHORA DAS GRACAS S/A,B35T020D00206726,-22.88977754,-43.29278241,2026-04-26,FECHADO,2026-04-26 00:00:32.994111,2026-04-26 00:04:32.535404,5,5,5,5,1.0,1.0
VIACAO NOSSA SENHORA DAS GRACAS S/A,B35T020D00207801,-22.88911707,-43.29309183,2026-04-26,FECHADO,2026-04-26 00:00:32.837944,2026-04-26 00:04:32.752578,5,5,5,5,1.0,1.0
VIACAO NOSSA SENHORA DAS GRACAS S/A,B35T020D00201713,-22.88890501,-43.29335996,2026-04-26,FECHADO,2026-04-26 00:00:50.133472,2026-04-26 00:04:50.16339,5,5,5,5,1.0,1.0
VIACAO NOSSA SENHORA DAS GRACAS S/A,B35T020D00207707,-22.90586758,-43.28984796,2026-04-26,FECHADO,2026-04-26 00:00:46.76221,2026-04-26 00:04:47.174581,5,5,5,5,1.0,1.0
VIACAO NOSSA SENHORA DAS GRACAS S/A,B35T020D00208252,-22.88844443,-43.29284711,2026-04-26,FECHADO,2026-04-26 00:00:45.208188,2026-04-26 00:04:45.551251,5,5,5,5,1.0,1.0
VIACAO NOSSA SENHORA DAS GRACAS S/A,B35T020D00206002,-22.88978607,-43.29250506,2026-04-26,FECHADO,2026-04-26 00:00:27.040154,2026-04-26 00:04:26.676867,5,5,5,5,1.0,1.0
VIACAO NOSSA SENHORA DAS GRACAS S/A,B35T020D00205732,-22.88847686,-43.2928501,2026-04-26,FECHADO,2026-04-26 00:00:54.81797,2026-04-26 00:04:55.213773,5,5,5,5,1.0,1.0
VIACAO NOSSA SENHORA DAS GRACAS S/A,B35T020D00201579,-22.88870616,-43.2930314,2026-04-26,FECHADO,2026-04-26 00:00:31.587138,2026-04-26 00:04:31.084317,5,5,5,5,1.0,1.0
VIACAO NOSSA SENHORA DAS GRACAS S/A,B35T020D00203452,-22.8885321,-43.29328555,2026-04-26,FECHADO,2026-04-26 00:00:33.969427,2026-04-26 00:04:33.790819,5,5,5,5,1.0,1.0
VIACAO NOSSA SENHORA DAS GRACAS S/A,B35T020D00201869,-22.88938963,-43.29247418,2026-04-26,FECHADO,2026-04-26 00:00:32.984185,2026-04-26 00:04:32.587256,5,5,5,5,1.0,1.0
VIACAO NOSSA SENHORA DAS GRACAS S/A,B35T020D00209517,-22.88844599,-43.29320634,2026-04-26,FECHADO,2026-04-26 00:00:07.855536,2026-04-26 00:04:07.746014,5,5,5,5,1.0,1.0
VIACAO NOSSA SENHORA DAS GRACAS S/A,B35T020D00201411,-22.88883605,-43.29326414,2026-04-26,FECHADO,2026-04-26 00:00:46.534064,2026-04-26 00:04:46.715414,5,5,5,5,1.0,1.0
VIACAO NOSSA SENHORA DAS GRACAS S/A,B35T020D00210455,-22.88869582,-43.29313379,2026-04-26,FECHADO,2026-04-26 00:00:47.721321,2026-04-26 00:04:47.636231,5,5,5,5,1.0,1.0
VIACAO NOSSA SENHORA DAS GRACAS S/A,B35T020D00207285,-22.88884382,-43.29316672,2026-04-26,FECHADO,2026-04-26 00:00:00.32687,2026-04-26 00:04:00.194025,5,5,5,5,1.0,1.0
VIACAO NOSSA SENHORA DAS GRACAS S/A,B35T020D00209825,-22.88924867,-43.29284223,2026-04-26,FECHADO,2026-04-26 00:00:12.911048,2026-04-26 00:04:12.965826,5,5,5,5,1.0,1.0
VIACAO NOSSA SENHORA DAS GRACAS S/A,B35T020D00208331,-22.88878315,-43.2932577,2026-04-26,FECHADO,2026-04-26 00:00:39.314849,2026-04-26 00:04:38.944114,5,5,5,5,1.0,1.0
VIACAO NOSSA SENHORA DAS GRACAS S/A,B35T020D00201987,-22.88876698,-43.29320568,2026-04-26,FECHADO,2026-04-26 00:00:25.809726,2026-04-26 00:04:25.653391,5,5,5,5,1.0,1.0
VIACAO NOSSA SENHORA DAS GRACAS S/A,B35T020D00210313,-22.88862879,-43.29292218,2026-04-26,FECHADO,2026-04-26 00:00:30.035048,2026-04-26 00:04:30.109615,5,5,5,5,1.0,1.0
VIACAO NOSSA SENHORA DAS GRACAS S/A,B35T020D00202522,-22.88877914,-43.29300991,2026-04-26,FECHADO,2026-04-26 00:00:55.918492,2026-04-26 00:04:56.075336,5,5,5,5,1.0,1.0
VIACAO NOSSA SENHORA DAS GRACAS S/A,B35T020D00210317,-22.88844103,-43.29285768,2026-04-26,FECHADO,2026-04-26 00:00:07.087476,2026-04-26 00:04:06.433917,5,5,5,5,1.0,1.0
VIACAO NOSSA SENHORA DAS GRACAS S/A,B35T020D00208330,-22.88901271,-43.29322758,2026-04-26,FECHADO,2026-04-26 00:00:08.920279,2026-04-26 00:04:08.397637,5,5,5,5,1.0,1.0
VIACAO NOSSA SENHORA DAS GRACAS S/A,B35T020D00210345,-22.88835357,-43.29307476,2026-04-26,FECHADO,2026-04-26 00:00:12.572625,2026-04-26 00:04:12.229798,5,5,5,5,1.0,1.0
VIACAO NOSSA SENHORA DAS GRACAS S/A,B35T020D00209636,-22.88960432,-43.29235768,2026-04-26,FECHADO,2026-04-26 00:00:35.683621,2026-04-26 00:04:35.643266,5,5,5,5,1.0,1.0
VIACAO NOSSA SENHORA DAS GRACAS S/A,B35T020D00208082,-22.88880079,-43.29314878,2026-04-26,FECHADO,2026-04-26 00:00:00.299612,2026-04-26 00:03:59.913209,4,3,5,5,1.0,0.75
VIACAO NOSSA SENHORA DAS GRACAS S/A,B35T020D00207284,-22.88983763,-43.29247461,2026-04-26,FECHADO,2026-04-26 00:00:34.765981,2026-04-26 00:04:34.550181,5,5,5,5,1.0,1.0
VIACAO NOSSA SENHORA DAS GRACAS S/A,B35T020D00209820,-22.89009387,-43.29280643,2026-04-26,FECHADO,2026-04-26 00:00:09.982594,2026-04-26 00:04:09.610247,5,5,5,5,1.0,1.0
VIACAO NOSSA SENHORA DAS GRACAS S/A,B35T020D00209492,-22.88835989,-43.29291437,2026-04-26,FECHADO,2026-04-26 00:00:17.653431,2026-04-26 00:04:17.282726,5,5,5,5,1.0,1.0
VIACAO NOSSA SENHORA DAS GRACAS S/A,B35T020D00201582,-22.88840207,-43.29291313,2026-04-26,FECHADO,2026-04-26 00:00:42.261453,2026-04-26 00:04:41.974062,5,5,5,5,1.0,1.0
VIACAO NOSSA SENHORA DAS GRACAS S/A,B35T020D00201663,-22.88859974,-43.29315325,2026-04-26,FECHADO,2026-04-26 00:00:51.127528,2026-04-26 00:04:51.116948,5,5,5,5,1.0,1.0
VIACAO NOSSA SENHORA DAS GRACAS S/A,B35T020D00209621,-22.88889092,-43.29323441,2026-04-26,FECHADO,2026-04-26 00:00:32.405637,2026-04-26 00:04:32.316167,5,5,5,5,1.0,1.0
VIACAO NOSSA SENHORA DAS GRACAS S/A,B35T020D00207787,-22.88864319,-43.29306878,2026-04-26,FECHADO,2026-04-26 00:00:59.499699,2026-04-26 00:04:59.859783,5,5,5,5,1.0,1.0
VIACAO NOSSA SENHORA DAS GRACAS S/A,B35T020D00207788,0.0,0.0,2026-04-26,FECHADO,2026-04-26 00:00:19.05639,2026-04-26 00:04:18.594124,5,5,5,0,0.0,1.0
VIACAO NOSSA SENHORA DAS GRACAS S/A,B35T020D00201692,-22.88990367,-43.29235851,2026-04-26,FECHADO,2026-04-26 00:00:14.417992,2026-04-26 00:04:14.216189,5,5,5,5,1.0,1.0
VIACAO NOSSA SENHORA DAS GRACAS S/A,B35T020D00210312,-22.8883725,-43.29317274,2026-04-26,FECHADO,2026-04-26 00:00:53.424976,2026-04-26 00:04:53.53111,5,5,5,5,1.0,1.0
VIACAO NOSSA SENHORA DAS GRACAS S/A,B35T020D00203037,-22.88855444,-43.29307511,2026-04-26,FECHADO,2026-04-26 00:00:22.651597,2026-04-26 00:04:22.595622,5,5,5,5,1.0,1.0
VIACAO NOSSA SENHORA DAS GRACAS S/A,B35T020D00201142,-22.8885112,-43.29328092,2026-04-26,FECHADO,2026-04-26 00:00:40.403211,2026-04-26 00:04:40.373156,5,5,5,5,1.0,1.0
VIACAO NOSSA SENHORA DAS GRACAS S/A,B35T020D00208686,-22.88833853,-43.29316396,2026-04-26,FECHADO,2026-04-26 00:00:22.14793,2026-04-26 00:04:22.043769,5,5,5,5,1.0,1.0
VIACAO NOSSA SENHORA DAS GRACAS S/A,B35T020D00210239,-22.88989342,-43.29193765,2026-04-26,FECHADO,2026-04-26 00:00:23.736911,2026-04-26 00:04:23.255855,5,5,5,5,1.0,1.0
VIACAO NOSSA SENHORA DAS GRACAS S/A,B35T020D00201599,-22.88856173,-43.29336806,2026-04-26,FECHADO,2026-04-26 00:00:31.703933,2026-04-26 00:04:31.200134,5,5,5,5,1.0,1.0
VIACAO NOSSA SENHORA DAS GRACAS S/A,B35T020D00208167,-22.88869377,-43.29310527,2026-04-26,FECHADO,2026-04-26 00:00:03.173124,2026-04-26 00:04:02.959262,5,5,5,5,1.0,1.0
VIACAO NOSSA SENHORA DAS GRACAS S/A,B35T020D00209635,-22.88832287,-43.29311854,2026-04-26,FECHADO,2026-04-26 00:00:15.817385,2026-04-26 00:04:15.692788,5,5,5,5,1.0,1.0
VIACAO NOSSA SENHORA DAS GRACAS S/A,B35T020D00200693,-22.88946389,-43.29224466,2026-04-26,FECHADO,2026-04-26 00:00:49.114679,2026-04-26 00:04:49.536932,5,5,5,5,1.0,1.0
VIACAO NOSSA SENHORA DAS GRACAS S/A,B35T020D00206769,-22.88846383,-43.29335183,2026-04-26,FECHADO,2026-04-26 00:00:01.571156,2026-04-26 00:04:01.499287,5,5,5,5,1.0,1.0
VIACAO NOSSA SENHORA DAS GRACAS S/A,B35T020D00201892,-22.89014804,-43.29244255,2026-04-26,FECHADO,2026-04-26 00:00:24.65593,2026-04-26 00:04:24.279935,5,5,5,5,1.0,1.0
VIACAO NOSSA SENHORA DAS GRACAS S/A,B35T020D00207798,-22.88927717,-43.29266608,2026-04-26,FECHADO,2026-04-26 00:00:34.496916,2026-04-26 00:04:34.181718,5,5,5,5,1.0,1.0
VIACAO NOSSA SENHORA DAS GRACAS S/A,B35T020D00207176,-22.88856697,-43.29333568,2026-04-26,FECHADO,2026-04-26 00:00:44.427822,2026-04-26 00:04:44.475827,5,5,5,5,1.0,1.0
VIACAO NOSSA SENHORA DAS GRACAS S/A,B35T020D00206416,-22.88960868,-43.2926011,2026-04-26,FECHADO,2026-04-26 00:00:50.417211,2026-04-26 00:04:50.515493,5,5,5,5,1.0,1.0
VIACAO NOSSA SENHORA DAS GRACAS S/A,B35T020D00201218,-22.8893567,-43.29260416,2026-04-26,FECHADO,2026-04-26 00:00:38.396392,2026-04-26 00:04:38.050867,5,5,5,5,1.0,1.0
VIACAO NOSSA SENHORA DAS GRACAS S/A,B35T020D00201860,-22.88838317,-43.29322616,2026-04-26,FECHADO,2026-04-26 00:00:31.983308,2026-04-26 00:04:31.628175,5,5,5,5,1.0,1.0
VIACAO NOSSA SENHORA DAS GRACAS S/A,B35T020D00203559,-22.88855053,-43.29317612,2026-04-26,FECHADO,2026-04-26 00:00:35.105733,2026-04-26 00:04:34.876838,5,5,5,5,1.0,1.0
VIACAO NOSSA SENHORA DAS GRACAS S/A,B35T020D00208474,-22.88902751,-43.29332983,2026-04-26,FECHADO,2026-04-26 00:00:48.613731,2026-04-26 00:04:48.517266,5,5,5,5,1.0,1.0
VIACAO NOSSA SENHORA DAS GRACAS S/A,B35T020D00208090,-22.88882264,-43.29323036,2026-04-26,FECHADO,2026-04-26 00:00:19.963479,2026-04-26 00:04:19.406682,5,5,5,5,1.0,1.0
VIACAO NOSSA SENHORA DAS GRACAS S/A,B35T020D00206838,-22.88830022,-43.293007,2026-04-26,FECHADO,2026-04-26 00:00:31.357321,2026-04-26 00:04:31.341036,5,5,5,5,1.0,1.0
VIACAO NOSSA SENHORA DAS GRACAS S/A,B35T020D00201913,-22.88829431,-43.29302763,2026-04-26,FECHADO,2026-04-26 00:00:42.813994,2026-04-26 00:04:43.011198,5,5,5,5,1.0,1.0
VIACAO NOSSA SENHORA DAS GRACAS S/A,B35T020D00210316,-22.8901144,-43.29224987,2026-04-26,FECHADO,2026-04-26 00:00:03.142403,2026-04-26 00:04:02.849003,5,5,5,5,1.0,1.0
VIACAO NOSSA SENHORA DAS GRACAS S/A,B35T020D00208083,-22.88953681,-43.29226808,2026-04-26,FECHADO,2026-04-26 00:00:56.991116,2026-04-26 00:04:57.221128,5,5,5,5,1.0,1.0
VIACAO NOSSA SENHORA DAS GRACAS S/A,B35T020D00208216,-22.8884027,-43.29291301,2026-04-26,FECHADO,2026-04-26 00:00:36.04145,2026-04-26 00:04:35.624862,5,5,5,5,1.0,1.0
VIACAO NOSSA SENHORA DAS GRACAS S/A,B4CT020D00400238,-22.88848467,-43.2932851,2026-04-26,FECHADO,2026-04-26 00:00:10.815439,2026-04-26 00:04:10.460321,5,5,5,5,1.0,1.0
VIACAO NOSSA SENHORA DAS GRACAS S/A,B35T020D00206000,-22.8897425,-43.29247118,2026-04-26,FECHADO,2026-04-26 00:00:34.72748,2026-04-26 00:04:34.569302,5,5,5,5,1.0,1.0
VIACAO NOSSA SENHORA DAS GRACAS S/A,B35T020D00209830,-22.88934754,-43.29155275,2026-04-26,FECHADO,2026-04-26 00:00:13.544128,2026-04-26 00:04:13.477262,5,5,5,5,1.0,1.0
VIACAO NOSSA SENHORA DAS GRACAS S/A,B35T020D00203325,-22.89002179,-43.29237434,2026-04-26,FECHADO,2026-04-26 00:00:38.802154,2026-04-26 00:04:38.401384,5,5,5,5,1.0,1.0
VIACAO NOSSA SENHORA DAS GRACAS S/A,B35T020D00201862,-22.88864732,-43.29297064,2026-04-26,FECHADO,2026-04-26 00:00:24.577503,2026-04-26 00:04:24.501585,5,5,5,5,1.0,1.0
VIACAO NOSSA SENHORA DAS GRACAS S/A,B35T020D00202074,-22.88948885,-43.29236484,2026-04-26,FECHADO,2026-04-26 00:00:02.661963,2026-04-26 00:04:02.623753,5,5,5,5,1.0,1.0
VIACAO NOSSA SENHORA DAS GRACAS S/A,B35T020D00208250,-22.88837097,-43.29327179,2026-04-26,FECHADO,2026-04-26 00:00:39.787041,2026-04-26 00:04:39.781487,5,5,5,5,1.0,1.0
VIACAO NOSSA SENHORA DAS GRACAS S/A,B35T020D00207041,-22.88866105,-43.29337338,2026-04-26,FECHADO,2026-04-26 00:00:37.287248,2026-04-26 00:04:36.935755,5,5,5,5,1.0,1.0
VIACAO NOSSA SENHORA DE LOURDES S.A.,B35T020D00205278,-22.83712876,-43.28640207,2026-04-26,FECHADO,2026-04-26 00:00:31.601053,2026-04-26 00:04:31.360124,5,5,5,5,1.0,1.0
VIACAO NOSSA SENHORA DE LOURDES S.A.,B35T020D00200812,-22.83725636,-43.28498954,2026-04-26,FECHADO,2026-04-26 00:00:03.512864,2026-04-26 00:04:03.470475,5,5,5,5,1.0,1.0
VIACAO NOSSA SENHORA DE LOURDES S.A.,B35T020D00203507,-22.83697157,-43.28543796,2026-04-26,FECHADO,2026-04-26 00:00:46.96068,2026-04-26 00:04:46.972997,5,5,5,5,1.0,1.0
VIACAO NOSSA SENHORA DE LOURDES S.A.,B35T020D00207647,-22.83694418,-43.28530857,2026-04-26,FECHADO,2026-04-26 00:00:55.270273,2026-04-26 00:04:55.516224,5,5,5,5,1.0,1.0
VIACAO NOSSA SENHORA DE LOURDES S.A.,B35T020D00203532,-22.83709167,-43.2848624,2026-04-26,FECHADO,2026-04-26 00:00:49.17885,2026-04-26 00:04:49.331646,5,5,5,5,1.0,1.0
VIACAO NOSSA SENHORA DE LOURDES S.A.,B35T020D00207345,-22.83715026,-43.28518039,2026-04-26,FECHADO,2026-04-26 00:00:51.517572,2026-04-26 00:04:51.844877,5,5,5,5,1.0,1.0
VIACAO NOSSA SENHORA DE LOURDES S.A.,B35T020D00209675,-22.83730729,-43.28502019,2026-04-26,FECHADO,2026-04-26 00:00:56.103684,2026-04-26 00:04:56.271788,5,5,5,5,1.0,1.0
VIACAO NOSSA SENHORA DE LOURDES S.A.,B35T020D00206391,-22.83727232,-43.28515848,2026-04-26,FECHADO,2026-04-26 00:00:05.952756,2026-04-26 00:04:05.890143,5,5,5,5,1.0,1.0
VIACAO NOSSA SENHORA DE LOURDES S.A.,B35T020D00210504,-22.83750371,-43.28534548,2026-04-26,FECHADO,2026-04-26 00:00:07.788211,2026-04-26 00:04:07.819714,5,5,5,5,1.0,1.0
VIACAO NOSSA SENHORA DE LOURDES S.A.,B35T020D00210671,-22.83690388,-43.28526109,2026-04-26,FECHADO,2026-04-26 00:00:29.593021,2026-04-26 00:04:29.277488,5,5,5,5,1.0,1.0
VIACAO NOSSA SENHORA DE LOURDES S.A.,B35T020D00208552,-22.83668972,-43.28532755,2026-04-26,FECHADO,2026-04-26 00:00:59.627273,2026-04-26 00:04:59.839158,5,5,5,5,1.0,1.0
VIACAO NOSSA SENHORA DE LOURDES S.A.,B35T020D00206859,-22.837351,-43.28557343,2026-04-26,FECHADO,2026-04-26 00:00:07.495474,2026-04-26 00:04:07.21333,5,5,5,5,1.0,1.0
VIACAO NOSSA SENHORA DE LOURDES S.A.,B35T020D00210174,-22.83700022,-43.28506294,2026-04-26,FECHADO,2026-04-26 00:00:43.499417,2026-04-26 00:04:43.631291,5,5,5,5,1.0,1.0
VIACAO NOSSA SENHORA DE LOURDES S.A.,B35T020D00210569,-22.8369885,-43.28527429,2026-04-26,FECHADO,2026-04-26 00:00:09.65181,2026-04-26 00:04:09.475934,5,5,5,5,1.0,1.0
VIACAO NOSSA SENHORA DE LOURDES S.A.,B35T020D00210410,-22.83690291,-43.28523428,2026-04-26,FECHADO,2026-04-26 00:00:57.818176,2026-04-26 00:04:57.754457,5,5,5,5,1.0,1.0
VIACAO NOSSA SENHORA DE LOURDES S.A.,B35T020D00203529,-22.8373948,-43.28520351,2026-04-26,FECHADO,2026-04-26 00:00:50.053337,2026-04-26 00:04:50.517822,5,5,5,5,1.0,1.0
VIACAO NOSSA SENHORA DE LOURDES S.A.,B35T020D00208008,-22.83679907,-43.28534611,2026-04-26,FECHADO,2026-04-26 00:00:17.984194,2026-04-26 00:04:17.774488,5,5,5,5,1.0,1.0
VIACAO NOSSA SENHORA DE LOURDES S.A.,B35T020D00207855,-22.83663996,-43.28545224,2026-04-26,FECHADO,2026-04-26 00:00:26.987592,2026-04-26 00:04:26.610342,5,5,5,5,1.0,1.0
VIACAO NOSSA SENHORA DE LOURDES S.A.,B35T020D00207300,-22.83669048,-43.28533717,2026-04-26,FECHADO,2026-04-26 00:00:34.087897,2026-04-26 00:04:33.90077,5,5,5,5,1.0,1.0
VIACAO NOSSA SENHORA DE LOURDES S.A.,B35T020D00201884,-22.83689939,-43.28517074,2026-04-26,FECHADO,2026-04-26 00:00:03.746764,2026-04-26 00:04:03.599575,5,5,5,5,1.0,1.0
VIACAO NOSSA SENHORA DE LOURDES S.A.,B35T020D00208743,-22.83715359,-43.28537783,2026-04-26,FECHADO,2026-04-26 00:00:17.430931,2026-04-26 00:04:17.091222,5,5,5,5,1.0,1.0
VIACAO NOSSA SENHORA DE LOURDES S.A.,B35T020D00207906,-22.83721246,-43.28593935,2026-04-26,FECHADO,2026-04-26 00:00:59.842925,2026-04-26 00:03:59.853544,4,4,4,4,1.0,1.0
VIACAO NOSSA SENHORA DE LOURDES S.A.,B35T020D00207909,-22.83726784,-43.28505801,2026-04-26,FECHADO,2026-04-26 00:00:22.288776,2026-04-26 00:04:21.801907,5,5,5,5,1.0,1.0
VIACAO NOSSA SENHORA DE LOURDES S.A.,B35T020D00207344,-22.83692075,-43.28614481,2026-04-26,FECHADO,2026-04-26 00:00:38.685157,2026-04-26 00:04:38.664116,5,5,5,5,1.0,1.0
VIACAO NOSSA SENHORA DE LOURDES S.A.,B35T020D00210595,-22.83717711,-43.28604192,2026-04-26,FECHADO,2026-04-26 00:00:34.066465,2026-04-26 00:04:33.932382,5,5,5,5,1.0,1.0
VIACAO NOSSA SENHORA DE LOURDES S.A.,B35T020D00207780,-22.83694462,-43.28613854,2026-04-26,FECHADO,2026-04-26 00:00:56.089177,2026-04-26 00:04:56.504458,5,5,5,5,1.0,1.0
VIACAO NOSSA SENHORA DE LOURDES S.A.,B35T020D00207548,-22.83711679,-43.2849957,2026-04-26,FECHADO,2026-04-26 00:00:55.022517,2026-04-26 00:04:55.471065,5,5,5,5,1.0,1.0
VIACAO NOSSA SENHORA DE LOURDES S.A.,B35T020D00203531,-22.83704695,-43.28530044,2026-04-26,FECHADO,2026-04-26 00:00:18.620137,2026-04-26 00:04:18.386052,5,5,5,5,1.0,1.0
VIACAO NOSSA SENHORA DE LOURDES S.A.,B35T020D00205953,-22.83712479,-43.28553561,2026-04-26,FECHADO,2026-04-26 00:00:15.334579,2026-04-26 00:04:15.353373,5,5,5,5,1.0,1.0
VIACAO NOSSA SENHORA DE LOURDES S.A.,B35T020D00210054,-22.83743535,-43.28530309,2026-04-26,FECHADO,2026-04-26 00:00:53.52799,2026-04-26 00:04:53.657535,5,5,5,5,1.0,1.0
VIACAO NOSSA SENHORA DE LOURDES S.A.,B35T020D00206912,-22.83670987,-43.28533728,2026-04-26,FECHADO,2026-04-26 00:00:18.750923,2026-04-26 00:04:18.571732,5,5,5,5,1.0,1.0
VIACAO NOSSA SENHORA DE LOURDES S.A.,B35T020D00206854,-22.83703394,-43.28501631,2026-04-26,FECHADO,2026-04-26 00:00:02.381372,2026-04-26 00:04:02.249509,5,5,5,5,1.0,1.0
VIACAO NOSSA SENHORA DE LOURDES S.A.,B35T020D00209835,-22.83704974,-43.28568245,2026-04-26,FECHADO,2026-04-26 00:00:25.812969,2026-04-26 00:04:25.795276,5,5,5,5,1.0,1.0
VIACAO NOSSA SENHORA DE LOURDES S.A.,B35T020D00207781,-22.83707047,-43.28619213,2026-04-26,FECHADO,2026-04-26 00:00:40.378111,2026-04-26 00:04:40.204055,5,5,5,5,1.0,1.0
VIACAO NOSSA SENHORA DE LOURDES S.A.,B35T020D00209748,-22.83726435,-43.28482744,2026-04-26,FECHADO,2026-04-26 00:00:21.032858,2026-04-26 00:04:20.868213,5,5,5,5,1.0,1.0
VIACAO NOSSA SENHORA DE LOURDES S.A.,B35T020D00206855,-22.83667857,-43.28541286,2026-04-26,FECHADO,2026-04-26 00:00:24.622382,2026-04-26 00:04:24.479636,5,5,5,5,1.0,1.0
VIACAO NOSSA SENHORA DE LOURDES S.A.,B35T020D00207308,-22.83696204,-43.28507928,2026-04-26,FECHADO,2026-04-26 00:00:37.546965,2026-04-26 00:04:37.470515,5,5,5,5,1.0,1.0
VIACAO NOSSA SENHORA DE LOURDES S.A.,B35T020D00201921,-22.83722905,-43.28501875,2026-04-26,FECHADO,2026-04-26 00:00:40.810298,2026-04-26 00:04:40.807312,5,5,5,5,1.0,1.0
VIACAO NOSSA SENHORA DE LOURDES S.A.,B35T020D00206985,-22.83675823,-43.28558498,2026-04-26,FECHADO,2026-04-26 00:00:46.406835,2026-04-26 00:04:46.672929,5,5,5,5,1.0,1.0
VIACAO NOSSA SENHORA DE LOURDES S.A.,B35T020D00209737,-22.83711811,-43.28529756,2026-04-26,FECHADO,2026-04-26 00:00:48.833304,2026-04-26 00:04:48.923247,5,5,5,5,1.0,1.0
VIACAO NOSSA SENHORA DE LOURDES S.A.,B35T020D00206979,-22.83735897,-43.28560945,2026-04-26,FECHADO,2026-04-26 00:00:34.002998,2026-04-26 00:04:34.033765,5,5,5,5,1.0,1.0
VIACAO NOSSA SENHORA DE LOURDES S.A.,B35T020D00202230,-22.83696976,-43.2851313,2026-04-26,FECHADO,2026-04-26 00:00:17.481818,2026-04-26 00:04:17.453609,5,5,5,5,1.0,1.0
VIACAO NOSSA SENHORA DE LOURDES S.A.,B35T020D00208011,-22.8372151,-43.28514852,2026-04-26,FECHADO,2026-04-26 00:00:08.472514,2026-04-26 00:04:08.112993,5,5,5,5,1.0,1.0
VIACAO NOSSA SENHORA DE LOURDES S.A.,B35T020D00210408,-22.83681506,-43.28529343,2026-04-26,FECHADO,2026-04-26 00:00:08.637206,2026-04-26 00:04:08.808989,5,5,5,5,1.0,1.0
VIACAO NOSSA SENHORA DE LOURDES S.A.,B35T020D00201615,-22.83717341,-43.28492586,2026-04-26,FECHADO,2026-04-26 00:00:20.412189,2026-04-26 00:04:20.176832,5,5,5,5,1.0,1.0
VIACAO NOSSA SENHORA DE LOURDES S.A.,B35T020D00210426,-22.83664882,-43.28538946,2026-04-26,FECHADO,2026-04-26 00:00:08.561649,2026-04-26 00:04:08.503314,5,5,5,5,1.0,1.0
VIACAO NOSSA SENHORA DE LOURDES S.A.,B35T020D00209753,-22.83735328,-43.28521444,2026-04-26,FECHADO,2026-04-26 00:00:40.080485,2026-04-26 00:04:40.080351,5,5,5,5,1.0,1.0
VIACAO NOSSA SENHORA DE LOURDES S.A.,B35T020D00206853,-22.83701608,-43.28502295,2026-04-26,FECHADO,2026-04-26 00:00:00.982741,2026-04-26 00:04:00.727215,5,5,5,5,1.0,1.0
VIACAO NOSSA SENHORA DE LOURDES S.A.,B35T020D00207396,-22.8372036,-43.28500174,2026-04-26,FECHADO,2026-04-26 00:00:27.316117,2026-04-26 00:04:27.172583,5,5,5,5,1.0,1.0
VIACAO NOSSA SENHORA DE LOURDES S.A.,B35T020D00209897,-22.83730305,-43.28564452,2026-04-26,FECHADO,2026-04-26 00:00:05.652116,2026-04-26 00:04:05.628876,5,5,5,5,1.0,1.0
VIACAO NOSSA SENHORA DE LOURDES S.A.,B35T020D00210353,-22.8372398,-43.28535933,2026-04-26,FECHADO,2026-04-26 00:00:24.092637,2026-04-26 00:04:23.742804,5,5,5,5,1.0,1.0
VIACAO NOSSA SENHORA DE LOURDES S.A.,B35T020D00207646,-22.83712613,-43.28500432,2026-04-26,FECHADO,2026-04-26 00:00:18.543303,2026-04-26 00:04:18.372897,5,5,5,5,1.0,1.0
VIACAO NOSSA SENHORA DE LOURDES S.A.,B35T020D00207007,-22.83703839,-43.28499827,2026-04-26,FECHADO,2026-04-26 00:00:27.951363,2026-04-26 00:04:27.650794,5,5,5,5,1.0,1.0
VIACAO NOSSA SENHORA DE LOURDES S.A.,B35T020D00207301,0.0,0.0,2026-04-26,FECHADO,2026-04-26 00:00:05.052545,2026-04-26 00:04:04.707836,5,5,5,0,0.0,1.0
VIACAO NOSSA SENHORA DE LOURDES S.A.,B35T020D00207916,-22.83722922,-43.28510108,2026-04-26,FECHADO,2026-04-26 00:00:18.15598,2026-04-26 00:04:17.98647,5,5,5,5,1.0,1.0
VIACAO NOSSA SENHORA DE LOURDES S.A.,B35T020D00207784,-22.83723374,-43.28486243,2026-04-26,FECHADO,2026-04-26 00:00:54.453018,2026-04-26 00:04:54.621187,5,5,5,5,1.0,1.0
VIACAO NOSSA SENHORA DE LOURDES S.A.,B35T020D00207856,-22.83720592,-43.2850565,2026-04-26,FECHADO,2026-04-26 00:00:08.877207,2026-04-26 00:04:08.88252,5,5,5,5,1.0,1.0
VIACAO NOSSA SENHORA DE LOURDES S.A.,B35T020D00207347,-22.83693815,-43.28514143,2026-04-26,FECHADO,2026-04-26 00:00:03.652345,2026-04-26 00:04:03.475374,5,5,5,5,1.0,1.0
VIACAO NOSSA SENHORA DE LOURDES S.A.,B35T020D00210348,-22.83665234,-43.28532785,2026-04-26,FECHADO,2026-04-26 00:00:00.654985,2026-04-26 00:04:00.509362,5,5,5,5,1.0,1.0
VIACAO NOSSA SENHORA DE LOURDES S.A.,B35T020D00210596,-22.83691112,-43.28516486,2026-04-26,FECHADO,2026-04-26 00:00:33.078479,2026-04-26 00:04:33.057027,5,5,5,5,1.0,1.0
VIACAO NOSSA SENHORA DE LOURDES S.A.,B35T020D00201133,-22.83658034,-43.2855562,2026-04-26,FECHADO,2026-04-26 00:00:16.687974,2026-04-26 00:04:16.365038,5,5,5,5,1.0,1.0
VIACAO NOSSA SENHORA DE LOURDES S.A.,B35T020D00206823,-22.83752019,-43.28586345,2026-04-26,FECHADO,2026-04-26 00:00:32.486435,2026-04-26 00:04:32.29294,5,5,5,5,1.0,1.0
VIACAO NOSSA SENHORA DE LOURDES S.A.,B35T020D00209669,-22.83699656,-43.28551041,2026-04-26,FECHADO,2026-04-26 00:00:19.064365,2026-04-26 00:04:19.005135,5,5,5,5,1.0,1.0
VIACAO NOSSA SENHORA DE LOURDES S.A.,B35T020D00208657,-22.8371903,-43.2850754,2026-04-26,FECHADO,2026-04-26 00:00:41.70215,2026-04-26 00:04:41.732869,5,5,5,5,1.0,1.0
VIACAO NOSSA SENHORA DE LOURDES S.A.,B35T020D00207009,-22.8370046,-43.2851232,2026-04-26,FECHADO,2026-04-26 00:00:18.466144,2026-04-26 00:04:18.356604,5,5,5,5,1.0,1.0
VIACAO NOSSA SENHORA DE LOURDES S.A.,B35T020D00210282,-22.83729767,-43.28526496,2026-04-26,FECHADO,2026-04-26 00:00:50.7122,2026-04-26 00:04:51.15872,5,5,5,5,1.0,1.0
VIACAO NOSSA SENHORA DE LOURDES S.A.,B35T020D00206498,-22.83748873,-43.28527855,2026-04-26,FECHADO,2026-04-26 00:00:57.320752,2026-04-26 00:04:57.211189,5,5,5,5,1.0,1.0
VIACAO NOSSA SENHORA DE LOURDES S.A.,B35T020D00207735,-22.83656895,-43.28543783,2026-04-26,FECHADO,2026-04-26 00:00:27.694814,2026-04-26 00:04:27.748085,5,5,5,5,1.0,1.0
VIACAO NOSSA SENHORA DE LOURDES S.A.,B35T020D00210411,-22.83727254,-43.28523145,2026-04-26,FECHADO,2026-04-26 00:00:19.481579,2026-04-26 00:04:19.430059,5,5,5,5,1.0,1.0
VIACAO NOSSA SENHORA DE LOURDES S.A.,B35T020D00206496,-22.83710659,-43.28539172,2026-04-26,FECHADO,2026-04-26 00:00:15.227019,2026-04-26 00:04:14.760374,5,5,5,5,1.0,1.0
VIACAO NOSSA SENHORA DE LOURDES S.A.,B35T020D00206499,-22.83726616,-43.28550835,2026-04-26,FECHADO,2026-04-26 00:00:41.768955,2026-04-26 00:04:42.865315,5,5,5,5,1.0,1.0
VIACAO NOSSA SENHORA DE LOURDES S.A.,B35T020D00208661,-22.83665312,-43.28536441,2026-04-26,FECHADO,2026-04-26 00:00:38.912564,2026-04-26 00:04:38.684165,5,5,5,5,1.0,1.0
VIACAO NOSSA SENHORA DE LOURDES S.A.,B35T020D00207643,-22.83693606,-43.28618979,2026-04-26,FECHADO,2026-04-26 00:00:57.106093,2026-04-26 00:04:57.320181,5,5,5,5,1.0,1.0
VIACAO NOSSA SENHORA DE LOURDES S.A.,B35T020D00201889,-22.83716681,-43.2851454,2026-04-26,FECHADO,2026-04-26 00:00:13.004354,2026-04-26 00:04:12.767149,5,5,5,5,1.0,1.0
VIACAO NOSSA SENHORA DE LOURDES S.A.,B35T020D00207642,-22.83707353,-43.28518344,2026-04-26,FECHADO,2026-04-26 00:00:25.272024,2026-04-26 00:04:24.853332,5,5,5,5,1.0,1.0
VIACAO NOSSA SENHORA DE LOURDES S.A.,B35T020D00204991,-22.83719739,-43.28605085,2026-04-26,FECHADO,2026-04-26 00:00:23.83645,2026-04-26 00:04:23.615208,5,5,5,5,1.0,1.0
VIACAO NOSSA SENHORA DE LOURDES S.A.,B35T020D00207309,-22.83724102,-43.28513458,2026-04-26,FECHADO,2026-04-26 00:00:25.704071,2026-04-26 00:04:25.480767,5,5,5,5,1.0,1.0
VIACAO NOSSA SENHORA DE LOURDES S.A.,B35T020D00207423,-22.83717982,-43.28644386,2026-04-26,FECHADO,2026-04-26 00:00:04.823694,2026-04-26 00:04:04.879665,5,5,5,5,1.0,1.0
VIACAO NOSSA SENHORA DE LOURDES S.A.,B35T020D00201984,-22.83680457,-43.28532306,2026-04-26,FECHADO,2026-04-26 00:00:38.449473,2026-04-26 00:04:38.13313,5,5,5,5,1.0,1.0
VIACAO NOSSA SENHORA DE LOURDES S.A.,B35T020D00209722,-22.8365673,-43.28550749,2026-04-26,FECHADO,2026-04-26 00:00:53.296249,2026-04-26 00:04:53.600089,5,5,5,5,1.0,1.0
VIACAO NOSSA SENHORA DE LOURDES S.A.,B35T020D00209498,-22.83732228,-43.28497587,2026-04-26,FECHADO,2026-04-26 00:00:02.821769,2026-04-26 00:04:02.340815,5,5,5,5,1.0,1.0
VIACAO NOSSA SENHORA DE LOURDES S.A.,B35T020D00210672,-22.83732355,-43.28545876,2026-04-26,FECHADO,2026-04-26 00:00:28.127613,2026-04-26 00:04:27.921013,5,5,5,5,1.0,1.0
VIACAO NOSSA SENHORA DE LOURDES S.A.,B35T020D00208927,-22.83704048,-43.28573651,2026-04-26,FECHADO,2026-04-26 00:00:42.476871,2026-04-26 00:04:42.271491,5,5,5,5,1.0,1.0
VIACAO NOSSA SENHORA DE LOURDES S.A.,B35T020D00208828,-22.83683317,-43.28525197,2026-04-26,FECHADO,2026-04-26 00:00:46.61526,2026-04-26 00:04:46.843846,5,5,5,5,1.0,1.0
VIACAO NOSSA SENHORA DE LOURDES S.A.,B35T020D00207343,-22.83704362,-43.28514051,2026-04-26,FECHADO,2026-04-26 00:00:04.595659,2026-04-26 00:04:04.156066,5,5,5,5,1.0,1.0
VIACAO NOSSA SENHORA DE LOURDES S.A.,B35T020D00208420,-22.83686339,-43.28526202,2026-04-26,FECHADO,2026-04-26 00:00:07.07063,2026-04-26 00:04:07.436342,5,5,5,5,1.0,1.0
VIACAO NOSSA SENHORA DE LOURDES S.A.,B35T020D00207544,-22.83706303,-43.28534679,2026-04-26,FECHADO,2026-04-26 00:00:08.040619,2026-04-26 00:04:08.073654,5,5,5,5,1.0,1.0
VIACAO NOSSA SENHORA DE LOURDES S.A.,B35T020D00203465,-22.8372851,-43.28517566,2026-04-26,FECHADO,2026-04-26 00:00:25.380922,2026-04-26 00:04:25.416269,5,5,5,5,1.0,1.0
VIACAO NOSSA SENHORA DE LOURDES S.A.,B35T020D00210176,-22.83712445,-43.2851707,2026-04-26,FECHADO,2026-04-26 00:00:30.239541,2026-04-26 00:04:30.188895,5,5,5,5,1.0,1.0
VIACAO NOSSA SENHORA DE LOURDES S.A.,B35T020D00207551,-22.83709217,-43.28533381,2026-04-26,FECHADO,2026-04-26 00:00:46.831842,2026-04-26 00:04:47.067142,5,5,5,5,1.0,1.0
VIACAO NOSSA SENHORA DE LOURDES S.A.,B35T020D00207546,-22.83707778,-43.28544422,2026-04-26,FECHADO,2026-04-26 00:00:59.613189,2026-04-26 00:04:59.813973,5,5,5,5,1.0,1.0
VIACAO NOSSA SENHORA DE LOURDES S.A.,B35T020D00210177,-22.83689914,-43.28556846,2026-04-26,FECHADO,2026-04-26 00:00:41.57211,2026-04-26 00:04:41.698461,5,5,5,5,1.0,1.0
VIACAO NOSSA SENHORA DE LOURDES S.A.,B35T020D00209501,-22.83727413,-43.28552707,2026-04-26,FECHADO,2026-04-26 00:00:47.804257,2026-04-26 00:04:48.043948,5,5,5,5,1.0,1.0
VIACAO NOSSA SENHORA DE LOURDES S.A.,B35T020D00209254,-22.83726338,-43.28499184,2026-04-26,FECHADO,2026-04-26 00:00:29.563643,2026-04-26 00:04:29.434778,5,5,5,5,1.0,1.0
VIACAO NOSSA SENHORA DE LOURDES S.A.,B35T020D00208930,-22.83701768,-43.28542287,2026-04-26,FECHADO,2026-04-26 00:00:33.008713,2026-04-26 00:04:32.517372,5,5,5,5,1.0,1.0
VIACAO NOSSA SENHORA DE LOURDES S.A.,B35T020D00207311,-22.83717744,-43.28516634,2026-04-26,FECHADO,2026-04-26 00:00:02.69322,2026-04-26 00:04:02.294777,5,5,5,5,1.0,1.0
VIACAO NOSSA SENHORA DE LOURDES S.A.,B35T020D00210594,-22.83694537,-43.2854658,2026-04-26,FECHADO,2026-04-26 00:00:22.093824,2026-04-26 00:04:21.863397,5,5,5,5,1.0,1.0
VIACAO NOSSA SENHORA DE LOURDES S.A.,B35T020D00210175,-22.8370442,-43.28533309,2026-04-26,FECHADO,2026-04-26 00:00:54.425157,2026-04-26 00:04:54.717043,5,5,5,5,1.0,1.0
VIACAO NOSSA SENHORA DE LOURDES S.A.,B35T020D00207022,-22.83740043,-43.28560045,2026-04-26,FECHADO,2026-04-26 00:00:56.278178,2026-04-26 00:04:56.384019,5,5,5,5,1.0,1.0
VIACAO NOSSA SENHORA DE LOURDES S.A.,B35T020D00209397,-22.83720233,-43.28522115,2026-04-26,FECHADO,2026-04-26 00:00:20.417602,2026-04-26 00:04:20.394966,5,5,5,5,1.0,1.0
VIACAO NOSSA SENHORA DE LOURDES S.A.,B35T020D00210413,-22.83691615,-43.28513477,2026-04-26,FECHADO,2026-04-26 00:00:54.147262,2026-04-26 00:04:54.53537,5,5,5,5,1.0,1.0
VIACAO NOSSA SENHORA DE LOURDES S.A.,B35T020D00208550,-22.83699048,-43.28545889,2026-04-26,FECHADO,2026-04-26 00:00:57.130142,2026-04-26 00:04:57.328497,5,5,5,5,1.0,1.0
VIACAO NOSSA SENHORA DE LOURDES S.A.,B35T020D00203530,-22.83722108,-43.28506051,2026-04-26,FECHADO,2026-04-26 00:00:50.244948,2026-04-26 00:04:50.877674,5,5,5,5,1.0,1.0
VIACAO NOSSA SENHORA DE LOURDES S.A.,B35T020D00208417,-22.83718983,-43.28610995,2026-04-26,FECHADO,2026-04-26 00:00:23.559451,2026-04-26 00:04:23.071244,5,5,5,5,1.0,1.0
VIACAO NOSSA SENHORA DE LOURDES S.A.,B35T020D00208419,-22.83717581,-43.28518688,2026-04-26,FECHADO,2026-04-26 00:00:03.383618,2026-04-26 00:04:02.938586,5,5,5,5,1.0,1.0
VIACAO NOSSA SENHORA DE LOURDES S.A.,B35T020D00209666,-22.83690401,-43.28535267,2026-04-26,FECHADO,2026-04-26 00:00:42.449076,2026-04-26 00:04:42.244663,5,5,5,5,1.0,1.0
VIACAO NOSSA SENHORA DE LOURDES S.A.,B35T020D00207304,-22.83673014,-43.28563419,2026-04-26,FECHADO,2026-04-26 00:00:01.750591,2026-04-26 00:04:02.035202,5,5,5,5,1.0,1.0
VIACAO NOSSA SENHORA DE LOURDES S.A.,B35T020D00207318,-22.83665031,-43.28555366,2026-04-26,FECHADO,2026-04-26 00:00:00.992381,2026-04-26 00:04:00.607817,5,5,5,5,1.0,1.0
VIACAO NOSSA SENHORA DE LOURDES S.A.,B35T020D00207240,-22.83713378,-43.28513943,2026-04-26,FECHADO,2026-04-26 00:00:24.1989,2026-04-26 00:04:23.930618,5,5,5,5,1.0,1.0
VIACAO NOSSA SENHORA DE LOURDES S.A.,B35T020D00210674,-22.83693376,-43.28540195,2026-04-26,FECHADO,2026-04-26 00:00:36.117613,2026-04-26 00:04:35.926462,5,5,5,5,1.0,1.0
VIACAO NOSSA SENHORA DE LOURDES S.A.,B35T020D00207857,-22.83732479,-43.28503817,2026-04-26,FECHADO,2026-04-26 00:00:45.038848,2026-04-26 00:04:45.387062,5,5,5,5,1.0,1.0
VIACAO NOSSA SENHORA DE LOURDES S.A.,B35T020D00208014,-22.83670492,-43.28534229,2026-04-26,FECHADO,2026-04-26 00:00:17.603181,2026-04-26 00:04:17.433502,5,5,5,5,1.0,1.0
VIACAO NOSSA SENHORA DE LOURDES S.A.,B35T020D00208694,-22.83688697,-43.28518288,2026-04-26,FECHADO,2026-04-26 00:00:10.134535,2026-04-26 00:04:09.985443,5,5,5,5,1.0,1.0
VIACAO NOSSA SENHORA DE LOURDES S.A.,B35T020D00206474,-22.83694337,-43.28551173,2026-04-26,FECHADO,2026-04-26 00:00:04.391781,2026-04-26 00:04:04.167009,5,5,5,5,1.0,1.0
VIACAO NOSSA SENHORA DE LOURDES S.A.,B35T020D00202859,-22.83711134,-43.28490363,2026-04-26,FECHADO,2026-04-26 00:00:19.959821,2026-04-26 00:04:20.007165,5,5,5,5,1.0,1.0
VIACAO NOSSA SENHORA DE LOURDES S.A.,B35T020D00209892,-22.83698427,-43.28547164,2026-04-26,FECHADO,2026-04-26 00:00:50.864226,2026-04-26 00:04:51.099315,5,5,5,5,1.0,1.0
VIACAO NOSSA SENHORA DE LOURDES S.A.,B35T020D00207342,-22.83717737,-43.28486915,2026-04-26,FECHADO,2026-04-26 00:00:13.389154,2026-04-26 00:04:13.232414,5,5,5,5,1.0,1.0
VIACAO NOSSA SENHORA DE LOURDES S.A.,B35T020D00206500,-22.83704089,-43.28538734,2026-04-26,FECHADO,2026-04-26 00:00:04.358751,2026-04-26 00:04:04.118595,5,5,5,5,1.0,1.0
VIACAO NOSSA SENHORA DE LOURDES S.A.,B35T020D00207322,-22.83695522,-43.28511114,2026-04-26,FECHADO,2026-04-26 00:00:55.019198,2026-04-26 00:04:55.296167,5,5,5,5,1.0,1.0
VIACAO NOSSA SENHORA DE LOURDES S.A.,B35T020D00208418,0.0,0.0,2026-04-26,FECHADO,2026-04-26 00:00:04.870782,2026-04-26 00:04:04.679828,5,5,5,0,0.0,1.0
VIACAO NOSSA SENHORA DE LOURDES S.A.,B35T020D00209150,-22.83687732,-43.28531569,2026-04-26,FECHADO,2026-04-26 00:00:05.88615,2026-04-26 00:04:05.724108,5,5,5,5,1.0,1.0
VIACAO NOSSA SENHORA DE LOURDES S.A.,B35T020D00201670,-22.83725135,-43.28579553,2026-04-26,FECHADO,2026-04-26 00:00:54.058844,2026-04-26 00:04:54.362928,5,5,5,5,1.0,1.0
VIACAO NOSSA SENHORA DE LOURDES S.A.,B35T020D00209251,-22.83663864,-43.28542296,2026-04-26,FECHADO,2026-04-26 00:00:08.234,2026-04-26 00:04:08.046142,5,5,5,5,1.0,1.0
VIACAO NOSSA SENHORA DE LOURDES S.A.,B35T020D00210670,-22.83726879,-43.28590183,2026-04-26,FECHADO,2026-04-26 00:00:03.012119,2026-04-26 00:04:02.823861,5,5,5,5,1.0,1.0
VIACAO NOSSA SENHORA DE LOURDES S.A.,B35T020D00207245,-22.83718392,-43.28499016,2026-04-26,FECHADO,2026-04-26 00:00:15.733456,2026-04-26 00:04:15.652045,5,5,5,5,1.0,1.0
VIACAO NOSSA SENHORA DE LOURDES S.A.,B35T020D00208012,-22.83692466,-43.28515222,2026-04-26,FECHADO,2026-04-26 00:00:07.87065,2026-04-26 00:04:07.731461,5,5,5,5,1.0,1.0
VIACAO NOSSA SENHORA DE LOURDES S.A.,B35T020D00205418,-22.83667583,-43.28535263,2026-04-26,FECHADO,2026-04-26 00:00:50.235943,2026-04-26 00:04:50.17589,5,5,5,5,1.0,1.0
VIACAO NOSSA SENHORA DE LOURDES S.A.,B35T020D00208444,-22.83702666,-43.28542736,2026-04-26,FECHADO,2026-04-26 00:00:30.67074,2026-04-26 00:04:30.593617,5,5,5,5,1.0,1.0
VIACAO NOSSA SENHORA DE LOURDES S.A.,B35T020D00208928,-22.83702303,-43.28499215,2026-04-26,FECHADO,2026-04-26 00:00:13.778803,2026-04-26 00:04:13.779107,5,5,5,5,1.0,1.0
VIACAO NOSSA SENHORA DE LOURDES S.A.,B35T020D00207008,-22.83676584,-43.28528563,2026-04-26,FECHADO,2026-04-26 00:00:15.413048,2026-04-26 00:04:15.220828,5,5,5,5,1.0,1.0
VIACAO NOSSA SENHORA DE LOURDES S.A.,B35T020D00207323,-22.83716159,-43.28647892,2026-04-26,FECHADO,2026-04-26 00:00:26.676519,2026-04-26 00:04:26.620446,5,5,5,5,1.0,1.0
VIACAO NOSSA SENHORA DE LOURDES S.A.,B35T020D00210287,-22.83675033,-43.28532126,2026-04-26,FECHADO,2026-04-26 00:00:35.420422,2026-04-26 00:04:35.343486,5,5,5,5,1.0,1.0
VIACAO NOSSA SENHORA DE LOURDES S.A.,B35T020D00210680,-22.83708375,-43.28492146,2026-04-26,FECHADO,2026-04-26 00:00:36.819717,2026-04-26 00:04:36.804515,5,5,5,5,1.0,1.0
VIACAO NOSSA SENHORA DE LOURDES S.A.,B35T020D00201974,-22.83705339,-43.28520827,2026-04-26,FECHADO,2026-04-26 00:00:24.460342,2026-04-26 00:04:24.309345,5,5,5,5,1.0,1.0
VIACAO NOSSA SENHORA DE LOURDES S.A.,B35T020D00202860,-22.83701035,-43.28541241,2026-04-26,FECHADO,2026-04-26 00:00:27.217641,2026-04-26 00:04:27.229471,5,5,5,5,1.0,1.0
VIACAO NOSSA SENHORA DE LOURDES S.A.,B35T020D00206501,-22.83732928,-43.28498739,2026-04-26,FECHADO,2026-04-26 00:00:19.29196,2026-04-26 00:04:19.095729,5,5,5,5,1.0,1.0
VIACAO NOSSA SENHORA DE LOURDES S.A.,B35T020D00208422,-22.83692189,-43.28532065,2026-04-26,FECHADO,2026-04-26 00:00:19.725581,2026-04-26 00:04:19.702907,5,5,5,5,1.0,1.0
VIACAO NOSSA SENHORA DE LOURDES S.A.,B35T020D00209894,-22.83667556,-43.28567305,2026-04-26,FECHADO,2026-04-26 00:00:10.190922,2026-04-26 00:04:10.224657,5,5,5,5,1.0,1.0
VIACAO NOSSA SENHORA DE LOURDES S.A.,B35T020D00209665,-22.83663701,-43.28540805,2026-04-26,FECHADO,2026-04-26 00:00:17.802395,2026-04-26 00:04:17.403232,5,5,5,5,1.0,1.0
VIACAO NOSSA SENHORA DE LOURDES S.A.,B35T020D00206099,-22.83709278,-43.28498771,2026-04-26,FECHADO,2026-04-26 00:00:28.675705,2026-04-26 00:04:28.592794,5,5,5,5,1.0,1.0
VIACAO NOSSA SENHORA DE LOURDES S.A.,B35T020D00210428,-22.83689586,-43.28529757,2026-04-26,FECHADO,2026-04-26 00:00:14.837291,2026-04-26 00:04:14.791233,5,5,5,5,1.0,1.0
VIACAO NOSSA SENHORA DE LOURDES S.A.,B35T020D00202628,-22.83731813,-43.28505287,2026-04-26,FECHADO,2026-04-26 00:00:18.877844,2026-04-26 00:04:18.937209,5,5,5,5,1.0,1.0
VIACAO NOSSA SENHORA DE LOURDES S.A.,B35T020D00210286,-22.83756427,-43.28547776,2026-04-26,FECHADO,2026-04-26 00:00:40.101837,2026-04-26 00:04:39.954222,5,5,5,5,1.0,1.0
VIACAO NOSSA SENHORA DE LOURDES S.A.,B35T020D00207547,-22.83752806,-43.28591303,2026-04-26,FECHADO,2026-04-26 00:00:34.252966,2026-04-26 00:04:33.632751,5,5,5,5,1.0,1.0
VIACAO NOSSA SENHORA DE LOURDES S.A.,B35T020D00208416,-22.83707268,-43.28495578,2026-04-26,FECHADO,2026-04-26 00:00:18.138656,2026-04-26 00:04:18.183956,5,5,5,5,1.0,1.0
VIACAO NOSSA SENHORA DE LOURDES S.A.,B35T020D00210094,-22.83732557,-43.28528023,2026-04-26,FECHADO,2026-04-26 00:00:25.614906,2026-04-26 00:04:25.430165,5,5,5,5,1.0,1.0
VIACAO NOSSA SENHORA DE LOURDES S.A.,B35T020D00209893,-22.83656659,-43.28551259,2026-04-26,FECHADO,2026-04-26 00:00:55.032297,2026-04-26 00:04:55.153144,5,5,5,5,1.0,1.0
VIACAO NOSSA SENHORA DE LOURDES S.A.,B35T020D00207303,-22.8369422,-43.2862369,2026-04-26,FECHADO,2026-04-26 00:00:54.204114,2026-04-26 00:04:54.168428,5,5,5,5,1.0,1.0
VIACAO NOSSA SENHORA DE LOURDES S.A.,B35T020D00208740,-22.83701562,-43.2852307,2026-04-26,FECHADO,2026-04-26 00:00:25.290155,2026-04-26 00:04:25.316695,5,5,5,5,1.0,1.0
VIACAO NOSSA SENHORA DE LOURDES S.A.,B35T020D00210284,-22.83681969,-43.28525232,2026-04-26,FECHADO,2026-04-26 00:00:33.316645,2026-04-26 00:04:33.248758,5,5,5,5,1.0,1.0
VIACAO NOSSA SENHORA DE LOURDES S.A.,B35T020D00207785,-22.83683586,-43.2851772,2026-04-26,FECHADO,2026-04-26 00:00:29.119043,2026-04-26 00:04:29.163854,5,5,5,5,1.0,1.0
VIACAO NOSSA SENHORA DE LOURDES S.A.,B35T020D00206497,-22.83686891,-43.28517887,2026-04-26,FECHADO,2026-04-26 00:00:06.784898,2026-04-26 00:04:06.581836,5,5,5,5,1.0,1.0
VIACAO NOVACAP S/A.,B35T020D00201465,-22.87620516,-43.36808958,2026-04-26,FECHADO,2026-04-26 00:00:35.252944,2026-04-26 00:04:35.268192,5,5,5,5,1.0,1.0
VIACAO NOVACAP S/A.,B35T020D00209060,-22.87757962,-43.36824736,2026-04-26,FECHADO,2026-04-26 00:00:28.799098,2026-04-26 00:04:28.273434,5,5,5,5,1.0,1.0
VIACAO NOVACAP S/A.,B35T020D00206579,-22.87759274,-43.36901159,2026-04-26,FECHADO,2026-04-26 00:00:07.851146,2026-04-26 00:04:07.693235,5,5,5,5,1.0,1.0
VIACAO NOVACAP S/A.,B35T020D00205054,-22.87745619,-43.36473418,2026-04-26,FECHADO,2026-04-26 00:00:56.845233,2026-04-26 00:04:56.59084,5,5,5,5,1.0,1.0
VIACAO NOVACAP S/A.,B35T020D00203566,-22.87742365,-43.36843895,2026-04-26,FECHADO,2026-04-26 00:00:51.49882,2026-04-26 00:04:51.61207,5,5,5,5,1.0,1.0
VIACAO NOVACAP S/A.,B35T020D00206950,-22.87675674,-43.36849044,2026-04-26,FECHADO,2026-04-26 00:00:28.613655,2026-04-26 00:04:27.913083,5,5,5,5,1.0,1.0
VIACAO NOVACAP S/A.,B35T020D00208999,-22.87638836,-43.36883947,2026-04-26,FECHADO,2026-04-26 00:00:32.873099,2026-04-26 00:04:32.513082,5,5,5,5,1.0,1.0
VIACAO NOVACAP S/A.,B35T020D00205055,-22.87617943,-43.36879119,2026-04-26,FECHADO,2026-04-26 00:00:01.88975,2026-04-26 00:04:01.613718,5,5,5,5,1.0,1.0
VIACAO NOVACAP S/A.,B35T020D00203544,-22.8774873,-43.36903395,2026-04-26,FECHADO,2026-04-26 00:00:58.863366,2026-04-26 00:04:58.977345,5,5,5,5,1.0,1.0
VIACAO NOVACAP S/A.,B35T020D00209754,-22.87761357,-43.368153,2026-04-26,FECHADO,2026-04-26 00:00:41.400237,2026-04-26 00:04:41.267655,5,5,5,5,1.0,1.0
VIACAO NOVACAP S/A.,B35T020D00209003,-22.87663415,-43.36866617,2026-04-26,FECHADO,2026-04-26 00:00:34.437379,2026-04-26 00:04:34.486888,5,5,5,5,1.0,1.0
VIACAO NOVACAP S/A.,B35T020D00210327,-22.87659688,-43.36811073,2026-04-26,FECHADO,2026-04-26 00:00:29.393307,2026-04-26 00:04:29.35802,5,5,5,5,1.0,1.0
VIACAO NOVACAP S/A.,B35T020D00209002,-22.87749085,-43.36904402,2026-04-26,FECHADO,2026-04-26 00:00:40.344637,2026-04-26 00:04:40.326444,5,5,5,5,1.0,1.0
VIACAO NOVACAP S/A.,B35T020D00208022,-22.87628794,-43.36811303,2026-04-26,FECHADO,2026-04-26 00:00:32.310666,2026-04-26 00:04:32.369013,5,5,5,5,1.0,1.0
VIACAO NOVACAP S/A.,B35T020D00201960,-22.87653874,-43.36868944,2026-04-26,FECHADO,2026-04-26 00:00:53.538825,2026-04-26 00:04:53.705826,5,5,5,5,1.0,1.0
VIACAO NOVACAP S/A.,B35T020D00210694,-22.87755404,-43.36824782,2026-04-26,FECHADO,2026-04-26 00:00:17.81336,2026-04-26 00:04:17.73258,5,5,5,5,1.0,1.0
VIACAO NOVACAP S/A.,B35T020D00209755,-22.87655248,-43.36799263,2026-04-26,FECHADO,2026-04-26 00:00:52.630453,2026-04-26 00:04:48.5647,5,5,5,5,1.0,1.0
VIACAO NOVACAP S/A.,B35T020D00204277,-22.87640267,-43.36807708,2026-04-26,FECHADO,2026-04-26 00:00:02.790482,2026-04-26 00:04:02.822324,5,5,5,5,1.0,1.0
VIACAO NOVACAP S/A.,B35T020D00209428,-22.8774416,-43.36828318,2026-04-26,FECHADO,2026-04-26 00:00:20.551842,2026-04-26 00:04:20.224365,5,5,5,5,1.0,1.0
VIACAO NOVACAP S/A.,B35T020D00209758,-22.876688,-43.36808738,2026-04-26,FECHADO,2026-04-26 00:00:38.644561,2026-04-26 00:04:38.32107,5,5,5,5,1.0,1.0
VIACAO NOVACAP S/A.,B35T020D00209756,-22.89861927,-43.35239479,2026-04-26,FECHADO,2026-04-26 00:00:40.88525,2026-04-26 00:04:40.677572,5,5,5,5,1.0,1.0
VIACAO NOVACAP S/A.,B35T020D00201690,-22.8762824,-43.36820532,2026-04-26,FECHADO,2026-04-26 00:00:49.050696,2026-04-26 00:04:48.963024,5,5,5,5,1.0,1.0
VIACAO NOVACAP S/A.,B35T020D00208154,-22.87680947,-43.3686713,2026-04-26,FECHADO,2026-04-26 00:00:14.301883,2026-04-26 00:04:14.144461,5,5,5,5,1.0,1.0
VIACAO NOVACAP S/A.,B35T020D00206975,-22.87630255,-43.36886179,2026-04-26,FECHADO,2026-04-26 00:00:36.588259,2026-04-26 00:04:36.279967,5,5,5,5,1.0,1.0
VIACAO NOVACAP S/A.,B35T020D00205262,-22.87762541,-43.36856662,2026-04-26,FECHADO,2026-04-26 00:00:26.095895,2026-04-26 00:04:25.748284,5,5,5,5,1.0,1.0
VIACAO NOVACAP S/A.,B35T020D00203048,-22.87712037,-43.36925542,2026-04-26,FECHADO,2026-04-26 00:00:22.378555,2026-04-26 00:04:22.060345,5,5,5,5,1.0,1.0
VIACAO NOVACAP S/A.,B35T020D00208998,-22.87671514,-43.36844651,2026-04-26,FECHADO,2026-04-26 00:00:57.37567,2026-04-26 00:04:57.611935,5,5,5,5,1.0,1.0
VIACAO NOVACAP S/A.,B35T020D00209446,-22.87744817,-43.36831288,2026-04-26,FECHADO,2026-04-26 00:00:00.668823,2026-04-26 00:04:00.493628,5,5,5,5,1.0,1.0
VIACAO NOVACAP S/A.,B35T020D00210231,-22.87683705,-43.36871582,2026-04-26,FECHADO,2026-04-26 00:00:18.303032,2026-04-26 00:04:18.097396,5,5,5,5,1.0,1.0
VIACAO NOVACAP S/A.,B35T020D00208997,-22.87765019,-43.36820026,2026-04-26,FECHADO,2026-04-26 00:00:02.934907,2026-04-26 00:04:02.362569,5,5,5,5,1.0,1.0
VIACAO NOVACAP S/A.,B35T020D00210265,-22.87620823,-43.36813898,2026-04-26,FECHADO,2026-04-26 00:00:11.066132,2026-04-26 00:04:10.986022,5,5,5,5,1.0,1.0
VIACAO NOVACAP S/A.,B35T020D00208558,-22.87673005,-43.36859655,2026-04-26,FECHADO,2026-04-26 00:00:25.561423,2026-04-26 00:04:25.265002,5,5,5,5,1.0,1.0
VIACAO NOVACAP S/A.,B35T020D00209411,-22.87760089,-43.36861993,2026-04-26,FECHADO,2026-04-26 00:00:54.652824,2026-04-26 00:04:54.019428,5,5,5,5,1.0,1.0
VIACAO NOVACAP S/A.,B35T020D00205744,-22.87652406,-43.36843542,2026-04-26,FECHADO,2026-04-26 00:00:12.845985,2026-04-26 00:04:12.47595,5,5,5,5,1.0,1.0
VIACAO NOVACAP S/A.,B35T020D00207516,-22.87754923,-43.36859973,2026-04-26,FECHADO,2026-04-26 00:00:44.90046,2026-04-26 00:04:45.202802,5,5,5,5,1.0,1.0
VIACAO NOVACAP S/A.,B35T020D00202097,-22.877592,-43.36906525,2026-04-26,FECHADO,2026-04-26 00:00:54.881914,2026-04-26 00:04:55.084438,5,5,5,5,1.0,1.0
VIACAO NOVACAP S/A.,B35T020D00209236,-22.87759689,-43.36817479,2026-04-26,FECHADO,2026-04-26 00:00:39.539018,2026-04-26 00:04:39.618801,5,5,5,5,1.0,1.0
VIACAO NOVACAP S/A.,B35T020D00209176,-22.87755889,-43.36852967,2026-04-26,FECHADO,2026-04-26 00:00:40.924093,2026-04-26 00:04:40.860882,5,5,5,5,1.0,1.0
VIACAO NOVACAP S/A.,B35T020D00208996,-22.87697388,-43.36830947,2026-04-26,FECHADO,2026-04-26 00:00:58.887447,2026-04-26 00:04:58.813996,5,5,5,5,1.0,1.0
VIACAO NOVACAP S/A.,B35T020D00209055,-22.8774506,-43.36838093,2026-04-26,FECHADO,2026-04-26 00:00:30.86056,2026-04-26 00:04:30.486028,5,5,5,5,1.0,1.0
VIACAO NOVACAP S/A.,B35T020D00208995,-22.87667074,-43.36805937,2026-04-26,FECHADO,2026-04-26 00:00:32.477726,2026-04-26 00:04:32.56054,5,5,5,5,1.0,1.0
VIACAO NOVACAP S/A.,B35T020D00206361,-22.87618815,-43.36817648,2026-04-26,FECHADO,2026-04-26 00:00:55.248241,2026-04-26 00:04:55.309224,5,5,5,5,1.0,1.0
VIACAO NOVACAP S/A.,B35T020D00210646,-22.87616239,-43.36797361,2026-04-26,FECHADO,2026-04-26 00:00:21.866039,2026-04-26 00:04:21.945933,5,5,5,5,1.0,1.0
VIACAO NOVACAP S/A.,B35T020D00204222,-22.87672163,-43.36844104,2026-04-26,FECHADO,2026-04-26 00:00:25.600811,2026-04-26 00:04:25.258173,5,5,5,5,1.0,1.0
VIACAO NOVACAP S/A.,B35T020D00206564,-22.87736934,-43.3688318,2026-04-26,FECHADO,2026-04-26 00:00:39.507272,2026-04-26 00:04:39.743104,5,5,5,5,1.0,1.0
VIACAO NOVACAP S/A.,B35T020D00201753,-22.87745091,-43.36828227,2026-04-26,FECHADO,2026-04-26 00:00:10.983549,2026-04-26 00:04:10.448536,5,5,5,5,1.0,1.0
VIACAO NOVACAP S/A.,B35T020D00209812,-22.87756669,-43.36905181,2026-04-26,FECHADO,2026-04-26 00:00:38.066357,2026-04-26 00:04:37.894726,5,5,5,5,1.0,1.0
VIACAO NOVACAP S/A.,B35T020D00208756,-22.87670201,-43.36868222,2026-04-26,FECHADO,2026-04-26 00:00:25.629393,2026-04-26 00:04:26.212528,5,5,5,5,1.0,1.0
VIACAO NOVACAP S/A.,B35T020D00208021,-22.83679949,-43.41253054,2026-04-26,FECHADO,2026-04-26 00:00:46.954316,2026-04-26 00:04:46.719247,5,5,5,5,1.0,1.0
VIACAO NOVACAP S/A.,B35T020D00209041,-22.87729962,-43.36890658,2026-04-26,FECHADO,2026-04-26 00:00:49.081851,2026-04-26 00:04:49.416136,5,5,5,5,1.0,1.0
VIACAO NOVACAP S/A.,B35T020D00204399,-22.87744012,-43.36834903,2026-04-26,FECHADO,2026-04-26 00:00:28.678748,2026-04-26 00:04:28.650506,5,5,5,5,1.0,1.0
VIACAO NOVACAP S/A.,B35T020D00208592,-22.87657409,-43.36841771,2026-04-26,FECHADO,2026-04-26 00:00:42.813722,2026-04-26 00:04:42.778302,5,5,5,5,1.0,1.0
VIACAO NOVACAP S/A.,B35T020D00204479,-22.87672255,-43.36877177,2026-04-26,FECHADO,2026-04-26 00:00:07.365275,2026-04-26 00:04:06.897248,5,5,5,5,1.0,1.0
VIACAO NOVACAP S/A.,B35T020D00203734,-22.87650641,-43.36785841,2026-04-26,FECHADO,2026-04-26 00:00:34.917013,2026-04-26 00:04:34.87393,5,5,5,5,1.0,1.0
VIACAO NOVACAP S/A.,B35T020D00209044,-22.87622543,-43.36805989,2026-04-26,FECHADO,2026-04-26 00:00:39.307172,2026-04-26 00:04:39.244437,5,5,5,5,1.0,1.0
VIACAO NOVACAP S/A.,B35T020D00208584,-22.87747823,-43.36811684,2026-04-26,FECHADO,2026-04-26 00:00:47.040294,2026-04-26 00:04:47.441726,5,5,5,5,1.0,1.0
VIACAO NOVACAP S/A.,B35T020D00207982,-22.87754641,-43.36811263,2026-04-26,FECHADO,2026-04-26 00:00:15.639089,2026-04-26 00:04:15.26921,5,5,5,5,1.0,1.0
VIACAO NOVACAP S/A.,B35T020D00205477,-22.87736391,-43.36894735,2026-04-26,FECHADO,2026-04-26 00:00:08.502134,2026-04-26 00:04:08.450135,5,5,5,5,1.0,1.0
VIACAO NOVACAP S/A.,B35T020D00209865,-22.87748564,-43.3681417,2026-04-26,FECHADO,2026-04-26 00:00:18.194786,2026-04-26 00:04:17.873145,5,5,5,5,1.0,1.0
VIACAO NOVACAP S/A.,B35T020D00203910,-22.87661305,-43.36871061,2026-04-26,FECHADO,2026-04-26 00:00:06.057803,2026-04-26 00:04:05.360147,5,5,5,5,1.0,1.0
VIACAO NOVACAP S/A.,B35T020D00206575,-22.87636421,-43.36808337,2026-04-26,FECHADO,2026-04-26 00:00:16.945319,2026-04-26 00:04:16.922885,5,5,5,5,1.0,1.0
VIACAO NOVACAP S/A.,B35T020D00205446,-22.87754738,-43.36825449,2026-04-26,FECHADO,2026-04-26 00:00:58.838873,2026-04-26 00:04:58.820777,5,5,5,5,1.0,1.0
VIACAO NOVACAP S/A.,B35T020D00209175,-22.87664963,-43.36847441,2026-04-26,FECHADO,2026-04-26 00:00:21.394029,2026-04-26 00:04:21.343755,5,5,5,5,1.0,1.0
VIACAO NOVACAP S/A.,B35T020D00206294,-22.87645326,-43.36793047,2026-04-26,FECHADO,2026-04-26 00:00:58.484592,2026-04-26 00:04:58.672657,5,4,5,5,1.0,0.8
VIACAO NOVACAP S/A.,B35T020D00206972,-22.87642184,-43.36810436,2026-04-26,FECHADO,2026-04-26 00:00:07.745525,2026-04-26 00:04:07.774225,5,5,5,5,1.0,1.0
VIACAO NOVACAP S/A.,B35T020D00204482,-22.87763152,-43.36894129,2026-04-26,FECHADO,2026-04-26 00:00:15.779176,2026-04-26 00:04:15.385772,5,5,5,5,1.0,1.0
VIACAO NOVACAP S/A.,B35T020D00208585,-22.87655145,-43.36866302,2026-04-26,FECHADO,2026-04-26 00:00:55.202466,2026-04-26 00:04:55.356165,5,5,5,5,1.0,1.0
VIACAO NOVACAP S/A.,B35T020D00208533,-22.87663332,-43.36844177,2026-04-26,FECHADO,2026-04-26 00:00:38.147502,2026-04-26 00:04:37.824319,5,5,5,5,1.0,1.0
VIACAO NOVACAP S/A.,B35T020D00209040,0.0,0.0,2026-04-26,FECHADO,2026-04-26 00:00:12.799586,2026-04-26 00:04:12.820393,5,5,5,4,0.8,1.0
VIACAO NOVACAP S/A.,B35T020D00208591,-22.87619427,-43.36819396,2026-04-26,FECHADO,2026-04-26 00:00:35.383327,2026-04-26 00:04:35.383971,5,5,5,5,1.0,1.0
VIACAO NOVACAP S/A.,B35T020D00204276,-22.8775027,-43.36821239,2026-04-26,FECHADO,2026-04-26 00:00:51.370425,2026-04-26 00:04:51.567424,5,5,5,5,1.0,1.0
VIACAO NOVACAP S/A.,B35T020D00209320,-22.87632935,-43.36803487,2026-04-26,FECHADO,2026-04-26 00:00:36.821239,2026-04-26 00:04:36.829995,5,5,5,5,1.0,1.0
VIACAO NOVACAP S/A.,B35T020D00206337,-22.87648148,-43.36791008,2026-04-26,FECHADO,2026-04-26 00:00:32.324527,2026-04-26 00:04:32.248625,5,5,5,5,1.0,1.0
VIACAO NOVACAP S/A.,B35T020D00208023,-22.87618754,-43.36806425,2026-04-26,FECHADO,2026-04-26 00:00:04.962792,2026-04-26 00:04:04.954606,5,5,5,5,1.0,1.0
VIACAO NOVACAP S/A.,B35T020D00203205,-22.87744533,-43.36853198,2026-04-26,FECHADO,2026-04-26 00:00:08.943083,2026-04-26 00:04:08.516302,5,5,5,5,1.0,1.0
VIACAO NOVACAP S/A.,B35T020D00209582,-22.87756839,-43.36822656,2026-04-26,FECHADO,2026-04-26 00:00:44.803793,2026-04-26 00:04:44.547503,5,5,5,5,1.0,1.0
VIACAO NOVACAP S/A.,B35T020D00201957,-22.87750916,-43.36912833,2026-04-26,FECHADO,2026-04-26 00:00:57.262554,2026-04-26 00:04:57.479598,5,5,5,5,1.0,1.0
VIACAO NOVACAP S/A.,B35T020D00206299,-22.87630622,-43.36823121,2026-04-26,FECHADO,2026-04-26 00:00:26.437257,2026-04-26 00:04:26.314604,5,5,5,5,1.0,1.0
VIACAO NOVACAP S/A.,B35T020D00208865,-22.87677111,-43.36797197,2026-04-26,FECHADO,2026-04-26 00:00:06.591916,2026-04-26 00:04:06.786425,5,5,5,5,1.0,1.0
VIACAO NOVACAP S/A.,B35T020D00203368,-22.87752132,-43.36814485,2026-04-26,FECHADO,2026-04-26 00:00:55.799643,2026-04-26 00:04:55.814344,5,5,5,5,1.0,1.0
VIACAO NOVACAP S/A.,B35T020D00208780,-22.87640962,-43.36846238,2026-04-26,FECHADO,2026-04-26 00:00:43.51754,2026-04-26 00:04:43.122382,5,5,5,5,1.0,1.0
VIACAO NOVACAP S/A.,B35T020D00201935,-22.87678234,-43.36850821,2026-04-26,FECHADO,2026-04-26 00:00:43.367224,2026-04-26 00:04:43.45913,5,5,5,5,1.0,1.0
VIACAO NOVACAP S/A.,B35T020D00209456,-22.87739201,-43.36847482,2026-04-26,FECHADO,2026-04-26 00:00:28.399581,2026-04-26 00:04:28.148836,5,5,5,5,1.0,1.0
VIACAO NOVACAP S/A.,B35T020D00210324,-22.87660992,-43.36872529,2026-04-26,FECHADO,2026-04-26 00:00:44.538282,2026-04-26 00:04:44.06646,5,5,5,5,1.0,1.0
VIACAO NOVACAP S/A.,B35T020D00206986,-22.87678496,-43.36862142,2026-04-26,FECHADO,2026-04-26 00:00:21.147802,2026-04-26 00:04:20.942412,5,5,5,5,1.0,1.0
VIACAO NOVACAP S/A.,B35T020D00208909,-22.87750061,-43.36852696,2026-04-26,FECHADO,2026-04-26 00:00:32.261627,2026-04-26 00:04:32.191828,5,5,5,5,1.0,1.0
VIACAO NOVACAP S/A.,B35T020D00210264,-22.87643823,-43.36797438,2026-04-26,FECHADO,2026-04-26 00:00:03.448483,2026-04-26 00:04:03.002698,5,5,5,5,1.0,1.0
VIACAO NOVACAP S/A.,B35T020D00207737,-22.87756442,-43.36898912,2026-04-26,FECHADO,2026-04-26 00:00:46.140967,2026-04-26 00:04:46.451467,5,5,5,5,1.0,1.0
VIACAO NOVACAP S/A.,B35T020D00208864,-22.87665625,-43.3680719,2026-04-26,FECHADO,2026-04-26 00:00:55.090372,2026-04-26 00:04:55.461844,5,5,5,5,1.0,1.0
VIACAO NOVACAP S/A.,B35T020D00201584,-22.87754729,-43.36832939,2026-04-26,FECHADO,2026-04-26 00:00:46.351684,2026-04-26 00:04:46.750742,5,5,5,5,1.0,1.0
VIACAO NOVACAP S/A.,B35T020D00209809,-22.87749986,-43.36451532,2026-04-26,FECHADO,2026-04-26 00:00:29.328369,2026-04-26 00:04:28.799294,5,5,5,5,1.0,1.0
VIACAO NOVACAP S/A.,B35T020D00201933,-22.8763107,-43.36797898,2026-04-26,FECHADO,2026-04-26 00:00:13.323607,2026-04-26 00:04:20.136685,5,5,5,5,1.0,1.0
VIACAO NOVACAP S/A.,B35T020D00205221,-22.8775183,-43.36915549,2026-04-26,FECHADO,2026-04-26 00:00:07.809519,2026-04-26 00:04:07.779234,5,5,5,5,1.0,1.0
VIACAO NOVACAP S/A.,B35T020D00201688,-22.87760557,-43.36823031,2026-04-26,FECHADO,2026-04-26 00:00:03.163888,2026-04-26 00:04:02.514995,5,5,5,5,1.0,1.0
VIACAO NOVACAP S/A.,B35T020D00204050,-22.87751145,-43.36891215,2026-04-26,FECHADO,2026-04-26 00:00:09.10423,2026-04-26 00:04:09.051297,5,5,5,5,1.0,1.0
VIACAO NOVACAP S/A.,B35T020D00209544,-22.87742758,-43.36910251,2026-04-26,FECHADO,2026-04-26 00:00:21.386606,2026-04-26 00:04:21.209366,5,5,5,5,1.0,1.0
VIACAO NOVACAP S/A.,B35T020D00208700,-22.876635,-43.36867598,2026-04-26,FECHADO,2026-04-26 00:00:44.755746,2026-04-26 00:04:44.68849,5,5,5,5,1.0,1.0
VIACAO NOVACAP S/A.,B35T020D00209623,-22.87640196,-43.36791082,2026-04-26,FECHADO,2026-04-26 00:00:51.301805,2026-04-26 00:04:29.244307,5,5,5,5,1.0,1.0
VIACAO NOVACAP S/A.,B35T020D00209174,-22.87764135,-43.36898096,2026-04-26,FECHADO,2026-04-26 00:00:20.306846,2026-04-26 00:04:19.507372,5,5,5,5,1.0,1.0
VIACAO NOVACAP S/A.,B35T020D00205610,-22.87622538,-43.36815749,2026-04-26,FECHADO,2026-04-26 00:00:18.231453,2026-04-26 00:04:18.216043,5,5,5,5,1.0,1.0
VIACAO NOVACAP S/A.,B35T020D00201585,-22.87762258,-43.36891914,2026-04-26,FECHADO,2026-04-26 00:00:38.829707,2026-04-26 00:04:38.814417,5,5,5,5,1.0,1.0
VIACAO NOVACAP S/A.,B35T020D00206566,-22.87750119,-43.36857708,2026-04-26,FECHADO,2026-04-26 00:00:00.364469,2026-04-26 00:04:00.79476,5,5,5,5,1.0,1.0
VIACAO NOVACAP S/A.,B35T020D00209685,-22.87666251,-43.36843875,2026-04-26,FECHADO,2026-04-26 00:00:00.406814,2026-04-26 00:03:59.962638,4,3,5,5,1.0,0.75
VIACAO NOVACAP S/A.,B35T020D00208459,-22.87648609,-43.36794347,2026-04-26,FECHADO,2026-04-26 00:00:51.718529,2026-04-26 00:04:46.313051,5,5,5,5,1.0,1.0
VIACAO NOVACAP S/A.,B35T020D00208900,-22.87755108,-43.36835988,2026-04-26,FECHADO,2026-04-26 00:00:45.773865,2026-04-26 00:04:45.568585,5,5,5,5,1.0,1.0
VIACAO NOVACAP S/A.,B35T020D00205625,-22.87736829,-43.3689118,2026-04-26,FECHADO,2026-04-26 00:00:08.439691,2026-04-26 00:04:08.514647,5,5,5,5,1.0,1.0
VIACAO NOVACAP S/A.,B35T020D00207054,-22.87681524,-43.36866852,2026-04-26,FECHADO,2026-04-26 00:00:13.965075,2026-04-26 00:04:13.43665,5,5,5,5,1.0,1.0
VIACAO NOVACAP S/A.,B35T020D00202038,-22.87685248,-43.3683245,2026-04-26,FECHADO,2026-04-26 00:00:08.698816,2026-04-26 00:04:08.597144,5,5,5,5,1.0,1.0
VIACAO NOVACAP S/A.,B35T020D00207519,-22.87735071,-43.36584246,2026-04-26,FECHADO,2026-04-26 00:00:21.204265,2026-04-26 00:04:20.943651,5,5,5,5,1.0,1.0
VIACAO NOVACAP S/A.,B35T020D00203995,-22.87730863,-43.36895236,2026-04-26,FECHADO,2026-04-26 00:00:03.662844,2026-04-26 00:04:03.363833,5,5,5,5,1.0,1.0
VIACAO NOVACAP S/A.,B35T020D00209538,-22.87756907,-43.36841327,2026-04-26,FECHADO,2026-04-26 00:00:35.510714,2026-04-26 00:04:35.039858,5,5,5,5,1.0,1.0
VIACAO NOVACAP S/A.,B35T020D00205366,-22.87661748,-43.36848395,2026-04-26,FECHADO,2026-04-26 00:00:56.43213,2026-04-26 00:04:36.459303,5,5,5,5,1.0,1.0
VIACAO NOVACAP S/A.,B35T020D00209549,-22.87669027,-43.36844617,2026-04-26,FECHADO,2026-04-26 00:00:15.070071,2026-04-26 00:04:14.408798,5,5,5,5,1.0,1.0
VIACAO NOVACAP S/A.,B35T020D00210267,-22.87730352,-43.36887554,2026-04-26,FECHADO,2026-04-26 00:00:58.577558,2026-04-26 00:04:58.664292,5,5,5,5,1.0,1.0
VIACAO NOVACAP S/A.,B35T020D00209543,-22.8775623,-43.3686081,2026-04-26,FECHADO,2026-04-26 00:00:55.370185,2026-04-26 00:04:55.56351,5,5,5,5,1.0,1.0
VIACAO NOVACAP S/A.,B35T020D00210213,-22.87656791,-43.36866951,2026-04-26,FECHADO,2026-04-26 00:00:42.506082,2026-04-26 00:04:42.224456,5,5,5,5,1.0,1.0
VIACAO NOVACAP S/A.,B35T020D00210268,-22.87692233,-43.36824788,2026-04-26,FECHADO,2026-04-26 00:00:19.873827,2026-04-26 00:04:19.70354,5,5,5,5,1.0,1.0
VIACAO NOVACAP S/A.,B35T020D00209811,-22.87749901,-43.368395,2026-04-26,FECHADO,2026-04-26 00:00:07.166851,2026-04-26 00:04:06.559867,5,5,5,5,1.0,1.0
VIACAO NOVACAP S/A.,B35T020D00208463,-22.87757882,-43.36831812,2026-04-26,FECHADO,2026-04-26 00:00:27.542855,2026-04-26 00:04:27.069799,5,5,5,5,1.0,1.0
VIACAO NOVACAP S/A.,B35T020D00209545,-22.87621128,-43.36837771,2026-04-26,FECHADO,2026-04-26 00:00:14.135631,2026-04-26 00:04:14.204214,5,5,5,5,1.0,1.0
VIACAO NOVACAP S/A.,B35T020D00208588,-22.87739861,-43.36817697,2026-04-26,FECHADO,2026-04-26 00:00:24.242377,2026-04-26 00:04:24.104884,5,5,5,5,1.0,1.0
VIACAO NOVACAP S/A.,B35T020D00204659,-22.87739603,-43.36857468,2026-04-26,FECHADO,2026-04-26 00:00:05.737986,2026-04-26 00:04:06.351736,5,5,5,5,1.0,1.0
VIACAO NOVACAP S/A.,B35T020D00206568,-22.87628358,-43.36883704,2026-04-26,FECHADO,2026-04-26 00:00:36.54635,2026-04-26 00:04:36.517376,5,5,5,5,1.0,1.0
VIACAO NOVACAP S/A.,B35T020D00209810,-22.87655215,-43.36872441,2026-04-26,FECHADO,2026-04-26 00:00:30.08804,2026-04-26 00:04:29.896867,5,5,5,5,1.0,1.0
VIACAO NOVACAP S/A.,B35T020D00203520,-22.87759925,-43.36815147,2026-04-26,FECHADO,2026-04-26 00:00:31.521452,2026-04-26 00:04:31.132068,5,5,5,5,1.0,1.0
VIACAO NOVACAP S/A.,B35T020D00207944,-22.87640311,-43.36803459,2026-04-26,FECHADO,2026-04-26 00:00:31.451288,2026-04-26 00:04:31.419691,5,5,5,5,1.0,1.0
VIACAO NOVACAP S/A.,B35T020D00209424,-22.87667003,-43.36804669,2026-04-26,FECHADO,2026-04-26 00:00:00.808495,2026-04-26 00:04:01.401897,5,5,5,5,1.0,1.0
VIACAO NOVACAP S/A.,B35T020D00206639,-22.87638565,-43.36798027,2026-04-26,FECHADO,2026-04-26 00:00:25.949186,2026-04-26 00:04:26.408247,5,5,5,5,1.0,1.0
VIACAO NOVACAP S/A.,B35T020D00208460,-22.8765028,-43.36868497,2026-04-26,FECHADO,2026-04-26 00:00:59.031122,2026-04-26 00:04:59.268802,5,5,5,5,1.0,1.0
VIACAO NOVACAP S/A.,B35T020D00202606,-22.87680966,-43.36854033,2026-04-26,FECHADO,2026-04-26 00:00:55.267709,2026-04-26 00:04:55.207432,5,5,5,5,1.0,1.0
VIACAO NOVACAP S/A.,B35T020D00210228,-22.8765369,-43.36850794,2026-04-26,FECHADO,2026-04-26 00:00:17.255909,2026-04-26 00:04:17.449044,5,5,5,5,1.0,1.0
VIACAO NOVACAP S/A.,B35T020D00202500,-22.87622288,-43.36832331,2026-04-26,FECHADO,2026-04-26 00:00:17.849399,2026-04-26 00:04:17.849945,5,5,5,5,1.0,1.0
VIACAO NOVACAP S/A.,B35T020D00207155,-22.87761381,-43.36825403,2026-04-26,FECHADO,2026-04-26 00:00:19.240273,2026-04-26 00:04:19.168846,5,5,5,5,1.0,1.0
VIACAO NOVACAP S/A.,B35T020D00208479,-22.87760191,-43.36841108,2026-04-26,FECHADO,2026-04-26 00:00:48.036687,2026-04-26 00:04:48.165352,5,5,5,5,1.0,1.0
VIACAO NOVACAP S/A.,B35T020D00200879,-22.87740231,-43.3684415,2026-04-26,FECHADO,2026-04-26 00:00:45.862961,2026-04-26 00:04:46.021276,5,5,5,5,1.0,1.0
VIACAO NOVACAP S/A.,B35T020D00208992,-22.87634504,-43.36831234,2026-04-26,FECHADO,2026-04-26 00:00:12.551262,2026-04-26 00:04:12.481454,5,5,5,5,1.0,1.0
VIACAO NOVACAP S/A.,B35T020D00209001,-22.87656714,-43.3680571,2026-04-26,FECHADO,2026-04-26 00:00:13.730656,2026-04-26 00:04:13.790624,5,5,5,5,1.0,1.0
VIACAO NOVACAP S/A.,B35T020D00207055,-22.87655178,-43.36815345,2026-04-26,FECHADO,2026-04-26 00:00:42.878753,2026-04-26 00:04:42.890299,5,5,5,5,1.0,1.0
VIACAO NOVACAP S/A.,B35T020D00207575,-22.87742824,-43.36836163,2026-04-26,FECHADO,2026-04-26 00:00:56.909832,2026-04-26 00:04:57.249188,5,5,5,5,1.0,1.0
VIACAO NOVACAP S/A.,B35T020D00203648,-22.87631334,-43.36878404,2026-04-26,FECHADO,2026-04-26 00:00:01.676105,2026-04-26 00:04:01.291424,5,5,5,5,1.0,1.0
VIACAO NOVACAP S/A.,B35T020D00208557,-22.87750401,-43.36884415,2026-04-26,FECHADO,2026-04-26 00:00:33.38615,2026-04-26 00:04:33.17409,5,5,5,5,1.0,1.0
VIACAO NOVACAP S/A.,B35T020D00207775,-22.87672617,-43.36874381,2026-04-26,FECHADO,2026-04-26 00:00:35.159227,2026-04-26 00:04:34.855183,5,5,5,5,1.0,1.0
VIACAO NOVACAP S/A.,B35T020D00201586,-22.8767417,-43.368445,2026-04-26,FECHADO,2026-04-26 00:00:15.190447,2026-04-26 00:04:14.97369,5,5,5,5,1.0,1.0
VIACAO NOVACAP S/A.,B35T020D00201587,-22.87664469,-43.3681305,2026-04-26,FECHADO,2026-04-26 00:00:51.353039,2026-04-26 00:04:48.156743,5,5,5,5,1.0,1.0
VIACAO NOVACAP S/A.,B35T020D00206947,-22.87651507,-43.36846292,2026-04-26,FECHADO,2026-04-26 00:00:12.885401,2026-04-26 00:04:12.832149,5,5,5,5,1.0,1.0
VIACAO NOVACAP S/A.,B35T020D00208713,-22.87637929,-43.36886126,2026-04-26,FECHADO,2026-04-26 00:00:23.157655,2026-04-26 00:04:22.884097,5,5,5,5,1.0,1.0
VIACAO NOVACAP S/A.,B35T020D00209177,-22.87635187,-43.36814785,2026-04-26,FECHADO,2026-04-26 00:00:55.286632,2026-04-26 00:04:55.421935,5,5,5,5,1.0,1.0
VIACAO NOVACAP S/A.,B35T020D00203521,-22.87660634,-43.36869543,2026-04-26,FECHADO,2026-04-26 00:00:35.009074,2026-04-26 00:04:34.317888,5,5,5,5,1.0,1.0
VIACAO NOVACAP S/A.,B35T020D00209862,-22.87666192,-43.36802191,2026-04-26,FECHADO,2026-04-26 00:00:43.039594,2026-04-26 00:04:31.62628,5,5,5,5,1.0,1.0
VIACAO NOVACAP S/A.,B35T020D00205442,-22.87667295,-43.36829138,2026-04-26,FECHADO,2026-04-26 00:00:42.242387,2026-04-26 00:04:42.25041,5,5,5,5,1.0,1.0
VIACAO NOVACAP S/A.,B35T020D00206169,-22.87630547,-43.36866624,2026-04-26,FECHADO,2026-04-26 00:00:16.400148,2026-04-26 00:04:16.27121,5,5,5,5,1.0,1.0
VIACAO NOVACAP S/A.,B35T020D00201938,-22.87668943,-43.36815133,2026-04-26,FECHADO,2026-04-26 00:00:01.223157,2026-04-26 00:04:21.321532,5,5,5,5,1.0,1.0
VIACAO NOVACAP S/A.,B35T020D00207585,-22.877556,-43.36839509,2026-04-26,FECHADO,2026-04-26 00:00:31.903917,2026-04-26 00:04:31.706486,5,5,5,5,1.0,1.0
VIACAO NOVACAP S/A.,B35T020D00209866,-22.83675128,-43.41250956,2026-04-26,FECHADO,2026-04-26 00:00:40.910562,2026-04-26 00:04:40.779827,5,5,5,5,1.0,1.0
VIACAO NOVACAP S/A.,B35T020D00201464,-22.87656609,-43.36814659,2026-04-26,FECHADO,2026-04-26 00:00:12.615878,2026-04-26 00:04:12.31301,5,5,5,5,1.0,1.0
VIACAO NOVACAP S/A.,B35T020D00203564,-22.87732376,-43.36585375,2026-04-26,FECHADO,2026-04-26 00:00:37.981729,2026-04-26 00:04:37.956325,5,5,5,5,1.0,1.0
VIACAO NOVACAP S/A.,B35T020D00209813,-22.87755043,-43.36846699,2026-04-26,FECHADO,2026-04-26 00:00:39.029762,2026-04-26 00:04:38.413772,5,5,5,5,1.0,1.0
VIACAO NOVACAP S/A.,B35T020D00201771,-22.87712265,-43.3683961,2026-04-26,FECHADO,2026-04-26 00:00:54.003395,2026-04-26 00:04:54.971361,5,5,5,5,1.0,1.0
VIACAO NOVACAP S/A.,B35T020D00208020,-22.87757362,-43.36902179,2026-04-26,FECHADO,2026-04-26 00:00:14.684115,2026-04-26 00:04:14.443533,5,5,5,5,1.0,1.0
VIACAO NOVACAP S/A.,B35T020D00209988,-22.8774406,-43.36894373,2026-04-26,FECHADO,2026-04-26 00:00:10.02836,2026-04-26 00:04:09.880366,5,5,5,5,1.0,1.0
VIACAO NOVACAP S/A.,B35T020D00203155,-22.87621941,-43.36824223,2026-04-26,FECHADO,2026-04-26 00:00:01.172936,2026-04-26 00:04:01.177394,5,5,5,5,1.0,1.0
VIACAO NOVACAP S/A.,B35T020D00201625,-22.87668283,-43.36848794,2026-04-26,FECHADO,2026-04-26 00:00:30.420144,2026-04-26 00:04:30.031885,5,5,5,5,1.0,1.0
VIACAO NOVACAP S/A.,B35T020D00207089,-22.8776072,-43.36909278,2026-04-26,FECHADO,2026-04-26 00:00:58.009713,2026-04-26 00:04:58.262878,5,5,5,5,1.0,1.0
VIACAO NOVACAP S/A.,B35T020D00208994,-22.87650986,-43.36798857,2026-04-26,FECHADO,2026-04-26 00:00:15.151383,2026-04-26 00:04:14.543501,5,5,5,5,1.0,1.0
VIACAO NOVACAP S/A.,B35T020D00207821,-22.87655829,-43.36787404,2026-04-26,FECHADO,2026-04-26 00:00:15.675223,2026-04-26 00:04:15.217874,5,5,5,5,1.0,1.0
VIACAO NOVACAP S/A.,B35T020D00206973,-22.87681392,-43.36869198,2026-04-26,FECHADO,2026-04-26 00:00:29.59803,2026-04-26 00:04:29.232159,5,5,5,5,1.0,1.0
VIACAO NOVACAP S/A.,B35T020D00203517,-22.87655881,-43.36804924,2026-04-26,FECHADO,2026-04-26 00:00:11.048225,2026-04-26 00:04:11.09612,5,5,5,5,1.0,1.0
VIACAO NOVACAP S/A.,B35T020D00206899,-22.87754186,-43.36907972,2026-04-26,FECHADO,2026-04-26 00:00:44.275747,2026-04-26 00:04:44.461173,5,5,5,5,1.0,1.0
VIACAO NOVACAP S/A.,B35T020D00203733,-22.87649728,-43.36809698,2026-04-26,FECHADO,2026-04-26 00:00:22.364363,2026-04-26 00:04:22.459958,5,5,5,5,1.0,1.0
VIACAO NOVACAP S/A.,B35T020D00210683,-22.87632575,-43.36826762,2026-04-26,FECHADO,2026-04-26 00:00:03.279566,2026-04-26 00:04:03.301146,5,5,5,5,1.0,1.0
VIACAO NOVACAP S/A.,B35T020D00204656,-22.87641192,-43.36810899,2026-04-26,FECHADO,2026-04-26 00:00:04.295105,2026-04-26 00:04:03.685999,5,5,5,5,1.0,1.0
VIACAO NOVACAP S/A.,B35T020D00210328,-22.87629813,-43.36799229,2026-04-26,FECHADO,2026-04-26 00:00:12.689979,2026-04-26 00:04:24.058324,5,5,5,5,1.0,1.0
VIACAO NOVACAP S/A.,B35T020D00201961,-22.87743625,-43.36830132,2026-04-26,FECHADO,2026-04-26 00:00:29.271851,2026-04-26 00:04:29.153255,5,5,5,5,1.0,1.0
VIACAO NOVACAP S/A.,B35T020D00208477,-22.87635238,-43.36821414,2026-04-26,FECHADO,2026-04-26 00:00:07.619733,2026-04-26 00:04:07.910868,5,5,5,5,1.0,1.0
VIACAO NOVACAP S/A.,B35T020D00209318,-22.87754936,-43.36830044,2026-04-26,FECHADO,2026-04-26 00:00:18.569501,2026-04-26 00:04:18.036327,5,5,5,5,1.0,1.0
VIACAO NOVACAP S/A.,B35T020D00210269,-22.89855242,-43.35255557,2026-04-26,FECHADO,2026-04-26 00:00:49.822962,2026-04-26 00:04:50.003181,5,5,5,5,1.0,1.0
VIACAO NOVACAP S/A.,B35T020D00201369,-22.87692546,-43.36829249,2026-04-26,FECHADO,2026-04-26 00:00:19.77834,2026-04-26 00:04:20.048231,5,5,5,5,1.0,1.0
VIACAO NOVACAP S/A.,B35T020D00201977,-22.87669196,-43.3681612,2026-04-26,FECHADO,2026-04-26 00:00:45.737266,2026-04-26 00:04:45.438063,5,5,5,5,1.0,1.0
VIACAO NOVACAP S/A.,B35T020D00207407,-22.87662925,-43.36795517,2026-04-26,FECHADO,2026-04-26 00:00:39.82862,2026-04-26 00:04:39.34999,5,5,5,5,1.0,1.0
VIACAO NOVACAP S/A.,B35T020D00208002,-22.87634129,-43.36821934,2026-04-26,FECHADO,2026-04-26 00:00:05.155506,2026-04-26 00:04:05.112421,5,5,5,5,1.0,1.0
VIACAO NOVACAP S/A.,B35T020D00208987,-22.8767546,-43.36852101,2026-04-26,FECHADO,2026-04-26 00:00:56.095056,2026-04-26 00:04:56.514767,5,5,5,5,1.0,1.0
VIACAO NOVACAP S/A.,B35T020D00203542,-22.87768163,-43.36834344,2026-04-26,FECHADO,2026-04-26 00:00:23.027947,2026-04-26 00:04:23.401493,5,5,5,5,1.0,1.0
VIACAO NOVACAP S/A.,B35T020D00206296,-22.87627442,-43.36796949,2026-04-26,FECHADO,2026-04-26 00:00:28.875513,2026-04-26 00:04:28.765561,5,5,5,5,1.0,1.0
VIACAO NOVACAP S/A.,B35T020D00209990,-22.87746275,-43.36826653,2026-04-26,FECHADO,2026-04-26 00:00:08.159765,2026-04-26 00:04:07.828279,5,5,5,5,1.0,1.0
VIACAO NOVACAP S/A.,B35T020D00202364,-22.87744691,-43.3683761,2026-04-26,FECHADO,2026-04-26 00:00:47.42522,2026-04-26 00:04:47.784041,5,5,5,5,1.0,1.0
VIACAO NOVACAP S/A.,B35T020D00208757,-22.87637107,-43.36806233,2026-04-26,FECHADO,2026-04-26 00:00:55.327576,2026-04-26 00:04:55.312724,5,5,5,5,1.0,1.0
VIACAO NOVACAP S/A.,B35T020D00202125,-22.87615463,-43.36808175,2026-04-26,FECHADO,2026-04-26 00:00:01.033789,2026-04-26 00:04:00.990338,5,5,5,5,1.0,1.0
VIACAO NOVACAP S/A.,B35T020D00206957,-22.87657543,-43.36801619,2026-04-26,FECHADO,2026-04-26 00:00:52.531432,2026-04-26 00:04:47.462388,5,4,5,5,1.0,0.8
VIACAO NOVACAP S/A.,B35T020D00209857,-22.87610753,-43.36820965,2026-04-26,FECHADO,2026-04-26 00:00:13.577504,2026-04-26 00:04:13.524339,5,5,5,5,1.0,1.0
VIACAO NOVACAP S/A.,B35T020D00209053,-22.87627634,-43.36878233,2026-04-26,FECHADO,2026-04-26 00:00:55.466216,2026-04-26 00:04:55.815981,5,5,5,5,1.0,1.0
VIACAO NOVACAP S/A.,B35T020D00207980,-22.87754508,-43.36838617,2026-04-26,FECHADO,2026-04-26 00:00:13.62186,2026-04-26 00:04:13.178888,5,5,5,5,1.0,1.0
VIACAO NOVACAP S/A.,B35T020D00205057,-22.87662022,-43.36797562,2026-04-26,FECHADO,2026-04-26 00:00:34.808825,2026-04-26 00:04:34.745786,5,5,5,5,1.0,1.0
VIACAO NOVACAP S/A.,B35T020D00201687,-22.87751687,-43.36853101,2026-04-26,FECHADO,2026-04-26 00:00:59.434337,2026-04-26 00:04:59.255603,5,5,5,5,1.0,1.0
VIACAO NOVACAP S/A.,B35T020D00202739,-22.87657892,-43.36835824,2026-04-26,FECHADO,2026-04-26 00:00:31.17159,2026-04-26 00:04:30.998299,5,5,5,5,1.0,1.0
VIACAO NOVACAP S/A.,B35T020D00209864,-22.8765178,-43.36843429,2026-04-26,FECHADO,2026-04-26 00:00:50.51169,2026-04-26 00:04:50.691678,5,5,5,5,1.0,1.0
VIACAO NOVACAP S/A.,B35T020D00203543,-22.87654236,-43.36808638,2026-04-26,FECHADO,2026-04-26 00:00:01.066747,2026-04-26 00:04:01.875535,5,5,5,5,1.0,1.0
VIACAO NOVACAP S/A.,B35T020D00210647,-22.87642878,-43.36809672,2026-04-26,FECHADO,2026-04-26 00:00:41.992842,2026-04-26 00:04:41.993819,5,5,5,5,1.0,1.0
VIACAO NOVACAP S/A.,B35T020D00209316,-22.87641356,-43.36785613,2026-04-26,FECHADO,2026-04-26 00:00:40.93702,2026-04-26 00:04:37.541047,5,5,5,5,1.0,1.0
VIACAO NOVACAP S/A.,B35T020D00208813,-22.87657328,-43.36797546,2026-04-26,FECHADO,2026-04-26 00:00:55.101819,2026-04-26 00:04:55.186704,5,5,5,5,1.0,1.0
VIACAO NOVACAP S/A.,B35T020D00209540,-22.87643783,-43.36791918,2026-04-26,FECHADO,2026-04-26 00:00:40.752876,2026-04-26 00:04:30.493811,5,5,5,5,1.0,1.0
VIACAO NOVACAP S/A.,B35T020D00204890,-22.876605,-43.36806666,2026-04-26,FECHADO,2026-04-26 00:00:40.806957,2026-04-26 00:04:37.549646,5,5,5,5,1.0,1.0
VIACAO NOVACAP S/A.,B35T020D00207946,-22.87757185,-43.36810827,2026-04-26,FECHADO,2026-04-26 00:00:19.499442,2026-04-26 00:04:19.303506,5,5,5,5,1.0,1.0
VIACAO NOVACAP S/A.,B35T020D00209757,-22.87641697,-43.36825433,2026-04-26,FECHADO,2026-04-26 00:00:55.009505,2026-04-26 00:04:55.076284,5,5,5,5,1.0,1.0
VIACAO NOVACAP S/A.,B35T020D00208024,-22.8768421,-43.36812136,2026-04-26,FECHADO,2026-04-26 00:00:26.633843,2026-04-26 00:04:26.226712,5,5,5,5,1.0,1.0
VIACAO NOVACAP S/A.,B35T020D00208153,-22.87654956,-43.36788489,2026-04-26,FECHADO,2026-04-26 00:00:54.523126,2026-04-26 00:04:54.560224,5,5,5,5,1.0,1.0
VIACAO NOVACAP S/A.,B35T020D00200908,-22.87749991,-43.36818839,2026-04-26,FECHADO,2026-04-26 00:00:47.189847,2026-04-26 00:04:46.781904,5,5,5,5,1.0,1.0
VIACAO NOVACAP S/A.,B35T020D00209149,-22.87752206,-43.36842024,2026-04-26,FECHADO,2026-04-26 00:00:12.136955,2026-04-26 00:04:11.769681,5,5,5,5,1.0,1.0
VIACAO NOVACAP S/A.,B35T020D00210233,-22.87681372,-43.36879959,2026-04-26,FECHADO,2026-04-26 00:00:36.344716,2026-04-26 00:04:35.796639,5,5,5,5,1.0,1.0
VIACAO PAVUNENSE S.A.,B35T020D00205047,-22.81676303,-43.3940373,2026-04-26,FECHADO,2026-04-26 00:00:51.893395,2026-04-26 00:04:52.009294,5,5,5,5,1.0,1.0
VIACAO PAVUNENSE S.A.,B35T020D00208166,-22.81685218,-43.39418751,2026-04-26,FECHADO,2026-04-26 00:00:51.017203,2026-04-26 00:04:51.218284,5,5,5,5,1.0,1.0
VIACAO PAVUNENSE S.A.,B35T020D00202838,-22.81599968,-43.39481419,2026-04-26,FECHADO,2026-04-26 00:00:01.46326,2026-04-26 00:04:01.268146,5,5,5,5,1.0,1.0
VIACAO PAVUNENSE S.A.,B35T020D00203004,-22.81647684,-43.39441242,2026-04-26,FECHADO,2026-04-26 00:00:17.899446,2026-04-26 00:04:17.839659,5,5,5,5,1.0,1.0
VIACAO PAVUNENSE S.A.,B35T020D00200851,-22.81672561,-43.3942745,2026-04-26,FECHADO,2026-04-26 00:00:08.426051,2026-04-26 00:04:08.24438,5,5,5,5,1.0,1.0
VIACAO PAVUNENSE S.A.,B35T020D00200767,-22.81779324,-43.39315061,2026-04-26,FECHADO,2026-04-26 00:00:30.229639,2026-04-26 00:04:29.939324,5,5,5,5,1.0,1.0
VIACAO PAVUNENSE S.A.,B35T020D00205660,-22.81816812,-43.3933187,2026-04-26,FECHADO,2026-04-26 00:00:57.892893,2026-04-26 00:04:57.994458,5,5,5,5,1.0,1.0
VIACAO PAVUNENSE S.A.,B35T020D00201117,-22.81677329,-43.39417988,2026-04-26,FECHADO,2026-04-26 00:00:33.225967,2026-04-26 00:04:33.044829,5,5,5,5,1.0,1.0
VIACAO PAVUNENSE S.A.,B35T020D00200720,-22.81791591,-43.3932346,2026-04-26,FECHADO,2026-04-26 00:00:15.644065,2026-04-26 00:04:15.389454,5,5,5,5,1.0,1.0
VIACAO PAVUNENSE S.A.,B35T020D00205249,-22.81466063,-43.38232041,2026-04-26,FECHADO,2026-04-26 00:00:41.997045,2026-04-26 00:04:42.449361,5,5,5,5,1.0,1.0
VIACAO PAVUNENSE S.A.,B35T020D00210484,-22.81617694,-43.39453985,2026-04-26,FECHADO,2026-04-26 00:00:12.705266,2026-04-26 00:04:12.703894,5,5,5,5,1.0,1.0
VIACAO PAVUNENSE S.A.,B35T020D00200732,-22.81595869,-43.39474179,2026-04-26,FECHADO,2026-04-26 00:00:22.859336,2026-04-26 00:04:22.623199,5,5,5,5,1.0,1.0
VIACAO PAVUNENSE S.A.,B35T020D00206423,-22.81617152,-43.39475679,2026-04-26,FECHADO,2026-04-26 00:00:19.506861,2026-04-26 00:04:19.312129,5,5,5,5,1.0,1.0
VIACAO PAVUNENSE S.A.,B35T020D00201431,-22.87408476,-43.2853423,2026-04-26,FECHADO,2026-04-26 00:00:54.28151,2026-04-26 00:04:54.693787,5,5,5,5,1.0,1.0
VIACAO PAVUNENSE S.A.,B35T020D00207058,-22.81512941,-43.38239967,2026-04-26,FECHADO,2026-04-26 00:00:31.579114,2026-04-26 00:04:31.176045,5,5,5,5,1.0,1.0
VIACAO PAVUNENSE S.A.,B35T020D00200963,-22.81611867,-43.3947823,2026-04-26,FECHADO,2026-04-26 00:00:37.726403,2026-04-26 00:04:37.560437,5,5,5,5,1.0,1.0
VIACAO PAVUNENSE S.A.,B35T020D00201742,-22.81611702,-43.39461423,2026-04-26,FECHADO,2026-04-26 00:00:52.382772,2026-04-26 00:04:52.511078,5,5,5,5,1.0,1.0
VIACAO PAVUNENSE S.A.,B35T020D00203308,-22.81737961,-43.39374152,2026-04-26,FECHADO,2026-04-26 00:00:41.121026,2026-04-26 00:04:40.947763,5,5,5,5,1.0,1.0
VIACAO PAVUNENSE S.A.,B35T020D00205230,-22.81585737,-43.39484425,2026-04-26,FECHADO,2026-04-26 00:00:45.944471,2026-04-26 00:04:46.307113,5,5,5,5,1.0,1.0
VIACAO PAVUNENSE S.A.,B35T020D00207470,-22.81636021,-43.39430955,2026-04-26,FECHADO,2026-04-26 00:00:20.325117,2026-04-26 00:04:20.216228,5,5,5,5,1.0,1.0
VIACAO PAVUNENSE S.A.,B35T020D00208181,-22.81618382,-43.39453849,2026-04-26,FECHADO,2026-04-26 00:00:12.491022,2026-04-26 00:04:11.985521,5,5,5,5,1.0,1.0
VIACAO PAVUNENSE S.A.,B35T020D00203105,-22.81786264,-43.39320111,2026-04-26,FECHADO,2026-04-26 00:00:00.84624,2026-04-26 00:04:01.297521,5,5,5,5,1.0,1.0
VIACAO PAVUNENSE S.A.,B35T020D00201805,-22.81630017,-43.3945412,2026-04-26,FECHADO,2026-04-26 00:00:44.659277,2026-04-26 00:04:44.663061,5,5,5,5,1.0,1.0
VIACAO PAVUNENSE S.A.,B35T020D00202065,-22.81604302,-43.39461704,2026-04-26,FECHADO,2026-04-26 00:00:25.400016,2026-04-26 00:04:25.012308,5,5,5,5,1.0,1.0
VIACAO PAVUNENSE S.A.,B35T020D00200848,-22.81589696,-43.394982,2026-04-26,FECHADO,2026-04-26 00:00:52.873726,2026-04-26 00:04:52.976684,5,5,5,5,1.0,1.0
VIACAO PAVUNENSE S.A.,B35T020D00205506,-22.81638283,-43.39436213,2026-04-26,FECHADO,2026-04-26 00:00:38.482992,2026-04-26 00:04:38.493002,5,5,5,5,1.0,1.0
VIACAO PAVUNENSE S.A.,B35T020D00202638,-22.81675397,-43.39436348,2026-04-26,FECHADO,2026-04-26 00:00:50.645621,2026-04-26 00:04:50.823309,5,5,5,5,1.0,1.0
VIACAO PAVUNENSE S.A.,B35T020D00202461,-22.8167065,-43.39424611,2026-04-26,FECHADO,2026-04-26 00:00:29.144645,2026-04-26 00:04:28.993638,5,5,5,5,1.0,1.0
VIACAO PAVUNENSE S.A.,B35T020D00200787,-22.81769835,-43.3934397,2026-04-26,FECHADO,2026-04-26 00:00:31.713987,2026-04-26 00:04:31.467809,5,5,5,5,1.0,1.0
VIACAO PAVUNENSE S.A.,B35T020D00204293,-22.81407249,-43.37977867,2026-04-26,FECHADO,2026-04-26 00:00:18.942413,2026-04-26 00:04:19.133144,5,5,5,5,1.0,1.0
VIACAO PAVUNENSE S.A.,B35T020D00200764,-22.81801663,-43.39303979,2026-04-26,FECHADO,2026-04-26 00:00:40.510625,2026-04-26 00:04:40.539531,5,5,5,5,1.0,1.0
VIACAO PAVUNENSE S.A.,B35T020D00205051,-22.8181536,-43.39323427,2026-04-26,FECHADO,2026-04-26 00:00:50.34736,2026-04-26 00:04:50.588598,5,5,5,5,1.0,1.0
VIACAO PAVUNENSE S.A.,B35T020D00200995,-22.81636661,-43.39430847,2026-04-26,FECHADO,2026-04-26 00:00:00.057379,2026-04-26 00:03:59.993548,4,4,5,5,1.0,1.0
VIACAO PAVUNENSE S.A.,B35T020D00202542,-22.81489718,-43.3822333,2026-04-26,FECHADO,2026-04-26 00:00:43.701789,2026-04-26 00:04:43.867697,5,5,5,5,1.0,1.0
VIACAO PAVUNENSE S.A.,B35T020D00203369,-22.81621151,-43.39460739,2026-04-26,FECHADO,2026-04-26 00:00:26.769876,2026-04-26 00:04:26.366734,5,5,5,5,1.0,1.0
VIACAO PAVUNENSE S.A.,B35T020D00202839,-22.81622841,-43.39453127,2026-04-26,FECHADO,2026-04-26 00:00:17.694866,2026-04-26 00:04:17.324805,5,5,5,5,1.0,1.0
VIACAO PAVUNENSE S.A.,B35T020D00205389,-22.81669744,-43.39439299,2026-04-26,FECHADO,2026-04-26 00:00:22.919159,2026-04-26 00:04:22.768136,5,5,5,5,1.0,1.0
VIACAO PAVUNENSE S.A.,B35T020D00205399,-22.81610979,-43.3949023,2026-04-26,FECHADO,2026-04-26 00:00:27.040297,2026-04-26 00:04:27.104454,5,5,5,5,1.0,1.0
VIACAO PAVUNENSE S.A.,B35T020D00205557,-22.81511332,-43.38242338,2026-04-26,FECHADO,2026-04-26 00:00:23.319832,2026-04-26 00:04:23.297019,5,5,5,5,1.0,1.0
VIACAO PAVUNENSE S.A.,B35T020D00202202,-22.81583661,-43.39482931,2026-04-26,FECHADO,2026-04-26 00:00:09.744292,2026-04-26 00:04:09.334622,5,5,5,5,1.0,1.0
VIACAO PAVUNENSE S.A.,B35T020D00205335,-22.81759841,-43.39346348,2026-04-26,FECHADO,2026-04-26 00:00:05.842304,2026-04-26 00:04:05.59448,5,5,5,5,1.0,1.0
VIACAO PAVUNENSE S.A.,B35T020D00206335,-22.81442714,-43.38246976,2026-04-26,FECHADO,2026-04-26 00:00:51.290825,2026-04-26 00:04:51.170007,5,5,5,5,1.0,1.0
VIACAO PAVUNENSE S.A.,B35T020D00203213,-22.81648698,-43.39442847,2026-04-26,FECHADO,2026-04-26 00:00:05.543009,2026-04-26 00:04:05.301388,5,5,5,5,1.0,1.0
VIACAO PAVUNENSE S.A.,B35T020D00208567,-22.81668078,-43.39446458,2026-04-26,FECHADO,2026-04-26 00:00:04.954385,2026-04-26 00:04:04.856842,5,5,5,5,1.0,1.0
VIACAO PAVUNENSE S.A.,B35T020D00209559,-22.81451361,-43.38240862,2026-04-26,FECHADO,2026-04-26 00:00:32.838089,2026-04-26 00:04:32.420063,5,5,5,5,1.0,1.0
VIACAO PAVUNENSE S.A.,B35T020D00203672,-22.81790616,-43.39318474,2026-04-26,FECHADO,2026-04-26 00:00:50.25176,2026-04-26 00:04:50.275483,5,5,5,5,1.0,1.0
VIACAO PAVUNENSE S.A.,B35T020D00205573,-22.81479283,-43.3822791,2026-04-26,FECHADO,2026-04-26 00:00:57.781248,2026-04-26 00:04:57.939302,5,5,5,5,1.0,1.0
VIACAO PAVUNENSE S.A.,B35T020D00207805,-22.81805445,-43.39311964,2026-04-26,FECHADO,2026-04-26 00:00:09.612931,2026-04-26 00:04:09.605464,5,5,5,5,1.0,1.0
VIACAO PAVUNENSE S.A.,B35T020D00205560,-22.81571747,-43.38878966,2026-04-26,FECHADO,2026-04-26 00:00:24.052862,2026-04-26 00:04:23.634308,5,5,5,5,1.0,1.0
VIACAO PAVUNENSE S.A.,B35T020D00201740,-22.81632214,-43.39445238,2026-04-26,FECHADO,2026-04-26 00:00:02.30427,2026-04-26 00:04:01.946891,5,5,5,5,1.0,1.0
VIACAO PAVUNENSE S.A.,B35T020D00206334,-22.81625871,-43.39466046,2026-04-26,FECHADO,2026-04-26 00:00:26.277846,2026-04-26 00:04:25.910028,5,5,5,5,1.0,1.0
VIACAO PAVUNENSE S.A.,B35T020D00203362,-22.81500845,-43.38214141,2026-04-26,FECHADO,2026-04-26 00:00:02.566771,2026-04-26 00:04:02.193501,5,5,5,5,1.0,1.0
VIACAO PAVUNENSE S.A.,B35T020D00201517,-22.81654003,-43.39415902,2026-04-26,FECHADO,2026-04-26 00:00:48.674734,2026-04-26 00:04:48.912357,5,5,5,5,1.0,1.0
VIACAO PAVUNENSE S.A.,B35T020D00203360,-22.81617226,-43.39458454,2026-04-26,FECHADO,2026-04-26 00:00:18.482114,2026-04-26 00:04:18.08299,5,5,5,5,1.0,1.0
VIACAO PAVUNENSE S.A.,B35T020D00200888,-22.81657626,-43.39447838,2026-04-26,FECHADO,2026-04-26 00:00:56.832343,2026-04-26 00:04:56.891482,5,5,5,5,1.0,1.0
VIACAO PAVUNENSE S.A.,B35T020D00207584,-22.80568949,-43.36405137,2026-04-26,FECHADO,2026-04-26 00:00:36.607295,2026-04-26 00:04:36.299975,5,5,5,5,1.0,1.0
VIACAO PAVUNENSE S.A.,B35T020D00206614,-22.8177607,-43.39349143,2026-04-26,FECHADO,2026-04-26 00:00:16.059466,2026-04-26 00:04:15.958891,5,5,5,5,1.0,1.0
VIACAO PAVUNENSE S.A.,B35T020D00202067,-22.81810658,-43.3929922,2026-04-26,FECHADO,2026-04-26 00:00:00.107998,2026-04-26 00:03:59.878805,4,4,5,5,1.0,1.0
VIACAO PAVUNENSE S.A.,B35T020D00204103,-22.81657252,-43.39424943,2026-04-26,FECHADO,2026-04-26 00:00:24.429023,2026-04-26 00:04:24.433174,5,5,5,5,1.0,1.0
VIACAO PAVUNENSE S.A.,B35T020D00205018,-22.81767119,-43.39341093,2026-04-26,FECHADO,2026-04-26 00:00:50.862316,2026-04-26 00:04:51.005461,5,5,5,5,1.0,1.0
VIACAO PAVUNENSE S.A.,B35T020D00201745,-22.81800123,-43.39316913,2026-04-26,FECHADO,2026-04-26 00:00:26.419355,2026-04-26 00:04:27.4006,5,5,5,5,1.0,1.0
VIACAO PAVUNENSE S.A.,B35T020D00203070,-22.81599358,-43.39473009,2026-04-26,FECHADO,2026-04-26 00:00:47.552061,2026-04-26 00:04:47.775875,5,5,5,5,1.0,1.0
VIACAO PAVUNENSE S.A.,B35T020D00205281,-22.8175519,-43.39375822,2026-04-26,FECHADO,2026-04-26 00:00:44.960705,2026-04-26 00:04:44.961006,5,5,5,5,1.0,1.0
VIACAO PAVUNENSE S.A.,B35T020D00205414,-22.81799481,-43.39309284,2026-04-26,FECHADO,2026-04-26 00:00:13.647174,2026-04-26 00:04:13.332969,5,5,5,5,1.0,1.0
VIACAO PAVUNENSE S.A.,B35T020D00201991,-22.81736662,-43.39349172,2026-04-26,FECHADO,2026-04-26 00:00:56.573217,2026-04-26 00:04:56.634932,5,5,5,5,1.0,1.0
VIACAO PAVUNENSE S.A.,B35T020D00204918,-22.81786755,-43.39307265,2026-04-26,FECHADO,2026-04-26 00:00:54.585245,2026-04-26 00:04:54.828072,5,5,5,5,1.0,1.0
VIACAO PAVUNENSE S.A.,B35T020D00204675,-22.81587574,-43.39478853,2026-04-26,FECHADO,2026-04-26 00:00:51.507466,2026-04-26 00:04:51.688956,5,5,5,5,1.0,1.0
VIACAO PAVUNENSE S.A.,B35T020D00201849,-22.80938218,-43.36914431,2026-04-26,FECHADO,2026-04-26 00:00:07.045919,2026-04-26 00:04:06.843593,5,5,5,5,1.0,1.0
VIACAO PAVUNENSE S.A.,B35T020D00205314,-22.81718452,-43.3938188,2026-04-26,FECHADO,2026-04-26 00:00:13.641453,2026-04-26 00:04:13.71088,5,5,5,5,1.0,1.0
VIACAO PAVUNENSE S.A.,B35T020D00200735,-22.81791894,-43.3930348,2026-04-26,FECHADO,2026-04-26 00:00:47.277253,2026-04-26 00:04:47.537344,5,5,5,5,1.0,1.0
VIACAO PAVUNENSE S.A.,B35T020D00204779,-22.81696128,-43.39393755,2026-04-26,FECHADO,2026-04-26 00:00:30.193115,2026-04-26 00:04:30.220466,5,5,5,5,1.0,1.0
VIACAO PAVUNENSE S.A.,B35T020D00203310,-22.8057133,-43.36401871,2026-04-26,FECHADO,2026-04-26 00:00:43.170073,2026-04-26 00:04:43.160417,5,5,5,5,1.0,1.0
VIACAO PAVUNENSE S.A.,B35T020D00203602,-22.81601171,-43.39475165,2026-04-26,FECHADO,2026-04-26 00:00:24.360593,2026-04-26 00:04:24.367884,5,5,5,5,1.0,1.0
VIACAO PAVUNENSE S.A.,B35T020D00208179,-22.8160721,-43.39489103,2026-04-26,FECHADO,2026-04-26 00:00:43.184778,2026-04-26 00:04:43.00698,5,5,5,5,1.0,1.0
VIACAO PAVUNENSE S.A.,B35T020D00201436,-22.8161942,-43.39459945,2026-04-26,FECHADO,2026-04-26 00:00:46.342508,2026-04-26 00:04:46.171643,5,5,5,5,1.0,1.0
VIACAO PAVUNENSE S.A.,B35T020D00206897,-22.81805958,-43.39324353,2026-04-26,FECHADO,2026-04-26 00:00:05.734127,2026-04-26 00:04:05.676423,5,5,5,5,1.0,1.0
VIACAO PAVUNENSE S.A.,B35T020D00203306,-22.81626182,-43.39471514,2026-04-26,FECHADO,2026-04-26 00:00:12.703125,2026-04-26 00:04:12.343312,5,5,5,5,1.0,1.0
VIACAO PAVUNENSE S.A.,B35T020D00210248,-22.81813908,-43.39308113,2026-04-26,FECHADO,2026-04-26 00:00:32.887409,2026-04-26 00:04:32.847121,5,5,5,5,1.0,1.0
VIACAO PAVUNENSE S.A.,B35T020D00200847,-22.81817413,-43.3919531,2026-04-26,FECHADO,2026-04-26 00:00:47.917179,2026-04-26 00:04:48.420949,5,5,5,5,1.0,1.0
VIACAO PAVUNENSE S.A.,B35T020D00204679,-22.81687314,-43.39421635,2026-04-26,FECHADO,2026-04-26 00:00:09.371708,2026-04-26 00:04:08.912724,5,5,5,5,1.0,1.0
VIACAO PAVUNENSE S.A.,B35T020D00204671,-22.8168639,-43.39428695,2026-04-26,FECHADO,2026-04-26 00:00:38.820499,2026-04-26 00:04:38.518723,5,5,5,5,1.0,1.0
VIACAO PAVUNENSE S.A.,B35T020D00203068,-22.81592429,-43.39509973,2026-04-26,FECHADO,2026-04-26 00:00:19.867204,2026-04-26 00:04:19.842289,5,5,5,5,1.0,1.0
VIACAO PAVUNENSE S.A.,B35T020D00206611,-22.81634471,-43.39449309,2026-04-26,FECHADO,2026-04-26 00:00:43.209314,2026-04-26 00:04:43.246316,5,5,5,5,1.0,1.0
VIACAO PAVUNENSE S.A.,B35T020D00201840,-22.81808821,-43.39314469,2026-04-26,FECHADO,2026-04-26 00:00:05.309823,2026-04-26 00:04:05.667657,5,5,5,5,1.0,1.0
VIACAO PAVUNENSE S.A.,B35T020D00206746,-22.81673199,-43.39411526,2026-04-26,FECHADO,2026-04-26 00:00:24.481757,2026-04-26 00:04:24.180891,5,5,5,5,1.0,1.0
VIACAO PAVUNENSE S.A.,B35T020D00200884,-22.81811122,-43.3917305,2026-04-26,FECHADO,2026-04-26 00:00:30.677725,2026-04-26 00:04:30.645836,5,5,5,5,1.0,1.0
VIACAO PAVUNENSE S.A.,B35T020D00209948,-22.81643481,-43.39459374,2026-04-26,FECHADO,2026-04-26 00:00:19.944942,2026-04-26 00:04:19.930768,5,5,5,5,1.0,1.0
VIACAO PAVUNENSE S.A.,B35T020D00205297,-22.81582101,-43.39481882,2026-04-26,FECHADO,2026-04-26 00:00:16.877299,2026-04-26 00:04:16.494266,5,5,5,5,1.0,1.0
VIACAO PAVUNENSE S.A.,B35T020D00203367,-22.81711049,-43.39359754,2026-04-26,FECHADO,2026-04-26 00:00:56.561587,2026-04-26 00:04:56.713063,5,5,5,5,1.0,1.0
VIACAO PAVUNENSE S.A.,B35T020D00201428,-22.80561205,-43.36413901,2026-04-26,FECHADO,2026-04-26 00:00:56.928188,2026-04-26 00:04:57.116412,5,5,5,5,1.0,1.0
VIACAO PAVUNENSE S.A.,B35T020D00203082,-22.8160784,-43.39470297,2026-04-26,FECHADO,2026-04-26 00:00:46.387457,2026-04-26 00:04:46.544472,5,5,5,5,1.0,1.0
VIACAO PAVUNENSE S.A.,B35T020D00203364,-22.81652906,-43.39430595,2026-04-26,FECHADO,2026-04-26 00:00:34.056494,2026-04-26 00:04:33.867951,5,5,5,5,1.0,1.0
VIACAO PAVUNENSE S.A.,B35T020D00205423,-22.81665448,-43.3943028,2026-04-26,FECHADO,2026-04-26 00:00:45.313292,2026-04-26 00:04:45.374112,5,5,5,5,1.0,1.0
VIACAO PAVUNENSE S.A.,B35T020D00200873,-22.81760718,-43.39355323,2026-04-26,FECHADO,2026-04-26 00:00:10.625398,2026-04-26 00:04:10.237747,5,5,5,5,1.0,1.0
VIACAO PAVUNENSE S.A.,B35T020D00202464,-22.81675056,-43.39403615,2026-04-26,FECHADO,2026-04-26 00:00:49.317441,2026-04-26 00:04:49.538006,5,5,5,5,1.0,1.0
VIACAO PAVUNENSE S.A.,B35T020D00205004,-22.81649373,-43.39437863,2026-04-26,FECHADO,2026-04-26 00:00:43.403382,2026-04-26 00:04:43.178258,5,5,5,5,1.0,1.0
VIACAO PAVUNENSE S.A.,B35T020D00205397,-22.81707248,-43.39383648,2026-04-26,FECHADO,2026-04-26 00:00:25.826431,2026-04-26 00:04:25.617273,5,5,5,5,1.0,1.0
VIACAO PAVUNENSE S.A.,B35T020D00205315,-22.81793918,-43.39302864,2026-04-26,FECHADO,2026-04-26 00:00:09.520521,2026-04-26 00:04:09.1945,5,5,5,5,1.0,1.0
VIACAO PAVUNENSE S.A.,B35T020D00205483,-22.81695216,-43.39412535,2026-04-26,FECHADO,2026-04-26 00:00:03.720699,2026-04-26 00:04:03.521136,5,5,5,5,1.0,1.0
VIACAO PAVUNENSE S.A.,B35T020D00207953,-22.81617963,-43.39456186,2026-04-26,FECHADO,2026-04-26 00:00:38.66212,2026-04-26 00:04:38.718682,5,5,5,5,1.0,1.0
VIACAO PAVUNENSE S.A.,B35T020D00201703,-22.81823397,-43.39319426,2026-04-26,FECHADO,2026-04-26 00:00:10.739258,2026-04-26 00:04:10.405235,5,5,5,5,1.0,1.0
VIACAO PAVUNENSE S.A.,B35T020D00200846,-22.81802958,-43.39299985,2026-04-26,FECHADO,2026-04-26 00:00:12.867577,2026-04-26 00:04:12.685846,5,5,5,5,1.0,1.0
VIACAO PAVUNENSE S.A.,B35T020D00202472,-22.8056577,-43.36406811,2026-04-26,FECHADO,2026-04-26 00:00:31.233754,2026-04-26 00:04:30.843056,5,5,5,5,1.0,1.0
VIACAO PAVUNENSE S.A.,B35T020D00206529,-22.81584975,-43.39507521,2026-04-26,FECHADO,2026-04-26 00:00:21.243263,2026-04-26 00:04:20.746829,5,5,5,5,1.0,1.0
VIACAO PAVUNENSE S.A.,B35T020D00202051,-22.81776232,-43.39320036,2026-04-26,FECHADO,2026-04-26 00:00:01.490933,2026-04-26 00:04:01.248445,5,5,5,5,1.0,1.0
VIACAO PAVUNENSE S.A.,B35T020D00209557,-22.80565722,-43.36407296,2026-04-26,FECHADO,2026-04-26 00:00:22.257176,2026-04-26 00:04:21.838332,5,5,5,5,1.0,1.0
VIACAO PAVUNENSE S.A.,B35T020D00202064,-22.80556108,-43.36412226,2026-04-26,FECHADO,2026-04-26 00:00:34.872982,2026-04-26 00:04:34.584398,5,5,5,5,1.0,1.0
VIACAO PAVUNENSE S.A.,B35T020D00201515,-22.81615377,-43.39475255,2026-04-26,FECHADO,2026-04-26 00:00:19.738539,2026-04-26 00:04:19.56537,5,5,5,5,1.0,1.0
VIACAO PAVUNENSE S.A.,B35T020D00206505,-22.81923467,-43.39154961,2026-04-26,FECHADO,2026-04-26 00:00:18.044179,2026-04-26 00:04:17.95429,5,5,5,5,1.0,1.0
VIACAO PAVUNENSE S.A.,B35T020D00201741,-22.80560744,-43.36411246,2026-04-26,FECHADO,2026-04-26 00:00:28.836434,2026-04-26 00:04:28.439253,5,5,5,5,1.0,1.0
VIACAO PAVUNENSE S.A.,B35T020D00204099,-22.81780366,-43.39306457,2026-04-26,FECHADO,2026-04-26 00:00:04.813323,2026-04-26 00:04:04.50519,5,5,5,5,1.0,1.0
VIACAO PAVUNENSE S.A.,B35T020D00204764,-22.8162755,-43.39438316,2026-04-26,FECHADO,2026-04-26 00:00:56.382645,2026-04-26 00:04:56.205065,5,5,5,5,1.0,1.0
VIACAO PAVUNENSE S.A.,B35T020D00200724,-22.81797725,-43.39316475,2026-04-26,FECHADO,2026-04-26 00:00:30.239756,2026-04-26 00:04:30.381378,5,5,5,5,1.0,1.0
VIACAO PAVUNENSE S.A.,B35T020D00201131,-22.81581691,-43.39506402,2026-04-26,FECHADO,2026-04-26 00:00:52.981672,2026-04-26 00:04:53.308068,5,5,5,5,1.0,1.0
VIACAO PAVUNENSE S.A.,B35T020D00204723,-22.81613581,-43.39484779,2026-04-26,FECHADO,2026-04-26 00:00:38.603522,2026-04-26 00:04:38.552292,5,5,5,5,1.0,1.0
VIACAO PAVUNENSE S.A.,B35T020D00205294,-22.81517823,-43.38237074,2026-04-26,FECHADO,2026-04-26 00:00:09.810259,2026-04-26 00:04:10.075946,5,5,5,5,1.0,1.0
VIACAO PAVUNENSE S.A.,B35T020D00200889,-22.81835278,-43.39225634,2026-04-26,FECHADO,2026-04-26 00:00:31.211048,2026-04-26 00:04:31.02647,5,5,5,5,1.0,1.0
VIACAO PAVUNENSE S.A.,B35T020D00200955,-22.8072964,-43.36696052,2026-04-26,FECHADO,2026-04-26 00:00:40.907221,2026-04-26 00:04:40.698137,5,5,5,5,1.0,1.0
VIACAO PAVUNENSE S.A.,B35T020D00202843,-22.80569359,-43.3641018,2026-04-26,FECHADO,2026-04-26 00:00:04.684549,2026-04-26 00:04:04.348019,5,5,5,5,1.0,1.0
VIACAO PAVUNENSE S.A.,B35T020D00205661,-22.81669549,-43.39409021,2026-04-26,FECHADO,2026-04-26 00:00:41.173154,2026-04-26 00:04:40.883603,5,5,5,5,1.0,1.0
VIACAO PAVUNENSE S.A.,B35T020D00207534,-22.81640376,-43.39442393,2026-04-26,FECHADO,2026-04-26 00:00:23.74299,2026-04-26 00:04:23.608269,5,5,5,5,1.0,1.0
VIACAO PAVUNENSE S.A.,B35T020D00201826,-22.81651219,-43.39425513,2026-04-26,FECHADO,2026-04-26 00:00:04.738566,2026-04-26 00:04:04.702906,5,5,5,5,1.0,1.0
VIACAO PAVUNENSE S.A.,B35T020D00205189,-22.81805423,-43.39330452,2026-04-26,FECHADO,2026-04-26 00:00:13.571496,2026-04-26 00:04:13.138412,5,5,5,5,1.0,1.0
VIACAO PAVUNENSE S.A.,B35T020D00201801,-22.81802159,-43.39329006,2026-04-26,FECHADO,2026-04-26 00:00:24.253229,2026-04-26 00:04:24.088214,5,5,5,5,1.0,1.0
VIACAO PAVUNENSE S.A.,B35T020D00205599,-22.81646791,-43.39452953,2026-04-26,FECHADO,2026-04-26 00:00:29.827423,2026-04-26 00:04:29.548265,5,5,5,5,1.0,1.0
VIACAO PAVUNENSE S.A.,B35T020D00207951,-22.81793938,-43.39304203,2026-04-26,FECHADO,2026-04-26 00:00:23.356424,2026-04-26 00:04:23.27978,5,5,5,5,1.0,1.0
VIACAO PAVUNENSE S.A.,B35T020D00203371,-22.81609483,-43.39478728,2026-04-26,FECHADO,2026-04-26 00:00:29.706059,2026-04-26 00:04:29.279829,5,5,5,5,1.0,1.0
VIACAO PAVUNENSE S.A.,B35T020D00204101,-22.8166668,-43.3940373,2026-04-26,FECHADO,2026-04-26 00:00:14.25014,2026-04-26 00:04:13.653269,5,5,5,5,1.0,1.0
VIACAO PAVUNENSE S.A.,B35T020D00205394,-22.8173663,-43.39350162,2026-04-26,FECHADO,2026-04-26 00:00:38.961863,2026-04-26 00:04:38.850401,5,5,5,5,1.0,1.0
VIACAO PAVUNENSE S.A.,B35T020D00200725,-22.81793683,-43.39303602,2026-04-26,FECHADO,2026-04-26 00:00:11.748812,2026-04-26 00:04:11.58288,5,5,5,5,1.0,1.0
VIACAO PAVUNENSE S.A.,B35T020D00201853,-22.81790559,-43.39305169,2026-04-26,FECHADO,2026-04-26 00:00:13.177779,2026-04-26 00:04:13.028841,5,5,5,5,1.0,1.0
VIACAO PAVUNENSE S.A.,B35T020D00205310,-22.81737226,-43.39359077,2026-04-26,FECHADO,2026-04-26 00:00:09.080696,2026-04-26 00:04:09.048473,5,5,5,5,1.0,1.0
VIACAO PAVUNENSE S.A.,B35T020D00202871,-22.817062,-43.39380176,2026-04-26,FECHADO,2026-04-26 00:00:19.998397,2026-04-26 00:04:19.814627,5,5,5,5,1.0,1.0
VIACAO PAVUNENSE S.A.,B35T020D00205535,-22.81804772,-43.39334221,2026-04-26,FECHADO,2026-04-26 00:00:20.267858,2026-04-26 00:04:20.194799,5,5,5,5,1.0,1.0
VIACAO PAVUNENSE S.A.,B35T020D00205124,-22.81695528,-43.39411806,2026-04-26,FECHADO,2026-04-26 00:00:17.196467,2026-04-26 00:04:17.103395,5,5,5,5,1.0,1.0
VIACAO PAVUNENSE S.A.,B35T020D00205336,-22.81501478,-43.38229478,2026-04-26,FECHADO,2026-04-26 00:00:02.915968,2026-04-26 00:04:02.768686,5,5,5,5,1.0,1.0
VIACAO PAVUNENSE S.A.,B35T020D00203107,-22.81788792,-43.39332811,2026-04-26,FECHADO,2026-04-26 00:00:25.315509,2026-04-26 00:04:25.24466,5,5,5,5,1.0,1.0
VIACAO PAVUNENSE S.A.,B35T020D00204098,-22.81731172,-43.39374737,2026-04-26,FECHADO,2026-04-26 00:00:18.902331,2026-04-26 00:04:18.545518,5,5,5,5,1.0,1.0
VIACAO PAVUNENSE S.A.,B35T020D00210485,-22.81693805,-43.39410197,2026-04-26,FECHADO,2026-04-26 00:00:49.424281,2026-04-26 00:04:49.679423,5,5,5,5,1.0,1.0
VIACAO PAVUNENSE S.A.,B35T020D00210556,-22.8169675,-43.39384385,2026-04-26,FECHADO,2026-04-26 00:00:14.660771,2026-04-26 00:04:14.283787,5,5,5,5,1.0,1.0
VIACAO PAVUNENSE S.A.,B35T020D00201744,-22.81779181,-43.39335896,2026-04-26,FECHADO,2026-04-26 00:00:39.944448,2026-04-26 00:04:39.52144,5,5,5,5,1.0,1.0
VIACAO PAVUNENSE S.A.,B35T020D00209724,-22.81753959,-43.39357278,2026-04-26,FECHADO,2026-04-26 00:00:16.808487,2026-04-26 00:04:16.554129,5,5,5,5,1.0,1.0
VIACAO PAVUNENSE S.A.,B35T020D00205650,-22.81513318,-43.38220725,2026-04-26,FECHADO,2026-04-26 00:00:16.932679,2026-04-26 00:04:16.975939,5,5,5,5,1.0,1.0
VIACAO PAVUNENSE S.A.,B35T020D00206893,-22.81796924,-43.39307838,2026-04-26,FECHADO,2026-04-26 00:00:27.826385,2026-04-26 00:04:27.845882,5,5,5,5,1.0,1.0
VIACAO PAVUNENSE S.A.,B35T020D00205507,-22.81697813,-43.39418143,2026-04-26,FECHADO,2026-04-26 00:00:38.092591,2026-04-26 00:04:37.89777,5,5,5,5,1.0,1.0
VIACAO PAVUNENSE S.A.,B35T020D00208178,-22.81670015,-43.39411169,2026-04-26,FECHADO,2026-04-26 00:00:09.381856,2026-04-26 00:04:09.37457,5,5,5,5,1.0,1.0
VIACAO PAVUNENSE S.A.,B35T020D00203084,-22.81630545,-43.39474463,2026-04-26,FECHADO,2026-04-26 00:00:08.5834,2026-04-26 00:04:08.548717,5,5,5,5,1.0,1.0
VIACAO PAVUNENSE S.A.,B35T020D00202048,-22.81641416,-43.39461212,2026-04-26,FECHADO,2026-04-26 00:00:03.978823,2026-04-26 00:04:03.582038,5,5,5,5,1.0,1.0
VIACAO PAVUNENSE S.A.,B35T020D00200892,-22.81657545,-43.39428093,2026-04-26,FECHADO,2026-04-26 00:00:17.677289,2026-04-26 00:04:17.42669,5,5,5,5,1.0,1.0
VIACAO PAVUNENSE S.A.,B35T020D00201513,-22.81815822,-43.39328333,2026-04-26,FECHADO,2026-04-26 00:00:25.536725,2026-04-26 00:04:25.351622,5,5,5,5,1.0,1.0
VIACAO PAVUNENSE S.A.,B35T020D00203385,-22.81649832,-43.39427482,2026-04-26,FECHADO,2026-04-26 00:00:53.718721,2026-04-26 00:04:53.882312,5,5,5,5,1.0,1.0
VIACAO PAVUNENSE S.A.,B35T020D00201851,-22.80682269,-43.36666017,2026-04-26,FECHADO,2026-04-26 00:00:49.891013,2026-04-26 00:04:50.27713,5,5,5,5,1.0,1.0
VIACAO PAVUNENSE S.A.,B35T020D00205558,-22.81629663,-43.39435712,2026-04-26,FECHADO,2026-04-26 00:00:28.687806,2026-04-26 00:04:28.589902,5,5,5,5,1.0,1.0
VIACAO PAVUNENSE S.A.,B35T020D00210462,-22.81668513,-43.39418797,2026-04-26,FECHADO,2026-04-26 00:00:26.307734,2026-04-26 00:04:26.009949,5,5,5,5,1.0,1.0
VIACAO PAVUNENSE S.A.,B35T020D00205536,-22.80566664,-43.36407246,2026-04-26,FECHADO,2026-04-26 00:00:15.465036,2026-04-26 00:04:15.396177,5,5,5,5,1.0,1.0
VIACAO PAVUNENSE S.A.,B35T020D00200886,-22.81600461,-43.39469043,2026-04-26,FECHADO,2026-04-26 00:00:04.97674,2026-04-26 00:04:04.800397,5,5,5,5,1.0,1.0
VIACAO REDENTOR LTDA.,B35T020D00205099,-22.95328134,-43.3498567,2026-04-26,FECHADO,2026-04-26 00:00:22.136386,2026-04-26 00:04:21.949256,5,5,5,5,1.0,1.0
VIACAO REDENTOR LTDA.,B35T020D00204217,-22.95232563,-43.34802456,2026-04-26,FECHADO,2026-04-26 00:00:58.644445,2026-04-26 00:04:59.010494,5,5,5,5,1.0,1.0
VIACAO REDENTOR LTDA.,B35T020D00206544,-22.953206,-43.35084185,2026-04-26,FECHADO,2026-04-26 00:00:12.970998,2026-04-26 00:04:13.303977,5,5,5,5,1.0,1.0
VIACAO REDENTOR LTDA.,B35T020D00203527,-22.95286348,-43.35104786,2026-04-26,FECHADO,2026-04-26 00:00:00.151746,2026-04-26 00:04:00.329309,5,5,5,5,1.0,1.0
VIACAO REDENTOR LTDA.,B35T020D00208125,-22.95256485,-43.3508001,2026-04-26,FECHADO,2026-04-26 00:00:39.659504,2026-04-26 00:04:39.393623,5,5,5,5,1.0,1.0
VIACAO REDENTOR LTDA.,B35T020D00203405,-22.95321912,-43.35103307,2026-04-26,FECHADO,2026-04-26 00:00:48.0613,2026-04-26 00:04:48.05428,5,5,5,5,1.0,1.0
VIACAO REDENTOR LTDA.,B35T020D00201752,-22.95262119,-43.34898,2026-04-26,FECHADO,2026-04-26 00:00:09.813154,2026-04-26 00:04:09.871992,5,5,5,5,1.0,1.0
VIACAO REDENTOR LTDA.,B35T020D00201103,-22.95290763,-43.35114136,2026-04-26,FECHADO,2026-04-26 00:00:19.412314,2026-04-26 00:04:19.009192,5,5,5,5,1.0,1.0
VIACAO REDENTOR LTDA.,B35T020D00204426,-23.02052188,-43.48297243,2026-04-26,FECHADO,2026-04-26 00:00:44.513872,2026-04-26 00:04:44.835535,5,5,5,5,1.0,1.0
VIACAO REDENTOR LTDA.,B35T020D00208628,-22.95319768,-43.35061914,2026-04-26,FECHADO,2026-04-26 00:00:01.447798,2026-04-26 00:04:01.518387,5,5,5,5,1.0,1.0
VIACAO REDENTOR LTDA.,B35T020D00202341,-22.95302164,-43.35046173,2026-04-26,FECHADO,2026-04-26 00:00:41.750391,2026-04-26 00:04:41.686171,5,5,5,5,1.0,1.0
VIACAO REDENTOR LTDA.,B35T020D00207851,-22.95267593,-43.35007932,2026-04-26,FECHADO,2026-04-26 00:00:14.986562,2026-04-26 00:04:15.117653,5,5,5,5,1.0,1.0
VIACAO REDENTOR LTDA.,B35T020D00210101,-22.95301092,-43.34971469,2026-04-26,FECHADO,2026-04-26 00:00:54.868409,2026-04-26 00:04:55.163025,5,5,5,5,1.0,1.0
VIACAO REDENTOR LTDA.,B35T020D00210256,-22.9526465,-43.35093413,2026-04-26,FECHADO,2026-04-26 00:00:23.261277,2026-04-26 00:04:22.921629,5,5,5,5,1.0,1.0
VIACAO REDENTOR LTDA.,B35T020D00210372,-22.95237545,-43.34824702,2026-04-26,FECHADO,2026-04-26 00:00:30.874689,2026-04-26 00:04:30.772694,5,5,5,5,1.0,1.0
VIACAO REDENTOR LTDA.,B35T020D00202469,-22.95180201,-43.34853389,2026-04-26,FECHADO,2026-04-26 00:00:29.873775,2026-04-26 00:04:30.253173,5,5,5,5,1.0,1.0
VIACAO REDENTOR LTDA.,B35T020D00202369,-22.95214414,-43.34887851,2026-04-26,FECHADO,2026-04-26 00:00:32.73907,2026-04-26 00:04:32.635276,5,5,5,5,1.0,1.0
VIACAO REDENTOR LTDA.,B35T020D00202185,-22.95317543,-43.34978293,2026-04-26,FECHADO,2026-04-26 00:00:35.575314,2026-04-26 00:04:35.227919,5,5,5,5,1.0,1.0
VIACAO REDENTOR LTDA.,B35T020D00204115,-22.95337716,-43.3507321,2026-04-26,FECHADO,2026-04-26 00:00:04.029937,2026-04-26 00:04:03.885527,5,5,5,5,1.0,1.0
VIACAO REDENTOR LTDA.,B35T020D00207850,-22.95367895,-43.35026987,2026-04-26,FECHADO,2026-04-26 00:00:44.655186,2026-04-26 00:04:44.818346,5,5,5,5,1.0,1.0
VIACAO REDENTOR LTDA.,B35T020D00202468,-22.95345946,-43.34963275,2026-04-26,FECHADO,2026-04-26 00:00:29.655029,2026-04-26 00:04:29.299846,5,5,5,5,1.0,1.0
VIACAO REDENTOR LTDA.,B35T020D00207328,-22.9524179,-43.35083623,2026-04-26,FECHADO,2026-04-26 00:00:37.313348,2026-04-26 00:04:36.984652,5,5,5,5,1.0,1.0
VIACAO REDENTOR LTDA.,B35T020D00200715,-22.95290182,-43.34994727,2026-04-26,FECHADO,2026-04-26 00:00:16.064913,2026-04-26 00:04:16.032829,5,5,5,5,1.0,1.0
VIACAO REDENTOR LTDA.,B35T020D00204710,-22.95247352,-43.34875803,2026-04-26,FECHADO,2026-04-26 00:00:50.862973,2026-04-26 00:04:51.707491,5,5,5,5,1.0,1.0
VIACAO REDENTOR LTDA.,B35T020D00204144,-22.94874993,-43.34822874,2026-04-26,FECHADO,2026-04-26 00:00:00.63099,2026-04-26 00:04:00.233312,5,5,5,5,1.0,1.0
VIACAO REDENTOR LTDA.,B35T020D00210172,-22.95314586,-43.35080323,2026-04-26,FECHADO,2026-04-26 00:00:57.178085,2026-04-26 00:04:57.363003,5,5,5,5,1.0,1.0
VIACAO REDENTOR LTDA.,B35T020D00206871,-22.95321863,-43.3500043,2026-04-26,FECHADO,2026-04-26 00:00:54.991375,2026-04-26 00:04:55.312402,5,5,5,5,1.0,1.0
VIACAO REDENTOR LTDA.,B35T020D00208626,-22.95276019,-43.35098922,2026-04-26,FECHADO,2026-04-26 00:00:20.347886,2026-04-26 00:04:20.115171,5,5,5,5,1.0,1.0
VIACAO REDENTOR LTDA.,B35T020D00201152,-22.95340192,-43.350411,2026-04-26,FECHADO,2026-04-26 00:00:27.545216,2026-04-26 00:04:27.611303,5,5,5,5,1.0,1.0
VIACAO REDENTOR LTDA.,B35T020D00204965,-22.95299374,-43.34971611,2026-04-26,FECHADO,2026-04-26 00:00:29.043655,2026-04-26 00:04:28.946226,5,5,5,5,1.0,1.0
VIACAO REDENTOR LTDA.,B35T020D00208518,-22.97822574,-43.41668699,2026-04-26,FECHADO,2026-04-26 00:00:20.676171,2026-04-26 00:04:20.769055,5,5,5,5,1.0,1.0
VIACAO REDENTOR LTDA.,B35T020D00209066,-22.95258328,-43.34951036,2026-04-26,FECHADO,2026-04-26 00:00:44.412825,2026-04-26 00:04:44.37676,5,5,5,5,1.0,1.0
VIACAO REDENTOR LTDA.,B35T020D00203493,-22.95341197,-43.34968425,2026-04-26,FECHADO,2026-04-26 00:00:37.131262,2026-04-26 00:04:36.938162,5,5,5,5,1.0,1.0
VIACAO REDENTOR LTDA.,B35T020D00206788,-22.95281685,-43.34839429,2026-04-26,FECHADO,2026-04-26 00:00:32.06011,2026-04-26 00:04:32.185746,5,5,5,5,1.0,1.0
VIACAO REDENTOR LTDA.,B35T020D00204091,-22.98091435,-43.36535791,2026-04-26,FECHADO,2026-04-26 00:00:37.695555,2026-04-26 00:04:37.677612,5,5,5,5,1.0,1.0
VIACAO REDENTOR LTDA.,B35T020D00207779,-22.95250699,-43.34910357,2026-04-26,FECHADO,2026-04-26 00:00:34.560282,2026-04-26 00:04:34.815492,5,5,5,5,1.0,1.0
VIACAO REDENTOR LTDA.,B35T020D00204207,-22.95269592,-43.34825984,2026-04-26,FECHADO,2026-04-26 00:00:21.747193,2026-04-26 00:04:21.278521,5,5,5,5,1.0,1.0
VIACAO REDENTOR LTDA.,B35T020D00203191,-22.95248356,-43.35083622,2026-04-26,FECHADO,2026-04-26 00:00:28.590626,2026-04-26 00:04:28.544634,5,5,5,5,1.0,1.0
VIACAO REDENTOR LTDA.,B35T020D00202398,-22.99945696,-43.24752747,2026-04-26,FECHADO,2026-04-26 00:00:25.804014,2026-04-26 00:04:25.764012,5,5,5,5,1.0,1.0
VIACAO REDENTOR LTDA.,B35T020D00207983,-22.95264606,-43.35000945,2026-04-26,FECHADO,2026-04-26 00:00:36.383356,2026-04-26 00:04:36.342253,5,5,5,5,1.0,1.0
VIACAO REDENTOR LTDA.,B35T020D00209779,-22.95316784,-43.35053605,2026-04-26,FECHADO,2026-04-26 00:00:20.427166,2026-04-26 00:04:20.077343,5,5,5,5,1.0,1.0
VIACAO REDENTOR LTDA.,B35T020D00209664,-22.95202663,-43.35024182,2026-04-26,FECHADO,2026-04-26 00:00:21.594004,2026-04-26 00:04:21.429047,5,5,5,5,1.0,1.0
VIACAO REDENTOR LTDA.,B35T020D00210070,-22.95215038,-43.34925422,2026-04-26,FECHADO,2026-04-26 00:00:46.905959,2026-04-26 00:04:47.655759,5,5,5,5,1.0,1.0
VIACAO REDENTOR LTDA.,B35T020D00208049,-22.95311451,-43.34996803,2026-04-26,FECHADO,2026-04-26 00:00:13.237116,2026-04-26 00:04:13.177296,5,5,5,5,1.0,1.0
VIACAO REDENTOR LTDA.,B35T020D00205117,-22.95268202,-43.35033734,2026-04-26,FECHADO,2026-04-26 00:00:21.135884,2026-04-26 00:04:21.021212,5,5,5,5,1.0,1.0
VIACAO REDENTOR LTDA.,B35T020D00202705,-22.95323808,-43.35095142,2026-04-26,FECHADO,2026-04-26 00:00:31.791906,2026-04-26 00:04:31.758504,5,5,5,5,1.0,1.0
VIACAO REDENTOR LTDA.,B35T020D00201424,-22.95219768,-43.35012435,2026-04-26,FECHADO,2026-04-26 00:00:19.360709,2026-04-26 00:04:19.466606,5,5,5,5,1.0,1.0
VIACAO REDENTOR LTDA.,B35T020D00201949,-22.95342537,-43.35040083,2026-04-26,FECHADO,2026-04-26 00:00:12.098544,2026-04-26 00:04:11.651627,5,5,5,5,1.0,1.0
VIACAO REDENTOR LTDA.,B35T020D00208151,-22.95308388,-43.3499217,2026-04-26,FECHADO,2026-04-26 00:00:22.238407,2026-04-26 00:04:21.518251,5,5,5,5,1.0,1.0
VIACAO REDENTOR LTDA.,B35T020D00208058,-22.95279088,-43.34860791,2026-04-26,FECHADO,2026-04-26 00:00:36.832201,2026-04-26 00:04:36.328831,5,5,5,5,1.0,1.0
VIACAO REDENTOR LTDA.,B35T020D00207294,-22.95293108,-43.35077895,2026-04-26,FECHADO,2026-04-26 00:00:09.222179,2026-04-26 00:04:08.938345,5,5,5,5,1.0,1.0
VIACAO REDENTOR LTDA.,B35T020D00210445,-22.95256419,-43.34922079,2026-04-26,FECHADO,2026-04-26 00:00:39.559016,2026-04-26 00:04:39.38998,5,5,5,5,1.0,1.0
VIACAO REDENTOR LTDA.,B35T020D00202356,-22.95296634,-43.34847176,2026-04-26,FECHADO,2026-04-26 00:00:19.638813,2026-04-26 00:04:19.475428,5,5,5,5,1.0,1.0
VIACAO REDENTOR LTDA.,B35T020D00204889,-22.95267811,-43.35021692,2026-04-26,FECHADO,2026-04-26 00:00:18.089896,2026-04-26 00:04:17.941669,5,5,5,5,1.0,1.0
VIACAO REDENTOR LTDA.,B35T020D00203249,-22.95299054,-43.35055077,2026-04-26,FECHADO,2026-04-26 00:00:27.768456,2026-04-26 00:04:27.256418,5,5,5,5,1.0,1.0
VIACAO REDENTOR LTDA.,B35T020D00204403,-22.9550953,-43.35510536,2026-04-26,FECHADO,2026-04-26 00:00:13.18001,2026-04-26 00:04:12.930002,5,5,5,5,1.0,1.0
VIACAO REDENTOR LTDA.,B35T020D00206906,-22.95354146,-43.35041463,2026-04-26,FECHADO,2026-04-26 00:00:46.065991,2026-04-26 00:04:46.269508,5,5,5,5,1.0,1.0
VIACAO REDENTOR LTDA.,B35T020D00202347,-22.95174078,-43.34919248,2026-04-26,FECHADO,2026-04-26 00:00:00.447183,2026-04-26 00:04:00.413693,5,5,5,5,1.0,1.0
VIACAO REDENTOR LTDA.,B35T020D00205203,-22.95292877,-43.3484826,2026-04-26,FECHADO,2026-04-26 00:00:00.805562,2026-04-26 00:04:00.598559,5,5,5,5,1.0,1.0
VIACAO REDENTOR LTDA.,B35T020D00210164,-22.95202122,-43.35033724,2026-04-26,FECHADO,2026-04-26 00:00:20.474051,2026-04-26 00:04:20.283832,5,5,5,5,1.0,1.0
VIACAO REDENTOR LTDA.,B35T020D00206867,-22.95345976,-43.35063447,2026-04-26,FECHADO,2026-04-26 00:00:02.712324,2026-04-26 00:04:02.690145,5,5,5,5,1.0,1.0
VIACAO REDENTOR LTDA.,B35T020D00209947,-22.95305461,-43.35005338,2026-04-26,FECHADO,2026-04-26 00:00:03.828721,2026-04-26 00:04:03.944976,5,5,5,5,1.0,1.0
VIACAO REDENTOR LTDA.,B35T020D00204550,-22.95334517,-43.3497777,2026-04-26,FECHADO,2026-04-26 00:00:30.506055,2026-04-26 00:04:30.014681,5,5,5,5,1.0,1.0
VIACAO REDENTOR LTDA.,B35T020D00208060,-22.95283108,-43.34987756,2026-04-26,FECHADO,2026-04-26 00:00:05.769516,2026-04-26 00:04:06.389685,5,5,5,5,1.0,1.0
VIACAO REDENTOR LTDA.,B35T020D00202019,-22.95313989,-43.34896139,2026-04-26,FECHADO,2026-04-26 00:00:44.811832,2026-04-26 00:04:44.569177,5,5,5,5,1.0,1.0
VIACAO REDENTOR LTDA.,B35T020D00206655,-22.95323384,-43.35019825,2026-04-26,FECHADO,2026-04-26 00:00:29.093473,2026-04-26 00:04:28.942175,5,5,5,5,1.0,1.0
VIACAO REDENTOR LTDA.,B35T020D00209983,-22.95300536,-43.34886512,2026-04-26,FECHADO,2026-04-26 00:00:06.354894,2026-04-26 00:04:06.017815,5,5,5,5,1.0,1.0
VIACAO REDENTOR LTDA.,B35T020D00208556,-22.95198793,-43.34839659,2026-04-26,FECHADO,2026-04-26 00:00:09.663224,2026-04-26 00:04:08.589603,5,5,5,5,1.0,1.0
VIACAO REDENTOR LTDA.,B35T020D00203598,-22.95316754,-43.35012056,2026-04-26,FECHADO,2026-04-26 00:00:18.351939,2026-04-26 00:04:18.457817,5,5,5,5,1.0,1.0
VIACAO REDENTOR LTDA.,B35T020D00205464,-22.95209379,-43.35017981,2026-04-26,FECHADO,2026-04-26 00:00:25.403822,2026-04-26 00:04:25.099344,5,5,5,5,1.0,1.0
VIACAO REDENTOR LTDA.,B35T020D00209153,-22.95276997,-43.34996173,2026-04-26,FECHADO,2026-04-26 00:00:56.006639,2026-04-26 00:04:56.355447,5,5,5,5,1.0,1.0
VIACAO REDENTOR LTDA.,B35T020D00209719,-22.95167558,-43.34869191,2026-04-26,FECHADO,2026-04-26 00:00:47.121786,2026-04-26 00:04:46.73026,5,5,5,5,1.0,1.0
VIACAO REDENTOR LTDA.,B35T020D00201555,-22.95294027,-43.35110564,2026-04-26,FECHADO,2026-04-26 00:00:56.43427,2026-04-26 00:04:56.607686,5,5,5,5,1.0,1.0
VIACAO REDENTOR LTDA.,B35T020D00210163,-22.95110904,-43.34885679,2026-04-26,FECHADO,2026-04-26 00:00:05.493425,2026-04-26 00:04:05.219498,5,5,5,5,1.0,1.0
VIACAO REDENTOR LTDA.,B35T020D00210237,-22.95197569,-43.34837584,2026-04-26,FECHADO,2026-04-26 00:00:29.502501,2026-04-26 00:04:29.374074,5,5,5,5,1.0,1.0
VIACAO REDENTOR LTDA.,B35T020D00204423,-22.95271233,-43.35101494,2026-04-26,FECHADO,2026-04-26 00:00:51.119957,2026-04-26 00:04:51.24926,5,5,5,5,1.0,1.0
VIACAO REDENTOR LTDA.,B35T020D00207601,-22.95293508,-43.34999317,2026-04-26,FECHADO,2026-04-26 00:00:21.196058,2026-04-26 00:04:20.906496,5,5,5,5,1.0,1.0
VIACAO REDENTOR LTDA.,B35T020D00202348,-22.95321531,-43.34995773,2026-04-26,FECHADO,2026-04-26 00:00:02.716519,2026-04-26 00:04:02.611015,5,5,5,5,1.0,1.0
VIACAO REDENTOR LTDA.,B35T020D00201363,-22.95215384,-43.35009904,2026-04-26,FECHADO,2026-04-26 00:00:00.007351,2026-04-26 00:03:59.980389,4,4,5,5,1.0,1.0
VIACAO REDENTOR LTDA.,B35T020D00207600,-22.95341654,-43.35042895,2026-04-26,FECHADO,2026-04-26 00:00:50.237514,2026-04-26 00:04:50.40952,5,5,5,5,1.0,1.0
VIACAO REDENTOR LTDA.,B35T020D00203526,-22.95344385,-43.3507509,2026-04-26,FECHADO,2026-04-26 00:00:38.47349,2026-04-26 00:04:38.29452,5,5,5,5,1.0,1.0
VIACAO REDENTOR LTDA.,B35T020D00203449,-22.9523029,-43.34899551,2026-04-26,FECHADO,2026-04-26 00:00:56.117849,2026-04-26 00:04:56.293594,5,5,5,5,1.0,1.0
VIACAO REDENTOR LTDA.,B35T020D00200775,-22.953528,-43.35009362,2026-04-26,FECHADO,2026-04-26 00:00:19.105429,2026-04-26 00:04:18.845184,5,5,5,5,1.0,1.0
VIACAO REDENTOR LTDA.,B35T020D00202631,-22.95291352,-43.35079971,2026-04-26,FECHADO,2026-04-26 00:00:21.527956,2026-04-26 00:04:21.319842,5,5,5,5,1.0,1.0
VIACAO REDENTOR LTDA.,B35T020D00208303,-22.95153708,-43.34910215,2026-04-26,FECHADO,2026-04-26 00:00:11.871948,2026-04-26 00:04:11.669621,5,5,5,5,1.0,1.0
VIACAO REDENTOR LTDA.,B35T020D00210584,-22.95246297,-43.3500676,2026-04-26,FECHADO,2026-04-26 00:00:15.51554,2026-04-26 00:04:15.137613,5,5,5,5,1.0,1.0
VIACAO REDENTOR LTDA.,B35T020D00203828,-22.95286888,-43.35023385,2026-04-26,FECHADO,2026-04-26 00:00:50.114456,2026-04-26 00:04:50.386027,5,5,5,5,1.0,1.0
VIACAO REDENTOR LTDA.,B35T020D00206905,-22.95276758,-43.34893006,2026-04-26,FECHADO,2026-04-26 00:00:48.039356,2026-04-26 00:04:47.841965,5,5,5,5,1.0,1.0
VIACAO REDENTOR LTDA.,B35T020D00208478,-22.95296523,-43.3504792,2026-04-26,FECHADO,2026-04-26 00:00:44.648607,2026-04-26 00:04:44.63584,5,5,5,5,1.0,1.0
VIACAO REDENTOR LTDA.,B35T020D00206710,-22.95345977,-43.34975781,2026-04-26,FECHADO,2026-04-26 00:00:31.308138,2026-04-26 00:04:31.39484,5,5,5,5,1.0,1.0
VIACAO REDENTOR LTDA.,B35T020D00203584,-22.95243031,-43.34954926,2026-04-26,FECHADO,2026-04-26 00:00:46.942495,2026-04-26 00:04:46.855068,5,5,5,5,1.0,1.0
VIACAO REDENTOR LTDA.,B35T020D00207571,-22.95192039,-43.34860157,2026-04-26,FECHADO,2026-04-26 00:00:37.958315,2026-04-26 00:04:37.761077,5,5,5,5,1.0,1.0
VIACAO REDENTOR LTDA.,B35T020D00209061,-22.95293766,-43.35027876,2026-04-26,FECHADO,2026-04-26 00:00:04.492026,2026-04-26 00:04:04.666361,5,5,5,5,1.0,1.0
VIACAO REDENTOR LTDA.,B35T020D00202740,-22.95054934,-43.34874057,2026-04-26,FECHADO,2026-04-26 00:00:18.635936,2026-04-26 00:04:18.536097,5,5,5,5,1.0,1.0
VIACAO REDENTOR LTDA.,B35T020D00202153,-22.95226094,-43.34809016,2026-04-26,FECHADO,2026-04-26 00:00:05.869942,2026-04-26 00:04:05.795057,5,5,5,5,1.0,1.0
VIACAO REDENTOR LTDA.,B35T020D00206657,-22.95289831,-43.34999796,2026-04-26,FECHADO,2026-04-26 00:00:39.900044,2026-04-26 00:04:39.80593,5,5,5,5,1.0,1.0
VIACAO REDENTOR LTDA.,B35T020D00207451,-22.95308907,-43.3511887,2026-04-26,FECHADO,2026-04-26 00:00:06.936456,2026-04-26 00:04:06.86144,5,5,5,5,1.0,1.0
VIACAO REDENTOR LTDA.,B35T020D00204282,-22.95229219,-43.34938069,2026-04-26,FECHADO,2026-04-26 00:00:09.379249,2026-04-26 00:04:09.130891,5,5,5,5,1.0,1.0
VIACAO REDENTOR LTDA.,B35T020D00202138,-22.95153655,-43.34876083,2026-04-26,FECHADO,2026-04-26 00:00:20.89947,2026-04-26 00:04:20.349385,5,5,5,5,1.0,1.0
VIACAO REDENTOR LTDA.,B35T020D00204543,-22.95262101,-43.34959033,2026-04-26,FECHADO,2026-04-26 00:00:11.830968,2026-04-26 00:04:11.813413,5,5,5,5,1.0,1.0
VIACAO REDENTOR LTDA.,B35T020D00208289,-22.95347073,-43.34996261,2026-04-26,FECHADO,2026-04-26 00:00:34.655256,2026-04-26 00:04:34.423807,5,5,5,5,1.0,1.0
VIACAO REDENTOR LTDA.,B35T020D00201239,-22.95314987,-43.35084398,2026-04-26,FECHADO,2026-04-26 00:00:27.126194,2026-04-26 00:04:26.950394,5,5,5,5,1.0,1.0
VIACAO REDENTOR LTDA.,B35T020D00204312,-22.95246446,-43.34811476,2026-04-26,FECHADO,2026-04-26 00:00:49.333693,2026-04-26 00:04:49.347169,5,5,5,5,1.0,1.0
VIACAO REDENTOR LTDA.,B35T020D00204545,-22.95223193,-43.35012143,2026-04-26,FECHADO,2026-04-26 00:00:47.16518,2026-04-26 00:04:47.294799,5,5,5,5,1.0,1.0
VIACAO REDENTOR LTDA.,B35T020D00208439,-22.95239942,-43.34909565,2026-04-26,FECHADO,2026-04-26 00:00:47.361268,2026-04-26 00:04:47.960782,5,5,5,5,1.0,1.0
VIACAO REDENTOR LTDA.,B35T020D00207147,-22.95249192,-43.34816522,2026-04-26,FECHADO,2026-04-26 00:00:46.202317,2026-04-26 00:04:45.950042,5,5,5,5,1.0,1.0
VIACAO REDENTOR LTDA.,B35T020D00201124,-22.9527143,-43.35068092,2026-04-26,FECHADO,2026-04-26 00:00:24.704858,2026-04-26 00:04:24.592736,5,5,5,5,1.0,1.0
VIACAO REDENTOR LTDA.,B35T020D00201344,-22.95298978,-43.34985615,2026-04-26,FECHADO,2026-04-26 00:00:48.776604,2026-04-26 00:04:48.843211,5,5,5,5,1.0,1.0
VIACAO REDENTOR LTDA.,B35T020D00209837,-22.9533545,-43.34977965,2026-04-26,FECHADO,2026-04-26 00:00:20.685947,2026-04-26 00:04:20.734986,5,5,5,5,1.0,1.0
VIACAO REDENTOR LTDA.,B35T020D00210165,-22.9532716,-43.35024642,2026-04-26,FECHADO,2026-04-26 00:00:58.470675,2026-04-26 00:04:58.671039,5,5,5,5,1.0,1.0
VIACAO REDENTOR LTDA.,B35T020D00207560,0.0,0.0,2026-04-26,FECHADO,2026-04-26 00:00:55.850018,2026-04-26 00:04:55.920906,5,5,5,0,0.0,1.0
VIACAO REDENTOR LTDA.,B35T020D00202140,-22.9523276,-43.34806445,2026-04-26,FECHADO,2026-04-26 00:00:44.013371,2026-04-26 00:04:44.060973,5,5,5,5,1.0,1.0
VIACAO REDENTOR LTDA.,B35T020D00205135,-22.95329162,-43.35052927,2026-04-26,FECHADO,2026-04-26 00:00:41.68888,2026-04-26 00:04:41.616967,5,5,5,5,1.0,1.0
VIACAO REDENTOR LTDA.,B35T020D00210166,-22.9527438,-43.35058067,2026-04-26,FECHADO,2026-04-26 00:00:19.92852,2026-04-26 00:04:19.970654,5,5,5,5,1.0,1.0
VIACAO REDENTOR LTDA.,B35T020D00204425,-22.95316963,-43.34977805,2026-04-26,FECHADO,2026-04-26 00:00:50.352571,2026-04-26 00:04:51.523955,5,5,5,5,1.0,1.0
VIACAO REDENTOR LTDA.,B35T020D00207611,-22.95288218,-43.34979245,2026-04-26,FECHADO,2026-04-26 00:00:04.550559,2026-04-26 00:04:04.537946,5,5,5,5,1.0,1.0
VIACAO REDENTOR LTDA.,B35T020D00206670,-22.95210731,-43.34974134,2026-04-26,FECHADO,2026-04-26 00:00:17.792956,2026-04-26 00:04:17.759277,5,5,5,5,1.0,1.0
VIACAO REDENTOR LTDA.,B4CT020D00400101,-22.95290193,-43.35014695,2026-04-26,FECHADO,2026-04-26 00:00:59.768918,2026-04-26 00:03:59.792045,4,4,4,4,1.0,1.0
VIACAO REDENTOR LTDA.,B35T020D00204105,-22.95246708,-43.35088744,2026-04-26,FECHADO,2026-04-26 00:00:16.539135,2026-04-26 00:04:16.074285,5,5,5,5,1.0,1.0
VIACAO REDENTOR LTDA.,B35T020D00203097,-22.95230257,-43.34900587,2026-04-26,FECHADO,2026-04-26 00:00:07.064873,2026-04-26 00:04:06.785287,5,5,5,5,1.0,1.0
VIACAO REDENTOR LTDA.,B35T020D00206787,-22.95233924,-43.34939255,2026-04-26,FECHADO,2026-04-26 00:00:27.911251,2026-04-26 00:04:27.610443,5,5,5,5,1.0,1.0
VIACAO REDENTOR LTDA.,B35T020D00202671,-22.95281791,-43.35107002,2026-04-26,FECHADO,2026-04-26 00:00:27.259249,2026-04-26 00:04:27.21911,5,5,5,5,1.0,1.0
VIACAO REDENTOR LTDA.,B35T020D00202353,-22.95334286,-43.35098456,2026-04-26,FECHADO,2026-04-26 00:00:05.164067,2026-04-26 00:04:05.101012,5,5,5,5,1.0,1.0
VIACAO REDENTOR LTDA.,B35T020D00208669,-22.95234967,-43.34901929,2026-04-26,FECHADO,2026-04-26 00:00:24.372443,2026-04-26 00:04:24.427206,5,5,5,5,1.0,1.0
VIACAO REDENTOR LTDA.,B35T020D00204427,-22.95195036,-43.34983274,2026-04-26,FECHADO,2026-04-26 00:00:19.63568,2026-04-26 00:04:19.440108,5,5,5,5,1.0,1.0
VIACAO REDENTOR LTDA.,B35T020D00204548,-22.9536049,-43.350097,2026-04-26,FECHADO,2026-04-26 00:00:36.24916,2026-04-26 00:04:36.231733,5,5,5,5,1.0,1.0
VIACAO REDENTOR LTDA.,B35T020D00200745,-22.95216609,-43.35014593,2026-04-26,FECHADO,2026-04-26 00:00:21.035205,2026-04-26 00:04:20.8496,5,5,5,5,1.0,1.0
VIACAO REDENTOR LTDA.,B35T020D00203782,-22.95352034,-43.34974953,2026-04-26,FECHADO,2026-04-26 00:00:03.911644,2026-04-26 00:04:03.516955,5,5,5,5,1.0,1.0
VIACAO REDENTOR LTDA.,B4CT020D00400164,-22.95324065,-43.35031007,2026-04-26,FECHADO,2026-04-26 00:00:18.659861,2026-04-26 00:04:18.671547,5,5,5,5,1.0,1.0
VIACAO REDENTOR LTDA.,B35T020D00210482,-22.95266446,-43.34840522,2026-04-26,FECHADO,2026-04-26 00:00:42.020008,2026-04-26 00:04:41.57018,5,5,5,5,1.0,1.0
VIACAO REDENTOR LTDA.,B35T020D00208570,-22.9527495,-43.35012259,2026-04-26,FECHADO,2026-04-26 00:00:02.973753,2026-04-26 00:04:03.128303,5,5,5,5,1.0,1.0
VIACAO REDENTOR LTDA.,B35T020D00209974,-22.95195557,-43.35024784,2026-04-26,FECHADO,2026-04-26 00:00:51.625812,2026-04-26 00:04:51.556532,5,5,5,5,1.0,1.0
VIACAO REDENTOR LTDA.,B35T020D00201768,-22.95205545,-43.35018659,2026-04-26,FECHADO,2026-04-26 00:00:54.268456,2026-04-26 00:04:54.448256,5,5,5,5,1.0,1.0
VIACAO REDENTOR LTDA.,B35T020D00206786,-22.95326241,-43.34973456,2026-04-26,FECHADO,2026-04-26 00:00:00.82759,2026-04-26 00:04:00.65677,5,5,5,5,1.0,1.0
VIACAO REDENTOR LTDA.,B35T020D00203829,-22.95321562,-43.35071417,2026-04-26,FECHADO,2026-04-26 00:00:45.278718,2026-04-26 00:04:45.700109,5,5,5,5,1.0,1.0
VIACAO REDENTOR LTDA.,B35T020D00202968,-22.9523115,-43.34823943,2026-04-26,FECHADO,2026-04-26 00:00:23.47143,2026-04-26 00:04:23.348198,5,5,5,5,1.0,1.0
VIACAO REDENTOR LTDA.,B35T020D00207573,-22.95288074,-43.34877478,2026-04-26,FECHADO,2026-04-26 00:00:09.640463,2026-04-26 00:04:09.435401,5,5,5,5,1.0,1.0
VIACAO REDENTOR LTDA.,B35T020D00204082,-22.95325339,-43.35059207,2026-04-26,FECHADO,2026-04-26 00:00:19.404623,2026-04-26 00:04:18.906641,5,5,5,5,1.0,1.0
VIACAO REDENTOR LTDA.,B35T020D00202800,-22.9527362,-43.35013789,2026-04-26,FECHADO,2026-04-26 00:00:04.931215,2026-04-26 00:04:04.747402,5,5,5,5,1.0,1.0
VIACAO REDENTOR LTDA.,B4CT020D00400242,-22.95307354,-43.34971832,2026-04-26,FECHADO,2026-04-26 00:00:09.270215,2026-04-26 00:04:09.27522,5,5,5,5,1.0,1.0
VIACAO REDENTOR LTDA.,B35T020D00207840,-22.95312267,-43.35115447,2026-04-26,FECHADO,2026-04-26 00:00:15.177809,2026-04-26 00:04:15.159451,5,5,5,5,1.0,1.0
VIACAO REDENTOR LTDA.,B35T020D00202115,-22.95291603,-43.3500183,2026-04-26,FECHADO,2026-04-26 00:00:34.787227,2026-04-26 00:04:34.696304,5,5,5,5,1.0,1.0
VIACAO REDENTOR LTDA.,B35T020D00208126,-22.95362237,-43.35005754,2026-04-26,FECHADO,2026-04-26 00:00:44.078042,2026-04-26 00:04:44.042533,5,5,5,5,1.0,1.0
VIACAO REDENTOR LTDA.,B35T020D00204510,-22.95267916,-43.34860581,2026-04-26,FECHADO,2026-04-26 00:00:51.008919,2026-04-26 00:04:51.163863,5,5,5,5,1.0,1.0
VIACAO REDENTOR LTDA.,B35T020D00205586,-22.95262575,-43.34884177,2026-04-26,FECHADO,2026-04-26 00:00:36.355262,2026-04-26 00:04:36.284224,5,5,5,5,1.0,1.0
VIACAO REDENTOR LTDA.,B4CT020D00400236,-22.95350874,-43.34988123,2026-04-26,FECHADO,2026-04-26 00:00:44.22072,2026-04-26 00:04:44.498318,5,5,5,5,1.0,1.0
VIACAO REDENTOR LTDA.,B35T020D00204026,-22.95295474,-43.35022228,2026-04-26,FECHADO,2026-04-26 00:00:02.244711,2026-04-26 00:04:02.069994,5,5,5,5,1.0,1.0
VIACAO REDENTOR LTDA.,B35T020D00205113,-22.95264331,-43.34825025,2026-04-26,FECHADO,2026-04-26 00:00:46.080977,2026-04-26 00:04:46.19842,5,5,5,5,1.0,1.0
VIACAO REDENTOR LTDA.,B35T020D00204532,-22.95268508,-43.35101622,2026-04-26,FECHADO,2026-04-26 00:00:10.604052,2026-04-26 00:04:10.571933,5,5,5,5,1.0,1.0
VIACAO REDENTOR LTDA.,B35T020D00204140,-22.95261265,-43.34894784,2026-04-26,FECHADO,2026-04-26 00:00:40.925399,2026-04-26 00:04:41.256041,5,5,5,5,1.0,1.0
VIACAO REDENTOR LTDA.,B35T020D00203494,-22.95188468,-43.34845898,2026-04-26,FECHADO,2026-04-26 00:00:47.978176,2026-04-26 00:04:54.563437,5,5,6,6,1.0,1.0
VIACAO REDENTOR LTDA.,B35T020D00203948,-22.95187441,-43.34980783,2026-04-26,FECHADO,2026-04-26 00:00:38.525177,2026-04-26 00:04:38.49512,5,5,5,5,1.0,1.0
VIACAO REDENTOR LTDA.,B35T020D00204183,-22.95289124,-43.34824284,2026-04-26,FECHADO,2026-04-26 00:00:15.773916,2026-04-26 00:04:15.821803,5,5,5,5,1.0,1.0
VIACAO REDENTOR LTDA.,B35T020D00201123,-22.95224588,-43.34982123,2026-04-26,FECHADO,2026-04-26 00:00:42.263259,2026-04-26 00:04:42.27706,5,5,5,5,1.0,1.0
VIACAO REDENTOR LTDA.,B35T020D00206400,-22.95197891,-43.35027938,2026-04-26,FECHADO,2026-04-26 00:00:33.119413,2026-04-26 00:04:32.849543,5,5,5,5,1.0,1.0
VIACAO REDENTOR LTDA.,B35T020D00208045,-22.95335123,-43.35085994,2026-04-26,FECHADO,2026-04-26 00:00:10.583171,2026-04-26 00:04:10.532539,5,5,5,5,1.0,1.0
VIACAO REDENTOR LTDA.,B35T020D00207606,-22.95318494,-43.34978655,2026-04-26,FECHADO,2026-04-26 00:00:41.789018,2026-04-26 00:04:41.421101,5,5,5,5,1.0,1.0
VIACAO REDENTOR LTDA.,B35T020D00208838,-22.99686152,-43.36571509,2026-04-26,FECHADO,2026-04-26 00:00:18.958928,2026-04-26 00:04:18.563522,5,5,5,5,1.0,1.0
VIACAO REDENTOR LTDA.,B35T020D00201856,-22.95324091,-43.34978911,2026-04-26,FECHADO,2026-04-26 00:00:22.9016,2026-04-26 00:04:22.4884,5,5,5,5,1.0,1.0
VIACAO REDENTOR LTDA.,B35T020D00202632,-22.95283327,-43.34992595,2026-04-26,FECHADO,2026-04-26 00:00:20.642736,2026-04-26 00:04:20.880487,5,5,5,5,1.0,1.0
VIACAO REDENTOR LTDA.,B35T020D00203173,-22.95256593,-43.34833994,2026-04-26,FECHADO,2026-04-26 00:00:18.500509,2026-04-26 00:04:18.051578,5,5,5,5,1.0,1.0
VIACAO REDENTOR LTDA.,B35T020D00200717,-22.95178289,-43.34856165,2026-04-26,FECHADO,2026-04-26 00:00:10.269652,2026-04-26 00:04:10.169695,5,5,5,5,1.0,1.0
VIACAO REDENTOR LTDA.,B35T020D00204953,-22.9519725,-43.34859796,2026-04-26,FECHADO,2026-04-26 00:00:02.750171,2026-04-26 00:04:02.409925,5,5,5,5,1.0,1.0
VIACAO REDENTOR LTDA.,B35T020D00201220,-22.95248328,-43.35008041,2026-04-26,FECHADO,2026-04-26 00:00:44.72815,2026-04-26 00:04:45.056059,5,5,5,5,1.0,1.0
VIACAO REDENTOR LTDA.,B35T020D00204259,-22.95283557,-43.34962386,2026-04-26,FECHADO,2026-04-26 00:00:42.030866,2026-04-26 00:04:42.360399,5,5,5,5,1.0,1.0
VIACAO REDENTOR LTDA.,B35T020D00205070,-22.95244142,-43.35077185,2026-04-26,FECHADO,2026-04-26 00:00:35.756466,2026-04-26 00:04:35.683385,5,5,5,5,1.0,1.0
VIACAO REDENTOR LTDA.,B35T020D00204271,-22.97360481,-43.37212516,2026-04-26,FECHADO,2026-04-26 00:00:10.356684,2026-04-26 00:04:10.519738,5,5,5,5,1.0,1.0
VIACAO REDENTOR LTDA.,B35T020D00201197,-22.95289499,-43.34838762,2026-04-26,FECHADO,2026-04-26 00:00:47.129357,2026-04-26 00:04:47.086175,5,5,5,5,1.0,1.0
VIACAO REDENTOR LTDA.,B35T020D00203586,-22.95276703,-43.35001195,2026-04-26,FECHADO,2026-04-26 00:00:38.451129,2026-04-26 00:04:38.050877,5,5,5,5,1.0,1.0
VIACAO REDENTOR LTDA.,B35T020D00208302,-22.95290943,-43.35087318,2026-04-26,FECHADO,2026-04-26 00:00:09.607337,2026-04-26 00:04:09.516985,5,5,5,5,1.0,1.0
VIACAO REDENTOR LTDA.,B35T020D00209838,-22.9521084,-43.3500835,2026-04-26,FECHADO,2026-04-26 00:00:24.660989,2026-04-26 00:04:24.539984,5,5,5,5,1.0,1.0
VIACAO REDENTOR LTDA.,B35T020D00204959,-22.95267122,-43.35031613,2026-04-26,FECHADO,2026-04-26 00:00:34.977541,2026-04-26 00:04:34.535592,5,5,5,5,1.0,1.0
VIACAO REDENTOR LTDA.,B35T020D00203273,-22.95210657,-43.34976804,2026-04-26,FECHADO,2026-04-26 00:00:13.43576,2026-04-26 00:04:13.281004,5,5,5,5,1.0,1.0
VIACAO REDENTOR LTDA.,B35T020D00202797,-22.95285016,-43.3499037,2026-04-26,FECHADO,2026-04-26 00:00:47.849586,2026-04-26 00:04:47.321614,5,5,5,5,1.0,1.0
VIACAO REDENTOR LTDA.,B35T020D00204343,-22.95246055,-43.34904493,2026-04-26,FECHADO,2026-04-26 00:00:03.936097,2026-04-26 00:04:03.304658,5,5,5,5,1.0,1.0
VIACAO REDENTOR LTDA.,B35T020D00210541,-22.95291562,-43.35065908,2026-04-26,FECHADO,2026-04-26 00:00:16.634637,2026-04-26 00:04:16.617091,5,5,5,5,1.0,1.0
VIACAO REDENTOR LTDA.,B4CT020D00400289,-22.95305187,-43.35010898,2026-04-26,FECHADO,2026-04-26 00:00:55.590457,2026-04-26 00:04:55.893547,5,5,5,5,1.0,1.0
VIACAO REDENTOR LTDA.,B35T020D00205359,-22.95293374,-43.34846689,2026-04-26,FECHADO,2026-04-26 00:00:04.401927,2026-04-26 00:04:04.343357,5,5,5,5,1.0,1.0
VIACAO REDENTOR LTDA.,B35T020D00204242,-22.95355034,-43.34992136,2026-04-26,FECHADO,2026-04-26 00:00:18.116502,2026-04-26 00:04:17.710354,5,5,5,5,1.0,1.0
VIACAO REDENTOR LTDA.,B35T020D00201932,-22.95328444,-43.35075872,2026-04-26,FECHADO,2026-04-26 00:00:36.284535,2026-04-26 00:04:36.306215,5,5,5,5,1.0,1.0
VIACAO REDENTOR LTDA.,B35T020D00203341,-22.96398611,-43.33516457,2026-04-26,FECHADO,2026-04-26 00:00:13.794845,2026-04-26 00:04:13.801268,5,5,5,5,1.0,1.0
VIACAO REDENTOR LTDA.,B35T020D00203617,-22.97650214,-43.49392296,2026-04-26,FECHADO,2026-04-26 00:00:39.468499,2026-04-26 00:04:39.242938,5,5,5,5,1.0,1.0
VIACAO REDENTOR LTDA.,B35T020D00206870,-22.95207184,-43.34980784,2026-04-26,FECHADO,2026-04-26 00:00:55.494412,2026-04-26 00:04:56.213825,5,5,5,5,1.0,1.0
VIACAO REDENTOR LTDA.,B35T020D00207208,-22.95327921,-43.34983411,2026-04-26,FECHADO,2026-04-26 00:00:30.923581,2026-04-26 00:04:30.766559,5,5,5,5,1.0,1.0
VIACAO REDENTOR LTDA.,B35T020D00210537,-22.95250712,-43.34901953,2026-04-26,FECHADO,2026-04-26 00:00:45.647599,2026-04-26 00:04:45.574082,5,5,5,5,1.0,1.0
VIACAO REDENTOR LTDA.,B35T020D00201227,-22.95242236,-43.34881223,2026-04-26,FECHADO,2026-04-26 00:00:00.691222,2026-04-26 00:04:01.141392,5,5,5,5,1.0,1.0
VIACAO REDENTOR LTDA.,B35T020D00204063,-22.95161152,-43.34881098,2026-04-26,FECHADO,2026-04-26 00:00:08.040374,2026-04-26 00:04:08.198266,5,5,5,5,1.0,1.0
VIACAO REDENTOR LTDA.,B35T020D00201479,-22.95227775,-43.34853066,2026-04-26,FECHADO,2026-04-26 00:00:28.157637,2026-04-26 00:04:27.877595,5,5,5,5,1.0,1.0
VIACAO REDENTOR LTDA.,B35T020D00203492,-22.9530843,-43.35034123,2026-04-26,FECHADO,2026-04-26 00:00:01.374203,2026-04-26 00:04:01.210832,5,5,5,5,1.0,1.0
VIACAO REDENTOR LTDA.,B35T020D00202633,-22.95351726,-43.35066235,2026-04-26,FECHADO,2026-04-26 00:00:24.71951,2026-04-26 00:04:24.640931,5,5,5,5,1.0,1.0
VIACAO REDENTOR LTDA.,B35T020D00204444,-22.95172246,-43.34902997,2026-04-26,FECHADO,2026-04-26 00:00:32.270103,2026-04-26 00:04:32.044905,5,5,5,5,1.0,1.0
VIACAO REDENTOR LTDA.,B35T020D00203496,-22.9528657,-43.34980798,2026-04-26,FECHADO,2026-04-26 00:00:16.536656,2026-04-26 00:04:16.199908,5,5,5,5,1.0,1.0
VIACAO REDENTOR LTDA.,B35T020D00210215,-22.95314007,-43.35081033,2026-04-26,FECHADO,2026-04-26 00:00:02.427022,2026-04-26 00:04:02.380861,5,5,5,5,1.0,1.0
VIACAO REDENTOR LTDA.,B35T020D00208073,-22.95322134,-43.35077327,2026-04-26,FECHADO,2026-04-26 00:00:41.90158,2026-04-26 00:04:41.594097,5,5,5,5,1.0,1.0
VIACAO REDENTOR LTDA.,B35T020D00209395,-22.95202567,-43.35025215,2026-04-26,FECHADO,2026-04-26 00:00:10.661928,2026-04-26 00:04:10.123537,5,5,5,5,1.0,1.0
VIACAO REDENTOR LTDA.,B35T020D00202476,-22.9521637,-43.35017063,2026-04-26,FECHADO,2026-04-26 00:00:48.721539,2026-04-26 00:04:48.775426,5,5,5,5,1.0,1.0
VIACAO REDENTOR LTDA.,B35T020D00209917,-22.9520301,-43.35018484,2026-04-26,FECHADO,2026-04-26 00:00:59.717694,2026-04-26 00:04:59.894102,5,5,5,5,1.0,1.0
VIACAO REDENTOR LTDA.,B35T020D00202817,-22.95372527,-43.35029161,2026-04-26,FECHADO,2026-04-26 00:00:21.291087,2026-04-26 00:04:20.717325,5,5,5,5,1.0,1.0
VIACAO REDENTOR LTDA.,B35T020D00205061,-22.95207741,-43.3496556,2026-04-26,FECHADO,2026-04-26 00:00:22.277303,2026-04-26 00:04:22.209537,5,5,5,5,1.0,1.0
VIACAO REDENTOR LTDA.,B35T020D00206789,-22.95258387,-43.35009414,2026-04-26,FECHADO,2026-04-26 00:00:21.841929,2026-04-26 00:04:21.569546,5,5,5,5,1.0,1.0
VIACAO REDENTOR LTDA.,B35T020D00206862,-22.95226385,-43.34930311,2026-04-26,FECHADO,2026-04-26 00:00:05.910625,2026-04-26 00:04:05.984701,5,5,5,5,1.0,1.0
VIACAO REDENTOR LTDA.,B35T020D00202395,-22.95249005,-43.34913037,2026-04-26,FECHADO,2026-04-26 00:00:01.317582,2026-04-26 00:04:01.282128,5,5,5,5,1.0,1.0
VIACAO REDENTOR LTDA.,B4CT020D00400082,-22.95271833,-43.34990794,2026-04-26,FECHADO,2026-04-26 00:00:35.027042,2026-04-26 00:04:34.642442,5,5,5,5,1.0,1.0
VIACAO REDENTOR LTDA.,B35T020D00205206,-22.95254094,-43.34905034,2026-04-26,FECHADO,2026-04-26 00:00:29.676771,2026-04-26 00:04:29.443304,5,5,5,5,1.0,1.0
VIACAO REDENTOR LTDA.,B35T020D00206785,-22.95245431,-43.3490837,2026-04-26,FECHADO,2026-04-26 00:00:04.145107,2026-04-26 00:04:03.845952,5,5,5,5,1.0,1.0
VIACAO REDENTOR LTDA.,B35T020D00206898,-22.95261194,-43.35096867,2026-04-26,FECHADO,2026-04-26 00:00:17.261505,2026-04-26 00:04:17.240477,5,5,5,5,1.0,1.0
VIACAO REDENTOR LTDA.,B35T020D00200825,-22.95331128,-43.34996101,2026-04-26,FECHADO,2026-04-26 00:00:45.98052,2026-04-26 00:04:45.96213,5,5,5,5,1.0,1.0
VIACAO REDENTOR LTDA.,B35T020D00201193,-22.95180853,-43.34853895,2026-04-26,FECHADO,2026-04-26 00:00:59.651494,2026-04-26 00:03:59.5055,4,4,4,4,1.0,1.0
VIACAO REDENTOR LTDA.,B35T020D00203781,-22.95299337,-43.3499601,2026-04-26,FECHADO,2026-04-26 00:00:48.034332,2026-04-26 00:04:48.444346,5,5,5,5,1.0,1.0
VIACAO REDENTOR LTDA.,B35T020D00202406,-22.9524995,-43.35008848,2026-04-26,FECHADO,2026-04-26 00:00:21.221538,2026-04-26 00:04:21.380754,5,5,5,5,1.0,1.0
VIACAO REDENTOR LTDA.,B35T020D00204311,-22.95272675,-43.35011432,2026-04-26,FECHADO,2026-04-26 00:00:14.897845,2026-04-26 00:04:14.685328,5,5,5,5,1.0,1.0
VIACAO REDENTOR LTDA.,B35T020D00205116,-22.95293876,-43.35077778,2026-04-26,FECHADO,2026-04-26 00:00:34.676489,2026-04-26 00:04:34.569755,5,5,5,5,1.0,1.0
VIACAO REDENTOR LTDA.,B35T020D00202672,-22.9530155,-43.34880907,2026-04-26,FECHADO,2026-04-26 00:00:16.948385,2026-04-26 00:04:16.725397,5,5,5,5,1.0,1.0
VIACAO REDENTOR LTDA.,B35T020D00208809,-22.95197133,-43.35019848,2026-04-26,FECHADO,2026-04-26 00:00:41.870296,2026-04-26 00:04:41.498274,5,5,5,5,1.0,1.0
VIACAO REDENTOR LTDA.,B35T020D00203338,-22.95303651,-43.35005007,2026-04-26,FECHADO,2026-04-26 00:00:45.943282,2026-04-26 00:04:46.359016,5,5,5,5,1.0,1.0
VIACAO REDENTOR LTDA.,B35T020D00201418,-22.95296479,-43.35113166,2026-04-26,FECHADO,2026-04-26 00:00:57.04308,2026-04-26 00:04:57.044354,5,5,5,5,1.0,1.0
VIACAO REDENTOR LTDA.,B35T020D00201150,-22.95258131,-43.35049006,2026-04-26,FECHADO,2026-04-26 00:00:47.493082,2026-04-26 00:04:47.503537,5,5,5,5,1.0,1.0
VIACAO REDENTOR LTDA.,B35T020D00208811,-22.95205255,-43.34917085,2026-04-26,FECHADO,2026-04-26 00:00:16.634544,2026-04-26 00:04:16.470279,5,5,5,5,1.0,1.0
VIACAO REDENTOR LTDA.,B35T020D00205119,-22.9517892,-43.34845774,2026-04-26,FECHADO,2026-04-26 00:00:08.288445,2026-04-26 00:04:08.201566,5,5,5,5,1.0,1.0
VIACAO REDENTOR LTDA.,B35T020D00202856,-22.95252985,-43.35088193,2026-04-26,FECHADO,2026-04-26 00:00:20.987947,2026-04-26 00:04:20.831523,5,5,5,5,1.0,1.0
VIACAO REDENTOR LTDA.,B35T020D00210519,-22.95276466,-43.35026528,2026-04-26,FECHADO,2026-04-26 00:00:46.665316,2026-04-26 00:04:46.59105,5,5,5,5,1.0,1.0
VIACAO REDENTOR LTDA.,B35T020D00208917,-22.9524486,-43.35080076,2026-04-26,FECHADO,2026-04-26 00:00:31.89037,2026-04-26 00:04:31.636813,5,5,5,5,1.0,1.0
VIACAO REDENTOR LTDA.,B35T020D00203172,-22.95341341,-43.35060356,2026-04-26,FECHADO,2026-04-26 00:00:17.206201,2026-04-26 00:04:17.217258,5,5,5,5,1.0,1.0
VIACAO REDENTOR LTDA.,B35T020D00201318,-22.95248444,-43.34919788,2026-04-26,FECHADO,2026-04-26 00:00:15.046274,2026-04-26 00:04:15.221483,5,5,5,5,1.0,1.0
VIACAO REDENTOR LTDA.,B35T020D00201184,-22.95296642,-43.35115054,2026-04-26,FECHADO,2026-04-26 00:00:25.983756,2026-04-26 00:04:26.075979,5,5,5,5,1.0,1.0
VIACAO REDENTOR LTDA.,B35T020D00208072,-22.95267707,-43.35074262,2026-04-26,FECHADO,2026-04-26 00:00:10.962257,2026-04-26 00:04:10.80939,5,5,5,5,1.0,1.0
VIACAO REDENTOR LTDA.,B35T020D00204448,-22.97337285,-43.39374156,2026-04-26,FECHADO,2026-04-26 00:00:14.344677,2026-04-26 00:04:14.542493,5,5,5,5,1.0,1.0
VIACAO REDENTOR LTDA.,B35T020D00206747,-22.95307455,-43.35014811,2026-04-26,FECHADO,2026-04-26 00:00:51.983835,2026-04-26 00:04:52.299631,5,5,5,5,1.0,1.0
VIACAO REDENTOR LTDA.,B35T020D00209743,-22.95254889,-43.34890569,2026-04-26,FECHADO,2026-04-26 00:00:06.66507,2026-04-26 00:04:06.418604,5,5,5,5,1.0,1.0
VIACAO REDENTOR LTDA.,B35T020D00210469,-22.95324348,-43.35085451,2026-04-26,FECHADO,2026-04-26 00:00:04.586974,2026-04-26 00:04:04.279219,5,5,5,5,1.0,1.0
VIACAO REDENTOR LTDA.,B35T020D00208545,-22.95321798,-43.35053838,2026-04-26,FECHADO,2026-04-26 00:00:40.298243,2026-04-26 00:04:40.218442,5,5,5,5,1.0,1.0
VIACAO REDENTOR LTDA.,B35T020D00210096,-22.95308192,-43.35082261,2026-04-26,FECHADO,2026-04-26 00:00:15.942613,2026-04-26 00:04:15.834421,5,5,5,5,1.0,1.0
VIACAO REDENTOR LTDA.,B35T020D00204363,-22.95203105,-43.34842919,2026-04-26,FECHADO,2026-04-26 00:00:31.751179,2026-04-26 00:04:31.388372,5,5,5,5,1.0,1.0
VIACAO REDENTOR LTDA.,B4CT020D00400063,-22.95332993,-43.35057795,2026-04-26,FECHADO,2026-04-26 00:00:28.352966,2026-04-26 00:04:28.315829,5,5,5,5,1.0,1.0
VIACAO REDENTOR LTDA.,B35T020D00209780,-22.95327349,-43.35023047,2026-04-26,FECHADO,2026-04-26 00:00:40.044408,2026-04-26 00:04:39.69356,5,5,5,5,1.0,1.0
VIACAO REDENTOR LTDA.,B4CT020D00400169,-22.95336498,-43.35066636,2026-04-26,FECHADO,2026-04-26 00:00:16.837283,2026-04-26 00:04:16.675219,5,5,5,5,1.0,1.0
VIACAO REDENTOR LTDA.,B35T020D00207431,-22.95304205,-43.35007005,2026-04-26,FECHADO,2026-04-26 00:00:30.847568,2026-04-26 00:04:30.504257,5,5,5,5,1.0,1.0
VIACAO REDENTOR LTDA.,B35T020D00210068,-22.95249128,-43.34966117,2026-04-26,FECHADO,2026-04-26 00:00:03.456257,2026-04-26 00:04:03.602092,5,5,5,5,1.0,1.0
VIACAO REDENTOR LTDA.,B35T020D00210520,-22.95193843,-43.34880931,2026-04-26,FECHADO,2026-04-26 00:00:39.277719,2026-04-26 00:04:38.502193,5,5,5,5,1.0,1.0
VIACAO REDENTOR LTDA.,B35T020D00209742,-22.9530013,-43.35112798,2026-04-26,FECHADO,2026-04-26 00:00:40.881119,2026-04-26 00:04:40.543709,5,5,5,5,1.0,1.0
VIACAO REDENTOR LTDA.,B35T020D00208521,-22.95316669,-43.3506581,2026-04-26,FECHADO,2026-04-26 00:00:58.504161,2026-04-26 00:04:58.601115,5,5,5,5,1.0,1.0
VIACAO REDENTOR LTDA.,B35T020D00204401,-22.95268027,-43.3510144,2026-04-26,FECHADO,2026-04-26 00:00:01.489598,2026-04-26 00:04:01.243304,5,5,5,5,1.0,1.0
VIACAO REDENTOR LTDA.,B35T020D00208548,-22.95295793,-43.35046186,2026-04-26,FECHADO,2026-04-26 00:00:28.262228,2026-04-26 00:04:28.303342,5,5,5,5,1.0,1.0
VIACAO REDENTOR LTDA.,B35T020D00209782,-22.95298953,-43.34995901,2026-04-26,FECHADO,2026-04-26 00:00:42.205419,2026-04-26 00:04:42.6237,5,5,5,5,1.0,1.0
VIACAO REDENTOR LTDA.,B35T020D00207283,-22.95239375,-43.35086733,2026-04-26,FECHADO,2026-04-26 00:00:00.782815,2026-04-26 00:04:00.655039,5,5,5,5,1.0,1.0
VIACAO REDENTOR LTDA.,B35T020D00205581,-22.95306516,-43.3504361,2026-04-26,FECHADO,2026-04-26 00:00:27.116334,2026-04-26 00:04:27.007071,5,5,5,5,1.0,1.0
VIACAO REDENTOR LTDA.,B35T020D00202591,-22.95304009,-43.34990475,2026-04-26,FECHADO,2026-04-26 00:00:28.599775,2026-04-26 00:04:28.882838,5,5,5,5,1.0,1.0
VIACAO REDENTOR LTDA.,B35T020D00207574,-22.95323943,-43.34994806,2026-04-26,FECHADO,2026-04-26 00:00:09.152203,2026-04-26 00:04:08.870898,5,5,5,5,1.0,1.0
VIACAO REDENTOR LTDA.,B35T020D00205097,-22.95254672,-43.3493556,2026-04-26,FECHADO,2026-04-26 00:00:27.079298,2026-04-26 00:04:26.949588,5,5,5,5,1.0,1.0
VIACAO REDENTOR LTDA.,B35T020D00204201,-22.9517719,-43.3486354,2026-04-26,FECHADO,2026-04-26 00:00:02.379592,2026-04-26 00:04:01.851074,5,5,5,5,1.0,1.0
VIACAO REDENTOR LTDA.,B35T020D00208147,-22.95244441,-43.3483574,2026-04-26,FECHADO,2026-04-26 00:00:14.266356,2026-04-26 00:04:13.936874,5,5,5,5,1.0,1.0
VIACAO REDENTOR LTDA.,B35T020D00210518,-22.95170026,-43.34869333,2026-04-26,FECHADO,2026-04-26 00:00:45.197572,2026-04-26 00:04:45.424994,5,5,5,5,1.0,1.0
VIACAO REDENTOR LTDA.,B35T020D00206461,-22.95309315,-43.35042054,2026-04-26,FECHADO,2026-04-26 00:00:59.728047,2026-04-26 00:03:59.67818,4,4,4,4,1.0,1.0
VIACAO REDENTOR LTDA.,B35T020D00208071,-22.95332669,-43.35098445,2026-04-26,FECHADO,2026-04-26 00:00:47.722122,2026-04-26 00:04:47.750486,5,5,5,5,1.0,1.0
VIACAO REDENTOR LTDA.,B35T020D00203612,-22.9532588,-43.35099752,2026-04-26,FECHADO,2026-04-26 00:00:15.357093,2026-04-26 00:04:15.184323,5,5,5,5,1.0,1.0
VIACAO REDENTOR LTDA.,B35T020D00208146,-22.95319031,-43.35028496,2026-04-26,FECHADO,2026-04-26 00:00:35.070796,2026-04-26 00:04:34.931256,5,5,5,5,1.0,1.0
VIACAO REDENTOR LTDA.,B35T020D00208566,-22.95308549,-43.35042965,2026-04-26,FECHADO,2026-04-26 00:00:39.959218,2026-04-26 00:04:39.952903,5,5,5,5,1.0,1.0
VIACAO REDENTOR LTDA.,B4CT020D00400203,-22.95282455,-43.35033046,2026-04-26,FECHADO,2026-04-26 00:00:40.75601,2026-04-26 00:04:40.556847,5,5,5,5,1.0,1.0
VIACAO REDENTOR LTDA.,B35T020D00202780,-22.95329447,-43.35022446,2026-04-26,FECHADO,2026-04-26 00:00:42.164363,2026-04-26 00:04:42.00345,5,5,5,5,1.0,1.0
VIACAO REDENTOR LTDA.,B35T020D00204307,-22.95270022,-43.35061666,2026-04-26,FECHADO,2026-04-26 00:00:17.366239,2026-04-26 00:04:17.227813,5,5,5,5,1.0,1.0
VIACAO REDENTOR LTDA.,B35T020D00201609,-22.9527698,-43.34975626,2026-04-26,FECHADO,2026-04-26 00:00:06.986216,2026-04-26 00:04:06.69061,5,5,5,5,1.0,1.0
VIACAO REDENTOR LTDA.,B35T020D00204578,-22.95289145,-43.35052483,2026-04-26,FECHADO,2026-04-26 00:00:47.835341,2026-04-26 00:04:48.275311,5,5,5,5,1.0,1.0
VIACAO REDENTOR LTDA.,B35T020D00209553,-22.95274801,-43.35012096,2026-04-26,FECHADO,2026-04-26 00:00:03.970675,2026-04-26 00:04:03.840709,5,5,5,5,1.0,1.0
VIACAO REDENTOR LTDA.,B35T020D00204019,-22.95170957,-43.34885794,2026-04-26,FECHADO,2026-04-26 00:00:26.888884,2026-04-26 00:04:26.682316,5,5,5,5,1.0,1.0
VIACAO REDENTOR LTDA.,B35T020D00203728,-22.95198805,-43.34979141,2026-04-26,FECHADO,2026-04-26 00:00:15.25498,2026-04-26 00:04:15.123496,5,5,5,5,1.0,1.0
VIACAO REDENTOR LTDA.,B35T020D00204008,-22.95186688,-43.34846737,2026-04-26,FECHADO,2026-04-26 00:00:03.986996,2026-04-26 00:04:04.066139,5,5,5,5,1.0,1.0
VIACAO REDENTOR LTDA.,B35T020D00204189,-22.9522249,-43.34989386,2026-04-26,FECHADO,2026-04-26 00:00:17.473175,2026-04-26 00:04:16.944412,5,5,5,5,1.0,1.0
VIACAO REDENTOR LTDA.,B35T020D00209234,-22.95290054,-43.3500551,2026-04-26,FECHADO,2026-04-26 00:00:46.092153,2026-04-26 00:04:46.481051,5,5,5,5,1.0,1.0
VIACAO REDENTOR LTDA.,B35T020D00203254,-22.95235385,-43.34940507,2026-04-26,FECHADO,2026-04-26 00:00:38.181126,2026-04-26 00:04:38.345977,5,5,5,5,1.0,1.0
VIACAO REDENTOR LTDA.,B35T020D00204467,-22.9524712,-43.34834356,2026-04-26,FECHADO,2026-04-26 00:00:20.3242,2026-04-26 00:04:20.181852,5,5,5,5,1.0,1.0
VIACAO REDENTOR LTDA.,B35T020D00207910,-22.95258618,-43.35048717,2026-04-26,FECHADO,2026-04-26 00:00:15.115957,2026-04-26 00:04:15.490455,5,5,5,5,1.0,1.0
VIACAO REDENTOR LTDA.,B35T020D00205166,-22.95307542,-43.35079023,2026-04-26,FECHADO,2026-04-26 00:00:11.934379,2026-04-26 00:04:11.563323,5,5,5,5,1.0,1.0
VIACAO REDENTOR LTDA.,B35T020D00203953,0.0,0.0,2026-04-26,FECHADO,2026-04-26 00:00:22.623368,2026-04-26 00:04:22.485961,5,5,5,0,0.0,1.0
VIACAO REDENTOR LTDA.,B35T020D00209740,-22.9518992,-43.34838778,2026-04-26,FECHADO,2026-04-26 00:00:48.107022,2026-04-26 00:04:48.55736,5,5,5,5,1.0,1.0
VIACAO REDENTOR LTDA.,B35T020D00202004,-22.95256501,-43.3483386,2026-04-26,FECHADO,2026-04-26 00:00:14.631137,2026-04-26 00:04:14.249085,5,5,5,5,1.0,1.0
VIACAO REDENTOR LTDA.,B35T020D00207605,-22.95297123,-43.35077771,2026-04-26,FECHADO,2026-04-26 00:00:09.844832,2026-04-26 00:04:09.867337,5,5,5,5,1.0,1.0
VIACAO REDENTOR LTDA.,B35T020D00207205,-22.95277633,-43.34993338,2026-04-26,FECHADO,2026-04-26 00:00:09.380638,2026-04-26 00:04:08.622292,5,5,5,5,1.0,1.0
VIACAO REDENTOR LTDA.,B35T020D00206389,-22.9524239,-43.34875634,2026-04-26,FECHADO,2026-04-26 00:00:29.542014,2026-04-26 00:04:29.334132,5,5,5,5,1.0,1.0
VIACAO REDENTOR LTDA.,B35T020D00210255,-22.95279792,-43.34991276,2026-04-26,FECHADO,2026-04-26 00:00:31.044016,2026-04-26 00:04:30.423916,5,5,5,5,1.0,1.0
VIACAO REDENTOR LTDA.,B35T020D00202320,-22.95261238,-43.34815128,2026-04-26,FECHADO,2026-04-26 00:00:32.654997,2026-04-26 00:04:32.585049,5,5,5,5,1.0,1.0
VIACAO REDENTOR LTDA.,B35T020D00204151,-22.95203231,-43.34859585,2026-04-26,FECHADO,2026-04-26 00:00:56.743272,2026-04-26 00:04:56.806689,5,5,5,5,1.0,1.0
VIACAO REDENTOR LTDA.,B35T020D00202776,-22.95207883,-43.34964418,2026-04-26,FECHADO,2026-04-26 00:00:23.260569,2026-04-26 00:04:23.115603,5,5,5,5,1.0,1.0
VIACAO REDENTOR LTDA.,B35T020D00203972,-22.95293521,-43.34846456,2026-04-26,FECHADO,2026-04-26 00:00:19.054604,2026-04-26 00:04:18.911992,5,5,5,5,1.0,1.0
VIACAO REDENTOR LTDA.,B35T020D00208481,-22.95315814,-43.35001845,2026-04-26,FECHADO,2026-04-26 00:00:07.357055,2026-04-26 00:04:07.039984,5,5,5,5,1.0,1.0
VIACAO REDENTOR LTDA.,B35T020D00210481,-22.95270269,-43.34852666,2026-04-26,FECHADO,2026-04-26 00:00:20.024388,2026-04-26 00:04:19.634042,5,5,5,5,1.0,1.0
VIACAO REDENTOR LTDA.,B35T020D00205202,-22.95299071,-43.34993981,2026-04-26,FECHADO,2026-04-26 00:00:32.511819,2026-04-26 00:04:32.322484,5,5,5,5,1.0,1.0
VIACAO REDENTOR LTDA.,B35T020D00204244,-22.95214576,-43.34979094,2026-04-26,FECHADO,2026-04-26 00:00:24.563327,2026-04-26 00:04:24.258921,5,5,5,5,1.0,1.0
VIACAO REDENTOR LTDA.,B35T020D00204361,-22.95241242,-43.34810281,2026-04-26,FECHADO,2026-04-26 00:00:17.130331,2026-04-26 00:04:17.142728,5,5,5,5,1.0,1.0
VIACAO REDENTOR LTDA.,B35T020D00210257,-22.9531216,-43.35064813,2026-04-26,FECHADO,2026-04-26 00:00:44.072137,2026-04-26 00:04:44.46073,5,5,5,5,1.0,1.0
VIACAO REDENTOR LTDA.,B35T020D00201229,-22.9530475,-43.35117208,2026-04-26,FECHADO,2026-04-26 00:00:29.527065,2026-04-26 00:04:29.848102,5,5,5,5,1.0,1.0
VIACAO REDENTOR LTDA.,B35T020D00201154,-22.95240763,-43.34904766,2026-04-26,FECHADO,2026-04-26 00:00:34.790361,2026-04-26 00:04:34.477614,5,5,5,5,1.0,1.0
VIACAO REDENTOR LTDA.,B35T020D00206024,-22.95213231,-43.34926142,2026-04-26,FECHADO,2026-04-26 00:00:00.992527,2026-04-26 00:04:00.803819,5,5,5,5,1.0,1.0
VIACAO REDENTOR LTDA.,B35T020D00203316,-22.95595613,-43.35567884,2026-04-26,FECHADO,2026-04-26 00:00:42.848222,2026-04-26 00:04:43.163469,5,5,5,5,1.0,1.0
VIACAO REDENTOR LTDA.,B35T020D00208830,-22.9526014,-43.35026743,2026-04-26,FECHADO,2026-04-26 00:00:32.933777,2026-04-26 00:04:33.07313,5,5,5,5,1.0,1.0
VIACAO REDENTOR LTDA.,B35T020D00209736,-22.95206869,-43.34921499,2026-04-26,FECHADO,2026-04-26 00:00:37.58073,2026-04-26 00:04:37.080558,5,5,5,5,1.0,1.0
VIACAO REDENTOR LTDA.,B35T020D00206352,-22.95357107,-43.35063249,2026-04-26,FECHADO,2026-04-26 00:00:12.355861,2026-04-26 00:04:12.127881,5,5,5,5,1.0,1.0
VIACAO REDENTOR LTDA.,B35T020D00206685,-22.95263087,-43.34861699,2026-04-26,FECHADO,2026-04-26 00:00:41.160334,2026-04-26 00:04:40.978844,5,5,5,5,1.0,1.0
VIACAO REDENTOR LTDA.,B35T020D00203872,-22.97865194,-43.49222253,2026-04-26,FECHADO,2026-04-26 00:00:12.536083,2026-04-26 00:04:12.204439,5,5,5,5,1.0,1.0
VIACAO REDENTOR LTDA.,B35T020D00208476,-22.95286801,-43.34846007,2026-04-26,FECHADO,2026-04-26 00:00:54.424652,2026-04-26 00:04:54.587488,5,5,5,5,1.0,1.0
VIACAO REDENTOR LTDA.,B35T020D00201767,-22.95363382,-43.35007376,2026-04-26,FECHADO,2026-04-26 00:00:36.908666,2026-04-26 00:04:36.729271,5,5,5,5,1.0,1.0
VIACAO REDENTOR LTDA.,B35T020D00203932,-22.95240963,-43.34942862,2026-04-26,FECHADO,2026-04-26 00:00:28.287725,2026-04-26 00:04:29.139498,5,5,5,5,1.0,1.0
VIACAO REDENTOR LTDA.,B35T020D00201778,-22.95357802,-43.35058241,2026-04-26,FECHADO,2026-04-26 00:00:22.598951,2026-04-26 00:04:22.108097,5,5,5,5,1.0,1.0
VIACAO REDENTOR LTDA.,B35T020D00204034,-22.95222558,-43.3498417,2026-04-26,FECHADO,2026-04-26 00:00:08.08883,2026-04-26 00:04:07.944904,5,5,5,5,1.0,1.0
VIACAO REDENTOR LTDA.,B35T020D00204107,-22.95241069,-43.34917068,2026-04-26,FECHADO,2026-04-26 00:00:48.366495,2026-04-26 00:04:48.504654,5,5,5,5,1.0,1.0
VIACAO REDENTOR LTDA.,B35T020D00204449,-22.95243773,-43.3480712,2026-04-26,FECHADO,2026-04-26 00:00:31.336978,2026-04-26 00:04:30.963561,5,5,5,5,1.0,1.0
VIACAO REDENTOR LTDA.,B35T020D00204281,-22.95312046,-43.35072431,2026-04-26,FECHADO,2026-04-26 00:00:38.499415,2026-04-26 00:04:37.078721,5,5,5,5,1.0,1.0
VIACAO REDENTOR LTDA.,B35T020D00206478,-22.95310537,-43.35031903,2026-04-26,FECHADO,2026-04-26 00:00:17.941206,2026-04-26 00:04:17.572908,5,5,5,5,1.0,1.0
VIACAO REDENTOR LTDA.,B35T020D00203448,-22.91902001,-43.40259296,2026-04-26,FECHADO,2026-04-26 00:00:10.373115,2026-04-26 00:04:10.233173,5,5,5,5,1.0,1.0
VIACAO REDENTOR LTDA.,B35T020D00206548,-22.95271695,-43.3485745,2026-04-26,FECHADO,2026-04-26 00:00:41.383363,2026-04-26 00:04:41.709108,5,5,5,5,1.0,1.0
VIACAO REDENTOR LTDA.,B35T020D00209164,-22.95207495,-43.34906749,2026-04-26,FECHADO,2026-04-26 00:00:31.252217,2026-04-26 00:04:30.936009,5,5,5,5,1.0,1.0
VIACAO REDENTOR LTDA.,B35T020D00207114,-22.952613,-43.34890489,2026-04-26,FECHADO,2026-04-26 00:00:43.080114,2026-04-26 00:04:43.075089,5,5,5,5,1.0,1.0
VIACAO REDENTOR LTDA.,B35T020D00201769,-22.95265946,-43.35006922,2026-04-26,FECHADO,2026-04-26 00:00:56.560598,2026-04-26 00:04:57.028259,5,5,5,5,1.0,1.0
VIACAO REDENTOR LTDA.,B35T020D00204358,-22.95315583,-43.35054852,2026-04-26,FECHADO,2026-04-26 00:00:14.750788,2026-04-26 00:04:14.343225,5,5,5,5,1.0,1.0
VIACAO REDENTOR LTDA.,B35T020D00208806,-22.95315972,-43.35022868,2026-04-26,FECHADO,2026-04-26 00:00:55.982844,2026-04-26 00:04:56.34871,5,5,5,5,1.0,1.0
VIACAO REDENTOR LTDA.,B35T020D00202647,-22.9521214,-43.34847569,2026-04-26,FECHADO,2026-04-26 00:00:26.22879,2026-04-26 00:04:26.128025,5,5,5,5,1.0,1.0
VIACAO REDENTOR LTDA.,B35T020D00202767,-22.95276755,-43.35029801,2026-04-26,FECHADO,2026-04-26 00:00:18.351625,2026-04-26 00:04:18.383776,5,5,5,5,1.0,1.0
VIACAO REDENTOR LTDA.,B35T020D00203788,-22.95356538,-43.3500386,2026-04-26,FECHADO,2026-04-26 00:00:17.488863,2026-04-26 00:04:17.291517,5,5,5,5,1.0,1.0
VIACAO REDENTOR LTDA.,B35T020D00201995,-22.95299165,-43.34972708,2026-04-26,FECHADO,2026-04-26 00:00:52.984524,2026-04-26 00:04:53.484899,5,5,5,5,1.0,1.0
VIACAO REDENTOR LTDA.,B35T020D00209921,-22.95258994,-43.35089889,2026-04-26,FECHADO,2026-04-26 00:00:20.063849,2026-04-26 00:04:19.583928,5,5,5,5,1.0,1.0
VIACAO REDENTOR LTDA.,B35T020D00201015,-22.95365968,-43.3502332,2026-04-26,FECHADO,2026-04-26 00:00:54.675816,2026-04-26 00:04:54.68794,5,5,5,5,1.0,1.0
VIACAO REDENTOR LTDA.,B35T020D00210539,0.0,0.0,2026-04-26,FECHADO,2026-04-26 00:00:31.921219,2026-04-26 00:04:31.754752,5,5,5,0,0.0,1.0
VIACAO REDENTOR LTDA.,B35T020D00206545,-22.9518035,-43.34852771,2026-04-26,FECHADO,2026-04-26 00:00:15.339035,2026-04-26 00:04:15.219884,5,5,5,5,1.0,1.0
VIACAO REDENTOR LTDA.,B35T020D00201189,0.0,0.0,2026-04-26,FECHADO,2026-04-26 00:00:00.932358,2026-04-26 00:04:00.780999,5,5,5,0,0.0,1.0
VIACAO REDENTOR LTDA.,B4CT020D00400241,-22.95306009,-43.34974912,2026-04-26,FECHADO,2026-04-26 00:00:42.678181,2026-04-26 00:04:42.991546,5,5,5,5,1.0,1.0
VIACAO REDENTOR LTDA.,B35T020D00203339,-22.95296609,-43.35120513,2026-04-26,FECHADO,2026-04-26 00:00:55.803335,2026-04-26 00:04:55.851582,5,5,5,5,1.0,1.0
VIACAO REDENTOR LTDA.,B35T020D00200757,-22.95209058,-43.35016682,2026-04-26,FECHADO,2026-04-26 00:00:46.684092,2026-04-26 00:04:47.034438,5,5,5,5,1.0,1.0
VIACAO REDENTOR LTDA.,B35T020D00208349,-22.95376269,-43.35516552,2026-04-26,FECHADO,2026-04-26 00:00:30.761881,2026-04-26 00:04:30.867236,5,5,5,5,1.0,1.0
VIACAO REDENTOR LTDA.,B35T020D00205426,-22.99303378,-43.36576347,2026-04-26,FECHADO,2026-04-26 00:00:53.963858,2026-04-26 00:04:54.396574,5,5,5,5,1.0,1.0
VIACAO REDENTOR LTDA.,B35T020D00204876,-22.95278327,-43.34833472,2026-04-26,FECHADO,2026-04-26 00:00:35.482409,2026-04-26 00:04:35.285671,5,5,5,5,1.0,1.0
VIACAO REDENTOR LTDA.,B35T020D00205098,-22.96218355,-43.33496395,2026-04-26,FECHADO,2026-04-26 00:00:41.582859,2026-04-26 00:04:41.209361,5,5,5,5,1.0,1.0
VIACAO REDENTOR LTDA.,B35T020D00201930,-22.95245448,-43.35015135,2026-04-26,FECHADO,2026-04-26 00:00:55.640838,2026-04-26 00:04:56.561324,5,5,5,5,1.0,1.0
VIACAO REDENTOR LTDA.,B35T020D00204035,-22.95333182,-43.35052328,2026-04-26,FECHADO,2026-04-26 00:00:22.452923,2026-04-26 00:04:22.305689,5,5,5,5,1.0,1.0
VIACAO REDENTOR LTDA.,B35T020D00206847,-22.9524782,-43.3488031,2026-04-26,FECHADO,2026-04-26 00:00:37.276533,2026-04-26 00:04:37.323113,5,5,5,5,1.0,1.0
VIACAO REDENTOR LTDA.,B4CT020D00400059,-22.95292295,-43.34991145,2026-04-26,FECHADO,2026-04-26 00:00:28.818882,2026-04-26 00:04:28.942854,5,5,5,5,1.0,1.0
VIACAO REDENTOR LTDA.,B35T020D00209975,-22.95224645,-43.34821129,2026-04-26,FECHADO,2026-04-26 00:00:15.282915,2026-04-26 00:04:15.134619,5,5,5,5,1.0,1.0
VIACAO REDENTOR LTDA.,B35T020D00202466,-22.95353773,-43.35054995,2026-04-26,FECHADO,2026-04-26 00:00:56.267408,2026-04-26 00:04:56.547179,5,5,5,5,1.0,1.0
VIACAO REDENTOR LTDA.,B35T020D00209783,-22.95338112,-43.35094863,2026-04-26,FECHADO,2026-04-26 00:00:01.801578,2026-04-26 00:04:01.671172,5,5,5,5,1.0,1.0
VIACAO REDENTOR LTDA.,B35T020D00201788,-22.95260792,-43.35038741,2026-04-26,FECHADO,2026-04-26 00:00:20.398948,2026-04-26 00:04:20.480881,5,5,5,5,1.0,1.0
VIACAO REDENTOR LTDA.,B35T020D00204535,-22.95233827,-43.34831997,2026-04-26,FECHADO,2026-04-26 00:00:34.904887,2026-04-26 00:04:34.857813,5,5,5,5,1.0,1.0
VIACAO REDENTOR LTDA.,B35T020D00206082,-22.95323185,-43.35028164,2026-04-26,FECHADO,2026-04-26 00:00:18.250252,2026-04-26 00:04:18.116375,5,5,5,5,1.0,1.0
VIACAO REDENTOR LTDA.,B35T020D00210544,-22.95298401,-43.35080378,2026-04-26,FECHADO,2026-04-26 00:00:30.875211,2026-04-26 00:04:30.855071,5,5,5,5,1.0,1.0
VIACAO REDENTOR LTDA.,B35T020D00204016,-22.95251558,-43.35018035,2026-04-26,FECHADO,2026-04-26 00:00:35.466606,2026-04-26 00:04:35.522173,5,5,5,5,1.0,1.0
VIACAO REDENTOR LTDA.,B35T020D00207118,-22.95256908,-43.34817578,2026-04-26,FECHADO,2026-04-26 00:00:09.855561,2026-04-26 00:04:09.739665,5,5,5,5,1.0,1.0
VIACAO REDENTOR LTDA.,B35T020D00209706,-22.95257788,-43.35149824,2026-04-26,FECHADO,2026-04-26 00:00:48.142465,2026-04-26 00:04:48.616097,5,5,5,5,1.0,1.0
VIACAO REDENTOR LTDA.,B35T020D00206596,-22.95243413,-43.35067936,2026-04-26,FECHADO,2026-04-26 00:00:56.836812,2026-04-26 00:04:57.258334,5,5,5,5,1.0,1.0
VIACAO REDENTOR LTDA.,B35T020D00202394,-22.95328764,-43.35108157,2026-04-26,FECHADO,2026-04-26 00:00:41.183981,2026-04-26 00:04:40.887415,5,5,5,5,1.0,1.0
VIACAO REDENTOR LTDA.,B35T020D00201204,-22.9530415,-43.34977721,2026-04-26,FECHADO,2026-04-26 00:00:28.112316,2026-04-26 00:04:27.681556,5,5,5,5,1.0,1.0
VIACAO REDENTOR LTDA.,B35T020D00201791,-22.95334081,-43.3504152,2026-04-26,FECHADO,2026-04-26 00:00:38.359644,2026-04-26 00:04:38.336216,5,5,5,5,1.0,1.0
VIACAO REDENTOR LTDA.,B35T020D00210066,-22.95289044,-43.3507529,2026-04-26,FECHADO,2026-04-26 00:00:35.396872,2026-04-26 00:04:35.312105,5,5,5,5,1.0,1.0
VIACAO REDENTOR LTDA.,B35T020D00202799,-22.95184348,-43.34853,2026-04-26,FECHADO,2026-04-26 00:00:37.75146,2026-04-26 00:04:37.456144,5,5,5,5,1.0,1.0
VIACAO REDENTOR LTDA.,B35T020D00208304,-22.95201256,-43.34978997,2026-04-26,FECHADO,2026-04-26 00:00:51.445839,2026-04-26 00:04:51.681451,5,5,5,5,1.0,1.0
VIACAO REDENTOR LTDA.,B35T020D00202527,-22.95324695,-43.34980478,2026-04-26,FECHADO,2026-04-26 00:00:06.032387,2026-04-26 00:04:05.858212,5,5,5,5,1.0,1.0
VIACAO REDENTOR LTDA.,B35T020D00202423,-22.95234598,-43.34936571,2026-04-26,FECHADO,2026-04-26 00:00:51.095311,2026-04-26 00:04:58.300613,5,5,5,5,1.0,1.0
VIACAO REDENTOR LTDA.,B35T020D00201880,-22.95339698,-43.35021007,2026-04-26,FECHADO,2026-04-26 00:00:41.031338,2026-04-26 00:04:40.013512,5,5,5,5,1.0,1.0
VIACAO REDENTOR LTDA.,B35T020D00202351,-22.95299744,-43.3489216,2026-04-26,FECHADO,2026-04-26 00:00:09.038704,2026-04-26 00:04:09.262318,5,5,5,5,1.0,1.0
VIACAO REDENTOR LTDA.,B35T020D00204613,-22.95345639,-43.35067086,2026-04-26,FECHADO,2026-04-26 00:00:44.531169,2026-04-26 00:04:44.118954,5,5,5,5,1.0,1.0
VIACAO REDENTOR LTDA.,B35T020D00201858,-22.95230327,-43.34899831,2026-04-26,FECHADO,2026-04-26 00:00:19.04212,2026-04-26 00:04:18.61346,5,5,5,5,1.0,1.0
VIACAO REDENTOR LTDA.,B35T020D00208807,-22.95296301,-43.34998637,2026-04-26,FECHADO,2026-04-26 00:00:47.064852,2026-04-26 00:04:47.204902,5,5,5,5,1.0,1.0
VIACAO REDENTOR LTDA.,B35T020D00202735,-22.95302829,-43.35018741,2026-04-26,FECHADO,2026-04-26 00:00:19.529403,2026-04-26 00:04:19.327943,5,5,5,5,1.0,1.0
VIACAO REDENTOR LTDA.,B35T020D00207778,-22.95296969,-43.35111057,2026-04-26,FECHADO,2026-04-26 00:00:15.643531,2026-04-26 00:04:15.725693,5,5,5,5,1.0,1.0
VIACAO REDENTOR LTDA.,B35T020D00200748,-22.95338997,-43.35018572,2026-04-26,FECHADO,2026-04-26 00:00:58.082238,2026-04-26 00:04:58.271572,5,5,5,5,1.0,1.0
VIACAO REDENTOR LTDA.,B35T020D00208826,-22.95319847,-43.34998016,2026-04-26,FECHADO,2026-04-26 00:00:01.676436,2026-04-26 00:04:01.3087,5,5,5,5,1.0,1.0
VIACAO REDENTOR LTDA.,B35T020D00202587,-22.95321015,-43.35024103,2026-04-26,FECHADO,2026-04-26 00:00:04.551374,2026-04-26 00:04:04.105462,5,5,5,5,1.0,1.0
VIACAO REDENTOR LTDA.,B35T020D00210591,-22.95302515,-43.35117485,2026-04-26,FECHADO,2026-04-26 00:00:17.0643,2026-04-26 00:04:16.966031,5,5,5,5,1.0,1.0
VIACAO REDENTOR LTDA.,B35T020D00203956,-22.97358508,-43.37119291,2026-04-26,FECHADO,2026-04-26 00:00:26.268225,2026-04-26 00:04:26.173167,5,5,5,5,1.0,1.0
VIACAO REDENTOR LTDA.,B35T020D00202154,-22.95236957,-43.34824599,2026-04-26,FECHADO,2026-04-26 00:00:17.974656,2026-04-26 00:04:17.95279,5,5,5,5,1.0,1.0
VIACAO REDENTOR LTDA.,B35T020D00205627,-22.95371496,-43.35025415,2026-04-26,FECHADO,2026-04-26 00:00:27.215869,2026-04-26 00:04:26.693869,5,5,5,5,1.0,1.0
VIACAO REDENTOR LTDA.,B35T020D00206916,-22.95264239,-43.34849234,2026-04-26,FECHADO,2026-04-26 00:00:34.203257,2026-04-26 00:04:33.773837,5,5,5,5,1.0,1.0
VIACAO REDENTOR LTDA.,B35T020D00204496,-22.95312512,-43.35034854,2026-04-26,FECHADO,2026-04-26 00:00:47.811518,2026-04-26 00:04:48.071516,5,5,5,5,1.0,1.0
VIACAO REDENTOR LTDA.,B35T020D00201219,-22.95307761,-43.35033949,2026-04-26,FECHADO,2026-04-26 00:00:09.70828,2026-04-26 00:04:09.570451,5,5,5,5,1.0,1.0
VIACAO REDENTOR LTDA.,B35T020D00202979,-22.95316395,-43.35032407,2026-04-26,FECHADO,2026-04-26 00:00:59.47723,2026-04-26 00:04:59.841879,5,5,5,5,1.0,1.0
VIACAO REDENTOR LTDA.,B35T020D00207978,-22.95304125,-43.34895281,2026-04-26,FECHADO,2026-04-26 00:00:40.493078,2026-04-26 00:04:40.638066,5,5,5,5,1.0,1.0
VIACAO REDENTOR LTDA.,B35T020D00201147,-22.95266204,-43.34854942,2026-04-26,FECHADO,2026-04-26 00:00:33.302132,2026-04-26 00:04:33.12067,5,5,5,5,1.0,1.0
VIACAO REDENTOR LTDA.,B35T020D00209781,-22.95236803,-43.34831835,2026-04-26,FECHADO,2026-04-26 00:00:48.132347,2026-04-26 00:04:48.254928,5,5,5,5,1.0,1.0
VIACAO REDENTOR LTDA.,B35T020D00201217,-22.95181162,-43.34849371,2026-04-26,FECHADO,2026-04-26 00:00:50.996764,2026-04-26 00:04:51.150323,5,5,5,5,1.0,1.0
VIACAO REDENTOR LTDA.,B35T020D00204014,-22.95285126,-43.34961028,2026-04-26,FECHADO,2026-04-26 00:00:21.501325,2026-04-26 00:04:21.589577,5,5,5,5,1.0,1.0
VIACAO REDENTOR LTDA.,B35T020D00210238,-22.95289062,-43.35069774,2026-04-26,FECHADO,2026-04-26 00:00:42.382284,2026-04-26 00:04:41.51281,5,5,5,5,1.0,1.0
VIACAO REDENTOR LTDA.,B35T020D00206621,-22.95189645,-43.34791625,2026-04-26,FECHADO,2026-04-26 00:00:21.216662,2026-04-26 00:04:21.253691,5,5,5,5,1.0,1.0
VIACAO REDENTOR LTDA.,B35T020D00208434,-22.95361128,-43.35014152,2026-04-26,FECHADO,2026-04-26 00:00:58.805667,2026-04-26 00:04:59.044757,5,5,5,5,1.0,1.0
VIACAO REDENTOR LTDA.,B35T020D00201350,-22.9528078,-43.35033485,2026-04-26,FECHADO,2026-04-26 00:00:29.180322,2026-04-26 00:04:28.978864,5,5,5,5,1.0,1.0
VIACAO REDENTOR LTDA.,B35T020D00206933,-22.95308217,-43.3507686,2026-04-26,FECHADO,2026-04-26 00:00:52.760826,2026-04-26 00:04:53.071021,5,5,5,5,1.0,1.0
VIACAO REDENTOR LTDA.,B35T020D00204058,-22.95276813,-43.34960713,2026-04-26,FECHADO,2026-04-26 00:00:12.206602,2026-04-26 00:04:12.191231,5,5,5,5,1.0,1.0
VIACAO REDENTOR LTDA.,B35T020D00205000,-22.95309037,-43.35009178,2026-04-26,FECHADO,2026-04-26 00:00:06.082526,2026-04-26 00:04:05.360814,5,5,5,5,1.0,1.0
VIACAO REDENTOR LTDA.,B4CT020D00400257,-22.95309603,-43.35045054,2026-04-26,FECHADO,2026-04-26 00:00:46.235899,2026-04-26 00:04:46.334978,5,5,5,5,1.0,1.0
VIACAO REDENTOR LTDA.,B35T020D00203499,-22.95197859,-43.34985834,2026-04-26,FECHADO,2026-04-26 00:00:47.496886,2026-04-26 00:04:47.323709,5,5,5,5,1.0,1.0
VIACAO REDENTOR LTDA.,B35T020D00201846,-22.95256179,-43.34816396,2026-04-26,FECHADO,2026-04-26 00:00:10.834104,2026-04-26 00:04:10.460072,5,5,5,5,1.0,1.0
VIACAO REDENTOR LTDA.,B35T020D00206683,-22.95339995,-43.35050565,2026-04-26,FECHADO,2026-04-26 00:00:53.395689,2026-04-26 00:04:53.548641,5,5,5,5,1.0,1.0
VIACAO REDENTOR LTDA.,B35T020D00207074,-22.95202524,-43.35023696,2026-04-26,FECHADO,2026-04-26 00:00:31.248604,2026-04-26 00:04:30.915125,5,5,5,5,1.0,1.0
VIACAO REDENTOR LTDA.,B35T020D00201757,-22.95195976,-43.34984836,2026-04-26,FECHADO,2026-04-26 00:00:28.749387,2026-04-26 00:04:28.343208,5,5,5,5,1.0,1.0
VIACAO REDENTOR LTDA.,B35T020D00204756,-22.95301352,-43.34885218,2026-04-26,FECHADO,2026-04-26 00:00:58.230214,2026-04-26 00:04:58.269247,5,5,5,5,1.0,1.0
VIACAO REDENTOR LTDA.,B35T020D00203337,-22.95283911,-43.3502761,2026-04-26,FECHADO,2026-04-26 00:00:09.602141,2026-04-26 00:04:09.402727,5,5,5,5,1.0,1.0
VIACAO REDENTOR LTDA.,B35T020D00201101,-22.95245128,-43.34812529,2026-04-26,FECHADO,2026-04-26 00:00:43.686349,2026-04-26 00:04:43.968334,5,5,5,5,1.0,1.0
VIACAO REDENTOR LTDA.,B35T020D00204801,-22.95436138,-43.35485504,2026-04-26,FECHADO,2026-04-26 00:00:55.294727,2026-04-26 00:04:55.478334,5,5,5,5,1.0,1.0
VIACAO REDENTOR LTDA.,B35T020D00203952,0.0,0.0,2026-04-26,FECHADO,2026-04-26 00:00:19.51188,2026-04-26 00:04:19.137222,5,5,5,0,0.0,1.0
VIACAO REDENTOR LTDA.,B35T020D00201738,-22.95299257,-43.34969071,2026-04-26,FECHADO,2026-04-26 00:00:51.787103,2026-04-26 00:04:52.63091,5,5,5,5,1.0,1.0
VIACAO REDENTOR LTDA.,B35T020D00202814,-22.95329058,-43.35095978,2026-04-26,FECHADO,2026-04-26 00:00:14.976759,2026-04-26 00:04:14.498744,5,5,5,5,1.0,1.0
VIACAO REDENTOR LTDA.,B35T020D00201920,-22.95186083,-43.3498334,2026-04-26,FECHADO,2026-04-26 00:00:50.588961,2026-04-26 00:04:50.819651,5,5,5,5,1.0,1.0
VIACAO REDENTOR LTDA.,B35T020D00205175,-22.95294904,-43.35086005,2026-04-26,FECHADO,2026-04-26 00:00:57.784201,2026-04-26 00:04:57.874309,5,5,5,5,1.0,1.0
VIACAO REDENTOR LTDA.,B35T020D00206879,-22.95239125,-43.34823475,2026-04-26,FECHADO,2026-04-26 00:00:32.601852,2026-04-26 00:04:32.123026,5,5,5,5,1.0,1.0
VIACAO REDENTOR LTDA.,B35T020D00206481,-22.95227921,-43.34987126,2026-04-26,FECHADO,2026-04-26 00:00:21.882753,2026-04-26 00:04:21.9079,5,5,5,5,1.0,1.0
VIACAO REDENTOR LTDA.,B35T020D00208569,-22.95213514,-43.34950131,2026-04-26,FECHADO,2026-04-26 00:00:39.794894,2026-04-26 00:04:39.593535,5,5,5,5,1.0,1.0
VIACAO REDENTOR LTDA.,B35T020D00201198,-22.95238047,-43.34904256,2026-04-26,FECHADO,2026-04-26 00:00:01.443343,2026-04-26 00:04:01.955758,5,5,5,5,1.0,1.0
VIACAO REDENTOR LTDA.,B35T020D00200880,-22.95221183,-43.35020857,2026-04-26,FECHADO,2026-04-26 00:00:50.012307,2026-04-26 00:04:50.39502,5,5,5,5,1.0,1.0
VIACAO REDENTOR LTDA.,B35T020D00203275,-22.95326232,-43.35053988,2026-04-26,FECHADO,2026-04-26 00:00:05.348592,2026-04-26 00:04:05.142096,5,5,5,5,1.0,1.0
VIACAO REDENTOR LTDA.,B35T020D00208057,-22.95321969,-43.34961546,2026-04-26,FECHADO,2026-04-26 00:00:58.395428,2026-04-26 00:04:58.395139,5,5,5,5,1.0,1.0
VIACAO REDENTOR LTDA.,B35T020D00201165,-22.952878,-43.34877867,2026-04-26,FECHADO,2026-04-26 00:00:52.353906,2026-04-26 00:04:52.488102,5,5,5,5,1.0,1.0
VIACAO REDENTOR LTDA.,B35T020D00202092,-22.95242709,-43.34889189,2026-04-26,FECHADO,2026-04-26 00:00:10.673241,2026-04-26 00:04:10.643403,5,5,5,5,1.0,1.0
VIACAO REDENTOR LTDA.,B35T020D00206641,-22.95224648,-43.34932255,2026-04-26,FECHADO,2026-04-26 00:00:30.344113,2026-04-26 00:04:30.203889,5,5,5,5,1.0,1.0
VIACAO REDENTOR LTDA.,B35T020D00204712,-22.95299126,-43.34975422,2026-04-26,FECHADO,2026-04-26 00:00:37.030492,2026-04-26 00:04:36.400902,5,5,5,5,1.0,1.0
VIACAO REDENTOR LTDA.,B35T020D00202539,-22.95304479,-43.35117229,2026-04-26,FECHADO,2026-04-26 00:00:01.498892,2026-04-26 00:04:01.344147,5,5,5,5,1.0,1.0
VIACAO REDENTOR LTDA.,B35T020D00204364,-22.95255126,-43.35089149,2026-04-26,FECHADO,2026-04-26 00:00:42.204278,2026-04-26 00:04:42.258283,5,5,5,5,1.0,1.0
VIACAO REDENTOR LTDA.,B35T020D00204486,-22.95269271,-43.35037456,2026-04-26,FECHADO,2026-04-26 00:00:18.321047,2026-04-26 00:04:17.988965,5,5,5,5,1.0,1.0
VIACAO REDENTOR LTDA.,B4CT020D00400259,-22.95360229,-43.35001989,2026-04-26,FECHADO,2026-04-26 00:00:46.908802,2026-04-26 00:04:46.919094,5,5,5,5,1.0,1.0
VIACAO REDENTOR LTDA.,B35T020D00202574,-22.95303299,-43.35013659,2026-04-26,FECHADO,2026-04-26 00:00:49.986127,2026-04-26 00:04:50.3842,5,5,5,5,1.0,1.0
VIACAO REDENTOR LTDA.,B35T020D00208594,-22.95158781,-43.34884256,2026-04-26,FECHADO,2026-04-26 00:00:39.073483,2026-04-26 00:04:39.116304,5,5,5,5,1.0,1.0
VIACAO REDENTOR LTDA.,B4CT020D00400042,-22.95296611,-43.35043472,2026-04-26,FECHADO,2026-04-26 00:00:17.736995,2026-04-26 00:04:17.529637,5,5,5,5,1.0,1.0
VIACAO REDENTOR LTDA.,B35T020D00201129,-22.95297988,-43.35045494,2026-04-26,FECHADO,2026-04-26 00:00:46.107373,2026-04-26 00:04:45.974121,5,5,5,5,1.0,1.0
VIACAO REDENTOR LTDA.,B35T020D00203896,-22.95173227,-43.34861522,2026-04-26,FECHADO,2026-04-26 00:00:27.483745,2026-04-26 00:04:27.496017,5,5,5,5,1.0,1.0
VIACAO REDENTOR LTDA.,B35T020D00203927,-22.95267239,-43.35061473,2026-04-26,FECHADO,2026-04-26 00:00:15.84174,2026-04-26 00:04:15.750721,5,5,5,5,1.0,1.0
VIACAO REDENTOR LTDA.,B35T020D00200950,-22.95286222,-43.34915911,2026-04-26,FECHADO,2026-04-26 00:00:48.367997,2026-04-26 00:04:48.297381,5,5,5,5,1.0,1.0
VIACAO REDENTOR LTDA.,B35T020D00202916,-22.95211855,-43.34976413,2026-04-26,FECHADO,2026-04-26 00:00:21.477747,2026-04-26 00:04:21.279976,5,5,5,5,1.0,1.0
VIACAO REDENTOR LTDA.,B35T020D00204817,-22.95241925,-43.34837214,2026-04-26,FECHADO,2026-04-26 00:00:25.840033,2026-04-26 00:04:25.774612,5,5,5,5,1.0,1.0
VIACAO REDENTOR LTDA.,B35T020D00208831,-22.95250995,-43.34917481,2026-04-26,FECHADO,2026-04-26 00:00:05.110341,2026-04-26 00:04:05.018222,5,5,5,5,1.0,1.0
VIACAO REDENTOR LTDA.,B35T020D00202377,-22.95221007,-43.35004867,2026-04-26,FECHADO,2026-04-26 00:00:36.695889,2026-04-26 00:04:36.670796,5,5,5,5,1.0,1.0
VIACAO REDENTOR LTDA.,B35T020D00200953,-22.95318859,-43.3511244,2026-04-26,FECHADO,2026-04-26 00:00:03.215731,2026-04-26 00:04:03.060148,5,5,5,5,1.0,1.0
VIACAO REDENTOR LTDA.,B35T020D00206980,-22.97774187,-43.41599561,2026-04-26,FECHADO,2026-04-26 00:00:40.658507,2026-04-26 00:04:40.267747,5,5,5,5,1.0,1.0
VIACAO REDENTOR LTDA.,B35T020D00204329,-22.95200411,-43.3497386,2026-04-26,FECHADO,2026-04-26 00:00:47.995933,2026-04-26 00:04:47.967158,5,5,5,5,1.0,1.0
VIACAO REDENTOR LTDA.,B35T020D00202989,-22.95223703,-43.34920395,2026-04-26,FECHADO,2026-04-26 00:00:43.182982,2026-04-26 00:04:42.881078,5,5,5,5,1.0,1.0
VIACAO REDENTOR LTDA.,B35T020D00210365,-22.95330404,-43.34991205,2026-04-26,FECHADO,2026-04-26 00:00:54.926069,2026-04-26 00:04:55.212713,5,5,5,5,1.0,1.0
VIACAO REDENTOR LTDA.,B35T020D00204627,-22.95351318,-43.3506955,2026-04-26,FECHADO,2026-04-26 00:00:02.065357,2026-04-26 00:04:02.014076,5,5,5,5,1.0,1.0
VIACAO REDENTOR LTDA.,B35T020D00202367,-22.95261895,-43.35004154,2026-04-26,FECHADO,2026-04-26 00:00:31.400253,2026-04-26 00:04:31.163067,5,5,5,5,1.0,1.0
VIACAO REDENTOR LTDA.,B4CT020D00400165,-22.95285225,-43.34880109,2026-04-26,FECHADO,2026-04-26 00:00:38.625862,2026-04-26 00:04:38.10774,5,5,5,5,1.0,1.0
VIACAO REDENTOR LTDA.,B35T020D00201126,-22.9734886,-43.39545145,2026-04-26,FECHADO,2026-04-26 00:00:22.795138,2026-04-26 00:04:22.409692,5,5,5,5,1.0,1.0
VIACAO REDENTOR LTDA.,B35T020D00208731,-22.95373059,-43.35027834,2026-04-26,FECHADO,2026-04-26 00:00:04.667924,2026-04-26 00:04:04.378001,5,5,5,5,1.0,1.0
VIACAO REDENTOR LTDA.,B35T020D00202420,-22.95207572,-43.34910896,2026-04-26,FECHADO,2026-04-26 00:00:44.130694,2026-04-26 00:04:44.2959,5,5,5,5,1.0,1.0
VIACAO REDENTOR LTDA.,B35T020D00209161,-22.95259272,-43.34843161,2026-04-26,FECHADO,2026-04-26 00:00:47.32151,2026-04-26 00:04:47.249711,5,5,5,5,1.0,1.0
VIACAO REDENTOR LTDA.,B35T020D00208148,-22.95272469,-43.35077345,2026-04-26,FECHADO,2026-04-26 00:00:49.202701,2026-04-26 00:04:49.564054,5,5,5,5,1.0,1.0
VIACAO REDENTOR LTDA.,B35T020D00202352,-22.9532111,-43.35006796,2026-04-26,FECHADO,2026-04-26 00:00:21.426269,2026-04-26 00:04:21.294266,5,5,5,5,1.0,1.0
VIACAO REDENTOR LTDA.,B35T020D00204390,-22.95282001,-43.34911452,2026-04-26,FECHADO,2026-04-26 00:00:08.24103,2026-04-26 00:04:08.216542,5,5,5,5,1.0,1.0
VIACAO REDENTOR LTDA.,B35T020D00204556,-22.9529592,-43.35014565,2026-04-26,FECHADO,2026-04-26 00:00:37.990261,2026-04-26 00:04:37.965458,5,5,5,5,1.0,1.0
VIACAO REDENTOR LTDA.,B35T020D00207427,-22.95353835,-43.3505405,2026-04-26,FECHADO,2026-04-26 00:00:30.429758,2026-04-26 00:04:30.003734,5,5,5,5,1.0,1.0
VIACAO REDENTOR LTDA.,B35T020D00202526,-22.96035777,-43.39027579,2026-04-26,FECHADO,2026-04-26 00:00:18.185269,2026-04-26 00:04:18.096674,5,5,5,5,1.0,1.0
VIACAO REDENTOR LTDA.,B35T020D00209918,-22.95271634,-43.35062891,2026-04-26,FECHADO,2026-04-26 00:00:26.407876,2026-04-26 00:04:26.251753,5,5,5,5,1.0,1.0
VIACAO REDENTOR LTDA.,B35T020D00204303,-22.95224539,-43.34983681,2026-04-26,FECHADO,2026-04-26 00:00:58.435736,2026-04-26 00:04:58.621746,5,5,5,5,1.0,1.0
VIACAO REDENTOR LTDA.,B35T020D00202318,-22.95222403,-43.34821093,2026-04-26,FECHADO,2026-04-26 00:00:36.577119,2026-04-26 00:04:36.382577,5,5,5,5,1.0,1.0
VIACAO REDENTOR LTDA.,B35T020D00201146,-22.95274517,-43.35036246,2026-04-26,FECHADO,2026-04-26 00:00:02.50458,2026-04-26 00:04:03.145971,5,5,5,5,1.0,1.0
VIACAO REDENTOR LTDA.,B35T020D00202711,-22.95324122,-43.34993771,2026-04-26,FECHADO,2026-04-26 00:00:34.023365,2026-04-26 00:04:33.97329,5,5,5,5,1.0,1.0
VIACAO REDENTOR LTDA.,B35T020D00208571,-22.95186376,-43.34839305,2026-04-26,FECHADO,2026-04-26 00:00:16.252886,2026-04-26 00:04:15.989598,5,5,5,5,1.0,1.0
VIACAO REDENTOR LTDA.,B35T020D00203951,-22.95308385,-43.35014673,2026-04-26,FECHADO,2026-04-26 00:00:25.60722,2026-04-26 00:04:25.556087,5,5,5,5,1.0,1.0
VIACAO REDENTOR LTDA.,B35T020D00209165,-22.9525073,-43.35088618,2026-04-26,FECHADO,2026-04-26 00:00:54.337604,2026-04-26 00:04:54.544941,5,5,5,5,1.0,1.0
VIACAO REDENTOR LTDA.,B35T020D00206446,-22.95285843,-43.3491804,2026-04-26,FECHADO,2026-04-26 00:00:59.294356,2026-04-26 00:04:59.202006,5,5,5,5,1.0,1.0
VIACAO REDENTOR LTDA.,B35T020D00206665,-22.95253786,-43.35035307,2026-04-26,FECHADO,2026-04-26 00:00:13.721469,2026-04-26 00:04:13.7324,5,5,5,5,1.0,1.0
VIACAO REDENTOR LTDA.,B35T020D00210538,-22.95203157,-43.35021248,2026-04-26,FECHADO,2026-04-26 00:00:20.199165,2026-04-26 00:04:20.086616,5,5,5,5,1.0,1.0
VIACAO REDENTOR LTDA.,B35T020D00201302,-22.95296606,-43.35002485,2026-04-26,FECHADO,2026-04-26 00:00:16.154746,2026-04-26 00:04:15.843878,5,5,5,5,1.0,1.0
VIACAO REDENTOR LTDA.,B35T020D00202414,-22.95264381,-43.34999475,2026-04-26,FECHADO,2026-04-26 00:00:23.141192,2026-04-26 00:04:23.203322,5,5,5,5,1.0,1.0
VIACAO REDENTOR LTDA.,B35T020D00202407,-22.95187731,-43.3498788,2026-04-26,FECHADO,2026-04-26 00:00:41.664781,2026-04-26 00:04:41.428386,5,5,5,5,1.0,1.0
VIACAO REDENTOR LTDA.,B35T020D00208520,-22.95318704,-43.35002908,2026-04-26,FECHADO,2026-04-26 00:00:29.536456,2026-04-26 00:04:29.366212,5,5,5,5,1.0,1.0
VIACAO REDENTOR LTDA.,B35T020D00205277,-22.9533622,-43.35088922,2026-04-26,FECHADO,2026-04-26 00:00:14.394534,2026-04-26 00:04:14.320718,5,5,5,5,1.0,1.0
VIACAO REDENTOR LTDA.,B35T020D00203475,-22.96035247,-43.39067068,2026-04-26,FECHADO,2026-04-26 00:00:04.834716,2026-04-26 00:04:04.842158,5,5,5,5,1.0,1.0
VIACAO REDENTOR LTDA.,B35T020D00209986,-22.9529493,-43.34846723,2026-04-26,FECHADO,2026-04-26 00:00:26.223186,2026-04-26 00:04:26.032628,5,5,5,5,1.0,1.0
VIACAO REDENTOR LTDA.,B35T020D00201082,-22.95269311,-43.35069076,2026-04-26,FECHADO,2026-04-26 00:00:36.110001,2026-04-26 00:04:36.024817,5,5,5,5,1.0,1.0
VIACAO REDENTOR LTDA.,B35T020D00207543,-22.95278824,-43.35104434,2026-04-26,FECHADO,2026-04-26 00:00:53.021117,2026-04-26 00:04:53.139918,5,5,5,5,1.0,1.0
VIACAO REDENTOR LTDA.,B35T020D00208245,-22.95168101,-43.34865824,2026-04-26,FECHADO,2026-04-26 00:00:27.806114,2026-04-26 00:04:27.651887,5,5,5,5,1.0,1.0
VIACAO REDENTOR LTDA.,B35T020D00204214,-22.95301826,-43.34858111,2026-04-26,FECHADO,2026-04-26 00:00:06.102028,2026-04-26 00:04:05.906415,5,5,5,5,1.0,1.0
VIACAO REDENTOR LTDA.,B35T020D00207430,-22.95355038,-43.35057997,2026-04-26,FECHADO,2026-04-26 00:00:43.935495,2026-04-26 00:04:43.616605,5,5,5,5,1.0,1.0
VIACAO REDENTOR LTDA.,B35T020D00207207,-22.95341642,-43.35062798,2026-04-26,FECHADO,2026-04-26 00:00:13.949913,2026-04-26 00:04:13.570585,5,5,5,5,1.0,1.0
VIACAO REDENTOR LTDA.,B35T020D00207392,-22.95276169,-43.34817746,2026-04-26,FECHADO,2026-04-26 00:00:19.739698,2026-04-26 00:04:19.365333,5,5,5,5,1.0,1.0
VIACAO REDENTOR LTDA.,B35T020D00208629,-22.95308984,-43.34993564,2026-04-26,FECHADO,2026-04-26 00:00:45.222335,2026-04-26 00:04:45.58043,5,5,5,5,1.0,1.0
VIACAO REDENTOR LTDA.,B35T020D00208839,-22.95284784,-43.34961874,2026-04-26,FECHADO,2026-04-26 00:00:41.127322,2026-04-26 00:04:40.651266,5,5,5,5,1.0,1.0
VIACAO REDENTOR LTDA.,B35T020D00204813,-22.95178108,-43.34896701,2026-04-26,FECHADO,2026-04-26 00:00:21.43097,2026-04-26 00:04:21.695841,5,5,5,5,1.0,1.0
VIACAO REDENTOR LTDA.,B35T020D00208059,-22.95193455,-43.34977835,2026-04-26,FECHADO,2026-04-26 00:00:53.8991,2026-04-26 00:04:54.340431,5,5,5,5,1.0,1.0
VIACAO REDENTOR LTDA.,B35T020D00202566,-22.95285762,-43.35003187,2026-04-26,FECHADO,2026-04-26 00:00:22.426175,2026-04-26 00:04:22.399279,5,5,5,5,1.0,1.0
VIACAO REDENTOR LTDA.,B35T020D00207073,-22.95312235,-43.35070249,2026-04-26,FECHADO,2026-04-26 00:00:03.804406,2026-04-26 00:04:03.893983,5,5,5,5,1.0,1.0
VIACAO REDENTOR LTDA.,B35T020D00205118,-22.95269942,-43.35090758,2026-04-26,FECHADO,2026-04-26 00:00:25.533054,2026-04-26 00:04:24.911326,5,5,5,5,1.0,1.0
VIACAO REDENTOR LTDA.,B35T020D00209163,-22.95191672,-43.3478731,2026-04-26,FECHADO,2026-04-26 00:00:07.31151,2026-04-26 00:04:07.257853,5,5,5,5,1.0,1.0
VIACAO REDENTOR LTDA.,B35T020D00203495,-22.95188132,-43.34977565,2026-04-26,FECHADO,2026-04-26 00:00:12.85304,2026-04-26 00:04:12.886738,5,5,5,5,1.0,1.0
VIACAO REDENTOR LTDA.,B35T020D00203416,-22.95204421,-43.3497368,2026-04-26,FECHADO,2026-04-26 00:00:14.110339,2026-04-26 00:04:14.008988,5,5,5,5,1.0,1.0
VIACAO REDENTOR LTDA.,B35T020D00200944,-22.95288063,-43.35012312,2026-04-26,FECHADO,2026-04-26 00:00:11.008114,2026-04-26 00:04:10.957353,5,5,5,5,1.0,1.0
VIACAO REDENTOR LTDA.,B35T020D00201130,-22.95332479,-43.35051596,2026-04-26,FECHADO,2026-04-26 00:00:07.677145,2026-04-26 00:04:07.560424,5,5,5,5,1.0,1.0
VIACAO REDENTOR LTDA.,B35T020D00208122,-22.95284363,-43.35008152,2026-04-26,FECHADO,2026-04-26 00:00:43.65828,2026-04-26 00:04:43.68437,5,5,5,5,1.0,1.0
VIACAO REDENTOR LTDA.,B35T020D00209711,-22.95198161,-43.35026999,2026-04-26,FECHADO,2026-04-26 00:00:28.590933,2026-04-26 00:04:28.357448,5,5,5,5,1.0,1.0
VIACAO REDENTOR LTDA.,B4CT020D00400232,-22.95247105,-43.34943691,2026-04-26,FECHADO,2026-04-26 00:00:32.751222,2026-04-26 00:04:32.61555,5,5,5,5,1.0,1.0
VIACAO REDENTOR LTDA.,B35T020D00203390,-22.95260256,-43.34846871,2026-04-26,FECHADO,2026-04-26 00:00:29.74032,2026-04-26 00:04:29.377137,5,5,5,5,1.0,1.0
VIACAO REDENTOR LTDA.,B35T020D00203404,-22.95337274,-43.35050639,2026-04-26,FECHADO,2026-04-26 00:00:55.762478,2026-04-26 00:04:55.821096,5,5,5,5,1.0,1.0
VIACAO REDENTOR LTDA.,B35T020D00203977,-22.95276102,-43.35107838,2026-04-26,FECHADO,2026-04-26 00:00:09.581026,2026-04-26 00:04:09.495167,5,5,5,5,1.0,1.0
VIACAO REDENTOR LTDA.,B35T020D00206929,-22.95306084,-43.35071168,2026-04-26,FECHADO,2026-04-26 00:00:19.634991,2026-04-26 00:04:19.487256,5,5,5,5,1.0,1.0
VIACAO REDENTOR LTDA.,B35T020D00203297,-22.95364674,-43.3500383,2026-04-26,FECHADO,2026-04-26 00:00:24.280768,2026-04-26 00:04:24.249599,5,5,5,5,1.0,1.0
VIACAO REDENTOR LTDA.,B35T020D00203914,-22.95240136,-43.34804308,2026-04-26,FECHADO,2026-04-26 00:00:06.087485,2026-04-26 00:04:06.036042,5,5,5,5,1.0,1.0
VIACAO REDENTOR LTDA.,B35T020D00204173,-22.95214564,-43.34999237,2026-04-26,FECHADO,2026-04-26 00:00:32.653097,2026-04-26 00:04:32.613688,5,5,5,5,1.0,1.0
VIACAO REDENTOR LTDA.,B35T020D00208538,-22.95283495,-43.35064258,2026-04-26,FECHADO,2026-04-26 00:00:20.862017,2026-04-26 00:04:20.710335,5,5,5,5,1.0,1.0
VIACAO REDENTOR LTDA.,B35T020D00200952,-22.95251322,-43.34817772,2026-04-26,FECHADO,2026-04-26 00:00:19.944829,2026-04-26 00:04:19.630022,5,5,5,5,1.0,1.0
VIACAO REDENTOR LTDA.,B35T020D00204460,-22.95286639,-43.35109217,2026-04-26,FECHADO,2026-04-26 00:00:17.374703,2026-04-26 00:04:17.261714,5,5,5,5,1.0,1.0
VIACAO REDENTOR LTDA.,B35T020D00202455,-22.95348827,-43.35071404,2026-04-26,FECHADO,2026-04-26 00:00:23.490444,2026-04-26 00:04:23.176307,5,5,5,5,1.0,1.0
VIACAO REDENTOR LTDA.,B35T020D00207116,-22.95229131,-43.34863231,2026-04-26,FECHADO,2026-04-26 00:00:27.328062,2026-04-26 00:04:27.433279,5,5,5,5,1.0,1.0
VIACAO REDENTOR LTDA.,B35T020D00201238,-22.95284477,-43.34826927,2026-04-26,FECHADO,2026-04-26 00:00:18.097379,2026-04-26 00:04:18.317509,5,5,5,5,1.0,1.0
VIACAO REDENTOR LTDA.,B35T020D00210536,-22.95290449,-43.34980868,2026-04-26,FECHADO,2026-04-26 00:00:11.1263,2026-04-26 00:04:10.727998,5,5,5,5,1.0,1.0
VIACAO REDENTOR LTDA.,B35T020D00203808,-22.95273684,-43.35075395,2026-04-26,FECHADO,2026-04-26 00:00:00.286374,2026-04-26 00:04:00.133752,5,4,5,5,1.0,0.8
VIACAO REDENTOR LTDA.,B35T020D00207818,-22.95289983,-43.35079616,2026-04-26,FECHADO,2026-04-26 00:00:23.229652,2026-04-26 00:04:22.887156,5,5,5,5,1.0,1.0
VIACAO REDENTOR LTDA.,B4CT020D00400298,-22.95264172,-43.3500256,2026-04-26,FECHADO,2026-04-26 00:00:21.026969,2026-04-26 00:04:21.158858,5,5,5,5,1.0,1.0
VIACAO REDENTOR LTDA.,B4CT020D00400131,-22.95347351,-43.34986645,2026-04-26,FECHADO,2026-04-26 00:00:24.00226,2026-04-26 00:04:23.830314,5,5,5,5,1.0,1.0
VIACAO REDENTOR LTDA.,B35T020D00204803,-22.95325154,-43.35029129,2026-04-26,FECHADO,2026-04-26 00:00:39.046389,2026-04-26 00:04:38.947361,5,5,5,5,1.0,1.0
VIACAO REDENTOR LTDA.,B35T020D00204069,-22.95276449,-43.35017715,2026-04-26,FECHADO,2026-04-26 00:00:11.357173,2026-04-26 00:04:11.360709,5,5,5,5,1.0,1.0
VIACAO REDENTOR LTDA.,B35T020D00207119,-22.95161798,-43.34872834,2026-04-26,FECHADO,2026-04-26 00:00:05.476252,2026-04-26 00:04:05.445381,5,5,5,5,1.0,1.0
VIACAO REDENTOR LTDA.,B35T020D00202462,-22.95333201,-43.35045891,2026-04-26,FECHADO,2026-04-26 00:00:04.101486,2026-04-26 00:04:04.020518,5,5,5,5,1.0,1.0
VIACAO REDENTOR LTDA.,B35T020D00206708,-22.95258779,-43.34813535,2026-04-26,FECHADO,2026-04-26 00:00:46.16709,2026-04-26 00:04:46.065236,5,5,5,5,1.0,1.0
VIACAO REDENTOR LTDA.,B35T020D00206218,-22.95298737,-43.35095621,2026-04-26,FECHADO,2026-04-26 00:00:00.738017,2026-04-26 00:04:00.442308,5,5,5,5,1.0,1.0
VIACAO REDENTOR LTDA.,B35T020D00208835,-22.95186308,-43.34983641,2026-04-26,FECHADO,2026-04-26 00:00:40.955271,2026-04-26 00:04:40.820561,5,5,5,5,1.0,1.0
VIACAO REDENTOR LTDA.,B35T020D00207561,-22.91929835,-43.40125222,2026-04-26,FECHADO,2026-04-26 00:00:27.656912,2026-04-26 00:04:27.697827,5,5,5,5,1.0,1.0
VIACAO REDENTOR LTDA.,B35T020D00209738,-22.95259736,-43.35104988,2026-04-26,FECHADO,2026-04-26 00:00:24.799311,2026-04-26 00:04:24.705174,5,5,5,5,1.0,1.0
VIACAO REDENTOR LTDA.,B35T020D00204580,-22.9518952,-43.35019113,2026-04-26,FECHADO,2026-04-26 00:00:31.863519,2026-04-26 00:04:31.758098,5,5,5,5,1.0,1.0
VIACAO REDENTOR LTDA.,B35T020D00206722,-22.95240231,-43.3494767,2026-04-26,FECHADO,2026-04-26 00:00:29.357938,2026-04-26 00:04:29.269862,5,5,5,5,1.0,1.0
VIACAO REDENTOR LTDA.,B35T020D00202005,-22.95269078,-43.34839654,2026-04-26,FECHADO,2026-04-26 00:00:15.581065,2026-04-26 00:04:15.201348,5,5,5,5,1.0,1.0
VIACAO REDENTOR LTDA.,B35T020D00208808,-22.95154822,-43.34878648,2026-04-26,FECHADO,2026-04-26 00:00:34.965977,2026-04-26 00:04:34.82062,5,5,5,5,1.0,1.0
VIACAO REDENTOR LTDA.,B35T020D00207149,-22.95179913,-43.3484849,2026-04-26,FECHADO,2026-04-26 00:00:09.643286,2026-04-26 00:04:14.740706,5,5,5,5,1.0,1.0
VIACAO REDENTOR LTDA.,B35T020D00201210,-22.95314728,-43.35065785,2026-04-26,FECHADO,2026-04-26 00:00:09.051257,2026-04-26 00:04:10.183147,5,5,5,5,1.0,1.0
VIACAO REDENTOR LTDA.,B35T020D00202738,-22.95353917,-43.35068993,2026-04-26,FECHADO,2026-04-26 00:00:10.805353,2026-04-26 00:04:10.771822,5,5,5,5,1.0,1.0
VIACAO REDENTOR LTDA.,B35T020D00209235,0.0,0.0,2026-04-26,FECHADO,2026-04-26 00:00:35.091232,2026-04-26 00:04:34.988794,5,5,5,0,0.0,1.0
VIACAO REDENTOR LTDA.,B35T020D00204990,-22.95327128,-43.34998395,2026-04-26,FECHADO,2026-04-26 00:00:43.192594,2026-04-26 00:04:43.151284,5,5,5,5,1.0,1.0
VIACAO REDENTOR LTDA.,B35T020D00204523,-22.9530533,-43.35070505,2026-04-26,FECHADO,2026-04-26 00:00:23.33654,2026-04-26 00:04:23.216324,5,5,5,5,1.0,1.0
VIACAO VERDUN S.A.,B35T020D00203504,-22.88895039,-43.29298523,2026-04-26,FECHADO,2026-04-26 00:00:48.16592,2026-04-26 00:04:48.181984,5,5,5,5,1.0,1.0
VIACAO VERDUN S.A.,B35T020D00207151,-22.88989115,-43.29285591,2026-04-26,FECHADO,2026-04-26 00:00:21.227813,2026-04-26 00:04:20.865012,5,5,5,5,1.0,1.0
VIACAO VERDUN S.A.,B35T020D00207987,-22.88918572,-43.29263713,2026-04-26,FECHADO,2026-04-26 00:00:20.935142,2026-04-26 00:04:20.623741,5,5,5,5,1.0,1.0
VIACAO VERDUN S.A.,B35T020D00210051,-22.88939958,-43.29208845,2026-04-26,FECHADO,2026-04-26 00:00:25.998999,2026-04-26 00:04:25.616847,5,5,5,5,1.0,1.0
VIACAO VERDUN S.A.,B35T020D00207088,-22.88909023,-43.29320214,2026-04-26,FECHADO,2026-04-26 00:00:35.780898,2026-04-26 00:04:35.588004,5,5,5,5,1.0,1.0
VIACAO VERDUN S.A.,B35T020D00206404,-22.88908845,-43.29251671,2026-04-26,FECHADO,2026-04-26 00:00:46.094914,2026-04-26 00:04:46.236955,5,5,5,5,1.0,1.0
VIACAO VERDUN S.A.,B35T020D00209088,-22.89014351,-43.29227658,2026-04-26,FECHADO,2026-04-26 00:00:17.454329,2026-04-26 00:04:17.139804,5,5,5,5,1.0,1.0
VIACAO VERDUN S.A.,B35T020D00208781,-22.8893472,-43.29237309,2026-04-26,FECHADO,2026-04-26 00:00:18.857978,2026-04-26 00:04:18.571594,5,5,5,5,1.0,1.0
VIACAO VERDUN S.A.,B35T020D00205647,-22.88986697,-43.29238475,2026-04-26,FECHADO,2026-04-26 00:00:24.913911,2026-04-26 00:04:24.305746,5,5,5,5,1.0,1.0
VIACAO VERDUN S.A.,B35T020D00205760,-22.88920931,-43.29278554,2026-04-26,FECHADO,2026-04-26 00:00:01.088762,2026-04-26 00:04:00.911689,5,5,5,5,1.0,1.0
VIACAO VERDUN S.A.,B35T020D00206567,-22.88913195,-43.29230759,2026-04-26,FECHADO,2026-04-26 00:00:54.654175,2026-04-26 00:04:54.88505,5,5,5,5,1.0,1.0
VIACAO VERDUN S.A.,B35T020D00203309,-22.88874233,-43.29271993,2026-04-26,FECHADO,2026-04-26 00:00:57.977511,2026-04-26 00:04:57.85401,5,5,5,5,1.0,1.0
VIACAO VERDUN S.A.,B35T020D00207468,-22.88872672,-43.29293928,2026-04-26,FECHADO,2026-04-26 00:00:45.76968,2026-04-26 00:04:45.804795,5,5,5,5,1.0,1.0
VIACAO VERDUN S.A.,B35T020D00207057,-22.88866671,-43.29288658,2026-04-26,FECHADO,2026-04-26 00:00:39.949672,2026-04-26 00:04:39.664399,5,5,5,5,1.0,1.0
VIACAO VERDUN S.A.,B35T020D00206512,-22.88927512,-43.29203059,2026-04-26,FECHADO,2026-04-26 00:00:01.952579,2026-04-26 00:04:01.861254,5,5,5,5,1.0,1.0
VIACAO VERDUN S.A.,B35T020D00208748,-22.88890171,-43.2927711,2026-04-26,FECHADO,2026-04-26 00:00:00.820269,2026-04-26 00:04:00.668987,5,5,5,5,1.0,1.0
VIACAO VERDUN S.A.,B35T020D00202418,0.0,0.0,2026-04-26,FECHADO,2026-04-26 00:00:26.880319,2026-04-26 00:04:26.685098,5,5,5,0,0.0,1.0
VIACAO VERDUN S.A.,B35T020D00207985,-22.88944728,-43.29224167,2026-04-26,FECHADO,2026-04-26 00:00:15.894048,2026-04-26 00:04:15.32162,5,5,5,5,1.0,1.0
VIACAO VERDUN S.A.,B35T020D00207986,-22.88901307,-43.29228959,2026-04-26,FECHADO,2026-04-26 00:00:48.20746,2026-04-26 00:04:48.299476,5,5,5,5,1.0,1.0
VIACAO VERDUN S.A.,B35T020D00203307,-22.88894928,-43.2924676,2026-04-26,FECHADO,2026-04-26 00:00:28.787937,2026-04-26 00:04:28.638646,5,5,5,5,1.0,1.0
VIACAO VERDUN S.A.,B35T020D00202586,-22.88883675,-43.29296488,2026-04-26,FECHADO,2026-04-26 00:00:42.639293,2026-04-26 00:04:43.011375,5,5,5,5,1.0,1.0
VIACAO VERDUN S.A.,B35T020D00209616,-22.889662,-43.29207585,2026-04-26,FECHADO,2026-04-26 00:00:31.736648,2026-04-26 00:04:31.48907,5,5,5,5,1.0,1.0
VIACAO VERDUN S.A.,B35T020D00203501,-22.88988106,-43.29196649,2026-04-26,FECHADO,2026-04-26 00:00:49.247466,2026-04-26 00:04:48.993232,5,5,5,5,1.0,1.0
VIACAO VERDUN S.A.,B35T020D00205231,-22.8901199,-43.29221568,2026-04-26,FECHADO,2026-04-26 00:00:56.668244,2026-04-26 00:04:56.533758,5,5,5,5,1.0,1.0
VIACAO VERDUN S.A.,B35T020D00201836,-22.88941607,-43.29237318,2026-04-26,FECHADO,2026-04-26 00:00:51.777286,2026-04-26 00:04:51.64127,5,5,5,5,1.0,1.0
VIACAO VERDUN S.A.,B35T020D00209467,-22.88917862,-43.29285706,2026-04-26,FECHADO,2026-04-26 00:00:29.87512,2026-04-26 00:04:29.485617,5,5,5,5,1.0,1.0
VIACAO VERDUN S.A.,B35T020D00207554,-22.8899444,-43.29250963,2026-04-26,FECHADO,2026-04-26 00:00:14.502817,2026-04-26 00:04:14.249082,5,5,5,5,1.0,1.0
VIACAO VERDUN S.A.,B35T020D00202183,-22.89008415,-43.29281645,2026-04-26,FECHADO,2026-04-26 00:00:58.344563,2026-04-26 00:04:58.293648,5,5,5,5,1.0,1.0
VIACAO VERDUN S.A.,B35T020D00202180,-22.8890637,-43.29302721,2026-04-26,FECHADO,2026-04-26 00:00:39.12029,2026-04-26 00:04:38.802975,5,5,5,5,1.0,1.0
VIACAO VERDUN S.A.,B35T020D00200965,-22.88912968,-43.29239514,2026-04-26,FECHADO,2026-04-26 00:00:00.074572,2026-04-26 00:03:59.887275,4,3,5,5,1.0,0.75
VIACAO VERDUN S.A.,B35T020D00206565,-22.88906178,-43.29231059,2026-04-26,FECHADO,2026-04-26 00:00:53.34104,2026-04-26 00:04:53.334661,5,5,5,5,1.0,1.0
VIACAO VERDUN S.A.,B35T020D00205273,-22.88934506,-43.29256738,2026-04-26,FECHADO,2026-04-26 00:00:28.960137,2026-04-26 00:04:28.787063,5,5,5,5,1.0,1.0
VIACAO VERDUN S.A.,B35T020D00204677,-22.88976408,-43.29196441,2026-04-26,FECHADO,2026-04-26 00:00:24.27091,2026-04-26 00:04:23.90711,5,5,5,5,1.0,1.0
VIACAO VERDUN S.A.,B35T020D00208438,-22.88897655,-43.29321669,2026-04-26,FECHADO,2026-04-26 00:00:08.699898,2026-04-26 00:04:08.396085,5,5,5,5,1.0,1.0
VIACAO VERDUN S.A.,B35T020D00201839,-22.88959629,-43.29196496,2026-04-26,FECHADO,2026-04-26 00:00:39.750472,2026-04-26 00:04:39.575763,5,5,5,5,1.0,1.0
VIACAO VERDUN S.A.,B35T020D00201291,-22.88961221,-43.29200507,2026-04-26,FECHADO,2026-04-26 00:00:51.690597,2026-04-26 00:04:51.541078,5,5,5,5,1.0,1.0
VIACAO VERDUN S.A.,B35T020D00206610,-22.88906177,-43.29256037,2026-04-26,FECHADO,2026-04-26 00:00:59.045393,2026-04-26 00:04:59.310827,5,5,5,5,1.0,1.0
VIACAO VERDUN S.A.,B35T020D00209505,-22.88918467,-43.29233027,2026-04-26,FECHADO,2026-04-26 00:00:07.46634,2026-04-26 00:04:06.973896,5,5,5,5,1.0,1.0
VIACAO VERDUN S.A.,B35T020D00209340,-22.889169,-43.29284064,2026-04-26,FECHADO,2026-04-26 00:00:07.897246,2026-04-26 00:04:07.347445,5,5,5,5,1.0,1.0
VIACAO VERDUN S.A.,B35T020D00201368,-22.88951979,-43.29220815,2026-04-26,FECHADO,2026-04-26 00:00:13.45026,2026-04-26 00:04:13.266689,5,5,5,5,1.0,1.0
VIACAO VERDUN S.A.,B35T020D00207068,-22.88971623,-43.29250859,2026-04-26,FECHADO,2026-04-26 00:00:04.676382,2026-04-26 00:04:04.447954,5,5,5,5,1.0,1.0
VIACAO VERDUN S.A.,B35T020D00207202,-22.8893224,-43.29248532,2026-04-26,FECHADO,2026-04-26 00:00:05.246567,2026-04-26 00:04:05.179755,5,5,5,5,1.0,1.0
VIACAO VERDUN S.A.,B4CT020D00400195,-22.88953781,-43.29234306,2026-04-26,FECHADO,2026-04-26 00:00:35.378037,2026-04-26 00:04:35.167173,5,5,5,5,1.0,1.0
VIACAO VERDUN S.A.,B35T020D00204767,-22.88966037,-43.29182384,2026-04-26,FECHADO,2026-04-26 00:00:24.926602,2026-04-26 00:04:24.60012,5,5,5,5,1.0,1.0
VIACAO VERDUN S.A.,B35T020D00208634,-22.88896786,-43.29273416,2026-04-26,FECHADO,2026-04-26 00:00:48.285761,2026-04-26 00:04:48.697258,5,5,5,5,1.0,1.0
VIACAO VERDUN S.A.,B35T020D00201295,-22.88935947,-43.29260387,2026-04-26,FECHADO,2026-04-26 00:00:38.210332,2026-04-26 00:04:38.03293,5,5,5,5,1.0,1.0
VIACAO VERDUN S.A.,B35T020D00209410,-22.88964022,-43.29223565,2026-04-26,FECHADO,2026-04-26 00:00:54.095181,2026-04-26 00:04:54.269295,5,5,5,5,1.0,1.0
VIACAO VERDUN S.A.,B35T020D00206962,-22.88985078,-43.29187283,2026-04-26,FECHADO,2026-04-26 00:00:29.652178,2026-04-26 00:04:29.413917,5,5,5,5,1.0,1.0
VIACAO VERDUN S.A.,B35T020D00209500,-22.88916316,-43.29285994,2026-04-26,FECHADO,2026-04-26 00:00:26.834472,2026-04-26 00:04:26.658208,5,5,5,5,1.0,1.0
VIACAO VERDUN S.A.,B35T020D00207398,-22.88971787,-43.29258669,2026-04-26,FECHADO,2026-04-26 00:00:21.09911,2026-04-26 00:04:21.123636,5,5,5,5,1.0,1.0
VIACAO VERDUN S.A.,B35T020D00200893,-22.88965603,-43.29270872,2026-04-26,FECHADO,2026-04-26 00:00:01.704617,2026-04-26 00:04:01.50277,5,5,5,5,1.0,1.0
VIACAO VERDUN S.A.,B35T020D00209499,-22.8890326,-43.29304318,2026-04-26,FECHADO,2026-04-26 00:00:17.28704,2026-04-26 00:04:17.146382,5,5,5,5,1.0,1.0
VIACAO VERDUN S.A.,B35T020D00210158,-22.88875742,-43.29261617,2026-04-26,FECHADO,2026-04-26 00:00:05.355388,2026-04-26 00:04:05.357754,5,5,5,5,1.0,1.0
VIACAO VERDUN S.A.,B35T020D00209821,-22.88877662,-43.29272571,2026-04-26,FECHADO,2026-04-26 00:00:09.70614,2026-04-26 00:04:09.283236,5,5,5,5,1.0,1.0
VIACAO VERDUN S.A.,B35T020D00203656,-22.8889219,-43.29281173,2026-04-26,FECHADO,2026-04-26 00:00:04.754386,2026-04-26 00:04:04.303072,5,5,5,5,1.0,1.0
VIACAO VERDUN S.A.,B35T020D00207417,-22.88919744,-43.29318731,2026-04-26,FECHADO,2026-04-26 00:00:24.510952,2026-04-26 00:04:24.195952,5,5,5,5,1.0,1.0
VIACAO VERDUN S.A.,B35T020D00207071,-22.88985504,-43.29289279,2026-04-26,FECHADO,2026-04-26 00:00:29.756932,2026-04-26 00:04:30.374218,5,5,5,5,1.0,1.0
VIACAO VERDUN S.A.,B35T020D00201351,-22.88914883,-43.29285199,2026-04-26,FECHADO,2026-04-26 00:00:34.862744,2026-04-26 00:04:34.683321,5,5,5,5,1.0,1.0
VIACAO VERDUN S.A.,B35T020D00210662,-22.88885485,-43.29289712,2026-04-26,FECHADO,2026-04-26 00:00:39.912326,2026-04-26 00:04:40.050032,5,5,5,5,1.0,1.0
VIACAO VERDUN S.A.,B35T020D00206511,-22.88917475,-43.29252117,2026-04-26,FECHADO,2026-04-26 00:00:41.118431,2026-04-26 00:04:40.905605,5,5,5,5,1.0,1.0
VIACAO VERDUN S.A.,B35T020D00201602,-22.8896285,-43.29194372,2026-04-26,FECHADO,2026-04-26 00:00:35.769814,2026-04-26 00:04:35.322468,5,5,5,5,1.0,1.0
VIACAO VERDUN S.A.,B35T020D00210615,-22.88919557,-43.29259855,2026-04-26,FECHADO,2026-04-26 00:00:16.363759,2026-04-26 00:04:16.357005,5,5,5,5,1.0,1.0
VIACAO VERDUN S.A.,B35T020D00208750,-22.89016398,-43.29242112,2026-04-26,FECHADO,2026-04-26 00:00:35.499213,2026-04-26 00:04:35.330929,5,5,5,5,1.0,1.0
VIACAO VILA REAL S/A,B35T020D00207858,-22.859866,-43.37079967,2026-04-26,FECHADO,2026-04-26 00:00:51.389569,2026-04-26 00:04:51.49384,5,5,5,5,1.0,1.0
VIACAO VILA REAL S/A,B35T020D00207340,-22.85991495,-43.37067371,2026-04-26,FECHADO,2026-04-26 00:00:46.650124,2026-04-26 00:04:45.841264,5,5,5,5,1.0,1.0
VIACAO VILA REAL S/A,B35T020D00207455,-22.85944712,-43.37102855,2026-04-26,FECHADO,2026-04-26 00:00:41.193901,2026-04-26 00:04:40.853226,5,5,5,5,1.0,1.0
VIACAO VILA REAL S/A,B35T020D00205007,-22.86010595,-43.37067229,2026-04-26,FECHADO,2026-04-26 00:00:32.949046,2026-04-26 00:04:32.947175,5,5,5,5,1.0,1.0
VIACAO VILA REAL S/A,B35T020D00204324,-22.85977132,-43.37086829,2026-04-26,FECHADO,2026-04-26 00:00:16.053892,2026-04-26 00:04:15.965398,5,5,5,5,1.0,1.0
VIACAO VILA REAL S/A,B35T020D00200940,-22.85939527,-43.37080516,2026-04-26,FECHADO,2026-04-26 00:00:32.926458,2026-04-26 00:04:32.894302,5,5,5,5,1.0,1.0
VIACAO VILA REAL S/A,B35T020D00206663,-22.85771984,-43.37154847,2026-04-26,FECHADO,2026-04-26 00:00:16.686491,2026-04-26 00:04:16.655204,5,5,5,5,1.0,1.0
VIACAO VILA REAL S/A,B35T020D00204922,-22.85962344,-43.37072482,2026-04-26,FECHADO,2026-04-26 00:00:05.124669,2026-04-26 00:04:04.947729,5,5,5,5,1.0,1.0
VIACAO VILA REAL S/A,B35T020D00209347,-22.85873078,-43.37105901,2026-04-26,FECHADO,2026-04-26 00:00:14.635948,2026-04-26 00:04:14.313804,5,5,5,5,1.0,1.0
VIACAO VILA REAL S/A,B35T020D00206731,-22.85947837,-43.37108688,2026-04-26,FECHADO,2026-04-26 00:00:17.780035,2026-04-26 00:04:17.56102,5,5,5,5,1.0,1.0
VIACAO VILA REAL S/A,B35T020D00206915,-22.8595462,-43.37076252,2026-04-26,FECHADO,2026-04-26 00:00:04.623595,2026-04-26 00:04:04.672391,5,5,5,5,1.0,1.0
VIACAO VILA REAL S/A,B35T020D00203479,-22.85824888,-43.37111776,2026-04-26,FECHADO,2026-04-26 00:00:05.370116,2026-04-26 00:04:05.530359,5,5,5,5,1.0,1.0
VIACAO VILA REAL S/A,B35T020D00201036,-22.85886806,-43.37108944,2026-04-26,FECHADO,2026-04-26 00:00:14.442776,2026-04-26 00:04:14.011397,5,5,5,5,1.0,1.0
VIACAO VILA REAL S/A,B35T020D00210047,-22.85832897,-43.3710973,2026-04-26,FECHADO,2026-04-26 00:00:41.081495,2026-04-26 00:04:40.994502,5,5,5,5,1.0,1.0
VIACAO VILA REAL S/A,B35T020D00203032,-22.85811713,-43.37152368,2026-04-26,FECHADO,2026-04-26 00:00:18.709243,2026-04-26 00:04:18.646863,5,5,5,5,1.0,1.0
VIACAO VILA REAL S/A,B35T020D00201275,-22.8570095,-43.37117395,2026-04-26,FECHADO,2026-04-26 00:00:46.688084,2026-04-26 00:04:46.724939,5,5,5,5,1.0,1.0
VIACAO VILA REAL S/A,B35T020D00203760,-22.85989001,-43.37077872,2026-04-26,FECHADO,2026-04-26 00:00:09.673184,2026-04-26 00:04:09.647208,5,5,5,5,1.0,1.0
VIACAO VILA REAL S/A,B35T020D00204921,-22.85887702,-43.37087619,2026-04-26,FECHADO,2026-04-26 00:00:19.440245,2026-04-26 00:04:19.131249,5,5,5,5,1.0,1.0
VIACAO VILA REAL S/A,B35T020D00204320,-22.85842878,-43.37151291,2026-04-26,FECHADO,2026-04-26 00:00:55.352258,2026-04-26 00:04:55.319243,5,5,5,5,1.0,1.0
VIACAO VILA REAL S/A,B35T020D00206848,-22.85970399,-43.37094443,2026-04-26,FECHADO,2026-04-26 00:00:40.816977,2026-04-26 00:04:40.823898,5,5,5,5,1.0,1.0
VIACAO VILA REAL S/A,B35T020D00203383,-22.85867033,-43.37152182,2026-04-26,FECHADO,2026-04-26 00:00:08.909969,2026-04-26 00:04:09.117934,5,5,5,5,1.0,1.0
VIACAO VILA REAL S/A,B35T020D00204902,-22.85700124,-43.37131995,2026-04-26,FECHADO,2026-04-26 00:00:25.13778,2026-04-26 00:04:25.093567,5,5,5,5,1.0,1.0
VIACAO VILA REAL S/A,B35T020D00200966,-22.85756289,-43.37103553,2026-04-26,FECHADO,2026-04-26 00:00:02.47792,2026-04-26 00:04:02.288243,5,5,5,5,1.0,1.0
VIACAO VILA REAL S/A,B35T020D00209682,-22.85907615,-43.37095616,2026-04-26,FECHADO,2026-04-26 00:00:43.747109,2026-04-26 00:04:43.787961,5,5,5,5,1.0,1.0
VIACAO VILA REAL S/A,B35T020D00207796,-22.85879636,-43.37090994,2026-04-26,FECHADO,2026-04-26 00:00:18.254492,2026-04-26 00:04:18.099351,5,5,5,5,1.0,1.0
VIACAO VILA REAL S/A,B35T020D00210128,-22.85715822,-43.37111267,2026-04-26,FECHADO,2026-04-26 00:00:46.251087,2026-04-26 00:04:46.302543,5,5,5,5,1.0,1.0
VIACAO VILA REAL S/A,B35T020D00201256,-22.85928222,-43.37123751,2026-04-26,FECHADO,2026-04-26 00:00:14.03207,2026-04-26 00:04:14.244195,5,5,5,5,1.0,1.0
VIACAO VILA REAL S/A,B35T020D00204577,-22.86007902,-43.37064419,2026-04-26,FECHADO,2026-04-26 00:00:17.333167,2026-04-26 00:04:16.977096,5,5,5,5,1.0,1.0
VIACAO VILA REAL S/A,B35T020D00210634,-22.85908838,-43.37090698,2026-04-26,FECHADO,2026-04-26 00:00:09.541098,2026-04-26 00:04:09.262493,5,5,5,5,1.0,1.0
VIACAO VILA REAL S/A,B35T020D00206750,-22.85978375,-43.37070007,2026-04-26,FECHADO,2026-04-26 00:00:18.232954,2026-04-26 00:04:18.282046,5,5,5,5,1.0,1.0
VIACAO VILA REAL S/A,B35T020D00202602,-22.85808575,-43.37111183,2026-04-26,FECHADO,2026-04-26 00:00:42.329517,2026-04-26 00:04:42.025646,5,5,5,5,1.0,1.0
VIACAO VILA REAL S/A,B35T020D00205364,-22.85931866,-43.37078801,2026-04-26,FECHADO,2026-04-26 00:00:01.340174,2026-04-26 00:04:01.246931,5,5,5,5,1.0,1.0
VIACAO VILA REAL S/A,B35T020D00209572,-22.85983739,-43.37071715,2026-04-26,FECHADO,2026-04-26 00:00:38.286184,2026-04-26 00:04:38.258187,5,5,5,5,1.0,1.0
VIACAO VILA REAL S/A,B35T020D00204165,-22.85928724,-43.37083088,2026-04-26,FECHADO,2026-04-26 00:00:33.764892,2026-04-26 00:04:33.576464,5,5,5,5,1.0,1.0
VIACAO VILA REAL S/A,B35T020D00210129,-22.85921478,-43.37120964,2026-04-26,FECHADO,2026-04-26 00:00:39.765064,2026-04-26 00:04:39.9142,5,5,5,5,1.0,1.0
VIACAO VILA REAL S/A,B35T020D00204863,-22.85820146,-43.3710425,2026-04-26,FECHADO,2026-04-26 00:00:25.771217,2026-04-26 00:04:25.796942,5,5,5,5,1.0,1.0
VIACAO VILA REAL S/A,B35T020D00208286,-22.85824312,-43.37151182,2026-04-26,FECHADO,2026-04-26 00:00:38.474932,2026-04-26 00:04:38.694475,5,5,5,5,1.0,1.0
VIACAO VILA REAL S/A,B35T020D00205005,-22.85868678,-43.3708358,2026-04-26,FECHADO,2026-04-26 00:00:48.246655,2026-04-26 00:04:48.209829,5,5,5,5,1.0,1.0
VIACAO VILA REAL S/A,B35T020D00204322,-22.85850955,-43.37106296,2026-04-26,FECHADO,2026-04-26 00:00:06.065805,2026-04-26 00:04:06.028304,5,5,5,5,1.0,1.0
VIACAO VILA REAL S/A,B35T020D00206733,-22.85950252,-43.37080948,2026-04-26,FECHADO,2026-04-26 00:00:38.204768,2026-04-26 00:04:37.827094,5,5,5,5,1.0,1.0
VIACAO VILA REAL S/A,B35T020D00209872,-22.8599092,-43.37072017,2026-04-26,FECHADO,2026-04-26 00:00:11.20545,2026-04-26 00:04:11.052035,5,5,5,5,1.0,1.0
VIACAO VILA REAL S/A,B35T020D00204828,-22.8586289,-43.37083647,2026-04-26,FECHADO,2026-04-26 00:00:43.673793,2026-04-26 00:04:43.704487,5,5,5,5,1.0,1.0
VIACAO VILA REAL S/A,B35T020D00205595,-22.85823595,-43.3711803,2026-04-26,FECHADO,2026-04-26 00:00:22.79117,2026-04-26 00:04:22.411155,5,5,5,5,1.0,1.0
VIACAO VILA REAL S/A,B35T020D00209869,-22.85940591,-43.37070931,2026-04-26,FECHADO,2026-04-26 00:00:26.804159,2026-04-26 00:04:26.190067,5,5,5,5,1.0,1.0
VIACAO VILA REAL S/A,B35T020D00201730,-22.85987197,-43.37079171,2026-04-26,FECHADO,2026-04-26 00:00:52.340359,2026-04-26 00:04:52.540751,5,5,5,5,1.0,1.0
VIACAO VILA REAL S/A,B35T020D00201795,-22.85958602,-43.37094571,2026-04-26,FECHADO,2026-04-26 00:00:16.62366,2026-04-26 00:04:16.538262,5,5,5,5,1.0,1.0
VIACAO VILA REAL S/A,B35T020D00208978,-22.85909546,-43.37128154,2026-04-26,FECHADO,2026-04-26 00:00:38.081273,2026-04-26 00:04:37.957147,5,5,5,5,1.0,1.0
VIACAO VILA REAL S/A,B35T020D00207897,-22.85890156,-43.37135917,2026-04-26,FECHADO,2026-04-26 00:00:55.743344,2026-04-26 00:04:55.920994,5,5,5,5,1.0,1.0
VIACAO VILA REAL S/A,B35T020D00207339,-22.85764987,-43.37167109,2026-04-26,FECHADO,2026-04-26 00:00:28.35231,2026-04-26 00:04:28.386305,5,5,5,5,1.0,1.0
VIACAO VILA REAL S/A,B35T020D00207394,-22.85933762,-43.37074611,2026-04-26,FECHADO,2026-04-26 00:00:37.793871,2026-04-26 00:04:37.864029,5,5,5,5,1.0,1.0
VIACAO VILA REAL S/A,B35T020D00206344,-22.85944211,-43.37112125,2026-04-26,FECHADO,2026-04-26 00:00:15.712819,2026-04-26 00:04:15.348271,5,5,5,5,1.0,1.0
VIACAO VILA REAL S/A,B35T020D00205835,-22.80497683,-43.36299578,2026-04-26,FECHADO,2026-04-26 00:00:13.419796,2026-04-26 00:04:13.202493,5,5,5,5,1.0,1.0
VIACAO VILA REAL S/A,B35T020D00207501,-22.85843519,-43.37108378,2026-04-26,FECHADO,2026-04-26 00:00:30.084434,2026-04-26 00:04:29.692681,5,5,5,5,1.0,1.0
VIACAO VILA REAL S/A,B35T020D00204905,-22.85879259,-43.37108732,2026-04-26,FECHADO,2026-04-26 00:00:30.295088,2026-04-26 00:04:30.331146,5,5,5,5,1.0,1.0
VIACAO VILA REAL S/A,B35T020D00208503,-22.86000351,-43.37077739,2026-04-26,FECHADO,2026-04-26 00:00:04.55435,2026-04-26 00:04:04.248755,5,5,5,5,1.0,1.0
VIACAO VILA REAL S/A,B35T020D00209051,-22.85851397,-43.37099248,2026-04-26,FECHADO,2026-04-26 00:00:41.902293,2026-04-26 00:04:41.890596,5,5,5,5,1.0,1.0
VIACAO VILA REAL S/A,B35T020D00202879,-22.8589135,-43.37096117,2026-04-26,FECHADO,2026-04-26 00:00:07.912572,2026-04-26 00:04:07.874748,5,5,5,5,1.0,1.0
VIACAO VILA REAL S/A,B35T020D00206209,-22.85840765,-43.3709181,2026-04-26,FECHADO,2026-04-26 00:00:01.060897,2026-04-26 00:04:00.674067,5,5,5,5,1.0,1.0
VIACAO VILA REAL S/A,B35T020D00210227,-22.85988052,-43.370706,2026-04-26,FECHADO,2026-04-26 00:00:08.54496,2026-04-26 00:04:08.138165,5,5,5,5,1.0,1.0
VIACAO VILA REAL S/A,B35T020D00203827,-22.85958128,-43.37101325,2026-04-26,FECHADO,2026-04-26 00:00:45.724705,2026-04-26 00:04:46.013886,5,5,5,5,1.0,1.0
VIACAO VILA REAL S/A,B35T020D00202552,-22.85795279,-43.37151025,2026-04-26,FECHADO,2026-04-26 00:00:05.06745,2026-04-26 00:04:04.800368,5,5,5,5,1.0,1.0
VIACAO VILA REAL S/A,B35T020D00205721,-22.85898696,-43.37088129,2026-04-26,FECHADO,2026-04-26 00:00:05.729034,2026-04-26 00:04:05.583753,5,5,5,5,1.0,1.0
VIACAO VILA REAL S/A,B35T020D00202599,-22.85768857,-43.37149927,2026-04-26,FECHADO,2026-04-26 00:00:40.716494,2026-04-26 00:04:40.668162,5,5,5,5,1.0,1.0
VIACAO VILA REAL S/A,B35T020D00201733,-22.85664727,-43.37050278,2026-04-26,FECHADO,2026-04-26 00:00:02.44585,2026-04-26 00:04:02.372832,5,5,5,5,1.0,1.0
VIACAO VILA REAL S/A,B35T020D00204983,-22.85813936,-43.37157393,2026-04-26,FECHADO,2026-04-26 00:00:31.91147,2026-04-26 00:04:31.820947,5,5,5,5,1.0,1.0
VIACAO VILA REAL S/A,B35T020D00204044,-22.85862722,-43.3709045,2026-04-26,FECHADO,2026-04-26 00:00:13.097152,2026-04-26 00:04:12.825003,5,5,5,5,1.0,1.0
VIACAO VILA REAL S/A,B35T020D00208226,-22.85883552,-43.37083895,2026-04-26,FECHADO,2026-04-26 00:00:03.212445,2026-04-26 00:04:03.275239,5,5,5,5,1.0,1.0
VIACAO VILA REAL S/A,B35T020D00210397,-22.85763692,-43.37085662,2026-04-26,FECHADO,2026-04-26 00:00:10.243227,2026-04-26 00:04:10.270589,5,5,5,5,1.0,1.0
VIACAO VILA REAL S/A,B35T020D00205006,-22.85956865,-43.37100323,2026-04-26,FECHADO,2026-04-26 00:00:52.772459,2026-04-26 00:04:53.054144,5,5,5,5,1.0,1.0
VIACAO VILA REAL S/A,B35T020D00206846,-22.8582823,-43.37146652,2026-04-26,FECHADO,2026-04-26 00:00:49.575807,2026-04-26 00:04:49.638516,5,5,5,5,1.0,1.0
VIACAO VILA REAL S/A,B35T020D00201772,-22.8596324,-43.37066249,2026-04-26,FECHADO,2026-04-26 00:00:14.784803,2026-04-26 00:04:14.653363,5,5,5,5,1.0,1.0
VIACAO VILA REAL S/A,B35T020D00208227,-22.85898318,-43.37084024,2026-04-26,FECHADO,2026-04-26 00:00:19.671756,2026-04-26 00:04:19.787591,5,5,5,5,1.0,1.0
VIACAO VILA REAL S/A,B35T020D00207861,-22.85973348,-43.37069636,2026-04-26,FECHADO,2026-04-26 00:00:21.455609,2026-04-26 00:04:21.622171,5,5,5,5,1.0,1.0
VIACAO VILA REAL S/A,B35T020D00206749,-22.85794365,-43.37165409,2026-04-26,FECHADO,2026-04-26 00:00:00.956228,2026-04-26 00:04:01.443969,5,5,5,5,1.0,1.0
VIACAO VILA REAL S/A,B35T020D00204319,-22.85846019,-43.37145854,2026-04-26,FECHADO,2026-04-26 00:00:33.758907,2026-04-26 00:04:33.661718,5,5,5,5,1.0,1.0
VIACAO VILA REAL S/A,B35T020D00207062,-22.86000923,-43.37068349,2026-04-26,FECHADO,2026-04-26 00:00:20.91485,2026-04-26 00:04:20.959868,5,5,5,5,1.0,1.0
VIACAO VILA REAL S/A,B35T020D00203381,-22.85892317,-43.37149392,2026-04-26,FECHADO,2026-04-26 00:00:36.999566,2026-04-26 00:04:37.012199,5,5,5,5,1.0,1.0
VIACAO VILA REAL S/A,B35T020D00207454,-22.85851708,-43.37142233,2026-04-26,FECHADO,2026-04-26 00:00:26.152281,2026-04-26 00:04:26.240621,5,5,5,5,1.0,1.0
VIACAO VILA REAL S/A,B35T020D00209455,-22.86019446,-43.37068753,2026-04-26,FECHADO,2026-04-26 00:00:46.165646,2026-04-26 00:04:46.411744,5,5,5,5,1.0,1.0
VIACAO VILA REAL S/A,B35T020D00205645,-22.85800599,-43.37164274,2026-04-26,FECHADO,2026-04-26 00:00:08.246429,2026-04-26 00:04:07.690893,5,5,5,5,1.0,1.0
VIACAO VILA REAL S/A,B35T020D00206652,-22.85873789,-43.37103929,2026-04-26,FECHADO,2026-04-26 00:00:58.619365,2026-04-26 00:04:58.705921,5,5,5,5,1.0,1.0
VIACAO VILA REAL S/A,B35T020D00204981,-22.85844033,-43.37083013,2026-04-26,FECHADO,2026-04-26 00:00:59.260809,2026-04-26 00:04:59.246911,5,5,5,5,1.0,1.0
VIACAO VILA REAL S/A,B35T020D00207172,-22.85905905,-43.37089008,2026-04-26,FECHADO,2026-04-26 00:00:12.365038,2026-04-26 00:04:12.292897,5,5,5,5,1.0,1.0
VIACAO VILA REAL S/A,B35T020D00207295,-22.85887463,-43.37088588,2026-04-26,FECHADO,2026-04-26 00:00:55.591764,2026-04-26 00:04:55.661561,5,5,5,5,1.0,1.0
VIACAO VILA REAL S/A,B35T020D00204321,-22.85904554,-43.37138434,2026-04-26,FECHADO,2026-04-26 00:00:42.509848,2026-04-26 00:04:42.712974,5,5,5,5,1.0,1.0
VIACAO VILA REAL S/A,B35T020D00208229,-22.85924036,-43.37084801,2026-04-26,FECHADO,2026-04-26 00:00:52.653918,2026-04-26 00:04:52.768304,5,5,5,5,1.0,1.0
VIACAO VILA REAL S/A,B35T020D00203122,-22.85793258,-43.37165085,2026-04-26,FECHADO,2026-04-26 00:00:39.453477,2026-04-26 00:04:39.473436,5,5,5,5,1.0,1.0
VIACAO VILA REAL S/A,B35T020D00203261,-22.85837326,-43.37102837,2026-04-26,FECHADO,2026-04-26 00:00:48.34377,2026-04-26 00:04:48.790114,5,5,5,5,1.0,1.0
VIACAO VILA REAL S/A,B35T020D00209348,-22.85846129,-43.37094265,2026-04-26,FECHADO,2026-04-26 00:00:25.936402,2026-04-26 00:04:26.019238,5,5,5,5,1.0,1.0
VIACAO VILA REAL S/A,B35T020D00210559,-22.85891244,-43.37097156,2026-04-26,FECHADO,2026-04-26 00:00:45.594239,2026-04-26 00:04:46.074904,5,5,5,5,1.0,1.0
VIACAO VILA REAL S/A,B35T020D00204903,-22.8592945,-43.37113896,2026-04-26,FECHADO,2026-04-26 00:00:41.272691,2026-04-26 00:04:41.187079,5,5,5,5,1.0,1.0
VIACAO VILA REAL S/A,B35T020D00210199,-22.85772249,-43.37165268,2026-04-26,FECHADO,2026-04-26 00:00:35.500206,2026-04-26 00:04:35.470346,5,5,5,5,1.0,1.0
VIACAO VILA REAL S/A,B35T020D00203901,-22.8587454,-43.37154321,2026-04-26,FECHADO,2026-04-26 00:00:59.334923,2026-04-26 00:04:59.496184,5,5,5,5,1.0,1.0
VIACAO VILA REAL S/A,B35T020D00208346,-22.85868044,-43.3710804,2026-04-26,FECHADO,2026-04-26 00:00:46.902746,2026-04-26 00:04:47.043173,5,5,5,5,1.0,1.0
VIACAO VILA REAL S/A,B35T020D00207298,-22.85974203,-43.37089357,2026-04-26,FECHADO,2026-04-26 00:00:54.023808,2026-04-26 00:04:54.316223,5,5,5,5,1.0,1.0
VIACAO VILA REAL S/A,B35T020D00202147,-22.85886446,-43.37091751,2026-04-26,FECHADO,2026-04-26 00:00:18.785942,2026-04-26 00:04:18.701059,5,5,5,5,1.0,1.0
VIACAO VILA REAL S/A,B35T020D00206732,-22.85904758,-43.37099494,2026-04-26,FECHADO,2026-04-26 00:00:05.923032,2026-04-26 00:04:05.559409,5,5,5,5,1.0,1.0
VIACAO VILA REAL S/A,B35T020D00207860,-22.85779208,-43.37162506,2026-04-26,FECHADO,2026-04-26 00:00:59.572562,2026-04-26 00:04:59.496702,5,5,5,5,1.0,1.0
VIACAO VILA REAL S/A,B35T020D00205616,-22.85710668,-43.37112717,2026-04-26,FECHADO,2026-04-26 00:00:06.684509,2026-04-26 00:04:06.081231,5,5,5,5,1.0,1.0
VIACAO VILA REAL S/A,B35T020D00200710,-22.85977735,-43.37082091,2026-04-26,FECHADO,2026-04-26 00:00:11.214481,2026-04-26 00:04:11.073368,5,5,5,5,1.0,1.0
VIACAO VILA REAL S/A,B35T020D00210198,-22.8598957,-43.37070327,2026-04-26,FECHADO,2026-04-26 00:00:28.183686,2026-04-26 00:04:27.928458,5,5,5,5,1.0,1.0
VIACAO VILA REAL S/A,B35T020D00203902,-22.85847331,-43.3709178,2026-04-26,FECHADO,2026-04-26 00:00:00.812943,2026-04-26 00:04:00.377464,5,5,5,5,1.0,1.0
VIACAO VILA REAL S/A,B35T020D00207771,-22.85898848,-43.37106099,2026-04-26,FECHADO,2026-04-26 00:00:15.945801,2026-04-26 00:04:15.862974,5,5,5,5,1.0,1.0
VIACAO VILA REAL S/A,B35T020D00207807,-22.85971673,-43.37066378,2026-04-26,FECHADO,2026-04-26 00:00:36.036745,2026-04-26 00:04:36.021507,5,5,5,5,1.0,1.0
VIACAO VILA REAL S/A,B35T020D00208739,-22.85834442,-43.37094411,2026-04-26,FECHADO,2026-04-26 00:00:47.143657,2026-04-26 00:04:47.421292,5,5,5,5,1.0,1.0
VIACAO VILA REAL S/A,B35T020D00207341,-22.85953215,-43.37112134,2026-04-26,FECHADO,2026-04-26 00:00:30.265446,2026-04-26 00:04:30.376003,5,5,5,5,1.0,1.0
VIACAO VILA REAL S/A,B35T020D00208448,-22.85848431,-43.37098661,2026-04-26,FECHADO,2026-04-26 00:00:07.350248,2026-04-26 00:04:07.350286,5,5,5,5,1.0,1.0
VIACAO VILA REAL S/A,B35T020D00206849,-22.85742508,-43.37110678,2026-04-26,FECHADO,2026-04-26 00:00:19.536089,2026-04-26 00:04:19.571104,5,5,5,5,1.0,1.0
VIACAO VILA REAL S/A,B35T020D00206734,-22.85826865,-43.37107479,2026-04-26,FECHADO,2026-04-26 00:00:23.452306,2026-04-26 00:04:23.366516,5,5,5,5,1.0,1.0
VIACAO VILA REAL S/A,B35T020D00209859,-22.85881942,-43.37090399,2026-04-26,FECHADO,2026-04-26 00:00:13.151231,2026-04-26 00:04:13.12401,5,5,5,5,1.0,1.0
VIACAO VILA REAL S/A,B35T020D00205187,-22.85895376,-43.37083607,2026-04-26,FECHADO,2026-04-26 00:00:37.787993,2026-04-26 00:04:37.751578,5,5,5,5,1.0,1.0
VIACAO VILA REAL S/A,B35T020D00209273,-22.85851109,-43.3712869,2026-04-26,FECHADO,2026-04-26 00:00:56.323727,2026-04-26 00:04:56.547501,5,5,5,5,1.0,1.0
VIACAO VILA REAL S/A,B35T020D00207942,-22.85870439,-43.37114422,2026-04-26,FECHADO,2026-04-26 00:00:47.636768,2026-04-26 00:04:47.587874,5,5,5,5,1.0,1.0
VIACAO VILA REAL S/A,B35T020D00205300,-22.8587724,-43.37098482,2026-04-26,FECHADO,2026-04-26 00:00:40.79803,2026-04-26 00:04:40.812162,5,5,5,5,1.0,1.0
VIACAO VILA REAL S/A,B35T020D00208681,-22.85856144,-43.37083636,2026-04-26,FECHADO,2026-04-26 00:00:58.028167,2026-04-26 00:04:58.076271,5,5,5,5,1.0,1.0
VIACAO VILA REAL S/A,B35T020D00202690,-22.85904048,-43.37136964,2026-04-26,FECHADO,2026-04-26 00:00:49.218135,2026-04-26 00:04:50.68133,5,5,5,5,1.0,1.0
VIACAO VILA REAL S/A,B35T020D00200768,-22.85921859,-43.37114981,2026-04-26,FECHADO,2026-04-26 00:00:03.631288,2026-04-26 00:04:03.563095,5,5,5,5,1.0,1.0
VIACAO VILA REAL S/A,B35T020D00208318,-22.85818158,-43.37155737,2026-04-26,FECHADO,2026-04-26 00:00:29.222139,2026-04-26 00:04:29.129475,5,5,5,5,1.0,1.0
VIACAO VILA REAL S/A,B35T020D00205008,-22.85938285,-43.37114287,2026-04-26,FECHADO,2026-04-26 00:00:16.853529,2026-04-26 00:04:16.759432,5,5,5,5,1.0,1.0
VIACAO VILA REAL S/A,B35T020D00207377,-22.85730323,-43.37110338,2026-04-26,FECHADO,2026-04-26 00:00:42.580566,2026-04-26 00:04:42.622779,5,5,5,5,1.0,1.0
VIACAO VILA REAL S/A,B35T020D00205191,-22.85919385,-43.3712519,2026-04-26,FECHADO,2026-04-26 00:00:38.868964,2026-04-26 00:04:39.141071,5,5,5,5,1.0,1.0
VIACAO VILA REAL S/A,B35T020D00200711,-22.85860721,-43.37146251,2026-04-26,FECHADO,2026-04-26 00:00:14.913344,2026-04-26 00:04:15.094904,5,5,5,5,1.0,1.0
VIACAO VILA REAL S/A,B35T020D00203756,-22.85929013,-43.37080766,2026-04-26,FECHADO,2026-04-26 00:00:35.931281,2026-04-26 00:04:36.447829,5,5,5,5,1.0,1.0
VIACAO VILA REAL S/A,B35T020D00208347,-22.85882883,-43.37151288,2026-04-26,FECHADO,2026-04-26 00:00:02.707146,2026-04-26 00:04:02.470395,5,5,5,5,1.0,1.0
VIACAO VILA REAL S/A,B35T020D00208737,-22.85879199,-43.37077243,2026-04-26,FECHADO,2026-04-26 00:00:45.288636,2026-04-26 00:04:45.258621,5,5,5,5,1.0,1.0
VIACAO VILA REAL S/A,B35T020D00204985,-22.85849211,-43.37102488,2026-04-26,FECHADO,2026-04-26 00:00:47.345003,2026-04-26 00:04:47.51911,5,5,5,5,1.0,1.0
VIACAO VILA REAL S/A,B35T020D00208224,-22.85808763,-43.37108758,2026-04-26,FECHADO,2026-04-26 00:00:50.327442,2026-04-26 00:04:50.090874,5,5,5,5,1.0,1.0
VIACAO VILA REAL S/A,B35T020D00202063,-22.85897292,-43.37088755,2026-04-26,FECHADO,2026-04-26 00:00:47.905737,2026-04-26 00:04:47.505884,5,5,5,5,1.0,1.0
VIACAO VILA REAL S/A,B35T020D00208894,-22.85723951,-43.37125945,2026-04-26,FECHADO,2026-04-26 00:00:30.144717,2026-04-26 00:04:29.886647,5,5,5,5,1.0,1.0
VIACAO VILA REAL S/A,B35T020D00209049,-22.859372,-43.37115317,2026-04-26,FECHADO,2026-04-26 00:00:42.692903,2026-04-26 00:04:42.777134,5,5,5,5,1.0,1.0
VIACAO VILA REAL S/A,B35T020D00202146,-22.85954131,-43.37077554,2026-04-26,FECHADO,2026-04-26 00:00:56.122578,2026-04-26 00:04:56.224188,5,5,5,5,1.0,1.0
VIACAO VILA REAL S/A,B35T020D00210633,-22.85913481,-43.37124157,2026-04-26,FECHADO,2026-04-26 00:00:09.636876,2026-04-26 00:04:09.512566,5,5,5,5,1.0,1.0
VIACAO VILA REAL S/A,B35T020D00206767,-22.85896133,-43.37103756,2026-04-26,FECHADO,2026-04-26 00:00:06.897167,2026-04-26 00:04:06.712025,5,5,5,5,1.0,1.0
VIACAO VILA REAL S/A,B35T020D00202043,-22.85827222,-43.3708918,2026-04-26,FECHADO,2026-04-26 00:00:36.3703,2026-04-26 00:04:36.749964,5,5,5,5,1.0,1.0
VIACAO VILA REAL S/A,B35T020D00209270,-22.85894666,-43.37136126,2026-04-26,FECHADO,2026-04-26 00:00:05.43077,2026-04-26 00:04:04.950558,5,5,5,5,1.0,1.0
VIACAO VILA REAL S/A,B35T020D00208193,-22.858783,-43.37148018,2026-04-26,FECHADO,2026-04-26 00:00:58.518866,2026-04-26 00:04:58.822834,5,5,5,5,1.0,1.0
VIACAO VILA REAL S/A,B35T020D00201731,-22.85723666,-43.37148904,2026-04-26,FECHADO,2026-04-26 00:00:55.47129,2026-04-26 00:04:55.699026,5,5,5,5,1.0,1.0
VIACAO VILA REAL S/A,B35T020D00204325,-22.8582647,-43.3711159,2026-04-26,FECHADO,2026-04-26 00:00:46.721565,2026-04-26 00:04:46.725153,5,5,5,5,1.0,1.0
VIACAO VILA REAL S/A,B35T020D00204166,-22.85836767,-43.37116534,2026-04-26,FECHADO,2026-04-26 00:00:45.541433,2026-04-26 00:04:45.074819,5,5,5,5,1.0,1.0
VIACAO VILA REAL S/A,B35T020D00206911,-22.85821589,-43.37094754,2026-04-26,FECHADO,2026-04-26 00:00:32.924667,2026-04-26 00:04:32.719084,5,5,5,5,1.0,1.0
