id_operadora,id_validador,data,estado_equipamento,primeiro_datetime_gps,ultimo_datetime_gps,qtde_min_entre_a_prim_e_ultima_transmissao,qtde_min_distintos_houve_transmissao,qtde_registros_gps,qtde_registros_gps_georreferenciados,percentual_registros_gps_georreferenciados,percentual_transmissao_a_cada_min
465036211,B35T020D00202103,2026-04-26,ABERTO,2026-04-26 00:00:50.485361,2026-04-26 00:04:50.523112,5,5,5,5,1.0,1.0
810017872,B35T020D00208199,2026-04-26,ABERTO,2026-04-26 00:00:17.038059,2026-04-26 00:04:16.847336,5,5,5,5,1.0,1.0
810013445,B35T020D00210628,2026-04-26,ABERTO,2026-04-26 00:00:48.782737,2026-04-26 00:04:48.842233,5,5,5,5,1.0,1.0
810017720,B35T020D00203288,2026-04-26,ABERTO,2026-04-26 00:00:33.003712,2026-04-26 00:04:32.762489,5,5,5,5,1.0,1.0
810014864,B35T020D00201409,2026-04-26,ABERTO,2026-04-26 00:00:01.10633,2026-04-26 00:04:01.050587,5,5,5,5,1.0,1.0
810016596,B35T020D00205585,2026-04-26,ABERTO,2026-04-26 00:00:54.310156,2026-04-26 00:04:54.342352,5,5,5,5,1.0,1.0
463181474,B5AT020D00600527,2026-04-26,ABERTO,2026-04-26 00:00:18.507427,2026-04-26 00:04:18.503948,5,5,5,0,0.0,1.0
463706721,B35T020D00207276,2026-04-26,ABERTO,2026-04-26 00:00:22.003442,2026-04-26 00:04:21.985454,5,5,5,5,1.0,1.0
810013454,B35T020D00206142,2026-04-26,ABERTO,2026-04-26 00:00:47.743101,2026-04-26 00:04:47.890976,5,5,5,5,1.0,1.0
810018592,B35T020D00203190,2026-04-26,ABERTO,2026-04-26 00:00:30.6183,2026-04-26 00:04:30.36382,5,5,5,5,1.0,1.0
463625466,B35T020D00202393,2026-04-26,ABERTO,2026-04-26 00:00:03.325813,2026-04-26 00:04:03.103636,5,5,5,5,1.0,1.0
810001402,B35T020D00210551,2026-04-26,ABERTO,2026-04-26 00:00:48.356777,2026-04-26 00:04:48.625893,5,5,5,5,1.0,1.0
810005705,B35T020D00204528,2026-04-26,ABERTO,2026-04-26 00:00:31.677138,2026-04-26 00:04:31.093358,5,5,5,0,0.0,1.0
810020739,B35T020D00206837,2026-04-26,ABERTO,2026-04-26 00:00:43.48235,2026-04-26 00:04:43.347225,5,5,5,5,1.0,1.0
810010437,B35T020D00210403,2026-04-26,ABERTO,2026-04-26 00:00:42.133152,2026-04-26 00:04:42.002017,5,5,5,5,1.0,1.0
810008625,B35T020D00207158,2026-04-26,ABERTO,2026-04-26 00:00:57.429512,2026-04-26 00:04:57.55109,5,5,5,5,1.0,1.0
810019197,B35T020D00201779,2026-04-26,ABERTO,2026-04-26 00:00:12.882953,2026-04-26 00:04:12.82099,5,5,5,5,1.0,1.0
463010484,B35T020D00208135,2026-04-26,ABERTO,2026-04-26 00:00:31.974995,2026-04-26 00:04:31.728959,5,5,5,5,1.0,1.0
810006735,B35T020D00209508,2026-04-26,ABERTO,2026-04-26 00:00:32.120499,2026-04-26 00:04:31.723476,5,5,5,5,1.0,1.0
810019540,B35T020D00207112,2026-04-26,ABERTO,2026-04-26 00:00:56.768612,2026-04-26 00:04:56.959764,5,5,5,5,1.0,1.0
810017997,B35T020D00209720,2026-04-26,ABERTO,2026-04-26 00:00:24.593359,2026-04-26 00:04:24.557507,5,5,5,5,1.0,1.0
810002043,B35T020D00203021,2026-04-26,ABERTO,2026-04-26 00:00:04.97223,2026-04-26 00:04:04.76294,5,5,5,5,1.0,1.0
810003222,B35T020D00202781,2026-04-26,ABERTO,2026-04-26 00:00:09.492527,2026-04-26 00:04:09.30508,5,5,5,5,1.0,1.0
810001396,B35T020D00207889,2026-04-26,ABERTO,2026-04-26 00:00:28.168997,2026-04-26 00:04:28.119013,5,5,5,5,1.0,1.0
810001493,B35T020D00202830,2026-04-26,ABERTO,2026-04-26 00:00:55.356241,2026-04-26 00:04:55.575665,5,5,5,5,1.0,1.0
810010543,B35T020D00207596,2026-04-26,ABERTO,2026-04-26 00:00:01.465637,2026-04-26 00:04:01.326736,5,5,5,5,1.0,1.0
810001332,B35T020D00201951,2026-04-26,ABERTO,2026-04-26 00:00:54.032393,2026-04-26 00:04:54.234182,5,5,5,5,1.0,1.0
810007552,B35T020D00206020,2026-04-26,ABERTO,2026-04-26 00:00:12.823207,2026-04-26 00:04:12.838225,5,5,5,5,1.0,1.0
810000287,B35T020D00202127,2026-04-26,ABERTO,2026-04-26 00:00:28.754909,2026-04-26 00:04:28.572779,5,5,5,5,1.0,1.0
810010464,B35T020D00210433,2026-04-26,ABERTO,2026-04-26 00:00:15.558421,2026-04-26 00:04:15.364003,5,5,5,5,1.0,1.0
810009284,B35T020D00205725,2026-04-26,ABERTO,2026-04-26 00:00:00.996213,2026-04-26 00:04:00.921807,5,5,5,5,1.0,1.0
810009211,B35T020D00206865,2026-04-26,ABERTO,2026-04-26 00:00:53.97048,2026-04-26 00:04:54.137787,5,5,5,5,1.0,1.0
810002645,B35T020D00202714,2026-04-26,ABERTO,2026-04-26 00:00:31.736248,2026-04-26 00:04:31.555068,5,5,5,5,1.0,1.0
810003347,B35T020D00209915,2026-04-26,ABERTO,2026-04-26 00:00:37.466238,2026-04-26 00:04:37.420691,5,5,5,5,1.0,1.0
810001101,B35T020D00209547,2026-04-26,ABERTO,2026-04-26 00:00:10.539194,2026-04-26 00:04:10.197227,5,5,5,5,1.0,1.0
810012655,B5AT020D00600781,2026-04-26,ABERTO,2026-04-26 00:00:04.281252,2026-04-26 00:04:03.591925,5,5,5,5,1.0,1.0
463355578,B35T020D00206935,2026-04-26,ABERTO,2026-04-26 00:00:56.805331,2026-04-26 00:04:57.249936,5,5,5,5,1.0,1.0
810006470,B35T020D00203247,2026-04-26,ABERTO,2026-04-26 00:00:56.751795,2026-04-26 00:04:46.29422,5,5,5,5,1.0,1.0
810011014,B35T020D00208820,2026-04-26,ABERTO,2026-04-26 00:00:34.744939,2026-04-26 00:04:34.593837,5,5,5,5,1.0,1.0
463275687,B35T020D00201529,2026-04-26,ABERTO,2026-04-26 00:00:07.642981,2026-04-26 00:04:07.500691,5,5,5,0,0.0,1.0
810002089,B35T020D00202366,2026-04-26,ABERTO,2026-04-26 00:00:16.903682,2026-04-26 00:04:16.697582,5,5,5,5,1.0,1.0
810013135,B5AT020D00600803,2026-04-26,ABERTO,2026-04-26 00:00:51.72744,2026-04-26 00:04:51.911374,5,5,5,5,1.0,1.0
810015867,B35T020D00206748,2026-04-26,ABERTO,2026-04-26 00:00:42.574563,2026-04-26 00:04:37.364583,5,5,5,4,0.8,1.0
810019294,B35T020D00204071,2026-04-26,ABERTO,2026-04-26 00:00:50.540889,2026-04-26 00:04:50.742797,5,5,5,0,0.0,1.0
810010534,B35T020D00209257,2026-04-26,ABERTO,2026-04-26 00:00:35.392419,2026-04-26 00:04:35.376529,5,5,5,5,1.0,1.0
810002052,B35T020D00206339,2026-04-26,ABERTO,2026-04-26 00:00:16.961492,2026-04-26 00:04:16.766104,5,5,5,5,1.0,1.0
810019814,B35T020D00201049,2026-04-26,ABERTO,2026-04-26 00:00:48.512824,2026-04-26 00:04:48.698058,5,5,5,5,1.0,1.0
810016514,B35T020D00203736,2026-04-26,ABERTO,2026-04-26 00:00:18.008035,2026-04-26 00:04:17.629957,5,5,5,5,1.0,1.0
810016240,B35T020D00204225,2026-04-26,ABERTO,2026-04-26 00:00:56.523533,2026-04-26 00:04:56.740349,5,5,5,0,0.0,1.0
810013320,B35T020D00207108,2026-04-26,ABERTO,2026-04-26 00:00:45.533567,2026-04-26 00:03:45.484009,4,4,4,4,1.0,1.0
810020289,B35T020D00210046,2026-04-26,ABERTO,2026-04-26 00:00:24.158564,2026-04-26 00:04:23.976264,5,5,5,5,1.0,1.0
810014767,B35T020D00205111,2026-04-26,ABERTO,2026-04-26 00:00:45.59931,2026-04-26 00:04:46.183171,5,5,5,5,1.0,1.0
810007312,B35T020D00200144,2026-04-26,ABERTO,2026-04-26 00:00:20.357203,2026-04-26 00:04:20.04166,5,5,5,5,1.0,1.0
810013667,B35T020D00204306,2026-04-26,ABERTO,2026-04-26 00:00:43.626465,2026-04-26 00:04:43.424211,5,5,5,5,1.0,1.0
810012309,B35T020D00202899,2026-04-26,ABERTO,2026-04-26 00:00:20.609775,2026-04-26 00:04:20.40886,5,5,5,5,1.0,1.0
810003091,B35T020D00208766,2026-04-26,ABERTO,2026-04-26 00:00:39.983877,2026-04-26 00:04:39.974866,5,5,5,5,1.0,1.0
463051269,B35T020D00202815,2026-04-26,ABERTO,2026-04-26 00:00:33.288328,2026-04-26 00:04:33.097309,5,5,5,5,1.0,1.0
810015973,B35T020D00202852,2026-04-26,ABERTO,2026-04-26 00:00:38.254031,2026-04-26 00:04:37.731715,5,5,5,5,1.0,1.0
463081819,B35T020D00208587,2026-04-26,ABERTO,2026-04-26 00:00:50.00546,2026-04-26 00:04:50.069663,5,5,5,5,1.0,1.0
810014943,B35T020D00202411,2026-04-26,ABERTO,2026-04-26 00:00:02.187399,2026-04-26 00:04:02.142174,5,5,5,5,1.0,1.0
810008847,B35T020D00208762,2026-04-26,ABERTO,2026-04-26 00:00:25.098591,2026-04-26 00:04:25.05884,5,5,5,5,1.0,1.0
810010321,B35T020D00200738,2026-04-26,ABERTO,2026-04-26 00:00:40.929953,2026-04-26 00:04:40.936986,5,5,5,5,1.0,1.0
810020474,B35T020D00209329,2026-04-26,ABERTO,2026-04-26 00:00:31.283785,2026-04-26 00:04:31.232434,5,5,5,0,0.0,1.0
463081156,B35T020D00204118,2026-04-26,ABERTO,2026-04-26 00:00:24.522507,2026-04-26 00:04:24.264353,5,5,5,5,1.0,1.0
461305436,B5AT020D00600013,2026-04-26,ABERTO,2026-04-26 00:00:06.16868,2026-04-26 00:04:05.920679,5,5,5,5,1.0,1.0
810013977,B35T020D00206618,2026-04-26,ABERTO,2026-04-26 00:00:52.497938,2026-04-26 00:04:52.829722,5,5,5,5,1.0,1.0
810015177,B35T020D00202778,2026-04-26,ABERTO,2026-04-26 00:00:35.258014,2026-04-26 00:04:35.252204,5,5,5,5,1.0,1.0
810000384,B35T020D00204952,2026-04-26,ABERTO,2026-04-26 00:00:34.682667,2026-04-26 00:04:34.464244,5,5,5,5,1.0,1.0
810015052,B35T020D00206130,2026-04-26,ABERTO,2026-04-26 00:00:51.63454,2026-04-26 00:04:52.005319,5,5,5,5,1.0,1.0
810004359,B35T020D00200714,2026-04-26,ABERTO,2026-04-26 00:00:23.580514,2026-04-26 00:04:23.503195,5,5,5,5,1.0,1.0
810009372,B35T020D00202326,2026-04-26,ABERTO,2026-04-26 00:00:11.413864,2026-04-26 00:04:11.014693,5,5,5,5,1.0,1.0
810005787,B35T020D00209382,2026-04-26,ABERTO,2026-04-26 00:00:47.060348,2026-04-26 00:04:47.366145,5,5,5,5,1.0,1.0
810016648,B35T020D00207070,2026-04-26,ABERTO,2026-04-26 00:00:05.73991,2026-04-26 00:04:05.52796,5,5,5,5,1.0,1.0
810004793,B35T020D00205930,2026-04-26,ABERTO,2026-04-26 00:00:04.884438,2026-04-26 00:04:04.750482,5,5,5,5,1.0,1.0
810001545,B35T020D00207209,2026-04-26,ABERTO,2026-04-26 00:00:47.625359,2026-04-26 00:04:47.299355,5,5,5,5,1.0,1.0
463275890,B35T020D00206977,2026-04-26,ABERTO,2026-04-26 00:00:53.413638,2026-04-26 00:04:53.615864,5,5,5,5,1.0,1.0
810013409,B35T020D00202186,2026-04-26,ABERTO,2026-04-26 00:00:31.226603,2026-04-26 00:04:31.229956,5,5,5,5,1.0,1.0
760064696,B5AT020D00600031,2026-04-26,ABERTO,2026-04-26 00:00:49.544518,2026-04-26 00:04:49.963209,5,5,5,5,1.0,1.0
810001068,B35T020D00202994,2026-04-26,ABERTO,2026-04-26 00:00:09.428894,2026-04-26 00:04:09.061908,5,5,5,5,1.0,1.0
463245268,B35T020D00207212,2026-04-26,ABERTO,2026-04-26 00:00:32.318447,2026-04-26 00:04:32.327423,5,5,5,5,1.0,1.0
810013773,B35T020D00202995,2026-04-26,ABERTO,2026-04-26 00:00:43.275351,2026-04-26 00:04:43.654335,5,5,5,5,1.0,1.0
810000506,B35T020D00203232,2026-04-26,ABERTO,2026-04-26 00:00:58.900504,2026-04-26 00:04:59.189607,5,4,4,4,1.0,0.8
760062025,B35T020D00209527,2026-04-26,ABERTO,2026-04-26 00:00:53.181133,2026-04-26 00:04:53.145022,5,5,5,5,1.0,1.0
810014244,B35T020D00200840,2026-04-26,ABERTO,2026-04-26 00:00:57.663354,2026-04-26 00:04:57.859403,5,5,5,5,1.0,1.0
810016860,B35T020D00200227,2026-04-26,ABERTO,2026-04-26 00:00:32.07346,2026-04-26 00:01:32.004903,2,2,2,2,1.0,1.0
810019902,B35T020D00205799,2026-04-26,ABERTO,2026-04-26 00:00:13.729609,2026-04-26 00:04:13.77367,5,5,5,5,1.0,1.0
810018909,B35T020D00206460,2026-04-26,ABERTO,2026-04-26 00:00:33.292673,2026-04-26 00:04:33.263311,5,5,5,5,1.0,1.0
810000843,B35T020D00205179,2026-04-26,ABERTO,2026-04-26 00:00:17.760252,2026-04-26 00:04:17.781346,5,5,5,5,1.0,1.0
463364804,B35T020D00205145,2026-04-26,ABERTO,2026-04-26 00:00:11.717828,2026-04-26 00:04:11.4886,5,5,5,5,1.0,1.0
810010862,B35T020D00205684,2026-04-26,ABERTO,2026-04-26 00:00:22.159619,2026-04-26 00:04:23.204848,5,5,5,5,1.0,1.0
810008704,B35T020D00206437,2026-04-26,ABERTO,2026-04-26 00:00:08.15642,2026-04-26 00:04:07.993769,5,5,5,5,1.0,1.0
810135798,B35T020D00202784,2026-04-26,ABERTO,2026-04-26 00:00:09.074243,2026-04-26 00:04:08.968898,5,5,5,5,1.0,1.0
810012062,B35T020D00201593,2026-04-26,ABERTO,2026-04-26 00:00:44.88526,2026-04-26 00:04:44.763637,5,5,5,5,1.0,1.0
810002247,B35T020D00203913,2026-04-26,ABERTO,2026-04-26 00:00:09.951446,2026-04-26 00:04:09.942205,5,5,5,5,1.0,1.0
463032543,B35T020D00205822,2026-04-26,ABERTO,2026-04-26 00:01:39.552847,2026-04-26 00:04:39.645789,4,4,4,4,1.0,1.0
810002210,B35T020D00205902,2026-04-26,ABERTO,2026-04-26 00:00:39.402437,2026-04-26 00:02:39.384883,3,3,3,3,1.0,1.0
461306077,B35T020D00203790,2026-04-26,ABERTO,2026-04-26 00:00:25.687185,2026-04-26 00:04:25.489418,5,5,5,5,1.0,1.0
760042351,B5AT020D00600568,2026-04-26,ABERTO,2026-04-26 00:00:08.086451,2026-04-26 00:04:08.137274,5,5,5,5,1.0,1.0
810008810,B35T020D00209229,2026-04-26,ABERTO,2026-04-26 00:00:01.431384,2026-04-26 00:04:02.140637,5,5,5,5,1.0,1.0
810014147,B35T020D00200997,2026-04-26,ABERTO,2026-04-26 00:00:26.912644,2026-04-26 00:04:26.871422,5,5,5,5,1.0,1.0
810017298,B35T020D00208062,2026-04-26,ABERTO,2026-04-26 00:00:59.096212,2026-04-26 00:04:59.272827,5,5,5,5,1.0,1.0
463264656,B35T020D00208858,2026-04-26,ABERTO,2026-04-26 00:00:56.37075,2026-04-26 00:04:56.785538,5,5,5,5,1.0,1.0
810003383,B35T020D00210190,2026-04-26,ABERTO,2026-04-26 00:00:00.292359,2026-04-26 00:04:00.079293,5,5,5,5,1.0,1.0
810003930,B35T020D00204004,2026-04-26,ABERTO,2026-04-26 00:00:13.544274,2026-04-26 00:04:13.200964,5,5,5,5,1.0,1.0
810010367,B35T020D00204406,2026-04-26,ABERTO,2026-04-26 00:00:01.700655,2026-04-26 00:02:01.523834,3,3,3,3,1.0,1.0
810003301,B35T020D00204800,2026-04-26,ABERTO,2026-04-26 00:00:25.580063,2026-04-26 00:04:25.610259,5,5,5,5,1.0,1.0
810017003,B35T020D00204402,2026-04-26,ABERTO,2026-04-26 00:00:47.41933,2026-04-26 00:04:47.390213,5,5,5,5,1.0,1.0
810002803,B35T020D00204033,2026-04-26,ABERTO,2026-04-26 00:00:39.163853,2026-04-26 00:04:39.560616,5,5,5,5,1.0,1.0
760000281,B35T020D00210466,2026-04-26,ABERTO,2026-04-26 00:00:29.30036,2026-04-26 00:04:29.141834,5,5,5,5,1.0,1.0
463676011,B35T020D00205834,2026-04-26,ABERTO,2026-04-26 00:00:47.397793,2026-04-26 00:04:47.276896,5,5,5,5,1.0,1.0
463625712,B35T020D00204891,2026-04-26,ABERTO,2026-04-26 00:00:49.439814,2026-04-26 00:04:49.647718,5,5,5,5,1.0,1.0
463625703,B5AT020D00600969,2026-04-26,ABERTO,2026-04-26 00:00:42.229199,2026-04-26 00:04:41.865576,5,5,5,5,1.0,1.0
810001730,B35T020D00201285,2026-04-26,ABERTO,2026-04-26 00:00:56.11388,2026-04-26 00:04:56.369909,5,5,5,5,1.0,1.0
810014208,B35T020D00203427,2026-04-26,ABERTO,2026-04-26 00:00:43.178845,2026-04-26 00:04:43.320263,5,5,5,5,1.0,1.0
810002168,B35T020D00201243,2026-04-26,ABERTO,2026-04-26 00:00:06.52223,2026-04-26 00:04:06.356719,5,5,5,5,1.0,1.0
810011838,B5AT020D00600480,2026-04-26,ABERTO,2026-04-26 00:00:28.380923,2026-04-26 00:04:28.090485,5,5,5,5,1.0,1.0
810019805,B35T020D00202981,2026-04-26,ABERTO,2026-04-26 00:00:27.169391,2026-04-26 00:04:27.191574,5,5,5,5,1.0,1.0
810014536,B35T020D00207213,2026-04-26,ABERTO,2026-04-26 00:00:23.733465,2026-04-26 00:04:23.687058,5,5,5,5,1.0,1.0
810003064,B35T020D00202851,2026-04-26,ABERTO,2026-04-26 00:00:14.403809,2026-04-26 00:03:14.445102,4,4,4,4,1.0,1.0
463396779,B35T020D00204502,2026-04-26,ABERTO,2026-04-26 00:00:56.182265,2026-04-26 00:04:56.37584,5,5,5,5,1.0,1.0
810000870,B35T020D00205805,2026-04-26,ABERTO,2026-04-26 00:00:18.393368,2026-04-26 00:04:18.216318,5,5,5,5,1.0,1.0
810011546,B35T020D00207463,2026-04-26,ABERTO,2026-04-26 00:00:57.794741,2026-04-26 00:04:57.637654,5,5,5,5,1.0,1.0
810018671,B35T020D00210018,2026-04-26,ABERTO,2026-04-26 00:00:42.156144,2026-04-26 00:04:42.067893,5,5,5,5,1.0,1.0
810012804,B35T020D00204187,2026-04-26,ABERTO,2026-04-26 00:00:28.072015,2026-04-26 00:04:27.69806,5,5,5,5,1.0,1.0
810019708,B35T020D00203940,2026-04-26,ABERTO,2026-04-26 00:00:47.285324,2026-04-26 00:04:47.345543,5,5,5,5,1.0,1.0
463181377,B5AT020D00600415,2026-04-26,ABERTO,2026-04-26 00:00:04.728852,2026-04-26 00:04:04.953147,5,5,5,5,1.0,1.0
810005264,B35T020D00207134,2026-04-26,ABERTO,2026-04-26 00:00:49.214021,2026-04-26 00:04:49.395403,5,5,5,5,1.0,1.0
810003480,B35T020D00205823,2026-04-26,ABERTO,2026-04-26 00:00:45.921114,2026-04-26 00:04:45.931258,5,5,5,5,1.0,1.0
810016930,B35T020D00206034,2026-04-26,ABERTO,2026-04-26 00:00:24.82162,2026-04-26 00:04:24.412556,5,5,5,5,1.0,1.0
810000630,B35T020D00202387,2026-04-26,ABERTO,2026-04-26 00:00:16.708597,2026-04-26 00:04:16.854527,5,5,5,5,1.0,1.0
810007002,B35T020D00204714,2026-04-26,ABERTO,2026-04-26 00:00:48.056689,2026-04-26 00:04:48.023661,5,5,5,5,1.0,1.0
810004304,B35T020D00208206,2026-04-26,ABERTO,2026-04-26 00:00:32.075308,2026-04-26 00:04:31.639167,5,5,5,5,1.0,1.0
810002034,B35T020D00203100,2026-04-26,ABERTO,2026-04-26 00:00:25.781889,2026-04-26 00:04:25.54574,5,5,5,5,1.0,1.0
810001846,B35T020D00210186,2026-04-26,ABERTO,2026-04-26 00:00:16.513453,2026-04-26 00:04:16.563057,5,5,5,5,1.0,1.0
810010774,B35T020D00207890,2026-04-26,ABERTO,2026-04-26 00:00:50.26238,2026-04-26 00:04:50.44022,5,5,5,5,1.0,1.0
463263857,B35T020D00209242,2026-04-26,ABERTO,2026-04-26 00:00:51.889416,2026-04-26 00:04:51.959711,5,5,5,5,1.0,1.0
810000959,B35T020D00203880,2026-04-26,ABERTO,2026-04-26 00:00:09.250808,2026-04-26 00:04:08.859176,5,5,5,5,1.0,1.0
810019610,B35T020D00204481,2026-04-26,ABERTO,2026-04-26 00:00:19.966852,2026-04-26 00:04:19.927081,5,5,5,5,1.0,1.0
810004809,B35T020D00210044,2026-04-26,ABERTO,2026-04-26 00:00:53.600261,2026-04-26 00:04:53.788026,5,5,5,5,1.0,1.0
810009576,B35T020D00206371,2026-04-26,ABERTO,2026-04-26 00:00:12.388462,2026-04-26 00:04:12.060197,5,5,5,5,1.0,1.0
810017438,B35T020D00206083,2026-04-26,ABERTO,2026-04-26 00:00:29.741366,2026-04-26 00:04:29.59324,5,5,5,5,1.0,1.0
810004377,B35T020D00203009,2026-04-26,ABERTO,2026-04-26 00:00:36.922899,2026-04-26 00:04:36.61974,5,5,5,5,1.0,1.0
810011175,B35T020D00200911,2026-04-26,ABERTO,2026-04-26 00:00:19.709793,2026-04-26 00:04:19.610607,5,5,5,5,1.0,1.0
810002821,B35T020D00206078,2026-04-26,ABERTO,2026-04-26 00:00:11.576796,2026-04-26 00:04:11.223577,5,5,5,5,1.0,1.0
810019984,B5AT020D00600761,2026-04-26,ABERTO,2026-04-26 00:00:43.063852,2026-04-26 00:04:43.27552,5,5,5,5,1.0,1.0
810017711,B35T020D00205409,2026-04-26,ABERTO,2026-04-26 00:00:45.533821,2026-04-26 00:04:45.903617,5,5,5,5,1.0,1.0
810003392,B35T020D00204785,2026-04-26,ABERTO,2026-04-26 00:00:03.367663,2026-04-26 00:04:03.209183,5,5,5,5,1.0,1.0
810017173,B35T020D00202268,2026-04-26,ABERTO,2026-04-26 00:00:23.612855,2026-04-26 00:04:23.661399,5,5,5,5,1.0,1.0
810009239,B35T020D00206260,2026-04-26,ABERTO,2026-04-26 00:00:31.273256,2026-04-26 00:04:31.168756,5,5,5,5,1.0,1.0
810004854,B35T020D00203881,2026-04-26,ABERTO,2026-04-26 00:00:55.65625,2026-04-26 00:04:56.057359,5,5,5,5,1.0,1.0
810012594,B35T020D00203711,2026-04-26,ABERTO,2026-04-26 00:00:09.776222,2026-04-26 00:04:09.719322,5,5,5,5,1.0,1.0
810005750,B35T020D00210629,2026-04-26,ABERTO,2026-04-26 00:00:08.426376,2026-04-26 00:04:08.217823,5,5,5,5,1.0,1.0
810001323,B35T020D00203185,2026-04-26,ABERTO,2026-04-26 00:00:20.78383,2026-04-26 00:04:20.653349,5,5,5,5,1.0,1.0
810014633,B35T020D00206429,2026-04-26,ABERTO,2026-04-26 00:00:42.721626,2026-04-26 00:04:42.620129,5,5,5,5,1.0,1.0
810007242,B35T020D00203807,2026-04-26,ABERTO,2026-04-26 00:00:11.211166,2026-04-26 00:04:10.853917,5,5,5,5,1.0,1.0
810010242,B35T020D00203229,2026-04-26,ABERTO,2026-04-26 00:00:48.493978,2026-04-26 00:04:48.428326,5,5,5,5,1.0,1.0
760065884,B35T020D00204611,2026-04-26,ABERTO,2026-04-26 00:00:51.241446,2026-04-26 00:04:51.469314,5,5,5,5,1.0,1.0
810003268,B35T020D00204404,2026-04-26,ABERTO,2026-04-26 00:00:38.874053,2026-04-26 00:04:38.782138,5,5,5,5,1.0,1.0
810000667,B35T020D00210262,2026-04-26,ABERTO,2026-04-26 00:00:42.987886,2026-04-26 00:04:43.092936,5,5,5,5,1.0,1.0
810003499,B35T020D00206318,2026-04-26,ABERTO,2026-04-26 00:00:37.624165,2026-04-26 00:04:37.610701,5,5,5,5,1.0,1.0
810005273,B35T020D00206841,2026-04-26,ABERTO,2026-04-26 00:00:00.786224,2026-04-26 00:04:00.72812,5,5,5,5,1.0,1.0
810004438,B35T020D00210194,2026-04-26,ABERTO,2026-04-26 00:00:14.991875,2026-04-26 00:04:14.921427,5,5,5,5,1.0,1.0
463031115,B35T020D00202298,2026-04-26,ABERTO,2026-04-26 00:00:13.833033,2026-04-26 00:04:13.83075,5,5,5,5,1.0,1.0
463283442,B5AT020D00600207,2026-04-26,ABERTO,2026-04-26 00:00:17.929387,2026-04-26 00:04:17.954087,5,5,5,5,1.0,1.0
810019346,B5AT020D00600332,2026-04-26,ABERTO,2026-04-26 00:00:06.413342,2026-04-26 00:04:06.547345,5,5,5,5,1.0,1.0
810004890,B5AT020D00600430,2026-04-26,ABERTO,2026-04-26 00:00:12.183392,2026-04-26 00:04:12.079693,5,5,5,5,1.0,1.0
810006045,B35T020D00202102,2026-04-26,ABERTO,2026-04-26 00:00:43.255196,2026-04-26 00:04:43.170353,5,5,5,5,1.0,1.0
810015168,B35T020D00204382,2026-04-26,ABERTO,2026-04-26 00:00:30.831914,2026-04-26 00:04:30.601432,5,5,5,5,1.0,1.0
810187328,B35T020D00207157,2026-04-26,ABERTO,2026-04-26 00:00:54.75881,2026-04-26 00:04:54.939154,5,5,5,5,1.0,1.0
810004100,B35T020D00206075,2026-04-26,ABERTO,2026-04-26 00:00:33.580083,2026-04-26 00:04:33.671474,5,5,5,5,1.0,1.0
810007525,B5AT020D00600279,2026-04-26,ABERTO,2026-04-26 00:00:46.40638,2026-04-26 00:04:46.556695,5,5,5,0,0.0,1.0
810001244,B35T020D00205284,2026-04-26,ABERTO,2026-04-26 00:00:02.536145,2026-04-26 00:04:02.191667,5,5,5,5,1.0,1.0
463355471,B35T020D00205356,2026-04-26,ABERTO,2026-04-26 00:00:47.470946,2026-04-26 00:04:47.891208,5,5,5,5,1.0,1.0
810016268,B35T020D00206115,2026-04-26,ABERTO,2026-04-26 00:00:45.644188,2026-04-26 00:04:46.054779,5,5,5,5,1.0,1.0
810013287,B35T020D00203993,2026-04-26,ABERTO,2026-04-26 00:00:32.294858,2026-04-26 00:04:32.399987,5,5,5,5,1.0,1.0
810016985,B35T020D00206427,2026-04-26,ABERTO,2026-04-26 00:00:25.541988,2026-04-26 00:04:25.479428,5,5,5,5,1.0,1.0
810000418,B35T020D00202809,2026-04-26,ABERTO,2026-04-26 00:00:39.568823,2026-04-26 00:04:39.561575,5,5,5,5,1.0,1.0
810001581,B35T020D00202978,2026-04-26,ABERTO,2026-04-26 00:00:37.215074,2026-04-26 00:04:37.07727,5,5,5,5,1.0,1.0
810009707,B35T020D00205941,2026-04-26,ABERTO,2026-04-26 00:00:25.422177,2026-04-26 00:04:25.226199,5,5,5,5,1.0,1.0
810004623,B35T020D00204428,2026-04-26,ABERTO,2026-04-26 00:00:02.103067,2026-04-26 00:04:02.096695,5,5,5,5,1.0,1.0
463362738,B35T020D00201248,2026-04-26,ABERTO,2026-04-26 00:00:33.180674,2026-04-26 00:04:31.998939,5,5,5,5,1.0,1.0
810017915,B35T020D00205002,2026-04-26,ABERTO,2026-04-26 00:00:22.852921,2026-04-26 00:04:22.542554,5,5,5,5,1.0,1.0
463304817,B35T020D00204279,2026-04-26,ABERTO,2026-04-26 00:00:28.068275,2026-04-26 00:04:28.025486,5,5,5,5,1.0,1.0
760019775,B35T020D00205441,2026-04-26,ABERTO,2026-04-26 00:00:22.746227,2026-04-26 00:04:23.531284,5,5,5,5,1.0,1.0
810014174,B35T020D00207940,2026-04-26,ABERTO,2026-04-26 00:00:34.454504,2026-04-26 00:04:34.242148,5,5,5,5,1.0,1.0
810019212,B35T020D00200736,2026-04-26,ABERTO,2026-04-26 00:04:43.691432,2026-04-26 00:04:43.691432,1,1,1,1,1.0,1.0
810010914,B35T020D00210222,2026-04-26,ABERTO,2026-04-26 00:00:18.211647,2026-04-26 00:04:18.137798,5,5,5,5,1.0,1.0
810001217,B35T020D00206016,2026-04-26,ABERTO,2026-04-26 00:00:55.148002,2026-04-26 00:04:55.515634,5,5,5,5,1.0,1.0
463235063,B5AT020D00600208,2026-04-26,ABERTO,2026-04-26 00:00:12.825003,2026-04-26 00:04:12.696315,5,5,5,5,1.0,1.0
810006498,B35T020D00204202,2026-04-26,ABERTO,2026-04-26 00:00:01.242259,2026-04-26 00:04:01.22935,5,5,5,5,1.0,1.0
810000694,B35T020D00207135,2026-04-26,ABERTO,2026-04-26 00:00:02.210721,2026-04-26 00:04:02.138446,5,5,5,5,1.0,1.0
810012637,B35T020D00203692,2026-04-26,ABERTO,2026-04-26 00:00:18.015628,2026-04-26 00:04:17.777553,5,5,5,5,1.0,1.0
810005538,B35T020D00205517,2026-04-26,ABERTO,2026-04-26 00:00:03.597813,2026-04-26 00:04:03.028546,5,5,5,5,1.0,1.0
810005802,B35T020D00203019,2026-04-26,ABERTO,2026-04-26 00:00:06.100229,2026-04-26 00:04:06.077454,5,5,5,5,1.0,1.0
810019586,B35T020D00210169,2026-04-26,ABERTO,2026-04-26 00:00:51.782439,2026-04-26 00:04:53.982055,5,5,5,5,1.0,1.0
810010899,B35T020D00201392,2026-04-26,ABERTO,2026-04-26 00:00:17.620755,2026-04-26 00:04:17.443453,5,5,5,5,1.0,1.0
810001147,B35T020D00204605,2026-04-26,ABERTO,2026-04-26 00:00:21.026759,2026-04-26 00:04:20.961876,5,5,5,5,1.0,1.0
810000746,B35T020D00205847,2026-04-26,ABERTO,2026-04-26 00:00:24.493886,2026-04-26 00:04:24.460551,5,5,5,0,0.0,1.0
810015539,B35T020D00209226,2026-04-26,ABERTO,2026-04-26 00:00:10.144845,2026-04-26 00:04:09.719635,5,5,5,5,1.0,1.0
810020669,B35T020D00207461,2026-04-26,ABERTO,2026-04-26 00:00:58.29069,2026-04-26 00:04:58.465722,5,5,5,5,1.0,1.0
463264896,B35T020D00203895,2026-04-26,ABERTO,2026-04-26 00:00:56.621216,2026-04-26 00:00:56.621216,1,1,1,1,1.0,1.0
2689,B35T020D00203928,2026-04-26,ABERTO,2026-04-26 00:00:20.861626,2026-04-26 00:04:20.8504,5,5,5,0,0.0,1.0
810020119,B5AT020D00600587,2026-04-26,ABERTO,2026-04-26 00:00:55.153553,2026-04-26 00:04:55.486562,5,5,5,5,1.0,1.0
810004614,B35T020D00205509,2026-04-26,ABERTO,2026-04-26 00:00:11.516109,2026-04-26 00:04:11.510593,5,5,5,5,1.0,1.0
810004429,B35T020D00203715,2026-04-26,ABERTO,2026-04-26 00:00:35.952794,2026-04-26 00:04:35.587165,5,5,5,5,1.0,1.0
810003824,B35T020D00209079,2026-04-26,ABERTO,2026-04-26 00:00:40.880626,2026-04-26 00:04:40.859938,5,5,5,5,1.0,1.0
810008564,B35T020D00205139,2026-04-26,ABERTO,2026-04-26 00:00:00.588934,2026-04-26 00:04:00.714397,5,5,5,5,1.0,1.0
810001864,B35T020D00207132,2026-04-26,ABERTO,2026-04-26 00:00:37.385694,2026-04-26 00:04:37.308888,5,5,5,5,1.0,1.0
810018361,B35T020D00204520,2026-04-26,ABERTO,2026-04-26 00:00:36.504936,2026-04-26 00:04:36.114572,5,5,5,5,1.0,1.0
760028056,B35T020D00209798,2026-04-26,ABERTO,2026-04-26 00:00:38.73177,2026-04-26 00:04:38.758064,5,4,4,4,1.0,0.8
463706712,B35T020D00201810,2026-04-26,ABERTO,2026-04-26 00:00:28.828127,2026-04-26 00:04:28.461603,5,5,5,5,1.0,1.0
461106389,B35T020D00208642,2026-04-26,ABERTO,2026-04-26 00:00:26.875789,2026-04-26 00:04:26.699243,5,5,5,5,1.0,1.0
810013825,B35T020D00202697,2026-04-26,ABERTO,2026-04-26 00:00:02.316711,2026-04-26 00:04:01.953433,5,5,5,5,1.0,1.0
810000454,B35T020D00203491,2026-04-26,ABERTO,2026-04-26 00:00:30.601011,2026-04-26 00:04:30.406595,5,5,5,5,1.0,1.0
810001891,B35T020D00201416,2026-04-26,ABERTO,2026-04-26 00:00:00.582769,2026-04-26 00:04:00.528628,5,5,5,5,1.0,1.0
810001624,B35T020D00202821,2026-04-26,ABERTO,2026-04-26 00:00:20.751118,2026-04-26 00:04:20.802168,5,5,5,5,1.0,1.0
810014703,B35T020D00204344,2026-04-26,ABERTO,2026-04-26 00:00:14.987229,2026-04-26 00:04:14.657452,5,5,5,5,1.0,1.0
810007367,B35T020D00209255,2026-04-26,ABERTO,2026-04-26 00:00:02.831961,2026-04-26 00:04:02.648,5,5,5,5,1.0,1.0
810009895,B35T020D00201083,2026-04-26,ABERTO,2026-04-26 00:00:44.645369,2026-04-26 00:04:45.25261,5,5,5,5,1.0,1.0
464020729,B35T020D00206182,2026-04-26,ABERTO,2026-04-26 00:00:46.323455,2026-04-26 00:04:46.380611,5,5,5,5,1.0,1.0
810018529,B35T020D00204141,2026-04-26,ABERTO,2026-04-26 00:00:07.21291,2026-04-26 00:04:07.172605,5,5,5,5,1.0,1.0
810008041,B5AT020D00600484,2026-04-26,ABERTO,2026-04-26 00:00:47.408127,2026-04-26 00:04:47.931246,5,4,5,5,1.0,0.8
463362905,B35T020D00208979,2026-04-26,ABERTO,2026-04-26 00:00:14.977803,2026-04-26 00:04:14.886603,5,5,5,5,1.0,1.0
810007473,B35T020D00205090,2026-04-26,ABERTO,2026-04-26 00:00:15.167496,2026-04-26 00:04:15.146042,5,5,5,5,1.0,1.0
463356447,B35T020D00205107,2026-04-26,ABERTO,2026-04-26 00:00:55.966255,2026-04-26 00:04:56.022222,5,5,5,5,1.0,1.0
810008768,B35T020D00202012,2026-04-26,ABERTO,2026-04-26 00:00:19.630428,2026-04-26 00:04:19.644421,5,5,5,5,1.0,1.0
461306022,B35T020D00200845,2026-04-26,ABERTO,2026-04-26 00:00:17.084754,2026-04-26 00:04:16.971512,5,5,5,5,1.0,1.0
760016712,B5AT020D00600008,2026-04-26,ABERTO,2026-04-26 00:00:43.479993,2026-04-26 00:04:43.812881,5,5,5,5,1.0,1.0
810004340,B35T020D00202687,2026-04-26,ABERTO,2026-04-26 00:00:21.802012,2026-04-26 00:04:21.68985,5,5,5,5,1.0,1.0
810016532,B35T020D00203114,2026-04-26,ABERTO,2026-04-26 00:00:20.643228,2026-04-26 00:04:20.287253,5,5,5,5,1.0,1.0
810019513,B35T020D00209063,2026-04-26,ABERTO,2026-04-26 00:00:50.07181,2026-04-26 00:04:50.444602,5,5,5,5,1.0,1.0
810017085,B35T020D00209925,2026-04-26,ABERTO,2026-04-26 00:00:48.180159,2026-04-26 00:04:48.399999,5,5,5,5,1.0,1.0
810003046,B35T020D00207999,2026-04-26,ABERTO,2026-04-26 00:00:01.041295,2026-04-26 00:04:01.103241,5,5,5,5,1.0,1.0
810000764,B35T020D00208912,2026-04-26,ABERTO,2026-04-26 00:00:30.124936,2026-04-26 00:04:30.596893,5,5,5,0,0.0,1.0
810012974,B35T020D00209313,2026-04-26,ABERTO,2026-04-26 00:00:45.240861,2026-04-26 00:04:45.411819,5,5,5,5,1.0,1.0
810009646,B35T020D00206705,2026-04-26,ABERTO,2026-04-26 00:00:44.451135,2026-04-26 00:04:44.491232,5,5,5,5,1.0,1.0
810007756,B35T020D00202779,2026-04-26,ABERTO,2026-04-26 00:00:35.85761,2026-04-26 00:04:35.866663,5,5,5,5,1.0,1.0
810000427,B35T020D00203024,2026-04-26,ABERTO,2026-04-26 00:00:32.38467,2026-04-26 00:04:32.292362,5,5,5,5,1.0,1.0
810017535,B35T020D00204853,2026-04-26,ABERTO,2026-04-26 00:00:54.105547,2026-04-26 00:04:54.441979,5,5,5,5,1.0,1.0
810012734,B35T020D00202648,2026-04-26,ABERTO,2026-04-26 00:00:58.161697,2026-04-26 00:04:58.52299,5,5,5,5,1.0,1.0
810002520,B5AT020D00600773,2026-04-26,ABERTO,2026-04-26 00:00:20.035844,2026-04-26 00:04:19.99554,5,5,5,5,1.0,1.0
810004289,B35T020D00210399,2026-04-26,ABERTO,2026-04-26 00:00:04.482295,2026-04-26 00:04:04.79719,5,5,5,5,1.0,1.0
810004562,B35T020D00206355,2026-04-26,ABERTO,2026-04-26 00:00:02.312683,2026-04-26 00:04:02.272126,5,5,5,5,1.0,1.0
810000603,B35T020D00202762,2026-04-26,ABERTO,2026-04-26 00:00:53.133259,2026-04-26 00:04:53.032451,5,5,5,5,1.0,1.0
810017827,B35T020D00207599,2026-04-26,ABERTO,2026-04-26 00:00:01.003465,2026-04-26 00:04:00.825,5,5,5,5,1.0,1.0
463265525,B5AT020D00600010,2026-04-26,ABERTO,2026-04-26 00:00:11.086809,2026-04-26 00:04:10.880144,5,5,5,5,1.0,1.0
810011847,B35T020D00203534,2026-04-26,ABERTO,2026-04-26 00:00:40.665659,2026-04-26 00:02:40.635725,3,3,3,3,1.0,1.0
810015201,B35T020D00205838,2026-04-26,ABERTO,2026-04-26 00:00:25.736354,2026-04-26 00:04:25.773827,5,5,5,5,1.0,1.0
810000782,B35T020D00201463,2026-04-26,ABERTO,2026-04-26 00:00:31.145554,2026-04-26 00:04:31.186043,5,5,5,5,1.0,1.0
810000409,B35T020D00209882,2026-04-26,ABERTO,2026-04-26 00:00:50.417308,2026-04-26 00:04:50.600979,5,5,5,5,1.0,1.0
810016550,B35T020D00203798,2026-04-26,ABERTO,2026-04-26 00:00:55.835717,2026-04-26 00:04:56.061831,5,5,5,5,1.0,1.0
810013223,B35T020D00204366,2026-04-26,ABERTO,2026-04-26 00:00:16.831986,2026-04-26 00:04:16.449356,5,5,5,5,1.0,1.0
810016000,B35T020D00200742,2026-04-26,ABERTO,2026-04-26 00:00:51.606324,2026-04-26 00:04:51.642419,5,5,5,5,1.0,1.0
463355727,B35T020D00205176,2026-04-26,ABERTO,2026-04-26 00:00:34.593984,2026-04-26 00:04:34.77151,5,5,5,5,1.0,1.0
810006115,B35T020D00208208,2026-04-26,ABERTO,2026-04-26 00:00:51.014212,2026-04-26 00:04:51.296083,5,5,5,5,1.0,1.0
810016204,B35T020D00209402,2026-04-26,ABERTO,2026-04-26 00:00:52.460826,2026-04-26 00:04:52.63133,5,5,5,5,1.0,1.0
810009080,B35T020D00202660,2026-04-26,ABERTO,2026-04-26 00:00:08.503565,2026-04-26 00:04:08.814035,5,5,5,5,1.0,1.0
810013791,B5AT020D00600464,2026-04-26,ABERTO,2026-04-26 00:00:06.070814,2026-04-26 00:04:05.983769,5,5,5,5,1.0,1.0
810010109,B35T020D00202323,2026-04-26,ABERTO,2026-04-26 00:00:03.06981,2026-04-26 00:04:03.096985,5,5,5,5,1.0,1.0
810010570,B35T020D00206840,2026-04-26,ABERTO,2026-04-26 00:00:25.336946,2026-04-26 00:04:25.374236,5,5,5,5,1.0,1.0
810020164,B35T020D00201969,2026-04-26,ABERTO,2026-04-26 00:00:18.985319,2026-04-26 00:04:18.981154,5,5,5,5,1.0,1.0
810017863,B35T020D00203726,2026-04-26,ABERTO,2026-04-26 00:00:40.141922,2026-04-26 00:04:40.156655,5,5,5,5,1.0,1.0
810001253,B35T020D00204855,2026-04-26,ABERTO,2026-04-26 00:00:34.740992,2026-04-26 00:04:34.75828,5,5,5,5,1.0,1.0
463172801,B35T020D00207496,2026-04-26,ABERTO,2026-04-26 00:00:20.386556,2026-04-26 00:04:20.427957,5,5,5,5,1.0,1.0
810002432,B35T020D00204541,2026-04-26,ABERTO,2026-04-26 00:00:41.831175,2026-04-26 00:04:42.062034,5,5,5,5,1.0,1.0
810018228,B35T020D00204560,2026-04-26,ABERTO,2026-04-26 00:00:40.40092,2026-04-26 00:04:40.407412,5,5,5,5,1.0,1.0
810011777,B35T020D00206945,2026-04-26,ABERTO,2026-04-26 00:00:27.533825,2026-04-26 00:04:27.517884,5,5,5,5,1.0,1.0
810005529,B35T020D00205454,2026-04-26,ABERTO,2026-04-26 00:00:00.569382,2026-04-26 00:04:00.386958,5,5,5,5,1.0,1.0
810009196,B35T020D00200939,2026-04-26,ABERTO,2026-04-26 00:00:50.34909,2026-04-26 00:04:50.657075,5,5,5,5,1.0,1.0
810009798,B35T020D00204852,2026-04-26,ABERTO,2026-04-26 00:00:45.482854,2026-04-26 00:04:45.44766,5,5,5,5,1.0,1.0
810002690,B35T020D00206057,2026-04-26,ABERTO,2026-04-26 00:00:55.833114,2026-04-26 00:04:56.038434,5,5,5,5,1.0,1.0
810003587,B35T020D00208368,2026-04-26,ABERTO,2026-04-26 00:00:34.86581,2026-04-26 00:04:03.703933,5,4,4,4,1.0,0.8
810011689,B35T020D00209064,2026-04-26,ABERTO,2026-04-26 00:00:16.211915,2026-04-26 00:04:16.169682,5,5,5,5,1.0,1.0
810001305,B35T020D00203708,2026-04-26,ABERTO,2026-04-26 00:00:31.630583,2026-04-26 00:04:31.641598,5,5,5,5,1.0,1.0
463386750,B35T020D00208633,2026-04-26,ABERTO,2026-04-26 00:00:05.562845,2026-04-26 00:04:06.330825,5,5,5,5,1.0,1.0
810015849,B35T020D00203426,2026-04-26,ABERTO,2026-04-26 00:00:41.860818,2026-04-26 00:04:41.763253,5,5,5,5,1.0,1.0
810016745,B35T020D00208875,2026-04-26,ABERTO,2026-04-26 00:00:01.707096,2026-04-26 00:04:01.600027,5,5,5,5,1.0,1.0
810003718,B35T020D00207527,2026-04-26,ABERTO,2026-04-26 00:00:11.563108,2026-04-26 00:04:11.283061,5,5,5,5,1.0,1.0
2659,B35T020D00205673,2026-04-26,ABERTO,2026-04-26 00:00:03.537515,2026-04-26 00:04:03.182413,5,5,5,0,0.0,1.0
810002751,B5AT020D00600471,2026-04-26,ABERTO,2026-04-26 00:00:51.58936,2026-04-26 00:04:51.762959,5,5,5,5,1.0,1.0
810019391,B35T020D00205134,2026-04-26,ABERTO,2026-04-26 00:00:11.971705,2026-04-26 00:04:11.990712,5,5,5,5,1.0,1.0
810004474,B35T020D00206490,2026-04-26,ABERTO,2026-04-26 00:00:12.796716,2026-04-26 00:04:13.45646,5,5,5,5,1.0,1.0
810012868,B35T020D00204160,2026-04-26,ABERTO,2026-04-26 00:00:58.373459,2026-04-26 00:04:58.534643,5,5,5,5,1.0,1.0
810007224,B35T020D00204395,2026-04-26,ABERTO,2026-04-26 00:00:48.263,2026-04-26 00:04:48.609204,5,5,5,5,1.0,1.0
810011573,B35T020D00206480,2026-04-26,ABERTO,2026-04-26 00:00:48.442017,2026-04-26 00:04:48.665681,5,5,5,5,1.0,1.0
810014138,B35T020D00206338,2026-04-26,ABERTO,2026-04-26 00:00:36.513772,2026-04-26 00:04:36.584815,5,5,5,5,1.0,1.0
810009123,B35T020D00202301,2026-04-26,ABERTO,2026-04-26 00:00:06.631817,2026-04-26 00:04:06.067482,5,5,5,5,1.0,1.0
760041686,B35T020D00208693,2026-04-26,ABERTO,2026-04-26 00:00:19.312182,2026-04-26 00:04:18.972887,5,5,5,5,1.0,1.0
810002618,B35T020D00202813,2026-04-26,ABERTO,2026-04-26 00:00:40.569781,2026-04-26 00:04:40.381631,5,5,5,5,1.0,1.0
810020368,B35T020D00205819,2026-04-26,ABERTO,2026-04-26 00:00:33.017888,2026-04-26 00:04:32.825053,5,5,5,5,1.0,1.0
810020696,B35T020D00205449,2026-04-26,ABERTO,2026-04-26 00:00:47.782697,2026-04-26 00:04:48.188845,5,5,5,5,1.0,1.0
810005936,B35T020D00202520,2026-04-26,ABERTO,2026-04-26 00:00:16.164435,2026-04-26 00:04:15.75054,5,5,5,5,1.0,1.0
463054693,B35T020D00207360,2026-04-26,ABERTO,2026-04-26 00:00:41.548804,2026-04-26 00:04:41.444577,5,5,5,5,1.0,1.0
810014235,B35T020D00206620,2026-04-26,ABERTO,2026-04-26 00:00:07.872095,2026-04-26 00:04:07.782953,5,5,5,5,1.0,1.0
810009257,B35T020D00208908,2026-04-26,ABERTO,2026-04-26 00:00:04.722961,2026-04-26 00:04:04.552067,5,5,5,5,1.0,1.0
810020377,B35T020D00205904,2026-04-26,ABERTO,2026-04-26 00:00:28.744981,2026-04-26 00:04:28.639736,5,5,5,5,1.0,1.0
810016727,B35T020D00200954,2026-04-26,ABERTO,2026-04-26 00:00:43.338151,2026-04-26 00:04:43.417305,5,5,5,5,1.0,1.0
810014466,B35T020D00207402,2026-04-26,ABERTO,2026-04-26 00:00:52.992747,2026-04-26 00:04:53.221036,5,5,5,5,1.0,1.0
810002007,B35T020D00210370,2026-04-26,ABERTO,2026-04-26 00:00:02.791159,2026-04-26 00:04:02.862032,5,5,5,5,1.0,1.0
810018255,B35T020D00209860,2026-04-26,ABERTO,2026-04-26 00:00:01.698939,2026-04-26 00:04:01.542503,5,5,5,5,1.0,1.0
810007622,B35T020D00205754,2026-04-26,ABERTO,2026-04-26 00:00:09.688309,2026-04-26 00:04:09.506759,5,5,5,5,1.0,1.0
760074484,B5AT020D00600633,2026-04-26,ABERTO,2026-04-26 00:00:10.61416,2026-04-26 00:04:10.342702,5,5,5,5,1.0,1.0
810009734,B35T020D00209561,2026-04-26,ABERTO,2026-04-26 00:00:39.600549,2026-04-26 00:04:39.93722,5,5,5,5,1.0,1.0
810009585,B35T020D00204037,2026-04-26,ABERTO,2026-04-26 00:00:25.809874,2026-04-26 00:04:25.595527,5,5,5,5,1.0,1.0
810011412,B35T020D00208298,2026-04-26,ABERTO,2026-04-26 00:00:18.470569,2026-04-26 00:04:18.51987,5,5,5,5,1.0,1.0
810011120,B35T020D00210601,2026-04-26,ABERTO,2026-04-26 00:00:06.382446,2026-04-26 00:04:06.228417,5,5,5,5,1.0,1.0
810009053,B35T020D00202612,2026-04-26,ABERTO,2026-04-26 00:00:55.083845,2026-04-26 00:04:55.450162,5,5,5,5,1.0,1.0
760004122,B5AT020D00600102,2026-04-26,ABERTO,2026-04-26 00:00:31.134908,2026-04-26 00:04:30.712777,5,5,5,5,1.0,1.0
810008607,B5AT020D00600636,2026-04-26,ABERTO,2026-04-26 00:00:38.354272,2026-04-26 00:04:38.317032,5,5,5,5,1.0,1.0
463264416,B35T020D00206257,2026-04-26,ABERTO,2026-04-26 00:00:21.325598,2026-04-26 00:04:20.985825,5,5,5,5,1.0,1.0
810015566,B35T020D00204023,2026-04-26,ABERTO,2026-04-26 00:00:24.556116,2026-04-26 00:04:24.177862,5,5,5,5,1.0,1.0
2729,B5AT020D00600478,2026-04-26,ABERTO,2026-04-26 00:00:15.535518,2026-04-26 00:04:15.33566,5,5,5,0,0.0,1.0
810013384,B35T020D00204249,2026-04-26,ABERTO,2026-04-26 00:00:23.917518,2026-04-26 00:04:23.9107,5,5,5,5,1.0,1.0
463110711,B35T020D00205438,2026-04-26,ABERTO,2026-04-26 00:00:08.75462,2026-04-26 00:04:08.684294,5,5,5,5,1.0,1.0
810001411,B35T020D00203192,2026-04-26,ABERTO,2026-04-26 00:00:30.179547,2026-04-26 00:04:29.893532,5,5,5,5,1.0,1.0
810003754,B35T020D00201590,2026-04-26,ABERTO,2026-04-26 00:00:52.783227,2026-04-26 00:04:52.77004,5,5,5,5,1.0,1.0
2626,B35T020D00210467,2026-04-26,ABERTO,2026-04-26 00:00:12.815311,2026-04-26 00:04:12.370624,5,5,5,5,1.0,1.0
810000931,B35T020D00207497,2026-04-26,ABERTO,2026-04-26 00:00:05.718838,2026-04-26 00:04:05.756217,5,5,5,5,1.0,1.0
810009938,B35T020D00202999,2026-04-26,ABERTO,2026-04-26 00:00:07.605974,2026-04-26 00:04:07.994321,5,5,5,5,1.0,1.0
810001527,B35T020D00210643,2026-04-26,ABERTO,2026-04-26 00:00:39.326146,2026-04-26 00:04:39.326464,5,5,5,5,1.0,1.0
810015511,B35T020D00205267,2026-04-26,ABERTO,2026-04-26 00:00:32.478991,2026-04-26 00:04:32.502758,5,5,5,5,1.0,1.0
810010978,B35T020D00210407,2026-04-26,ABERTO,2026-04-26 00:00:57.965043,2026-04-26 00:04:58.15094,5,5,5,5,1.0,1.0
810002548,B35T020D00206479,2026-04-26,ABERTO,2026-04-26 00:00:33.565116,2026-04-26 00:04:33.378354,5,5,5,5,1.0,1.0
810014448,B35T020D00203915,2026-04-26,ABERTO,2026-04-26 00:00:48.42479,2026-04-26 00:04:48.581963,5,5,5,5,1.0,1.0
810010817,B35T020D00203753,2026-04-26,ABERTO,2026-04-26 00:00:05.346822,2026-04-26 00:04:04.929489,5,5,5,5,1.0,1.0
810010640,B35T020D00205263,2026-04-26,ABERTO,2026-04-26 00:00:53.18182,2026-04-26 00:04:53.259227,5,5,5,5,1.0,1.0
810015636,B35T020D00201675,2026-04-26,ABERTO,2026-04-26 00:00:27.321855,2026-04-26 00:04:27.143653,5,5,5,5,1.0,1.0
810013515,B35T020D00204915,2026-04-26,ABERTO,2026-04-26 00:00:23.674638,2026-04-26 00:04:23.488992,5,5,5,5,1.0,1.0
810002502,B35T020D00208671,2026-04-26,ABERTO,2026-04-26 00:00:52.277814,2026-04-26 00:04:52.339944,5,5,5,5,1.0,1.0
463054736,B35T020D00204251,2026-04-26,ABERTO,2026-04-26 00:00:57.459028,2026-04-26 00:04:57.613827,5,5,5,5,1.0,1.0
810014563,B35T020D00209240,2026-04-26,ABERTO,2026-04-26 00:00:37.375823,2026-04-26 00:04:37.200737,5,5,5,5,1.0,1.0
810002867,B35T020D00210366,2026-04-26,ABERTO,2026-04-26 00:00:51.44276,2026-04-26 00:04:51.41176,5,5,5,5,1.0,1.0
810016824,B35T020D00206440,2026-04-26,ABERTO,2026-04-26 00:00:26.676523,2026-04-26 00:04:26.442331,5,5,5,5,1.0,1.0
810020526,B35T020D00205863,2026-04-26,ABERTO,2026-04-26 00:00:59.421601,2026-04-26 00:04:59.840589,5,5,5,5,1.0,1.0
463275252,B35T020D00203041,2026-04-26,ABERTO,2026-04-26 00:00:45.28566,2026-04-26 00:04:45.615098,5,5,5,5,1.0,1.0
810018176,B35T020D00200719,2026-04-26,ABERTO,2026-04-26 00:00:17.144131,2026-04-26 00:04:16.788081,5,5,5,5,1.0,1.0
810004465,B35T020D00203717,2026-04-26,ABERTO,2026-04-26 00:00:42.335721,2026-04-26 00:04:41.990078,5,5,5,5,1.0,1.0
810002742,B35T020D00207433,2026-04-26,ABERTO,2026-04-26 00:00:15.272642,2026-04-26 00:04:14.860396,5,5,5,5,1.0,1.0
810006586,B35T020D00210496,2026-04-26,ABERTO,2026-04-26 00:00:05.415547,2026-04-26 00:04:05.686737,5,5,5,0,0.0,1.0
810018431,B35T020D00203514,2026-04-26,ABERTO,2026-04-26 00:00:37.533603,2026-04-26 00:04:37.377818,5,5,5,5,1.0,1.0
810003329,B35T020D00204654,2026-04-26,ABERTO,2026-04-26 00:00:06.439123,2026-04-26 00:04:06.200114,5,5,5,5,1.0,1.0
810018574,B35T020D00201631,2026-04-26,ABERTO,2026-04-26 00:00:26.600586,2026-04-26 00:04:26.625651,5,5,5,5,1.0,1.0
463181641,B35T020D00206527,2026-04-26,ABERTO,2026-04-26 00:00:37.946087,2026-04-26 00:04:37.887976,5,5,5,5,1.0,1.0
810002405,B35T020D00200718,2026-04-26,ABERTO,2026-04-26 00:00:05.682171,2026-04-26 00:04:05.656498,5,5,5,5,1.0,1.0
810008467,B35T020D00210603,2026-04-26,ABERTO,2026-04-26 00:00:42.328752,2026-04-26 00:04:42.285372,5,5,5,5,1.0,1.0
463483006,B35T020D00202021,2026-04-26,ABERTO,2026-04-26 00:00:08.356707,2026-04-26 00:04:08.339605,5,5,5,5,1.0,1.0
810008360,B35T020D00206116,2026-04-26,ABERTO,2026-04-26 00:00:45.593677,2026-04-26 00:04:45.583345,5,5,5,5,1.0,1.0
810001420,B35T020D00201784,2026-04-26,ABERTO,2026-04-26 00:00:38.234708,2026-04-26 00:04:37.789418,5,5,5,5,1.0,1.0
463706624,B35T020D00207725,2026-04-26,ABERTO,2026-04-26 00:00:37.004678,2026-04-26 00:04:36.841445,5,5,5,5,1.0,1.0
810005413,B35T020D00209000,2026-04-26,ABERTO,2026-04-26 00:00:36.652299,2026-04-26 00:04:36.339329,5,5,5,5,1.0,1.0
810017331,B35T020D00200982,2026-04-26,ABERTO,2026-04-26 00:00:19.395373,2026-04-26 00:04:19.366836,5,5,5,5,1.0,1.0
810012965,B35T020D00204897,2026-04-26,ABERTO,2026-04-26 00:00:21.263932,2026-04-26 00:04:20.773082,5,5,5,5,1.0,1.0
810001819,B35T020D00205216,2026-04-26,ABERTO,2026-04-26 00:00:00.433058,2026-04-26 00:03:59.984449,4,3,5,5,1.0,0.75
810002362,B35T020D00201950,2026-04-26,ABERTO,2026-04-26 00:00:16.994171,2026-04-26 00:04:16.987046,5,5,5,5,1.0,1.0
810006647,B35T020D00200910,2026-04-26,ABERTO,2026-04-26 00:00:02.392888,2026-04-26 00:04:02.011207,5,5,5,5,1.0,1.0
810004678,B35T020D00205351,2026-04-26,ABERTO,2026-04-26 00:00:42.92025,2026-04-26 00:04:42.964384,5,5,5,5,1.0,1.0
810011166,B35T020D00204200,2026-04-26,ABERTO,2026-04-26 00:00:18.069855,2026-04-26 00:04:17.579785,5,5,5,5,1.0,1.0
810012530,B35T020D00207159,2026-04-26,ABERTO,2026-04-26 00:00:54.583506,2026-04-26 00:04:55.018149,5,5,5,5,1.0,1.0
810003107,B35T020D00202378,2026-04-26,ABERTO,2026-04-26 00:00:10.993111,2026-04-26 00:03:11.166637,4,4,4,4,1.0,1.0
810020535,B35T020D00206943,2026-04-26,ABERTO,2026-04-26 00:00:05.695823,2026-04-26 00:04:05.245265,5,5,5,5,1.0,1.0
810008290,B35T020D00208640,2026-04-26,ABERTO,2026-04-26 00:00:10.082591,2026-04-26 00:04:09.785513,5,5,5,5,1.0,1.0
810010792,B35T020D00205430,2026-04-26,ABERTO,2026-04-26 00:00:41.603891,2026-04-26 00:04:41.60389,5,5,5,5,1.0,1.0
810020775,B35T020D00207959,2026-04-26,ABERTO,2026-04-26 00:00:57.057147,2026-04-26 00:04:57.247146,5,5,5,5,1.0,1.0
810019896,B35T020D00205253,2026-04-26,ABERTO,2026-04-26 00:00:34.813752,2026-04-26 00:04:34.830278,5,5,5,5,1.0,1.0
810005644,B35T020D00205433,2026-04-26,ABERTO,2026-04-26 00:00:32.069532,2026-04-26 00:04:31.886684,5,5,5,5,1.0,1.0
760017229,B35T020D00208911,2026-04-26,ABERTO,2026-04-26 00:00:03.158179,2026-04-26 00:04:03.013887,5,5,5,5,1.0,1.0
810018079,B35T020D00204237,2026-04-26,ABERTO,2026-04-26 00:00:28.49175,2026-04-26 00:04:28.458967,5,5,5,5,1.0,1.0
810007932,B5AT020D00600849,2026-04-26,ABERTO,2026-04-26 00:00:57.153635,2026-04-26 00:04:57.364216,5,5,5,5,1.0,1.0
810010215,B35T020D00206333,2026-04-26,ABERTO,2026-04-26 00:00:07.295887,2026-04-26 00:04:07.210602,5,5,5,5,1.0,1.0
810015742,B35T020D00201952,2026-04-26,ABERTO,2026-04-26 00:00:10.558688,2026-04-26 00:04:10.264618,5,5,5,5,1.0,1.0
810000117,B35T020D00200842,2026-04-26,ABERTO,2026-04-26 00:00:04.203016,2026-04-26 00:04:04.398084,5,5,5,5,1.0,1.0
810000621,B35T020D00204871,2026-04-26,ABERTO,2026-04-26 00:00:56.389945,2026-04-26 00:04:56.304538,5,5,5,5,1.0,1.0
810002812,B35T020D00203429,2026-04-26,ABERTO,2026-04-26 00:00:47.325519,2026-04-26 00:04:47.620968,5,5,5,5,1.0,1.0
810008795,B35T020D00210369,2026-04-26,ABERTO,2026-04-26 00:00:18.768835,2026-04-26 00:04:18.609203,5,5,5,5,1.0,1.0
810014059,B35T020D00203018,2026-04-26,ABERTO,2026-04-26 00:00:33.471507,2026-04-26 00:04:33.403329,5,5,5,5,1.0,1.0
810004128,B35T020D00210138,2026-04-26,ABERTO,2026-04-26 00:00:07.843566,2026-04-26 00:04:07.719987,5,5,5,5,1.0,1.0
463275298,B35T020D00206576,2026-04-26,ABERTO,2026-04-26 00:00:55.113581,2026-04-26 00:04:55.776124,5,5,5,0,0.0,1.0
810016806,B35T020D00204047,2026-04-26,ABERTO,2026-04-26 00:00:03.605334,2026-04-26 00:04:03.282465,5,5,5,5,1.0,1.0
463386699,B35T020D00202901,2026-04-26,ABERTO,2026-04-26 00:00:14.07331,2026-04-26 00:04:13.715022,5,5,5,5,1.0,1.0
810004508,B35T020D00206219,2026-04-26,ABERTO,2026-04-26 00:00:25.669236,2026-04-26 00:04:25.644778,5,5,5,5,1.0,1.0
810015858,B35T020D00210151,2026-04-26,ABERTO,2026-04-26 00:00:41.559764,2026-04-26 00:04:41.622193,5,5,5,5,1.0,1.0
463396423,B35T020D00207292,2026-04-26,ABERTO,2026-04-26 00:00:17.643858,2026-04-26 00:04:17.569719,5,5,5,5,1.0,1.0
810018149,B35T020D00209510,2026-04-26,ABERTO,2026-04-26 00:00:06.828178,2026-04-26 00:04:06.684852,5,5,5,5,1.0,1.0
810008032,B35T020D00202620,2026-04-26,ABERTO,2026-04-26 00:00:53.363158,2026-04-26 00:04:53.376711,5,5,5,5,1.0,1.0
463236507,B35T020D00202636,2026-04-26,ABERTO,2026-04-26 00:00:45.968089,2026-04-26 00:04:45.864055,5,5,5,5,1.0,1.0
465034880,B35T020D00202126,2026-04-26,ABERTO,2026-04-26 00:00:33.261119,2026-04-26 00:04:32.867722,5,5,5,5,1.0,1.0
810003781,B35T020D00205495,2026-04-26,ABERTO,2026-04-26 00:00:41.505275,2026-04-26 00:04:41.252675,5,5,5,5,1.0,1.0
810009743,B5AT020D00600243,2026-04-26,ABERTO,2026-04-26 00:00:38.944699,2026-04-26 00:04:38.498603,5,5,5,5,1.0,1.0
810003213,B35T020D00206038,2026-04-26,ABERTO,2026-04-26 00:00:38.843982,2026-04-26 00:04:38.641232,5,5,5,5,1.0,1.0
810014660,B35T020D00208778,2026-04-26,ABERTO,2026-04-26 00:00:03.863821,2026-04-26 00:04:03.939843,5,5,5,5,1.0,1.0
810003541,B35T020D00204114,2026-04-26,ABERTO,2026-04-26 00:00:04.751696,2026-04-26 00:04:04.470307,5,5,5,5,1.0,1.0
810006373,B35T020D00206681,2026-04-26,ABERTO,2026-04-26 00:00:49.598379,2026-04-26 00:04:49.705454,5,5,5,5,1.0,1.0
810011500,B35T020D00203605,2026-04-26,ABERTO,2026-04-26 00:00:03.410903,2026-04-26 00:04:03.494718,5,5,5,5,1.0,1.0
810020173,B35T020D00201037,2026-04-26,ABERTO,2026-04-26 00:00:55.188967,2026-04-26 00:04:55.525881,5,5,5,5,1.0,1.0
810001004,B35T020D00207662,2026-04-26,ABERTO,2026-04-26 00:00:11.197638,2026-04-26 00:04:11.2548,5,5,5,5,1.0,1.0
760600489,B35T020D00204253,2026-04-26,ABERTO,2026-04-26 00:00:27.832378,2026-04-26 00:04:27.677321,5,5,5,5,1.0,1.0
810020809,B35T020D00206704,2026-04-26,ABERTO,2026-04-26 00:00:32.622831,2026-04-26 00:04:32.594234,5,5,5,5,1.0,1.0
810016763,B35T020D00202931,2026-04-26,ABERTO,2026-04-26 00:00:22.656744,2026-04-26 00:04:22.65392,5,5,5,5,1.0,1.0
810004173,B35T020D00206138,2026-04-26,ABERTO,2026-04-26 00:00:57.789684,2026-04-26 00:04:58.175903,5,5,5,5,1.0,1.0
810008883,B35T020D00205731,2026-04-26,ABERTO,2026-04-26 00:00:15.858793,2026-04-26 00:04:15.871651,5,5,5,5,1.0,1.0
810004571,B35T020D00202750,2026-04-26,ABERTO,2026-04-26 00:00:35.369349,2026-04-26 00:04:35.169372,5,5,5,5,1.0,1.0
760062292,B5AT020D00600117,2026-04-26,ABERTO,2026-04-26 00:00:43.124046,2026-04-26 00:04:43.45681,5,5,5,5,1.0,1.0
810015308,B35T020D00204685,2026-04-26,ABERTO,2026-04-26 00:00:59.159028,2026-04-26 00:04:59.343977,5,5,5,5,1.0,1.0
810020085,B35T020D00205178,2026-04-26,ABERTO,2026-04-26 00:00:57.450907,2026-04-26 00:04:58.23359,5,5,5,5,1.0,1.0
810020313,B35T020D00205561,2026-04-26,ABERTO,2026-04-26 00:00:36.32955,2026-04-26 00:04:35.948948,5,5,5,5,1.0,1.0
461323292,B5AT020D00600147,2026-04-26,ABERTO,2026-04-26 00:00:15.095579,2026-04-26 00:04:14.653367,5,5,5,5,1.0,1.0
810007279,B35T020D00208976,2026-04-26,ABERTO,2026-04-26 00:00:48.255968,2026-04-26 00:04:48.609654,5,5,5,5,1.0,1.0
810011555,B35T020D00207435,2026-04-26,ABERTO,2026-04-26 00:00:36.555963,2026-04-26 00:04:36.63833,5,5,5,5,1.0,1.0
810004030,B35T020D00205866,2026-04-26,ABERTO,2026-04-26 00:00:03.979862,2026-04-26 00:04:03.778566,5,5,5,5,1.0,1.0
810019498,B35T020D00203777,2026-04-26,ABERTO,2026-04-26 00:00:12.356066,2026-04-26 00:04:12.216472,5,5,5,5,1.0,1.0
464020996,B35T020D00206331,2026-04-26,ABERTO,2026-04-26 00:00:55.76144,2026-04-26 00:00:55.76144,1,1,1,1,1.0,1.0
810005839,B35T020D00203083,2026-04-26,ABERTO,2026-04-26 00:00:17.519109,2026-04-26 00:04:17.486146,5,5,5,5,1.0,1.0
465034002,B35T020D00206818,2026-04-26,ABERTO,2026-04-26 00:00:37.042852,2026-04-26 00:04:36.868117,5,5,5,0,0.0,1.0
810011759,B5AT020D00600081,2026-04-26,ABERTO,2026-04-26 00:00:18.885876,2026-04-26 00:04:18.455281,5,5,5,5,1.0,1.0
810013843,B35T020D00206835,2026-04-26,ABERTO,2026-04-26 00:00:24.433981,2026-04-26 00:04:24.260157,5,5,5,5,1.0,1.0
2559,B35T020D00206202,2026-04-26,ABERTO,2026-04-26 00:00:59.485527,2026-04-26 00:04:59.694117,5,5,5,5,1.0,1.0
810012549,B5AT020D00600016,2026-04-26,ABERTO,2026-04-26 00:00:46.663453,2026-04-26 00:04:46.857007,5,5,5,5,1.0,1.0
810003426,B35T020D00206783,2026-04-26,ABERTO,2026-04-26 00:00:51.465376,2026-04-26 00:04:51.462954,5,5,5,5,1.0,1.0
810020410,B35T020D00207523,2026-04-26,ABERTO,2026-04-26 00:00:34.040028,2026-04-26 00:04:34.032152,5,5,5,5,1.0,1.0
810019249,B35T020D00206214,2026-04-26,ABERTO,2026-04-26 00:00:36.530575,2026-04-26 00:04:36.579085,5,5,5,5,1.0,1.0
810018680,B5AT020D00600383,2026-04-26,ABERTO,2026-04-26 00:00:26.058516,2026-04-26 00:04:25.674354,5,5,5,5,1.0,1.0
810005866,B35T020D00209401,2026-04-26,ABERTO,2026-04-26 00:00:22.319208,2026-04-26 00:04:22.373535,5,5,5,5,1.0,1.0
2684,B35T020D00203116,2026-04-26,ABERTO,2026-04-26 00:00:00.989609,2026-04-26 00:04:01.373839,5,5,5,0,0.0,1.0
810002672,B35T020D00200760,2026-04-26,ABERTO,2026-04-26 00:00:14.680243,2026-04-26 00:04:14.530726,5,5,5,5,1.0,1.0
465033948,B35T020D00200782,2026-04-26,ABERTO,2026-04-26 00:00:03.011282,2026-04-26 00:04:02.815496,5,5,5,5,1.0,1.0
810017553,B35T020D00205377,2026-04-26,ABERTO,2026-04-26 00:00:34.743848,2026-04-26 00:04:34.312302,5,5,5,5,1.0,1.0
810009956,B35T020D00203959,2026-04-26,ABERTO,2026-04-26 00:00:31.270274,2026-04-26 00:04:31.257179,5,5,5,5,1.0,1.0
810018167,B5AT020D00600373,2026-04-26,ABERTO,2026-04-26 00:00:54.79158,2026-04-26 00:04:55.177838,5,5,5,5,1.0,1.0
810004137,B35T020D00201773,2026-04-26,ABERTO,2026-04-26 00:00:58.184272,2026-04-26 00:04:58.458169,5,5,5,5,1.0,1.0
810015414,B35T020D00201399,2026-04-26,ABERTO,2026-04-26 00:00:58.146649,2026-04-26 00:04:58.565202,5,5,5,5,1.0,1.0
810018705,B35T020D00208395,2026-04-26,ABERTO,2026-04-26 00:00:41.602014,2026-04-26 00:04:41.594283,5,5,5,5,1.0,1.0
463053380,B35T020D00200854,2026-04-26,ABERTO,2026-04-26 00:00:17.79753,2026-04-26 00:04:17.653303,5,4,4,4,1.0,0.8
464020941,B35T020D00207293,2026-04-26,ABERTO,2026-04-26 00:00:33.767121,2026-04-26 00:04:33.825315,5,5,5,5,1.0,1.0
810009035,B35T020D00209036,2026-04-26,ABERTO,2026-04-26 00:00:56.355651,2026-04-26 00:04:56.775661,5,5,5,5,1.0,1.0
810014396,B5AT020D00600250,2026-04-26,ABERTO,2026-04-26 00:00:34.751649,2026-04-26 00:04:34.788774,5,5,5,5,1.0,1.0
810002070,B35T020D00205248,2026-04-26,ABERTO,2026-04-26 00:00:40.722438,2026-04-26 00:04:40.732321,5,5,5,5,1.0,1.0
810017517,B35T020D00205434,2026-04-26,ABERTO,2026-04-26 00:00:48.84466,2026-04-26 00:04:49.019573,5,5,5,5,1.0,1.0
810015210,B35T020D00201398,2026-04-26,ABERTO,2026-04-26 00:00:19.85542,2026-04-26 00:04:19.816803,5,5,5,5,1.0,1.0
810000232,B35T020D00205827,2026-04-26,ABERTO,2026-04-26 00:00:55.39269,2026-04-26 00:04:55.588535,5,5,5,5,1.0,1.0
810014800,B35T020D00201986,2026-04-26,ABERTO,2026-04-26 00:00:01.852724,2026-04-26 00:04:01.842475,5,5,5,5,1.0,1.0
810000551,B35T020D00204537,2026-04-26,ABERTO,2026-04-26 00:00:21.8115,2026-04-26 00:04:21.809303,5,5,5,5,1.0,1.0
463356067,B35T020D00210195,2026-04-26,ABERTO,2026-04-26 00:00:46.983663,2026-04-26 00:04:47.414559,5,5,5,5,1.0,1.0
2740,B5AT020D00600361,2026-04-26,ABERTO,2026-04-26 00:00:00.720304,2026-04-26 00:04:00.697338,5,5,5,5,1.0,1.0
810001606,B35T020D00202443,2026-04-26,ABERTO,2026-04-26 00:00:59.412814,2026-04-26 00:04:59.764954,5,5,5,5,1.0,1.0
810014518,B35T020D00210435,2026-04-26,ABERTO,2026-04-26 00:00:56.818482,2026-04-26 00:04:57.199539,5,5,5,5,1.0,1.0
810017304,B35T020D00210235,2026-04-26,ABERTO,2026-04-26 00:00:22.53519,2026-04-26 00:04:22.47942,5,5,5,5,1.0,1.0
810001554,B35T020D00202322,2026-04-26,ABERTO,2026-04-26 00:00:46.924508,2026-04-26 00:04:46.508376,5,4,4,3,0.75,0.8
810018307,B35T020D00204418,2026-04-26,ABERTO,2026-04-26 00:00:28.408332,2026-04-26 00:04:28.053293,5,5,5,5,1.0,1.0
810018477,B35T020D00205887,2026-04-26,ABERTO,2026-04-26 00:00:39.705981,2026-04-26 00:04:39.356384,5,5,5,5,1.0,1.0
810013959,B35T020D00208674,2026-04-26,ABERTO,2026-04-26 00:00:14.204823,2026-04-26 00:04:13.88065,5,5,5,5,1.0,1.0
463266263,B35T020D00208365,2026-04-26,ABERTO,2026-04-26 00:00:53.535117,2026-04-26 00:04:53.755165,5,5,5,5,1.0,1.0
810003709,B35T020D00206031,2026-04-26,ABERTO,2026-04-26 00:00:06.638474,2026-04-26 00:04:06.790535,5,5,5,5,1.0,1.0
463192122,B35T020D00205965,2026-04-26,ABERTO,2026-04-26 00:00:36.522347,2026-04-26 00:04:35.985326,5,5,5,5,1.0,1.0
463192159,B35T020D00207972,2026-04-26,ABERTO,2026-04-26 00:00:01.662901,2026-04-26 00:04:01.446923,5,5,5,5,1.0,1.0
463394551,B35T020D00200875,2026-04-26,ABERTO,2026-04-26 00:00:53.962556,2026-04-26 00:04:54.183405,5,5,5,5,1.0,1.0
810001262,B35T020D00206521,2026-04-26,ABERTO,2026-04-26 00:00:25.908216,2026-04-26 00:04:25.854274,5,5,5,5,1.0,1.0
810004605,B35T020D00201175,2026-04-26,ABERTO,2026-04-26 00:00:33.142113,2026-04-26 00:04:32.966925,5,5,5,5,1.0,1.0
810009804,B35T020D00202096,2026-04-26,ABERTO,2026-04-26 00:00:41.511912,2026-04-26 00:04:41.462013,5,5,5,5,1.0,1.0
810019911,B35T020D00205988,2026-04-26,ABERTO,2026-04-26 00:00:28.764689,2026-04-26 00:04:28.361457,5,5,5,5,1.0,1.0
463053140,B35T020D00201737,2026-04-26,ABERTO,2026-04-26 00:00:22.619886,2026-04-26 00:04:22.284951,5,5,5,5,1.0,1.0
810012716,B35T020D00208861,2026-04-26,ABERTO,2026-04-26 00:00:41.355659,2026-04-26 00:04:41.226833,5,5,5,5,1.0,1.0
810004049,B35T020D00205302,2026-04-26,ABERTO,2026-04-26 00:00:55.650341,2026-04-26 00:04:55.995428,5,5,5,0,0.0,1.0
810000986,B35T020D00207660,2026-04-26,ABERTO,2026-04-26 00:00:03.973426,2026-04-26 00:04:04.136187,5,5,5,5,1.0,1.0
810017270,B35T020D00203925,2026-04-26,ABERTO,2026-04-26 00:00:52.714657,2026-04-26 00:04:53.154304,5,5,5,5,1.0,1.0
810017818,B35T020D00205365,2026-04-26,ABERTO,2026-04-26 00:00:34.389617,2026-04-26 00:04:34.217074,5,5,5,5,1.0,1.0
810019115,B5AT020D00600239,2026-04-26,ABERTO,2026-04-26 00:00:29.936886,2026-04-26 00:04:29.985359,5,5,5,5,1.0,1.0
810010154,B35T020D00203616,2026-04-26,ABERTO,2026-04-26 00:00:21.091008,2026-04-26 00:04:21.039577,5,5,5,5,1.0,1.0
810012017,B35T020D00205045,2026-04-26,ABERTO,2026-04-26 00:00:22.232144,2026-04-26 00:04:22.093225,5,5,5,5,1.0,1.0
810015487,B35T020D00203770,2026-04-26,ABERTO,2026-04-26 00:00:06.833685,2026-04-26 00:04:06.471974,5,5,5,5,1.0,1.0
810018750,B35T020D00204130,2026-04-26,ABERTO,2026-04-26 00:00:40.289803,2026-04-26 00:04:39.763028,5,5,5,5,1.0,1.0
810004915,B35T020D00202385,2026-04-26,ABERTO,2026-04-26 00:01:54.634779,2026-04-26 00:03:51.002384,3,3,4,4,1.0,1.0
810001299,B35T020D00210197,2026-04-26,ABERTO,2026-04-26 00:00:59.611982,2026-04-26 00:04:59.647445,5,5,5,5,1.0,1.0
463675948,B35T020D00202433,2026-04-26,ABERTO,2026-04-26 00:00:09.736249,2026-04-26 00:04:09.324099,5,5,5,5,1.0,1.0
810001439,B35T020D00202449,2026-04-26,ABERTO,2026-04-26 00:00:59.019437,2026-04-26 00:04:59.015149,5,5,5,5,1.0,1.0
810006674,B35T020D00202996,2026-04-26,ABERTO,2026-04-26 00:00:00.711678,2026-04-26 00:04:00.828277,5,5,5,5,1.0,1.0
810001350,B35T020D00208792,2026-04-26,ABERTO,2026-04-26 00:00:32.622292,2026-04-26 00:04:32.234207,5,5,5,5,1.0,1.0
810005459,B35T020D00208431,2026-04-26,ABERTO,2026-04-26 00:00:58.253128,2026-04-26 00:04:58.658991,5,5,5,5,1.0,1.0
810003286,B35T020D00204005,2026-04-26,ABERTO,2026-04-26 00:00:54.112655,2026-04-26 00:04:54.491624,5,5,5,5,1.0,1.0
2602,B35T020D00202155,2026-04-26,ABERTO,2026-04-26 00:00:42.04593,2026-04-26 00:04:42.317422,5,5,5,5,1.0,1.0
810005981,B35T020D00201160,2026-04-26,ABERTO,2026-04-26 00:00:16.801623,2026-04-26 00:04:16.731719,5,5,5,5,1.0,1.0
810020623,B35T020D00207406,2026-04-26,ABERTO,2026-04-26 00:00:41.337716,2026-04-26 00:04:41.230603,5,5,5,5,1.0,1.0
810004942,B35T020D00203862,2026-04-26,ABERTO,2026-04-26 00:00:29.341704,2026-04-26 00:04:29.114816,5,5,5,5,1.0,1.0
463356517,B35T020D00203485,2026-04-26,ABERTO,2026-04-26 00:00:15.066253,2026-04-26 00:04:14.742012,5,5,5,5,1.0,1.0
463265455,B35T020D00204327,2026-04-26,ABERTO,2026-04-26 00:00:35.856644,2026-04-26 00:04:35.66774,5,5,5,5,1.0,1.0
810017128,B35T020D00208421,2026-04-26,ABERTO,2026-04-26 00:00:15.139818,2026-04-26 00:04:15.046631,5,5,5,5,1.0,1.0
810010969,B35T020D00210154,2026-04-26,ABERTO,2026-04-26 00:00:50.851886,2026-04-26 00:04:50.963903,5,5,5,5,1.0,1.0
810003815,B35T020D00206569,2026-04-26,ABERTO,2026-04-26 00:00:31.404062,2026-04-26 00:04:31.384895,5,5,5,5,1.0,1.0
810002344,B35T020D00205379,2026-04-26,ABERTO,2026-04-26 00:00:33.36978,2026-04-26 00:04:33.310875,5,5,5,5,1.0,1.0
810002779,B35T020D00201486,2026-04-26,ABERTO,2026-04-26 00:00:16.054066,2026-04-26 00:04:15.816859,5,5,5,5,1.0,1.0
810001794,B35T020D00210396,2026-04-26,ABERTO,2026-04-26 00:00:42.248635,2026-04-26 00:04:42.245007,5,5,5,5,1.0,1.0
810006966,B35T020D00206276,2026-04-26,ABERTO,2026-04-26 00:00:05.537378,2026-04-26 00:04:05.480296,5,5,5,5,1.0,1.0
810002478,B35T020D00206413,2026-04-26,ABERTO,2026-04-26 00:00:04.292096,2026-04-26 00:04:04.06988,5,5,5,5,1.0,1.0
810012105,B35T020D00207724,2026-04-26,ABERTO,2026-04-26 00:00:27.332049,2026-04-26 00:04:27.329084,5,5,5,5,1.0,1.0
463264601,B35T020D00208857,2026-04-26,ABERTO,2026-04-26 00:00:28.007737,2026-04-26 00:04:27.699913,5,5,5,5,1.0,1.0
760066407,B35T020D00201286,2026-04-26,ABERTO,2026-04-26 00:00:36.398434,2026-04-26 00:04:36.335021,5,5,5,5,1.0,1.0
810007358,B35T020D00204642,2026-04-26,ABERTO,2026-04-26 00:00:52.830703,2026-04-26 00:04:52.983612,5,5,5,5,1.0,1.0
810018389,B35T020D00204068,2026-04-26,ABERTO,2026-04-26 00:00:44.516846,2026-04-26 00:04:44.697628,5,5,5,5,1.0,1.0
810008838,B5AT020D00600206,2026-04-26,ABERTO,2026-04-26 00:00:41.857257,2026-04-26 00:04:41.64466,5,5,5,5,1.0,1.0
810017137,B5AT020D00600574,2026-04-26,ABERTO,2026-04-26 00:00:17.418254,2026-04-26 00:04:17.421747,5,5,5,5,1.0,1.0
810016383,B35T020D00202070,2026-04-26,ABERTO,2026-04-26 00:00:00.654991,2026-04-26 00:04:00.459003,5,5,5,5,1.0,1.0
810015946,B35T020D00205963,2026-04-26,ABERTO,2026-04-26 00:00:18.436097,2026-04-26 00:04:18.031927,5,5,5,5,1.0,1.0
810009965,B35T020D00210382,2026-04-26,ABERTO,2026-04-26 00:00:22.285423,2026-04-26 00:04:21.92022,5,5,5,5,1.0,1.0
810019966,B35T020D00203096,2026-04-26,ABERTO,2026-04-26 00:00:43.164783,2026-04-26 00:04:43.337691,5,5,5,5,1.0,1.0
810020872,B5AT020D00600280,2026-04-26,ABERTO,2026-04-26 00:00:56.013548,2026-04-26 00:04:55.990185,5,5,5,5,1.0,1.0
810003903,B5AT020D00600263,2026-04-26,ABERTO,2026-04-26 00:00:15.987977,2026-04-26 00:04:15.786976,5,5,5,5,1.0,1.0
810015681,B35T020D00204046,2026-04-26,ABERTO,2026-04-26 00:00:51.516976,2026-04-26 00:04:51.526641,5,5,5,5,1.0,1.0
810003444,B35T020D00201179,2026-04-26,ABERTO,2026-04-26 00:00:18.530454,2026-04-26 00:04:18.462034,5,5,5,5,1.0,1.0
810013278,B35T020D00205648,2026-04-26,ABERTO,2026-04-26 00:00:41.794289,2026-04-26 00:04:41.990459,5,5,5,5,1.0,1.0
810002201,B35T020D00204869,2026-04-26,ABERTO,2026-04-26 00:00:29.131333,2026-04-26 00:04:28.956686,5,5,5,5,1.0,1.0
810013728,B35T020D00204625,2026-04-26,ABERTO,2026-04-26 00:00:03.600805,2026-04-26 00:04:02.730545,5,5,5,5,1.0,1.0
810018200,B35T020D00206254,2026-04-26,ABERTO,2026-04-26 00:00:49.059131,2026-04-26 00:04:49.330615,5,5,5,5,1.0,1.0
810021042,B5AT020D00600393,2026-04-26,ABERTO,2026-04-26 00:00:47.065939,2026-04-26 00:04:47.20344,5,5,5,5,1.0,1.0
463325007,B35T020D00209607,2026-04-26,ABERTO,2026-04-26 00:00:30.829542,2026-04-26 00:04:30.720298,5,5,5,5,1.0,1.0
810004951,B35T020D00207663,2026-04-26,ABERTO,2026-04-26 00:00:56.361128,2026-04-26 00:04:56.459227,5,5,5,5,1.0,1.0
810015140,B35T020D00202565,2026-04-26,ABERTO,2026-04-26 00:00:40.288859,2026-04-26 00:04:39.921794,5,5,5,5,1.0,1.0
463265783,B35T020D00202438,2026-04-26,ABERTO,2026-04-26 00:00:45.251245,2026-04-26 00:04:45.629544,5,5,5,5,1.0,1.0
2600,B35T020D00203220,2026-04-26,ABERTO,2026-04-26 00:00:05.903286,2026-04-26 00:04:05.713644,5,5,5,5,1.0,1.0
810017544,B5AT020D00600172,2026-04-26,ABERTO,2026-04-26 00:00:18.738154,2026-04-26 00:04:18.468481,5,5,5,5,1.0,1.0
810006036,B35T020D00204854,2026-04-26,ABERTO,2026-04-26 00:00:57.630672,2026-04-26 00:04:57.637406,5,5,5,5,1.0,1.0
810014785,B35T020D00206109,2026-04-26,ABERTO,2026-04-26 00:00:49.602119,2026-04-26 00:04:49.990979,5,5,5,0,0.0,1.0
810018820,B35T020D00206259,2026-04-26,ABERTO,2026-04-26 00:00:01.549077,2026-04-26 00:04:01.407149,5,5,5,5,1.0,1.0
464056465,B35T020D00208140,2026-04-26,ABERTO,2026-04-26 00:00:50.75717,2026-04-26 00:04:50.941031,5,5,5,5,1.0,1.0
810018778,B35T020D00202685,2026-04-26,ABERTO,2026-04-26 00:00:13.226455,2026-04-26 00:04:13.07225,5,5,5,5,1.0,1.0
810006771,B35T020D00202723,2026-04-26,ABERTO,2026-04-26 00:00:00.095866,2026-04-26 00:04:00.192138,5,5,5,5,1.0,1.0
810019674,B35T020D00204226,2026-04-26,ABERTO,2026-04-26 00:00:30.992538,2026-04-26 00:04:30.82319,5,5,5,5,1.0,1.0
760051234,B5AT020D00600075,2026-04-26,ABERTO,2026-04-26 00:00:06.959299,2026-04-26 00:04:06.534152,5,5,5,5,1.0,1.0
810018723,B35T020D00202305,2026-04-26,ABERTO,2026-04-26 00:00:06.410143,2026-04-26 00:04:06.066287,5,5,5,5,1.0,1.0
810001907,B35T020D00205283,2026-04-26,ABERTO,2026-04-26 00:00:50.65227,2026-04-26 00:04:50.830853,5,5,5,5,1.0,1.0
810008254,B35T020D00208504,2026-04-26,ABERTO,2026-04-26 00:00:25.897722,2026-04-26 00:04:25.755123,5,5,5,5,1.0,1.0
810014420,B35T020D00206341,2026-04-26,ABERTO,2026-04-26 00:00:11.145986,2026-04-26 00:04:10.7613,5,5,5,5,1.0,1.0
810002724,B35T020D00203246,2026-04-26,ABERTO,2026-04-26 00:00:09.961614,2026-04-26 00:04:10.055669,5,5,5,5,1.0,1.0
463625934,B35T020D00202721,2026-04-26,ABERTO,2026-04-26 00:00:21.937602,2026-04-26 00:04:21.636226,5,5,5,5,1.0,1.0
810014712,B35T020D00207491,2026-04-26,ABERTO,2026-04-26 00:00:09.530382,2026-04-26 00:04:09.517548,5,5,5,5,1.0,1.0
810012521,B35T020D00208990,2026-04-26,ABERTO,2026-04-26 00:00:52.086873,2026-04-26 00:04:52.112192,5,5,5,5,1.0,1.0
810019638,B35T020D00201595,2026-04-26,ABERTO,2026-04-26 00:00:38.730047,2026-04-26 00:04:38.750487,5,5,5,5,1.0,1.0
810015955,B35T020D00203221,2026-04-26,ABERTO,2026-04-26 00:00:10.288008,2026-04-26 00:04:10.272775,5,5,5,5,1.0,1.0
810011324,B35T020D00202932,2026-04-26,ABERTO,2026-04-26 00:00:50.471296,2026-04-26 00:04:50.621134,5,5,5,5,1.0,1.0
810016639,B35T020D00201776,2026-04-26,ABERTO,2026-04-26 00:00:08.079517,2026-04-26 00:04:07.850376,5,5,5,5,1.0,1.0
463386787,B35T020D00203779,2026-04-26,ABERTO,2026-04-26 00:00:23.505865,2026-04-26 00:04:23.19604,5,5,5,5,1.0,1.0
810013834,B35T020D00203861,2026-04-26,ABERTO,2026-04-26 00:00:09.208236,2026-04-26 00:04:09.154276,5,5,5,5,1.0,1.0
810010002,B35T020D00200819,2026-04-26,ABERTO,2026-04-26 00:00:00.19247,2026-04-26 00:03:59.822965,4,4,5,5,1.0,1.0
810012220,B35T020D00206280,2026-04-26,ABERTO,2026-04-26 00:00:00.465938,2026-04-26 00:04:00.568643,5,5,5,5,1.0,1.0
810002557,B35T020D00200723,2026-04-26,ABERTO,2026-04-26 00:00:40.236387,2026-04-26 00:04:40.218504,5,5,5,5,1.0,1.0
810006027,B35T020D00205280,2026-04-26,ABERTO,2026-04-26 00:00:00.179378,2026-04-26 00:04:59.998577,5,5,6,6,1.0,1.0
463625606,B35T020D00204623,2026-04-26,ABERTO,2026-04-26 00:00:13.250371,2026-04-26 00:04:13.45844,5,4,4,4,1.0,0.8
810010747,B35T020D00210043,2026-04-26,ABERTO,2026-04-26 00:00:38.321667,2026-04-26 00:04:38.297604,5,5,5,5,1.0,1.0
810012354,B35T020D00207127,2026-04-26,ABERTO,2026-04-26 00:00:14.985831,2026-04-26 00:04:14.755698,5,5,5,5,1.0,1.0
810005097,B35T020D00206275,2026-04-26,ABERTO,2026-04-26 00:00:27.908734,2026-04-26 00:04:27.870907,5,5,5,5,1.0,1.0
810017508,B35T020D00206491,2026-04-26,ABERTO,2026-04-26 00:00:28.781353,2026-04-26 00:04:28.616447,5,5,5,5,1.0,1.0
810006601,B35T020D00208751,2026-04-26,ABERTO,2026-04-26 00:00:10.990085,2026-04-26 00:04:10.646463,5,5,5,5,1.0,1.0
463180073,B35T020D00209239,2026-04-26,ABERTO,2026-04-26 00:00:42.570232,2026-04-26 00:04:42.263494,5,5,5,5,1.0,1.0
810014101,B35T020D00205432,2026-04-26,ABERTO,2026-04-26 00:00:20.756344,2026-04-26 00:04:20.698745,5,5,5,5,1.0,1.0
810003745,B35T020D00207289,2026-04-26,ABERTO,2026-04-26 00:00:29.945113,2026-04-26 00:04:29.886475,5,5,5,5,1.0,1.0
810003967,B35T020D00210037,2026-04-26,ABERTO,2026-04-26 00:00:38.824493,2026-04-26 00:04:38.43635,5,5,5,5,1.0,1.0
810019054,B35T020D00204503,2026-04-26,ABERTO,2026-04-26 00:00:35.234791,2026-04-26 00:04:35.146618,5,5,5,5,1.0,1.0
810001466,B35T020D00204522,2026-04-26,ABERTO,2026-04-26 00:00:30.511683,2026-04-26 00:04:30.185503,5,5,5,5,1.0,1.0
810004155,B35T020D00206438,2026-04-26,ABERTO,2026-04-26 00:00:14.919925,2026-04-26 00:04:14.547569,5,5,5,5,1.0,1.0
810015089,B35T020D00204899,2026-04-26,ABERTO,2026-04-26 00:00:29.339481,2026-04-26 00:04:29.390477,5,5,5,5,1.0,1.0
810005723,B35T020D00201300,2026-04-26,ABERTO,2026-04-26 00:00:14.861937,2026-04-26 00:04:14.931217,5,5,5,5,1.0,1.0
810002919,B35T020D00206560,2026-04-26,ABERTO,2026-04-26 00:00:15.259824,2026-04-26 00:04:15.138386,5,5,5,5,1.0,1.0
810000940,B35T020D00210196,2026-04-26,ABERTO,2026-04-26 00:00:38.746273,2026-04-26 00:04:38.313801,5,5,5,5,1.0,1.0
810018547,B35T020D00201296,2026-04-26,ABERTO,2026-04-26 00:00:36.698776,2026-04-26 00:04:36.53717,5,5,5,5,1.0,1.0
810001192,B35T020D00202884,2026-04-26,ABERTO,2026-04-26 00:00:54.130036,2026-04-26 00:04:54.461431,5,5,5,5,1.0,1.0
810000490,B35T020D00209314,2026-04-26,ABERTO,2026-04-26 00:00:26.59139,2026-04-26 00:04:26.180502,5,4,4,4,1.0,0.8
810016994,B35T020D00204766,2026-04-26,ABERTO,2026-04-26 00:00:04.64846,2026-04-26 00:04:04.436531,5,5,5,5,1.0,1.0
810008591,B35T020D00209535,2026-04-26,ABERTO,2026-04-26 00:00:36.368827,2026-04-26 00:04:36.596675,5,5,5,5,1.0,1.0
810014855,B35T020D00204660,2026-04-26,ABERTO,2026-04-26 00:00:47.918394,2026-04-26 00:04:48.037624,5,5,5,5,1.0,1.0
810008111,B35T020D00205900,2026-04-26,ABERTO,2026-04-26 00:00:46.343263,2026-04-26 00:04:46.09133,5,5,5,5,1.0,1.0
760054701,B35T020D00206033,2026-04-26,ABERTO,2026-04-26 00:00:07.82646,2026-04-26 00:04:07.980968,5,5,5,5,1.0,1.0
810009600,B35T020D00205977,2026-04-26,ABERTO,2026-04-26 00:00:37.532098,2026-04-26 00:04:37.143286,5,5,5,5,1.0,1.0
810002496,B35T020D00201445,2026-04-26,ABERTO,2026-04-26 00:00:28.64615,2026-04-26 00:04:28.598727,5,5,5,5,1.0,1.0
810004845,B35T020D00209421,2026-04-26,ABERTO,2026-04-26 00:00:07.886797,2026-04-26 00:04:07.770501,5,5,5,5,1.0,1.0
810014086,B35T020D00203765,2026-04-26,ABERTO,2026-04-26 00:00:35.022123,2026-04-26 00:04:34.838045,5,5,5,5,1.0,1.0
810002593,B35T020D00205909,2026-04-26,ABERTO,2026-04-26 00:00:54.138586,2026-04-26 00:04:54.30312,5,5,5,5,1.0,1.0
463675823,B35T020D00204434,2026-04-26,ABERTO,2026-04-26 00:00:29.758588,2026-04-26 00:04:29.569858,5,5,5,5,1.0,1.0
810002414,B35T020D00210402,2026-04-26,ABERTO,2026-04-26 00:00:25.492593,2026-04-26 00:04:25.31564,5,5,5,5,1.0,1.0
810001563,B35T020D00207458,2026-04-26,ABERTO,2026-04-26 00:00:29.394968,2026-04-26 00:04:29.040447,5,5,5,5,1.0,1.0
810018538,B35T020D00205852,2026-04-26,ABERTO,2026-04-26 00:00:04.554754,2026-04-26 00:04:04.598987,5,5,5,5,1.0,1.0
810004711,B35T020D00204351,2026-04-26,ABERTO,2026-04-26 00:00:56.532674,2026-04-26 00:04:56.76016,5,5,5,5,1.0,1.0
810005565,B35T020D00206836,2026-04-26,ABERTO,2026-04-26 00:00:54.679721,2026-04-26 00:04:54.977934,5,5,5,5,1.0,1.0
810015733,B35T020D00204024,2026-04-26,ABERTO,2026-04-26 00:00:33.216163,2026-04-26 00:04:33.123445,5,5,5,5,1.0,1.0
760020991,B5AT020D00600999,2026-04-26,ABERTO,2026-04-26 00:00:48.437439,2026-04-26 00:04:48.611527,5,5,5,5,1.0,1.0
810013311,B35T020D00208467,2026-04-26,ABERTO,2026-04-26 00:00:30.035973,2026-04-26 00:04:29.863645,5,5,5,5,1.0,1.0
810019188,B5AT020D00600532,2026-04-26,ABERTO,2026-04-26 00:00:54.822905,2026-04-26 00:04:55.210265,5,5,5,5,1.0,1.0
810019319,B35T020D00206298,2026-04-26,ABERTO,2026-04-26 00:00:34.100528,2026-04-26 00:04:34.186446,5,5,5,5,1.0,1.0
810004401,B35T020D00200708,2026-04-26,ABERTO,2026-04-26 00:00:03.391129,2026-04-26 00:04:03.206115,5,5,5,5,1.0,1.0
463030468,B35T020D00205102,2026-04-26,ABERTO,2026-04-26 00:00:00.801794,2026-04-26 00:04:00.774673,5,5,5,5,1.0,1.0
810001536,B35T020D00202795,2026-04-26,ABERTO,2026-04-26 00:00:42.80316,2026-04-26 00:04:43.183498,5,5,5,5,1.0,1.0
810001280,B35T020D00205515,2026-04-26,ABERTO,2026-04-26 00:00:11.556456,2026-04-26 00:04:11.378626,5,5,5,5,1.0,1.0
463194906,B35T020D00209231,2026-04-26,ABERTO,2026-04-26 00:00:05.600283,2026-04-26 00:04:05.226926,5,5,5,5,1.0,1.0
810006814,B35T020D00206675,2026-04-26,ABERTO,2026-04-26 00:00:24.56264,2026-04-26 00:04:24.50749,5,5,5,5,1.0,1.0
810005769,B35T020D00206277,2026-04-26,ABERTO,2026-04-26 00:00:19.891565,2026-04-26 00:04:19.778837,5,5,5,5,1.0,1.0
810018325,B35T020D00202453,2026-04-26,ABERTO,2026-04-26 00:00:08.858235,2026-04-26 00:04:08.802348,5,5,5,5,1.0,1.0
810010093,B35T020D00206388,2026-04-26,ABERTO,2026-04-26 00:00:46.151459,2026-04-26 00:04:46.121426,5,5,5,5,1.0,1.0
463264911,B35T020D00208816,2026-04-26,ABERTO,2026-04-26 00:00:49.172898,2026-04-26 00:04:49.547107,5,5,5,5,1.0,1.0
810009178,B35T020D00204608,2026-04-26,ABERTO,2026-04-26 00:00:45.133305,2026-04-26 00:04:45.129197,5,5,5,5,1.0,1.0
810007233,B35T020D00203996,2026-04-26,ABERTO,2026-04-26 00:00:12.441789,2026-04-26 00:04:12.159896,5,5,5,5,1.0,1.0
810002113,B35T020D00204887,2026-04-26,ABERTO,2026-04-26 00:00:24.259042,2026-04-26 00:04:24.262876,5,5,5,5,1.0,1.0
810004933,B35T020D00207640,2026-04-26,ABERTO,2026-04-26 00:00:36.106668,2026-04-26 00:04:35.919591,5,5,5,5,1.0,1.0
810015025,B35T020D00202881,2026-04-26,ABERTO,2026-04-26 00:00:35.592394,2026-04-26 00:04:35.390492,5,5,5,5,1.0,1.0
810004252,B5AT020D00600609,2026-04-26,ABERTO,2026-04-26 00:00:54.568222,2026-04-26 00:04:54.964892,5,5,5,5,1.0,1.0
810006276,B35T020D00201401,2026-04-26,ABERTO,2026-04-26 00:00:38.110285,2026-04-26 00:04:38.328408,5,4,4,4,1.0,0.8
810011078,B35T020D00206039,2026-04-26,ABERTO,2026-04-26 00:00:47.71011,2026-04-26 00:04:47.805362,5,5,5,5,1.0,1.0
810019160,B35T020D00206224,2026-04-26,ABERTO,2026-04-26 00:00:23.434261,2026-04-26 00:04:23.054779,5,5,5,5,1.0,1.0
810019799,B35T020D00207185,2026-04-26,ABERTO,2026-04-26 00:00:36.056934,2026-04-26 00:04:35.670032,5,5,5,5,1.0,1.0
810004207,B35T020D00205800,2026-04-26,ABERTO,2026-04-26 00:00:04.99066,2026-04-26 00:04:04.79469,5,5,5,5,1.0,1.0
463386802,B35T020D00208142,2026-04-26,ABERTO,2026-04-26 00:00:05.666829,2026-04-26 00:04:05.673211,5,5,5,5,1.0,1.0
810007048,B35T020D00209256,2026-04-26,ABERTO,2026-04-26 00:00:00.024044,2026-04-26 00:03:59.929682,4,4,5,5,1.0,1.0
810005893,B35T020D00201966,2026-04-26,ABERTO,2026-04-26 00:00:04.705501,2026-04-26 00:04:04.331381,5,5,5,5,1.0,1.0
810000445,B35T020D00202826,2026-04-26,ABERTO,2026-04-26 00:00:58.499711,2026-04-26 00:04:58.446246,5,5,5,5,1.0,1.0
760016077,B5AT020D00600007,2026-04-26,ABERTO,2026-04-26 00:00:11.541519,2026-04-26 00:04:11.51692,5,5,5,5,1.0,1.0
810009886,B35T020D00208141,2026-04-26,ABERTO,2026-04-26 00:00:03.577629,2026-04-26 00:04:03.437767,5,5,5,5,1.0,1.0
810014891,B35T020D00203418,2026-04-26,ABERTO,2026-04-26 00:00:17.686724,2026-04-26 00:04:17.286546,5,5,5,5,1.0,1.0
810017906,B35T020D00201435,2026-04-26,ABERTO,2026-04-26 00:00:06.367799,2026-04-26 00:04:05.927389,5,5,5,5,1.0,1.0
760600072,B35T020D00201980,2026-04-26,ABERTO,2026-04-26 00:00:48.158096,2026-04-26 00:04:48.152315,5,5,5,5,1.0,1.0
810019841,B35T020D00206050,2026-04-26,ABERTO,2026-04-26 00:00:35.319637,2026-04-26 00:04:34.836403,5,5,5,5,1.0,1.0
810001022,B35T020D00208464,2026-04-26,ABERTO,2026-04-26 00:00:49.002197,2026-04-26 00:04:48.983437,5,5,5,5,1.0,1.0
810003240,B35T020D00205242,2026-04-26,ABERTO,2026-04-26 00:00:08.269159,2026-04-26 00:04:07.564146,5,5,5,5,1.0,1.0
810010941,B35T020D00208818,2026-04-26,ABERTO,2026-04-26 00:00:03.237,2026-04-26 00:04:03.645478,5,5,5,5,1.0,1.0
810018857,B5AT020D00600479,2026-04-26,ABERTO,2026-04-26 00:00:31.689695,2026-04-26 00:04:31.663906,5,5,5,5,1.0,1.0
810010349,B35T020D00205354,2026-04-26,ABERTO,2026-04-26 00:00:53.22937,2026-04-26 00:04:53.426852,5,5,5,5,1.0,1.0
810018893,B35T020D00208398,2026-04-26,ABERTO,2026-04-26 00:00:42.586573,2026-04-26 00:04:42.629826,5,5,5,5,1.0,1.0
463625925,B35T020D00200909,2026-04-26,ABERTO,2026-04-26 00:00:46.697888,2026-04-26 00:04:46.827978,5,5,5,0,0.0,1.0
810013986,B35T020D00207288,2026-04-26,ABERTO,2026-04-26 00:00:56.451097,2026-04-26 00:04:56.604001,5,5,5,5,1.0,1.0
810003408,B5AT020D00600240,2026-04-26,ABERTO,2026-04-26 00:00:46.406468,2026-04-26 00:04:46.598694,5,5,5,5,1.0,1.0
810017766,B35T020D00207907,2026-04-26,ABERTO,2026-04-26 00:00:43.973666,2026-04-26 00:04:44.379452,5,5,5,5,1.0,1.0
810000278,B35T020D00205453,2026-04-26,ABERTO,2026-04-26 00:00:14.582195,2026-04-26 00:04:14.494618,5,5,5,5,1.0,1.0
463625615,B35T020D00201408,2026-04-26,ABERTO,2026-04-26 00:00:02.87818,2026-04-26 00:04:02.683962,5,5,5,5,1.0,1.0
810000241,B35T020D00201059,2026-04-26,ABERTO,2026-04-26 00:00:23.41607,2026-04-26 00:04:23.269836,5,5,5,5,1.0,1.0
810003453,B35T020D00204487,2026-04-26,ABERTO,2026-04-26 00:00:47.569951,2026-04-26 00:04:47.519643,5,5,5,5,1.0,1.0
463314775,B35T020D00206644,2026-04-26,ABERTO,2026-04-26 00:00:04.103375,2026-04-26 00:04:03.708096,5,5,5,5,1.0,1.0
810002469,B35T020D00209606,2026-04-26,ABERTO,2026-04-26 00:00:38.509451,2026-04-26 00:04:38.4542,5,5,5,5,1.0,1.0
810001129,B35T020D00209038,2026-04-26,ABERTO,2026-04-26 00:00:03.941072,2026-04-26 00:04:03.550619,5,5,5,5,1.0,1.0
463053894,B5AT020D00600465,2026-04-26,ABERTO,2026-04-26 00:00:21.649501,2026-04-26 00:04:21.59158,5,5,5,5,1.0,1.0
463071933,B35T020D00203230,2026-04-26,ABERTO,2026-04-26 00:00:19.974988,2026-04-26 00:04:19.779599,5,5,5,5,1.0,1.0
810016675,B35T020D00205753,2026-04-26,ABERTO,2026-04-26 00:00:35.017886,2026-04-26 00:04:34.972016,5,5,5,5,1.0,1.0
463275793,B35T020D00202752,2026-04-26,ABERTO,2026-04-26 00:00:03.515329,2026-04-26 00:04:03.417278,5,5,5,5,1.0,1.0
810003879,B35T020D00202371,2026-04-26,ABERTO,2026-04-26 00:00:34.071236,2026-04-26 00:04:34.027165,5,5,5,5,1.0,1.0
810012664,B35T020D00205472,2026-04-26,ABERTO,2026-04-26 00:00:28.231238,2026-04-26 00:04:28.204967,5,5,5,5,1.0,1.0
810002308,B35T020D00206092,2026-04-26,ABERTO,2026-04-26 00:00:36.375157,2026-04-26 00:04:36.228486,5,5,5,5,1.0,1.0
810003684,B35T020D00210141,2026-04-26,ABERTO,2026-04-26 00:00:10.095106,2026-04-26 00:04:10.031904,5,5,5,5,1.0,1.0
810010288,B35T020D00208190,2026-04-26,ABERTO,2026-04-26 00:00:37.208011,2026-04-26 00:04:37.065446,5,5,5,5,1.0,1.0
810001961,B35T020D00205832,2026-04-26,ABERTO,2026-04-26 00:00:39.767433,2026-04-26 00:04:39.54487,5,5,5,5,1.0,1.0
810016365,B35T020D00210236,2026-04-26,ABERTO,2026-04-26 00:00:24.679219,2026-04-26 00:04:25.066485,5,5,5,5,1.0,1.0
810014961,B35T020D00207566,2026-04-26,ABERTO,2026-04-26 00:00:50.33503,2026-04-26 00:04:50.694104,5,5,5,5,1.0,1.0
810019203,B5AT020D00600976,2026-04-26,ABERTO,2026-04-26 00:00:52.913558,2026-04-26 00:04:53.011043,5,5,5,5,1.0,1.0
810012424,B35T020D00207462,2026-04-26,ABERTO,2026-04-26 00:00:10.203933,2026-04-26 00:04:09.939104,5,5,5,5,1.0,1.0
810011528,B35T020D00210704,2026-04-26,ABERTO,2026-04-26 00:00:54.367859,2026-04-26 00:04:54.706453,5,5,5,5,1.0,1.0
810004818,B35T020D00205082,2026-04-26,ABERTO,2026-04-26 00:00:32.954304,2026-04-26 00:04:32.728186,5,5,5,5,1.0,1.0
810009044,B35T020D00206538,2026-04-26,ABERTO,2026-04-26 00:00:42.960591,2026-04-26 00:04:42.989932,5,5,5,5,1.0,1.0
760045970,B35T020D00208910,2026-04-26,ABERTO,2026-04-26 00:00:17.616283,2026-04-26 00:04:17.690084,5,5,5,5,1.0,1.0
810001916,B35T020D00206026,2026-04-26,ABERTO,2026-04-26 00:00:35.327425,2026-04-26 00:04:35.495413,5,5,5,5,1.0,1.0
810017094,B35T020D00204021,2026-04-26,ABERTO,2026-04-26 00:00:42.596579,2026-04-26 00:04:42.755356,5,5,5,5,1.0,1.0
810020960,B35T020D00200598,2026-04-26,ABERTO,2026-04-26 00:00:16.358376,2026-04-26 00:04:16.265088,5,5,5,5,1.0,1.0
810020614,B35T020D00205771,2026-04-26,ABERTO,2026-04-26 00:00:25.536521,2026-04-26 00:04:25.521326,5,5,5,5,1.0,1.0
810001776,B35T020D00209528,2026-04-26,ABERTO,2026-04-26 00:00:37.335127,2026-04-26 00:04:36.997871,5,5,5,5,1.0,1.0
810002104,B35T020D00200774,2026-04-26,ABERTO,2026-04-26 00:00:51.419221,2026-04-26 00:04:51.399246,5,5,5,5,1.0,1.0
810003897,B35T020D00207603,2026-04-26,ABERTO,2026-04-26 00:00:01.900475,2026-04-26 00:04:02.070876,5,5,5,5,1.0,1.0
810013180,B35T020D00202015,2026-04-26,ABERTO,2026-04-26 00:00:28.087163,2026-04-26 00:04:27.771427,5,5,5,5,1.0,1.0
810004410,B35T020D00207161,2026-04-26,ABERTO,2026-04-26 00:00:30.581096,2026-04-26 00:04:30.367063,5,5,5,5,1.0,1.0
810018398,B35T020D00205026,2026-04-26,ABERTO,2026-04-26 00:00:14.311316,2026-04-26 00:04:14.312492,5,5,5,0,0.0,1.0
810013658,B35T020D00205580,2026-04-26,ABERTO,2026-04-26 00:00:26.94214,2026-04-26 00:04:26.767032,5,5,5,5,1.0,1.0
463676145,B35T020D00202118,2026-04-26,ABERTO,2026-04-26 00:00:46.48731,2026-04-26 00:04:46.258088,5,5,5,5,1.0,1.0
810014253,B35T020D00205709,2026-04-26,ABERTO,2026-04-26 00:00:13.633671,2026-04-26 00:04:13.305271,5,5,5,5,1.0,1.0
810003055,B35T020D00208913,2026-04-26,ABERTO,2026-04-26 00:00:17.534803,2026-04-26 00:04:17.191485,5,5,5,5,1.0,1.0
810013375,B35T020D00205556,2026-04-26,ABERTO,2026-04-26 00:00:12.157755,2026-04-26 00:04:11.977884,5,5,5,5,1.0,1.0
810008892,B35T020D00202075,2026-04-26,ABERTO,2026-04-26 00:00:33.435518,2026-04-26 00:04:33.253511,5,5,5,5,1.0,1.0
810012150,B35T020D00207729,2026-04-26,ABERTO,2026-04-26 00:00:52.16045,2026-04-26 00:04:52.235336,5,5,5,5,1.0,1.0
463304127,B35T020D00207400,2026-04-26,ABERTO,2026-04-26 00:00:00.352636,2026-04-26 00:04:00.091204,5,4,5,5,1.0,0.8
463180824,B35T020D00206297,2026-04-26,ABERTO,2026-04-26 00:00:44.904092,2026-04-26 00:03:56.761093,4,4,5,5,1.0,1.0
810004243,B35T020D00206343,2026-04-26,ABERTO,2026-04-26 00:00:12.323694,2026-04-26 00:04:12.35945,5,5,5,5,1.0,1.0
810004076,B35T020D00201649,2026-04-26,ABERTO,2026-04-26 00:00:24.680533,2026-04-26 00:04:24.665511,5,5,5,5,1.0,1.0
810004216,B35T020D00202760,2026-04-26,ABERTO,2026-04-26 00:01:16.787302,2026-04-26 00:04:16.521172,4,4,4,4,1.0,1.0
810008777,B35T020D00204844,2026-04-26,ABERTO,2026-04-26 00:00:31.064216,2026-04-26 00:04:30.524832,5,5,5,5,1.0,1.0
810020243,B5AT020D00600203,2026-04-26,ABERTO,2026-04-26 00:00:18.260521,2026-04-26 00:04:17.883066,5,5,5,0,0.0,1.0
760032864,B5AT020D00600160,2026-04-26,ABERTO,2026-04-26 00:00:26.972235,2026-04-26 00:04:26.774783,5,5,5,5,1.0,1.0
810017386,B35T020D00202885,2026-04-26,ABERTO,2026-04-26 00:00:22.447179,2026-04-26 00:04:22.459295,5,5,5,5,1.0,1.0
810009479,B35T020D00207182,2026-04-26,ABERTO,2026-04-26 00:00:00.139694,2026-04-26 00:04:59.94349,5,4,6,0,0.0,0.8
810015760,B35T020D00203805,2026-04-26,ABERTO,2026-04-26 00:00:39.731102,2026-04-26 00:04:39.745403,5,5,5,5,1.0,1.0
463355310,B35T020D00202436,2026-04-26,ABERTO,2026-04-26 00:00:50.40232,2026-04-26 00:04:50.959275,5,5,5,5,1.0,1.0
810016842,B35T020D00205255,2026-04-26,ABERTO,2026-04-26 00:00:30.097174,2026-04-26 00:04:30.096458,5,5,5,5,1.0,1.0
810001183,B35T020D00202011,2026-04-26,ABERTO,2026-04-26 00:00:03.827716,2026-04-26 00:04:03.723615,5,5,5,5,1.0,1.0
810007613,B35T020D00202882,2026-04-26,ABERTO,2026-04-26 00:00:07.584074,2026-04-26 00:04:07.336894,5,5,5,5,1.0,1.0
810003727,B35T020D00204007,2026-04-26,ABERTO,2026-04-26 00:00:32.727417,2026-04-26 00:04:32.521217,5,5,5,5,1.0,1.0
810014615,B35T020D00205455,2026-04-26,ABERTO,2026-04-26 00:00:47.572955,2026-04-26 00:04:47.583901,5,5,5,5,1.0,1.0
463303911,B35T020D00209816,2026-04-26,ABERTO,2026-04-26 00:00:07.377662,2026-04-26 00:04:07.144746,5,5,5,5,1.0,1.0
760013874,B5AT020D00600095,2026-04-26,ABERTO,2026-04-26 00:03:49.150364,2026-04-26 00:04:48.725525,2,2,2,2,1.0,1.0
463110845,B35T020D00203936,2026-04-26,ABERTO,2026-04-26 00:00:41.633733,2026-04-26 00:04:40.829537,5,5,5,5,1.0,1.0
810009637,B35T020D00206018,2026-04-26,ABERTO,2026-04-26 00:00:58.39705,2026-04-26 00:04:58.775464,5,5,5,5,1.0,1.0
810001800,B35T020D00204893,2026-04-26,ABERTO,2026-04-26 00:00:42.48438,2026-04-26 00:04:42.359087,5,5,5,5,1.0,1.0
810006081,B35T020D00204002,2026-04-26,ABERTO,2026-04-26 00:00:18.185818,2026-04-26 00:04:18.065305,5,5,5,5,1.0,1.0
463181304,B35T020D00207919,2026-04-26,ABERTO,2026-04-26 00:01:15.334325,2026-04-26 00:03:59.715322,3,3,4,4,1.0,1.0
810008209,B35T020D00207939,2026-04-26,ABERTO,2026-04-26 00:00:56.861274,2026-04-26 00:04:57.183203,5,5,5,5,1.0,1.0
810005909,B35T020D00207524,2026-04-26,ABERTO,2026-04-26 00:00:21.718458,2026-04-26 00:04:21.60503,5,5,5,5,1.0,1.0
810001679,B35T020D00204784,2026-04-26,ABERTO,2026-04-26 00:00:17.406303,2026-04-26 00:04:17.06808,5,5,5,5,1.0,1.0
760048225,B5AT020D00600012,2026-04-26,ABERTO,2026-04-26 00:00:10.846652,2026-04-26 00:04:10.695353,5,5,5,5,1.0,1.0
810006595,B35T020D00210380,2026-04-26,ABERTO,2026-04-26 00:00:42.199023,2026-04-26 00:04:42.552963,5,5,5,0,0.0,1.0
810002177,B35T020D00201716,2026-04-26,ABERTO,2026-04-26 00:00:22.18808,2026-04-26 00:04:22.235832,5,5,5,5,1.0,1.0
810000357,B35T020D00208540,2026-04-26,ABERTO,2026-04-26 00:00:24.066613,2026-04-26 00:04:23.943596,5,5,5,5,1.0,1.0
810015788,B35T020D00205896,2026-04-26,ABERTO,2026-04-26 00:00:15.232077,2026-04-26 00:04:15.142807,5,5,5,5,1.0,1.0
810002487,B5AT020D00600429,2026-04-26,ABERTO,2026-04-26 00:00:35.561809,2026-04-26 00:04:35.510208,5,5,5,5,1.0,1.0
810010710,B35T020D00203095,2026-04-26,ABERTO,2026-04-26 00:00:11.385252,2026-04-26 00:04:11.341558,5,5,5,5,1.0,1.0
2647,B35T020D00207699,2026-04-26,ABERTO,2026-04-26 00:00:12.823625,2026-04-26 00:04:12.829233,5,5,5,5,1.0,1.0
760035146,B35T020D00204962,2026-04-26,ABERTO,2026-04-26 00:00:37.586676,2026-04-26 00:03:37.676451,4,4,4,4,1.0,1.0
810009567,B35T020D00204285,2026-04-26,ABERTO,2026-04-26 00:00:56.221026,2026-04-26 00:04:56.23251,5,5,5,5,1.0,1.0
810015803,B5AT020D00600199,2026-04-26,ABERTO,2026-04-26 00:00:15.402912,2026-04-26 00:04:15.033097,5,5,5,5,1.0,1.0
810015238,B35T020D00203912,2026-04-26,ABERTO,2026-04-26 00:00:57.426927,2026-04-26 00:04:57.629135,5,5,5,5,1.0,1.0
810002681,B35T020D00202213,2026-04-26,ABERTO,2026-04-26 00:00:51.452413,2026-04-26 00:04:51.850565,5,5,5,5,1.0,1.0
810020580,B35T020D00209052,2026-04-26,ABERTO,2026-04-26 00:00:37.094729,2026-04-26 00:04:37.099259,5,5,5,5,1.0,1.0
810008005,B35T020D00205246,2026-04-26,ABERTO,2026-04-26 00:00:04.044664,2026-04-26 00:04:03.813249,5,5,5,5,1.0,1.0
810012284,B35T020D00208765,2026-04-26,ABERTO,2026-04-26 00:00:46.844348,2026-04-26 00:04:46.556391,5,5,5,5,1.0,1.0
810009008,B35T020D00201444,2026-04-26,ABERTO,2026-04-26 00:00:28.635513,2026-04-26 00:04:28.554318,5,5,5,5,1.0,1.0
760063329,B35T020D00201524,2026-04-26,ABERTO,2026-04-26 00:00:00.872068,2026-04-26 00:04:00.711061,5,5,5,5,1.0,1.0
810017687,B35T020D00202085,2026-04-26,ABERTO,2026-04-26 00:00:04.50147,2026-04-26 00:04:04.085598,5,5,5,5,1.0,1.0
810006443,B35T020D00202827,2026-04-26,ABERTO,2026-04-26 00:00:10.450383,2026-04-26 00:04:10.336422,5,5,5,5,1.0,1.0
810019470,B5AT020D00600470,2026-04-26,ABERTO,2026-04-26 00:00:20.378433,2026-04-26 00:04:20.391479,5,5,5,5,1.0,1.0
463226241,B35T020D00202073,2026-04-26,ABERTO,2026-04-26 00:00:30.969051,2026-04-26 00:03:30.996326,4,4,4,4,1.0,1.0
463352126,B35T020D00205223,2026-04-26,ABERTO,2026-04-26 00:00:12.541323,2026-04-26 00:04:12.230203,5,5,5,5,1.0,1.0
810013153,B35T020D00204051,2026-04-26,ABERTO,2026-04-26 00:00:46.127173,2026-04-26 00:04:46.112682,5,5,5,5,1.0,1.0
810000560,B35T020D00204155,2026-04-26,ABERTO,2026-04-26 00:00:03.078925,2026-04-26 00:04:02.551608,5,5,5,5,1.0,1.0
810010260,B35T020D00206781,2026-04-26,ABERTO,2026-04-26 00:00:46.78055,2026-04-26 00:04:46.900424,5,5,5,5,1.0,1.0
810004067,B35T020D00206379,2026-04-26,ABERTO,2026-04-26 00:00:51.642837,2026-04-26 00:04:51.682012,5,5,5,5,1.0,1.0
810010039,B35T020D00209311,2026-04-26,ABERTO,2026-04-26 00:00:42.216614,2026-04-26 00:04:42.304882,5,5,5,5,1.0,1.0
810019009,B35T020D00208965,2026-04-26,ABERTO,2026-04-26 00:00:14.113994,2026-04-26 00:04:13.98586,5,5,5,5,1.0,1.0
810001767,B35T020D00207755,2026-04-26,ABERTO,2026-04-26 00:00:38.007887,2026-04-26 00:04:37.665507,5,5,5,5,1.0,1.0
463362853,B35T020D00206183,2026-04-26,ABERTO,2026-04-26 00:00:35.213004,2026-04-26 00:04:35.14045,5,5,5,5,1.0,1.0
810010996,B35T020D00204480,2026-04-26,ABERTO,2026-04-26 00:00:49.811129,2026-04-26 00:04:50.048091,5,5,5,5,1.0,1.0
810004447,B35T020D00202299,2026-04-26,ABERTO,2026-04-26 00:00:21.959923,2026-04-26 00:04:22.030935,5,5,5,5,1.0,1.0
810002964,B35T020D00210205,2026-04-26,ABERTO,2026-04-26 00:00:10.070989,2026-04-26 00:04:09.749815,5,5,5,5,1.0,1.0
810012646,B35T020D00203174,2026-04-26,ABERTO,2026-04-26 00:00:59.560096,2026-04-26 00:04:59.901012,5,5,5,0,0.0,1.0
810020827,B35T020D00205077,2026-04-26,ABERTO,2026-04-26 00:00:13.743625,2026-04-26 00:04:13.581978,5,5,5,5,1.0,1.0
810017261,B35T020D00204461,2026-04-26,ABERTO,2026-04-26 00:00:40.956209,2026-04-26 00:04:41.128765,5,5,5,5,1.0,1.0
463625679,B35T020D00205764,2026-04-26,ABERTO,2026-04-26 00:00:35.671186,2026-04-26 00:04:35.235421,5,5,5,5,1.0,1.0
810000658,B35T020D00201677,2026-04-26,ABERTO,2026-04-26 00:00:23.341655,2026-04-26 00:04:23.017483,5,5,5,5,1.0,1.0
810001989,B35T020D00207372,2026-04-26,ABERTO,2026-04-26 00:00:11.42301,2026-04-26 00:04:11.250677,5,5,5,5,1.0,1.0
2661,B35T020D00206206,2026-04-26,ABERTO,2026-04-26 00:00:15.078653,2026-04-26 00:04:14.887059,5,5,5,5,1.0,1.0
810016790,B35T020D00210209,2026-04-26,ABERTO,2026-04-26 00:00:57.261373,2026-04-26 00:04:57.358591,5,5,5,5,1.0,1.0
463070091,B5AT020D00600338,2026-04-26,ABERTO,2026-04-26 00:00:56.013277,2026-04-26 00:04:55.834459,5,5,5,5,1.0,1.0
810010057,B35T020D00201461,2026-04-26,ABERTO,2026-04-26 00:00:27.717473,2026-04-26 00:04:27.70366,5,5,5,5,1.0,1.0
810020030,B5AT020D00600452,2026-04-26,ABERTO,2026-04-26 00:00:28.809058,2026-04-26 00:04:28.381009,5,5,5,5,1.0,1.0
810013898,B35T020D00202955,2026-04-26,ABERTO,2026-04-26 00:00:38.40881,2026-04-26 00:04:38.440229,5,5,5,5,1.0,1.0
810001059,B35T020D00204122,2026-04-26,ABERTO,2026-04-26 00:00:53.75685,2026-04-26 00:04:53.649368,5,5,5,5,1.0,1.0
810003985,B35T020D00204471,2026-04-26,ABERTO,2026-04-26 00:00:14.922649,2026-04-26 00:04:14.767114,5,5,5,5,1.0,1.0
463192140,B35T020D00202820,2026-04-26,ABERTO,2026-04-26 00:00:11.85435,2026-04-26 00:04:11.885102,5,5,5,5,1.0,1.0
810006513,B35T020D00203604,2026-04-26,ABERTO,2026-04-26 00:00:43.955241,2026-04-26 00:04:44.111345,5,5,5,5,1.0,1.0
810009460,B35T020D00205227,2026-04-26,ABERTO,2026-04-26 00:00:16.108795,2026-04-26 00:04:15.926135,5,5,5,5,1.0,1.0
810007808,B35T020D00206088,2026-04-26,ABERTO,2026-04-26 00:00:33.363089,2026-04-26 00:04:33.065538,5,5,5,5,1.0,1.0
810020128,B35T020D00206065,2026-04-26,ABERTO,2026-04-26 00:00:09.743993,2026-04-26 00:04:08.706125,5,5,5,5,1.0,1.0
810008397,B35T020D00203613,2026-04-26,ABERTO,2026-04-26 00:00:35.075989,2026-04-26 00:04:34.711594,5,5,5,0,0.0,1.0
810005404,B35T020D00205763,2026-04-26,ABERTO,2026-04-26 00:00:45.213192,2026-04-26 00:04:45.25561,5,5,5,0,0.0,1.0
810020854,B35T020D00207282,2026-04-26,ABERTO,2026-04-26 00:00:12.426932,2026-04-26 00:04:12.388081,5,5,5,5,1.0,1.0
810016125,B35T020D00202965,2026-04-26,ABERTO,2026-04-26 00:00:41.035494,2026-04-26 00:04:40.774437,5,5,5,5,1.0,1.0
463275289,B35T020D00203810,2026-04-26,ABERTO,2026-04-26 00:00:48.800054,2026-04-26 00:04:48.855068,5,5,5,5,1.0,1.0
810003505,B35T020D00201682,2026-04-26,ABERTO,2026-04-26 00:00:58.347004,2026-04-26 00:04:58.621566,5,5,5,5,1.0,1.0
810008926,B35T020D00202013,2026-04-26,ABERTO,2026-04-26 00:00:26.578911,2026-04-26 00:04:26.4251,5,5,5,5,1.0,1.0
810013463,B35T020D00201822,2026-04-26,ABERTO,2026-04-26 00:00:40.339565,2026-04-26 00:04:40.169885,5,5,5,5,1.0,1.0
810016374,B35T020D00204901,2026-04-26,ABERTO,2026-04-26 00:00:56.811605,2026-04-26 00:04:57.029778,5,5,5,5,1.0,1.0
810014837,B35T020D00205910,2026-04-26,ABERTO,2026-04-26 00:00:41.12445,2026-04-26 00:04:40.769497,5,5,5,5,1.0,1.0
810012479,B35T020D00202956,2026-04-26,ABERTO,2026-04-26 00:00:04.111581,2026-04-26 00:04:03.92935,5,5,5,5,1.0,1.0
810010048,B35T020D00205942,2026-04-26,ABERTO,2026-04-26 00:00:39.880635,2026-04-26 00:04:39.246833,5,5,5,5,1.0,1.0
810009293,B35T020D00208168,2026-04-26,ABERTO,2026-04-26 00:00:36.018308,2026-04-26 00:04:35.815942,5,5,5,5,1.0,1.0
463195422,B35T020D00206557,2026-04-26,ABERTO,2026-04-26 00:00:05.5149,2026-04-26 00:04:05.399977,5,5,5,0,0.0,1.0
810010419,B35T020D00204266,2026-04-26,ABERTO,2026-04-26 00:00:42.161433,2026-04-26 00:04:42.014799,5,5,5,5,1.0,1.0
810005334,B35T020D00202783,2026-04-26,ABERTO,2026-04-26 00:00:53.302322,2026-04-26 00:04:53.447296,5,5,5,5,1.0,1.0
810013685,B35T020D00206049,2026-04-26,ABERTO,2026-04-26 00:00:15.194812,2026-04-26 00:04:15.020074,5,5,5,5,1.0,1.0
810004261,B35T020D00206292,2026-04-26,ABERTO,2026-04-26 00:00:21.57622,2026-04-26 00:04:21.504897,5,5,5,5,1.0,1.0
810001615,B35T020D00205698,2026-04-26,ABERTO,2026-04-26 00:00:34.112031,2026-04-26 00:04:34.046659,5,5,5,5,1.0,1.0
810013968,B35T020D00206010,2026-04-26,ABERTO,2026-04-26 00:00:00.252585,2026-04-26 00:03:59.854216,4,3,5,5,1.0,0.75
810015441,B35T020D00204158,2026-04-26,ABERTO,2026-04-26 00:00:08.78539,2026-04-26 00:04:08.415509,5,5,5,0,0.0,1.0
810016019,B35T020D00204085,2026-04-26,ABERTO,2026-04-26 00:00:52.358625,2026-04-26 00:04:52.436684,5,5,5,5,1.0,1.0
810017243,B35T020D00203933,2026-04-26,ABERTO,2026-04-26 00:00:03.844052,2026-04-26 00:03:03.673616,4,4,4,4,1.0,1.0
810019568,B35T020D00205685,2026-04-26,ABERTO,2026-04-26 00:00:31.892888,2026-04-26 00:04:31.926763,5,5,5,5,1.0,1.0
810014697,B35T020D00205403,2026-04-26,ABERTO,2026-04-26 00:00:24.411599,2026-04-26 00:04:24.354323,5,5,5,5,1.0,1.0
760046502,B35T020D00205777,2026-04-26,ABERTO,2026-04-26 00:00:17.939188,2026-04-26 00:04:17.937275,5,5,5,5,1.0,1.0
810009345,B35T020D00203858,2026-04-26,ABERTO,2026-04-26 00:00:17.770574,2026-04-26 00:04:17.581496,5,5,5,5,1.0,1.0
810003958,B35T020D00207525,2026-04-26,ABERTO,2026-04-26 00:00:57.059654,2026-04-26 00:04:57.443708,5,5,5,5,1.0,1.0
2575,B35T020D00206171,2026-04-26,ABERTO,2026-04-26 00:00:36.496369,2026-04-26 00:04:36.484403,5,5,5,5,1.0,1.0
760063240,B5AT020D00600084,2026-04-26,ABERTO,2026-04-26 00:00:59.097566,2026-04-26 00:04:59.012843,5,5,5,5,1.0,1.0
810003675,B35T020D00210134,2026-04-26,ABERTO,2026-04-26 00:00:54.815077,2026-04-26 00:04:55.004982,5,5,5,5,1.0,1.0
810018556,B35T020D00208695,2026-04-26,ABERTO,2026-04-26 00:00:33.509774,2026-04-26 00:04:33.578949,5,5,5,5,1.0,1.0
810017942,B35T020D00202934,2026-04-26,ABERTO,2026-04-26 00:00:22.159187,2026-04-26 00:04:22.189694,5,5,5,5,1.0,1.0
810003596,B35T020D00201157,2026-04-26,ABERTO,2026-04-26 00:00:08.240167,2026-04-26 00:04:08.018547,5,5,5,5,1.0,1.0
810003152,B35T020D00207331,2026-04-26,ABERTO,2026-04-26 00:00:16.268712,2026-04-26 00:04:16.27157,5,5,5,5,1.0,1.0
760071722,B35T020D00206051,2026-04-26,ABERTO,2026-04-26 00:00:45.645739,2026-04-26 00:04:45.736865,5,5,5,5,1.0,1.0
810018112,B35T020D00208295,2026-04-26,ABERTO,2026-04-26 00:00:01.006625,2026-04-26 00:04:00.840491,5,5,5,5,1.0,1.0
463052457,B35T020D00207492,2026-04-26,ABERTO,2026-04-26 00:00:44.849186,2026-04-26 00:04:45.12047,5,5,5,5,1.0,1.0
810006203,B35T020D00206674,2026-04-26,ABERTO,2026-04-26 00:00:08.027445,2026-04-26 00:04:07.706883,5,5,5,5,1.0,1.0
810018839,B5AT020D00600035,2026-04-26,ABERTO,2026-04-26 00:00:11.104469,2026-04-26 00:04:10.957388,5,5,5,5,1.0,1.0
2431,B35T020D00209861,2026-04-26,ABERTO,2026-04-26 00:00:29.42524,2026-04-26 00:04:29.621227,5,5,5,5,1.0,1.0
810005103,B35T020D00203011,2026-04-26,ABERTO,2026-04-26 00:00:24.631528,2026-04-26 00:04:24.24823,5,5,5,5,1.0,1.0
810014882,B35T020D00207657,2026-04-26,ABERTO,2026-04-26 00:00:18.161198,2026-04-26 00:04:17.734674,5,5,5,5,1.0,1.0
810004191,B5AT020D00600082,2026-04-26,ABERTO,2026-04-26 00:00:00.715017,2026-04-26 00:04:00.698403,5,5,5,5,1.0,1.0
463386705,B35T020D00209400,2026-04-26,ABERTO,2026-04-26 00:00:02.033784,2026-04-26 00:04:01.881322,5,5,5,5,1.0,1.0
810005112,B35T020D00201482,2026-04-26,ABERTO,2026-04-26 00:00:35.028055,2026-04-26 00:04:34.633464,5,5,5,5,1.0,1.0
760072318,B35T020D00206063,2026-04-26,ABERTO,2026-04-26 00:00:30.749287,2026-04-26 00:04:30.454408,5,5,5,5,1.0,1.0
760050596,B5AT020D00600126,2026-04-26,ABERTO,2026-04-26 00:00:47.906543,2026-04-26 00:04:48.070827,5,5,5,5,1.0,1.0
810002256,B35T020D00206751,2026-04-26,ABERTO,2026-04-26 00:00:41.711395,2026-04-26 00:04:41.916065,5,5,5,5,1.0,1.0
810013676,B5AT020D00600247,2026-04-26,ABERTO,2026-04-26 00:00:59.365256,2026-04-26 00:04:59.91837,5,5,5,5,1.0,1.0
810008917,B5AT020D00600605,2026-04-26,ABERTO,2026-04-26 00:00:19.770288,2026-04-26 00:04:19.655307,5,5,5,5,1.0,1.0
810002441,B35T020D00205450,2026-04-26,ABERTO,2026-04-26 00:00:00.197628,2026-04-26 00:03:00.849869,4,4,4,4,1.0,1.0
810001174,B35T020D00206694,2026-04-26,ABERTO,2026-04-26 00:00:19.323771,2026-04-26 00:04:19.291486,5,5,5,5,1.0,1.0
810002140,B35T020D00206814,2026-04-26,ABERTO,2026-04-26 00:00:38.425595,2026-04-26 00:04:38.446132,5,5,5,5,1.0,1.0
810014439,B35T020D00210143,2026-04-26,ABERTO,2026-04-26 00:00:50.290555,2026-04-26 00:04:50.237904,5,5,5,5,1.0,1.0
810006939,B35T020D00208675,2026-04-26,ABERTO,2026-04-26 00:00:51.603685,2026-04-26 00:04:51.683573,5,5,5,5,1.0,1.0
463041912,B5AT020D00600083,2026-04-26,ABERTO,2026-04-26 00:00:41.575523,2026-04-26 00:04:41.091909,5,5,5,5,1.0,1.0
810002353,B35T020D00201052,2026-04-26,ABERTO,2026-04-26 00:00:11.990213,2026-04-26 00:04:11.983149,5,5,5,5,1.0,1.0
810000977,B35T020D00204856,2026-04-26,ABERTO,2026-04-26 00:00:35.271809,2026-04-26 00:04:34.901037,5,5,5,5,1.0,1.0
463156342,B35T020D00208194,2026-04-26,ABERTO,2026-04-26 00:00:05.258718,2026-04-26 00:04:04.883124,5,5,5,5,1.0,1.0
810012585,B35T020D00210367,2026-04-26,ABERTO,2026-04-26 00:00:05.647915,2026-04-26 00:04:05.415992,5,5,5,5,1.0,1.0
810005556,B35T020D00206340,2026-04-26,ABERTO,2026-04-26 00:00:10.582538,2026-04-26 00:04:10.028811,5,5,5,5,1.0,1.0
810001369,B35T020D00205971,2026-04-26,ABERTO,2026-04-26 00:00:42.639493,2026-04-26 00:04:42.631658,5,5,5,5,1.0,1.0
810013816,B35T020D00203153,2026-04-26,ABERTO,2026-04-26 00:00:36.258439,2026-04-26 00:04:36.11442,5,5,5,5,1.0,1.0
760036972,B5AT020D00600938,2026-04-26,ABERTO,2026-04-26 00:00:21.824664,2026-04-26 00:04:21.476633,5,5,5,5,1.0,1.0
810004766,B35T020D00205182,2026-04-26,ABERTO,2026-04-26 00:00:21.105983,2026-04-26 00:04:20.909015,5,5,5,5,1.0,1.0
463051852,B35T020D00202029,2026-04-26,ABERTO,2026-04-26 00:00:05.695744,2026-04-26 00:04:05.527845,5,5,5,5,1.0,1.0
810003912,B35T020D00202504,2026-04-26,ABERTO,2026-04-26 00:00:44.575821,2026-04-26 00:04:44.72722,5,5,5,5,1.0,1.0
810011643,B35T020D00201282,2026-04-26,ABERTO,2026-04-26 00:00:54.930284,2026-04-26 00:04:55.011028,5,5,5,5,1.0,1.0
810003602,B35T020D00204168,2026-04-26,ABERTO,2026-04-26 00:00:42.246853,2026-04-26 00:04:41.948113,5,5,5,5,1.0,1.0
810012345,B35T020D00204500,2026-04-26,ABERTO,2026-04-26 00:00:00.458884,2026-04-26 00:04:00.211886,5,5,5,5,1.0,1.0
810000852,B35T020D00210548,2026-04-26,ABERTO,2026-04-26 00:00:45.490061,2026-04-26 00:04:45.516547,5,5,5,5,1.0,1.0
810011494,B35T020D00208821,2026-04-26,ABERTO,2026-04-26 00:00:19.232775,2026-04-26 00:04:18.860498,5,5,5,5,1.0,1.0
810002876,B35T020D00202375,2026-04-26,ABERTO,2026-04-26 00:00:25.093734,2026-04-26 00:04:25.091365,5,5,5,5,1.0,1.0
810020924,B35T020D00203693,2026-04-26,ABERTO,2026-04-26 00:00:59.090812,2026-04-26 00:04:59.098988,5,5,5,5,1.0,1.0
810020632,B35T020D00202732,2026-04-26,ABERTO,2026-04-26 00:00:21.576913,2026-04-26 00:04:21.90825,5,5,5,5,1.0,1.0
760070747,B35T020D00206263,2026-04-26,ABERTO,2026-04-26 00:00:22.766707,2026-04-26 00:04:22.617562,5,5,5,5,1.0,1.0
810016161,B5AT020D00600121,2026-04-26,ABERTO,2026-04-26 00:00:51.54929,2026-04-26 00:04:51.674095,5,5,5,5,1.0,1.0
810010206,B35T020D00206347,2026-04-26,ABERTO,2026-04-26 00:00:43.968454,2026-04-26 00:04:44.342294,5,5,5,5,1.0,1.0
810010756,B35T020D00205860,2026-04-26,ABERTO,2026-04-26 00:00:28.050297,2026-04-26 00:04:27.889704,5,5,5,5,1.0,1.0
760054057,B35T020D00201754,2026-04-26,ABERTO,2026-04-26 00:00:28.129473,2026-04-26 00:04:28.066278,5,5,5,5,1.0,1.0
810013232,B35T020D00209454,2026-04-26,ABERTO,2026-04-26 00:00:01.61697,2026-04-26 00:04:01.255443,5,5,5,5,1.0,1.0
810004906,B35T020D00202129,2026-04-26,ABERTO,2026-04-26 00:00:19.29712,2026-04-26 00:04:22.533066,5,5,5,5,1.0,1.0
810000825,B35T020D00203992,2026-04-26,ABERTO,2026-04-26 00:00:41.593904,2026-04-26 00:04:41.502987,5,5,5,5,1.0,1.0
810006957,B35T020D00205699,2026-04-26,ABERTO,2026-04-26 00:00:38.916152,2026-04-26 00:04:38.982362,5,5,5,5,1.0,1.0
810016295,B35T020D00205353,2026-04-26,ABERTO,2026-04-26 00:00:57.891345,2026-04-26 00:04:58.099566,5,5,5,5,1.0,1.0
463275234,B35T020D00204419,2026-04-26,ABERTO,2026-04-26 00:00:31.046855,2026-04-26 00:04:30.648562,5,5,5,5,1.0,1.0
810015159,B35T020D00202786,2026-04-26,ABERTO,2026-04-26 00:00:44.009151,2026-04-26 00:04:43.902254,5,5,5,5,1.0,1.0
810011218,B35T020D00209881,2026-04-26,ABERTO,2026-04-26 00:00:54.613721,2026-04-26 00:04:54.965331,5,5,5,5,1.0,1.0
810018468,B35T020D00210045,2026-04-26,ABERTO,2026-04-26 00:00:33.616393,2026-04-26 00:04:33.739156,5,5,5,5,1.0,1.0
810013065,B35T020D00206023,2026-04-26,ABERTO,2026-04-26 00:00:06.891311,2026-04-26 00:04:07.026064,5,5,5,5,1.0,1.0
810007127,B35T020D00201250,2026-04-26,ABERTO,2026-04-26 00:00:00.245214,2026-04-26 00:04:59.985231,5,4,6,6,1.0,0.8
810017678,B5AT020D00600594,2026-04-26,ABERTO,2026-04-26 00:00:15.583969,2026-04-26 00:04:15.372211,5,5,5,5,1.0,1.0
810011306,B35T020D00201421,2026-04-26,ABERTO,2026-04-26 00:00:14.707915,2026-04-26 00:04:14.937812,5,5,5,5,1.0,1.0
810009992,B35T020D00207678,2026-04-26,ABERTO,2026-04-26 00:00:31.515531,2026-04-26 00:04:31.480508,5,5,5,5,1.0,1.0
810003338,B35T020D00206402,2026-04-26,ABERTO,2026-04-26 00:00:34.230097,2026-04-26 00:04:34.142241,5,5,5,5,1.0,1.0
810001572,B35T020D00207526,2026-04-26,ABERTO,2026-04-26 00:00:46.683182,2026-04-26 00:04:46.829381,5,5,5,5,1.0,1.0
810020100,B35T020D00205514,2026-04-26,ABERTO,2026-04-26 00:00:14.492049,2026-04-26 00:04:14.530912,5,5,5,5,1.0,1.0
463345188,B5AT020D00600887,2026-04-26,ABERTO,2026-04-26 00:00:50.777759,2026-04-26 00:04:50.734747,5,5,5,5,1.0,1.0
810001484,B35T020D00202895,2026-04-26,ABERTO,2026-04-26 00:00:04.781498,2026-04-26 00:04:04.620459,5,5,5,5,1.0,1.0
810017571,B35T020D00205352,2026-04-26,ABERTO,2026-04-26 00:00:20.653801,2026-04-26 00:04:20.612246,5,5,5,5,1.0,1.0
810001721,B35T020D00206642,2026-04-26,ABERTO,2026-04-26 00:00:20.161156,2026-04-26 00:04:20.136867,5,5,5,5,1.0,1.0
810002788,B35T020D00204753,2026-04-26,ABERTO,2026-04-26 00:00:54.500924,2026-04-26 00:04:54.737788,5,5,5,5,1.0,1.0
810016958,B35T020D00201460,2026-04-26,ABERTO,2026-04-26 00:00:26.728605,2026-04-26 00:04:26.695454,5,5,5,5,1.0,1.0
810011227,B35T020D00206178,2026-04-26,ABERTO,2026-04-26 00:00:20.97193,2026-04-26 00:04:20.771995,5,5,5,5,1.0,1.0
810002098,B35T020D00202368,2026-04-26,ABERTO,2026-04-26 00:00:37.454492,2026-04-26 00:04:37.313733,5,5,5,5,1.0,1.0
463030705,B35T020D00203177,2026-04-26,ABERTO,2026-04-26 00:00:05.962008,2026-04-26 00:04:05.676517,5,5,5,5,1.0,1.0
2636,B35T020D00210056,2026-04-26,ABERTO,2026-04-26 00:00:58.314799,2026-04-26 00:04:58.166318,5,5,5,5,1.0,1.0
760006544,B5AT020D00600115,2026-04-26,ABERTO,2026-04-26 00:00:42.906356,2026-04-26 00:04:42.987647,5,5,5,5,1.0,1.0
810013056,B35T020D00208256,2026-04-26,ABERTO,2026-04-26 00:00:30.639642,2026-04-26 00:04:30.598826,5,5,5,5,1.0,1.0
810003000,B35T020D00206832,2026-04-26,ABERTO,2026-04-26 00:00:44.871828,2026-04-26 00:04:44.891742,5,5,5,5,1.0,1.0
810019179,B35T020D00202437,2026-04-26,ABERTO,2026-04-26 00:00:53.580513,2026-04-26 00:04:53.954605,5,5,5,5,1.0,1.0
810013861,B35T020D00201982,2026-04-26,ABERTO,2026-04-26 00:00:44.043355,2026-04-26 00:04:44.14066,5,5,5,5,1.0,1.0
810015609,B35T020D00205671,2026-04-26,ABERTO,2026-04-26 00:00:35.548989,2026-04-26 00:04:35.67705,5,5,5,5,1.0,1.0
810001943,B35T020D00204055,2026-04-26,ABERTO,2026-04-26 00:00:53.331264,2026-04-26 00:04:53.71612,5,5,5,5,1.0,1.0
810002122,B35T020D00210667,2026-04-26,ABERTO,2026-04-26 00:00:56.283997,2026-04-26 00:04:56.524197,5,5,5,5,1.0,1.0
810000834,B35T020D00208898,2026-04-26,ABERTO,2026-04-26 00:00:30.632443,2026-04-26 00:04:30.383807,5,5,5,5,1.0,1.0
760000838,B5AT020D00600468,2026-04-26,ABERTO,2026-04-26 00:00:28.760192,2026-04-26 00:04:28.356324,5,5,5,5,1.0,1.0
810011290,B35T020D00207513,2026-04-26,ABERTO,2026-04-26 00:00:34.948247,2026-04-26 00:04:34.651009,5,5,5,5,1.0,1.0
810009415,B35T020D00201231,2026-04-26,ABERTO,2026-04-26 00:00:18.269282,2026-04-26 00:04:17.87227,5,5,5,5,1.0,1.0
810003019,B35T020D00209331,2026-04-26,ABERTO,2026-04-26 00:00:58.924169,2026-04-26 00:04:59.092987,5,5,5,5,1.0,1.0
810003116,B35T020D00204504,2026-04-26,ABERTO,2026-04-26 00:00:16.587598,2026-04-26 00:04:16.420151,5,5,5,5,1.0,1.0
810015627,B35T020D00205911,2026-04-26,ABERTO,2026-04-26 00:00:50.349486,2026-04-26 00:04:50.24564,5,5,5,5,1.0,1.0
810013630,B35T020D00205559,2026-04-26,ABERTO,2026-04-26 00:00:50.60841,2026-04-26 00:04:50.815718,5,5,5,5,1.0,1.0
810014004,B5AT020D00600009,2026-04-26,ABERTO,2026-04-26 00:00:08.102879,2026-04-26 00:04:08.087648,5,5,5,5,1.0,1.0
464056562,B35T020D00208195,2026-04-26,ABERTO,2026-04-26 00:00:25.990434,2026-04-26 00:04:26.041703,5,5,5,5,1.0,1.0
810016693,B35T020D00210090,2026-04-26,ABERTO,2026-04-26 00:00:50.764823,2026-04-26 00:04:50.91074,5,5,5,5,1.0,1.0
810003772,B35T020D00206661,2026-04-26,ABERTO,2026-04-26 00:00:05.434197,2026-04-26 00:04:05.106633,5,5,5,5,1.0,1.0
810002627,B35T020D00205252,2026-04-26,ABERTO,2026-04-26 00:00:00.217001,2026-04-26 00:04:00.437722,5,5,5,5,1.0,1.0
810006452,B35T020D00201726,2026-04-26,ABERTO,2026-04-26 00:00:12.005929,2026-04-26 00:04:11.610226,5,5,5,5,1.0,1.0
810008333,B35T020D00202686,2026-04-26,ABERTO,2026-04-26 00:00:14.435806,2026-04-26 00:04:14.297262,5,5,5,5,1.0,1.0
810014794,B35T020D00203878,2026-04-26,ABERTO,2026-04-26 00:00:31.725575,2026-04-26 00:04:31.714792,5,5,5,5,1.0,1.0
810010011,B35T020D00205475,2026-04-26,ABERTO,2026-04-26 00:00:41.84579,2026-04-26 00:04:41.749779,5,5,5,5,1.0,1.0
810002317,B35T020D00204220,2026-04-26,ABERTO,2026-04-26 00:00:48.712927,2026-04-26 00:04:48.902706,5,5,5,5,1.0,1.0
810000126,B35T020D00207049,2026-04-26,ABERTO,2026-04-26 00:00:28.996183,2026-04-26 00:04:28.933137,5,5,5,5,1.0,1.0
810016231,B35T020D00202474,2026-04-26,ABERTO,2026-04-26 00:00:36.75513,2026-04-26 00:04:36.61452,5,5,5,5,1.0,1.0
810015274,B35T020D00202122,2026-04-26,ABERTO,2026-04-26 00:00:10.455711,2026-04-26 00:04:10.116298,5,5,5,5,1.0,1.0
810005626,B35T020D00204458,2026-04-26,ABERTO,2026-04-26 00:00:41.989426,2026-04-26 00:04:41.763403,5,5,5,0,0.0,1.0
810010330,B35T020D00207728,2026-04-26,ABERTO,2026-04-26 00:00:58.838376,2026-04-26 00:04:58.871557,5,5,5,5,1.0,1.0
810002131,B35T020D00205053,2026-04-26,ABERTO,2026-04-26 00:00:53.910425,2026-04-26 00:04:54.31195,5,5,5,5,1.0,1.0
810008227,B35T020D00204127,2026-04-26,ABERTO,2026-04-26 00:00:05.155227,2026-04-26 00:04:05.002654,5,5,5,5,1.0,1.0
810014402,B35T020D00201024,2026-04-26,ABERTO,2026-04-26 00:00:33.661791,2026-04-26 00:04:33.25466,5,5,5,5,1.0,1.0
810009062,B35T020D00210059,2026-04-26,ABERTO,2026-04-26 00:00:48.636548,2026-04-26 00:04:48.957821,5,5,5,5,1.0,1.0
810007862,B35T020D00207989,2026-04-26,ABERTO,2026-04-26 00:00:38.452322,2026-04-26 00:04:38.072655,5,5,5,5,1.0,1.0
810014545,B35T020D00207204,2026-04-26,ABERTO,2026-04-26 00:00:49.778414,2026-04-26 00:04:49.939217,5,5,5,5,1.0,1.0
810007297,B35T020D00206054,2026-04-26,ABERTO,2026-04-26 00:00:18.028638,2026-04-26 00:04:17.937348,5,5,5,5,1.0,1.0
810020395,B35T020D00207365,2026-04-26,ABERTO,2026-04-26 00:00:45.159714,2026-04-26 00:04:45.451518,5,5,5,5,1.0,1.0
810016736,B35T020D00202976,2026-04-26,ABERTO,2026-04-26 00:00:24.323736,2026-04-26 00:04:24.559359,5,5,5,5,1.0,1.0
810018042,B35T020D00205474,2026-04-26,ABERTO,2026-04-26 00:00:11.168945,2026-04-26 00:04:10.871233,5,5,5,5,1.0,1.0
810018653,B35T020D00205040,2026-04-26,ABERTO,2026-04-26 00:00:31.130223,2026-04-26 00:04:31.083713,5,5,5,5,1.0,1.0
810016091,B35T020D00204525,2026-04-26,ABERTO,2026-04-26 00:00:47.644744,2026-04-26 00:04:47.888344,5,5,5,5,1.0,1.0
810004146,B35T020D00209883,2026-04-26,ABERTO,2026-04-26 00:00:02.649614,2026-04-26 00:04:02.365769,5,5,5,5,1.0,1.0
463676297,B5AT020D00600797,2026-04-26,ABERTO,2026-04-26 00:00:21.323681,2026-04-26 00:04:20.91182,5,5,5,5,1.0,1.0
810002706,B5AT020D00600974,2026-04-26,ABERTO,2026-04-26 00:00:03.305342,2026-04-26 00:04:03.104531,5,5,5,5,1.0,1.0
810011926,B35T020D00210259,2026-04-26,ABERTO,2026-04-26 00:00:27.5576,2026-04-26 00:04:27.510705,5,5,5,5,1.0,1.0
2644,B35T020D00202496,2026-04-26,ABERTO,2026-04-26 00:00:01.599761,2026-04-26 00:04:01.511843,5,5,5,5,1.0,1.0
810007163,B35T020D00208209,2026-04-26,ABERTO,2026-04-26 00:00:39.637019,2026-04-26 00:04:38.985073,5,5,5,5,1.0,1.0
810015186,B35T020D00207748,2026-04-26,ABERTO,2026-04-26 00:00:54.801925,2026-04-26 00:04:55.117256,5,5,5,5,1.0,1.0
464055897,B35T020D00210400,2026-04-26,ABERTO,2026-04-26 00:00:47.530994,2026-04-26 00:04:47.362288,5,5,5,5,1.0,1.0
810008908,B35T020D00204219,2026-04-26,ABERTO,2026-04-26 00:00:32.891235,2026-04-26 00:04:32.531837,5,5,5,5,1.0,1.0
810009327,B5AT020D00600036,2026-04-26,ABERTO,2026-04-26 00:00:34.16645,2026-04-26 00:04:34.088045,5,5,5,5,1.0,1.0
810002380,B35T020D00206211,2026-04-26,ABERTO,2026-04-26 00:00:06.318886,2026-04-26 00:04:06.220948,5,5,5,5,1.0,1.0
810004021,B35T020D00208100,2026-04-26,ABERTO,2026-04-26 00:00:10.362914,2026-04-26 00:04:10.539333,5,5,5,5,1.0,1.0
810017340,B35T020D00201211,2026-04-26,ABERTO,2026-04-26 00:00:36.06599,2026-04-26 00:04:36.153613,5,5,5,5,1.0,1.0
810010631,B35T020D00207639,2026-04-26,ABERTO,2026-04-26 00:00:20.601281,2026-04-26 00:04:20.44342,5,5,5,5,1.0,1.0
810007482,B35T020D00206380,2026-04-26,ABERTO,2026-04-26 00:00:24.977609,2026-04-26 00:04:24.828594,5,5,5,5,1.0,1.0
810015715,B35T020D00205995,2026-04-26,ABERTO,2026-04-26 00:00:36.911229,2026-04-26 00:04:36.840654,5,5,5,5,1.0,1.0
810012859,B35T020D00206177,2026-04-26,ABERTO,2026-04-26 00:00:56.354868,2026-04-26 00:04:56.237506,5,5,5,5,1.0,1.0
810003295,B35T020D00206640,2026-04-26,ABERTO,2026-04-26 00:00:00.175435,2026-04-26 00:04:59.884676,5,5,6,6,1.0,1.0
810008698,B35T020D00200001,2026-04-26,ABERTO,2026-04-26 00:00:24.766853,2026-04-26 00:04:24.697012,5,5,5,5,1.0,1.0
463344990,B35T020D00202616,2026-04-26,ABERTO,2026-04-26 00:00:07.092766,2026-04-26 00:04:07.073875,5,5,5,5,1.0,1.0
463386741,B35T020D00205512,2026-04-26,ABERTO,2026-04-26 00:00:14.593498,2026-04-26 00:04:14.523601,5,5,5,5,1.0,1.0
810018811,B35T020D00202845,2026-04-26,ABERTO,2026-04-26 00:00:20.649082,2026-04-26 00:04:20.232748,5,5,5,5,1.0,1.0
810011333,B35T020D00208815,2026-04-26,ABERTO,2026-04-26 00:00:36.855564,2026-04-26 00:04:36.545109,5,5,5,5,1.0,1.0
463376625,B35T020D00202611,2026-04-26,ABERTO,2026-04-26 00:00:28.748851,2026-04-26 00:04:28.517954,5,5,5,5,1.0,1.0
463194979,B35T020D00201425,2026-04-26,ABERTO,2026-04-26 00:00:09.872491,2026-04-26 00:04:09.86113,5,5,5,5,1.0,1.0
810001703,B35T020D00210223,2026-04-26,ABERTO,2026-04-26 00:00:58.556807,2026-04-26 00:04:58.772607,5,5,5,5,1.0,1.0
810013366,B35T020D00204826,2026-04-26,ABERTO,2026-04-26 00:00:31.020933,2026-04-26 00:04:31.064246,5,5,5,5,1.0,1.0
463625758,B35T020D00207109,2026-04-26,ABERTO,2026-04-26 00:00:41.318437,2026-04-26 00:04:41.343898,5,5,5,5,1.0,1.0
760065079,B35T020D00206090,2026-04-26,ABERTO,2026-04-26 00:00:35.265526,2026-04-26 00:04:34.912924,5,5,5,5,1.0,1.0
810000728,B35T020D00210409,2026-04-26,ABERTO,2026-04-26 00:00:40.482685,2026-04-26 00:04:40.644333,5,5,5,5,1.0,1.0
810015113,B35T020D00201021,2026-04-26,ABERTO,2026-04-26 00:00:09.420786,2026-04-26 00:04:09.231547,5,5,5,5,1.0,1.0
810005352,B35T020D00201462,2026-04-26,ABERTO,2026-04-26 00:00:57.874166,2026-04-26 00:04:57.951797,5,5,5,5,1.0,1.0
810013852,B35T020D00203064,2026-04-26,ABERTO,2026-04-26 00:00:47.255647,2026-04-26 00:04:47.543661,5,5,5,5,1.0,1.0
810002663,B35T020D00201646,2026-04-26,ABERTO,2026-04-26 00:00:50.558442,2026-04-26 00:04:51.843121,5,5,5,5,1.0,1.0
810006063,B35T020D00206991,2026-04-26,ABERTO,2026-04-26 00:00:20.999672,2026-04-26 00:04:21.082231,5,5,5,5,1.0,1.0
810000889,B35T020D00209146,2026-04-26,ABERTO,2026-04-26 00:00:10.038249,2026-04-26 00:04:09.952408,5,5,5,5,1.0,1.0
810003851,B35T020D00201301,2026-04-26,ABERTO,2026-04-26 00:00:22.094419,2026-04-26 00:04:21.871863,5,5,5,5,1.0,1.0
810006151,B35T020D00201945,2026-04-26,ABERTO,2026-04-26 00:00:16.402018,2026-04-26 00:04:16.412213,5,5,5,0,0.0,1.0
810016897,B35T020D00207502,2026-04-26,ABERTO,2026-04-26 00:00:47.732041,2026-04-26 00:04:48.07621,5,5,5,5,1.0,1.0
463282962,B35T020D00209072,2026-04-26,ABERTO,2026-04-26 00:00:51.013162,2026-04-26 00:04:51.051697,5,5,5,5,1.0,1.0
810000320,B35T020D00205925,2026-04-26,ABERTO,2026-04-26 00:00:37.411712,2026-04-26 00:04:37.044089,5,5,5,5,1.0,1.0
810000791,B35T020D00210188,2026-04-26,ABERTO,2026-04-26 00:00:45.731028,2026-04-26 00:04:45.910838,5,5,5,5,1.0,1.0
810010589,B35T020D00201821,2026-04-26,ABERTO,2026-04-26 00:00:03.029101,2026-04-26 00:04:02.862852,5,5,5,5,1.0,1.0
463376652,B35T020D00203778,2026-04-26,ABERTO,2026-04-26 00:00:11.796604,2026-04-26 00:04:11.603418,5,5,5,5,1.0,1.0
810003356,B35T020D00207330,2026-04-26,ABERTO,2026-04-26 00:00:45.861841,2026-04-26 00:04:45.618988,5,5,5,5,1.0,1.0
810006896,B35T020D00209418,2026-04-26,ABERTO,2026-04-26 00:00:56.562873,2026-04-26 00:04:56.975685,5,5,5,5,1.0,1.0
810003514,B35T020D00204857,2026-04-26,ABERTO,2026-04-26 00:00:34.499836,2026-04-26 00:04:34.422942,5,5,5,5,1.0,1.0
810000436,B35T020D00208210,2026-04-26,ABERTO,2026-04-26 00:00:45.414531,2026-04-26 00:04:45.55748,5,5,5,5,1.0,1.0
810012099,B35T020D00201234,2026-04-26,ABERTO,2026-04-26 00:00:09.684242,2026-04-26 00:04:09.389484,5,5,5,5,1.0,1.0
810018413,B35T020D00210322,2026-04-26,ABERTO,2026-04-26 00:00:47.333171,2026-04-26 00:04:47.706627,5,5,5,5,1.0,1.0
810015876,B35T020D00208677,2026-04-26,ABERTO,2026-04-26 00:00:06.313927,2026-04-26 00:04:06.278911,5,5,5,5,1.0,1.0
760017256,B35T020D00207436,2026-04-26,ABERTO,2026-04-26 00:00:49.451831,2026-04-26 00:04:49.636607,5,5,5,5,1.0,1.0
810016143,B35T020D00205457,2026-04-26,ABERTO,2026-04-26 00:00:46.330503,2026-04-26 00:04:46.244443,5,5,5,5,1.0,1.0
810000144,B35T020D00208106,2026-04-26,ABERTO,2026-04-26 00:00:14.156553,2026-04-26 00:04:13.952586,5,5,5,5,1.0,1.0
810017669,B35T020D00207920,2026-04-26,ABERTO,2026-04-26 00:00:38.258588,2026-04-26 00:04:38.322438,5,5,5,5,1.0,1.0
810020942,B35T020D00208198,2026-04-26,ABERTO,2026-04-26 00:00:46.294583,2026-04-26 00:04:46.560028,5,5,5,5,1.0,1.0
463376689,B35T020D00204530,2026-04-26,ABERTO,2026-04-26 00:00:55.348167,2026-04-26 00:04:55.714163,5,5,5,5,1.0,1.0
810000339,B35T020D00206702,2026-04-26,ABERTO,2026-04-26 00:00:28.887023,2026-04-26 00:04:28.932507,5,5,5,5,1.0,1.0
810004580,B35T020D00207076,2026-04-26,ABERTO,2026-04-26 00:00:52.122223,2026-04-26 00:04:52.138629,5,5,5,5,1.0,1.0
810000755,B35T020D00201679,2026-04-26,ABERTO,2026-04-26 00:00:32.585417,2026-04-26 00:04:32.309039,5,5,5,5,1.0,1.0
760067640,B5AT020D00600264,2026-04-26,ABERTO,2026-04-26 00:00:11.970287,2026-04-26 00:04:11.63167,5,5,5,5,1.0,1.0
463170531,B35T020D00205100,2026-04-26,ABERTO,2026-04-26 00:00:00.59727,2026-04-26 00:04:00.288397,5,5,5,5,1.0,1.0
810003259,B35T020D00207618,2026-04-26,ABERTO,2026-04-26 00:00:41.885218,2026-04-26 00:04:41.794296,5,5,5,5,1.0,1.0
810019771,B35T020D00202188,2026-04-26,ABERTO,2026-04-26 00:00:35.315818,2026-04-26 00:04:34.935613,5,5,5,5,1.0,1.0
810019577,B35T020D00205723,2026-04-26,ABERTO,2026-04-26 00:00:03.039343,2026-04-26 00:04:02.906236,5,5,5,5,1.0,1.0
810015195,B35T020D00205210,2026-04-26,ABERTO,2026-04-26 00:00:02.712867,2026-04-26 00:04:02.424235,5,5,5,5,1.0,1.0
463180684,B5AT020D00600820,2026-04-26,ABERTO,2026-04-26 00:00:47.614073,2026-04-26 00:04:47.797937,5,5,5,5,1.0,1.0
760601923,B5AT020D00600638,2026-04-26,ABERTO,2026-04-26 00:00:31.731424,2026-04-26 00:04:31.353441,5,5,5,5,1.0,1.0
810014165,B35T020D00202880,2026-04-26,ABERTO,2026-04-26 00:00:28.497913,2026-04-26 00:04:28.18118,5,5,5,5,1.0,1.0
810003028,B35T020D00205683,2026-04-26,ABERTO,2026-04-26 00:00:41.8664,2026-04-26 00:04:41.910787,5,5,5,5,1.0,1.0
810010659,B35T020D00201487,2026-04-26,ABERTO,2026-04-26 00:00:14.831498,2026-04-26 00:04:14.543744,5,5,5,5,1.0,1.0
760012145,B35T020D00207267,2026-04-26,ABERTO,2026-04-26 00:00:05.513504,2026-04-26 00:04:05.4448,5,5,5,5,1.0,1.0
810005176,B35T020D00202753,2026-04-26,ABERTO,2026-04-26 00:00:52.940374,2026-04-26 00:04:53.190907,5,5,5,5,1.0,1.0
810006744,B35T020D00202937,2026-04-26,ABERTO,2026-04-26 00:00:00.421642,2026-04-26 00:04:00.274177,5,5,5,5,1.0,1.0
810013269,B35T020D00202083,2026-04-26,ABERTO,2026-04-26 00:00:21.535124,2026-04-26 00:04:21.347219,5,5,5,5,1.0,1.0
810015122,B35T020D00206653,2026-04-26,ABERTO,2026-04-26 00:00:31.331034,2026-04-26 00:04:30.978268,5,5,5,5,1.0,1.0
810017377,B35T020D00205928,2026-04-26,ABERTO,2026-04-26 00:00:28.960094,2026-04-26 00:04:28.801256,5,5,5,5,1.0,1.0
810017924,B5AT020D00600380,2026-04-26,ABERTO,2026-04-26 00:00:12.460213,2026-04-26 00:04:12.271432,5,5,5,5,1.0,1.0
463265862,B35T020D00202597,2026-04-26,ABERTO,2026-04-26 00:00:33.211602,2026-04-26 00:04:33.201659,5,5,5,5,1.0,1.0
810010190,B35T020D00202808,2026-04-26,ABERTO,2026-04-26 00:00:24.445442,2026-04-26 00:04:24.521996,5,5,5,5,1.0,1.0
810018990,B35T020D00210598,2026-04-26,ABERTO,2026-04-26 00:00:20.688666,2026-04-26 00:04:19.030207,5,5,5,5,1.0,1.0
810004483,B35T020D00202758,2026-04-26,ABERTO,2026-04-26 00:00:55.268,2026-04-26 00:04:54.972046,5,5,5,5,1.0,1.0
810015991,B35T020D00208257,2026-04-26,ABERTO,2026-04-26 00:00:32.048293,2026-04-26 00:04:31.881436,5,5,5,5,1.0,1.0
810019601,B35T020D00202078,2026-04-26,ABERTO,2026-04-26 00:00:45.8061,2026-04-26 00:04:45.939344,5,5,5,5,1.0,1.0
810012752,B35T020D00201233,2026-04-26,ABERTO,2026-04-26 00:00:09.273727,2026-04-26 00:04:09.078814,5,5,5,5,1.0,1.0
810004225,B35T020D00207996,2026-04-26,ABERTO,2026-04-26 00:00:07.820609,2026-04-26 00:04:07.509207,5,5,5,5,1.0,1.0
810010473,B35T020D00206235,2026-04-26,ABERTO,2026-04-26 00:00:40.974895,2026-04-26 00:04:40.767212,5,5,5,5,1.0,1.0
760600586,B5AT020D00600018,2026-04-26,ABERTO,2026-04-26 00:00:16.372726,2026-04-26 00:04:15.938753,5,5,5,5,1.0,1.0
810003611,B35T020D00210687,2026-04-26,ABERTO,2026-04-26 00:00:25.156123,2026-04-26 00:04:24.964561,5,5,5,5,1.0,1.0
463336524,B35T020D00206378,2026-04-26,ABERTO,2026-04-26 00:00:14.812146,2026-04-26 00:04:14.684657,5,5,5,5,1.0,1.0
810002584,B35T020D00203180,2026-04-26,ABERTO,2026-04-26 00:00:45.135256,2026-04-26 00:04:45.263725,5,5,5,5,1.0,1.0
810019106,B5AT020D00600481,2026-04-26,ABERTO,2026-04-26 00:00:17.51493,2026-04-26 00:04:17.364998,5,5,5,5,1.0,1.0
760603497,B5AT020D00600002,2026-04-26,ABERTO,2026-04-26 00:00:14.276131,2026-04-26 00:04:14.208991,5,5,5,5,1.0,1.0
810011458,B35T020D00204169,2026-04-26,ABERTO,2026-04-26 00:00:39.395172,2026-04-26 00:04:39.244198,5,5,5,5,1.0,1.0
810001873,B35T020D00203430,2026-04-26,ABERTO,2026-04-26 00:00:08.650401,2026-04-26 00:04:08.462516,5,5,5,5,1.0,1.0
810018662,B35T020D00204053,2026-04-26,ABERTO,2026-04-26 00:00:36.568925,2026-04-26 00:04:36.495409,5,5,5,5,1.0,1.0
810000913,B35T020D00202811,2026-04-26,ABERTO,2026-04-26 00:00:46.791857,2026-04-26 00:04:47.068265,5,5,5,5,1.0,1.0
463283646,B35T020D00205084,2026-04-26,ABERTO,2026-04-26 00:00:46.096529,2026-04-26 00:04:46.253564,5,5,5,5,1.0,1.0
810008218,B5AT020D00600371,2026-04-26,ABERTO,2026-04-26 00:00:52.50782,2026-04-26 00:04:52.843554,5,5,5,5,1.0,1.0
810009451,B35T020D00207156,2026-04-26,ABERTO,2026-04-26 00:00:52.291655,2026-04-26 00:04:52.330424,5,5,5,5,1.0,1.0
810014475,B35T020D00206441,2026-04-26,ABERTO,2026-04-26 00:00:31.123832,2026-04-26 00:04:30.962778,5,5,5,5,1.0,1.0
810005149,B5AT020D00600975,2026-04-26,ABERTO,2026-04-26 00:00:23.908841,2026-04-26 00:04:23.521739,5,5,5,5,1.0,1.0
