Relatório Meteorológico da Estação: São Cristóvão

Dados normalizados para o Horário Brasileiro de Verão (HBV)

Dia         Hora      HBV   Chuva  DirVento  VelVento  Temperatura  Pressao  Umidade
                                     (graus)     (Km/h)    (celsius)    (hPa)      (%)
01/03/2025  00:00:00          0.0       240       7.8         27.4   1011.9       79
01/03/2025  00:05:00          0.0       242       5.3         27.2   1011.9       79
01/03/2025  00:10:00          0.0       207       9.5         27.2   1011.9       79
01/03/2025  00:15:00          0.0       207       5.6         27.2   1011.9       79
01/03/2025  00:20:00          0.0       225       7.1         27.3   1011.9       79
01/03/2025  00:25:00          0.0       236      12.7         27.2   1011.9       79
01/03/2025  00:30:00          0.0       209       4.6         27.2   1011.9       78
01/03/2025  00:35:00          0.0       162       7.8         27.2   1011.9       78
01/03/2025  00:40:00          0.0       210       5.6         27.2   1012.1       78
01/03/2025  00:45:00          0.0         -       0.0         27.2   1011.9       78
01/03/2025  00:50:00          0.0         -       0.0         27.0   1011.9       79
01/03/2025  00:55:00          0.0       258       3.9         27.0   1011.9       79
01/03/2025  01:00:00          0.0       195       8.5         27.0   1012.0       79
01/03/2025  01:05:00          0.0       208       8.1         27.0   1011.9       79
01/03/2025  01:10:00          0.0       236      13.1         26.8   1011.9       79
01/03/2025  01:15:00          0.0       243       7.1         26.8   1011.7       79
01/03/2025  01:20:00          0.0       266       7.8         26.8   1011.6       80
01/03/2025  01:25:00          0.0       208       5.6         26.8   1012.0       80
01/03/2025  01:30:00          0.0       208       8.8         26.7   1011.7       80
01/03/2025  01:35:00          0.0       153       7.1         26.6   1012.0       80
01/03/2025  01:40:00          0.0       193       9.2         26.6   1011.6       81
01/03/2025  01:45:00          0.0       198       4.6         26.6   1011.6       81
01/03/2025  01:50:00          0.0       176       6.4         26.5   1011.6       81
01/03/2025  01:55:00          0.0       222       3.9         26.5   1011.6       81
01/03/2025  02:00:00          0.0       192       4.9         26.5   1011.6       81
01/03/2025  02:05:00          0.0         -       0.0         26.6   1011.6       81
01/03/2025  02:10:00          0.0         -       0.0         26.5   1011.6       81
01/03/2025  02:15:00          0.0       185       6.0         26.5   1011.6       82
01/03/2025  02:20:00          0.0       232       7.1         26.5   1011.6       82
01/03/2025  02:25:00          0.0       184       5.6         26.3   1011.7       82
01/03/2025  02:30:00          0.0         -       0.0         26.5   1011.6       82
01/03/2025  02:35:00          0.0         -       0.0         26.3   1011.7       83
01/03/2025  02:40:00          0.0       208       7.4         26.3   1011.6       83
01/03/2025  02:45:00          0.0         -       0.0         26.3   1011.6       83
01/03/2025  02:50:00          0.0         -       0.0         26.2   1011.6       83
01/03/2025  02:55:00          0.0         -       0.0         26.2   1011.6       83
01/03/2025  03:00:00          0.0         -       0.0         26.2   1011.6       83
01/03/2025  03:05:00          0.0         -       0.0         26.0   1011.6       84
01/03/2025  03:10:00          0.0         -       0.0         26.0   1011.6       84
01/03/2025  03:15:00          0.0         -       0.0         26.0   1011.6       84
01/03/2025  03:20:00          0.0       229       3.9         26.0   1011.4       84
01/03/2025  03:25:00          0.0       188       5.3         25.9   1011.6       84
01/03/2025  03:30:00          0.0         -       0.0         26.0   1011.6       84
01/03/2025  03:35:00          0.0       227       4.9         25.9   1011.6       83
01/03/2025  03:40:00          0.0       189       4.9         25.8   1011.6       83
01/03/2025  03:45:00          0.0         -       0.0         25.9   1011.6       83
01/03/2025  03:50:00          0.0         -       0.0         25.9   1011.6       83
01/03/2025  03:55:00          0.0         -       0.0         25.8   1011.9       83
01/03/2025  04:00:00          0.0         -       0.0         25.8   1011.9       83
01/03/2025  04:05:00          0.0         -       0.0         25.8   1011.6       83
01/03/2025  04:10:00          0.0         -       0.0         25.8   1011.6       83
01/03/2025  04:15:00          0.0         -       0.0         25.8   1011.6       83
01/03/2025  04:20:00          0.0         -       0.0         25.8   1011.6       83
01/03/2025  04:25:00          0.0         -       0.0         25.8   1011.9       83
01/03/2025  04:30:00          0.0         -       0.0         26.0   1011.9       83
01/03/2025  04:35:00          0.0         -       0.0         26.0   1011.9       82
01/03/2025  04:40:00          0.0         -       0.0         25.9   1011.9       82
01/03/2025  04:45:00          0.0         -       0.0         25.9   1012.1       82
01/03/2025  04:50:00          0.0         -       0.0         26.0   1012.1       82
01/03/2025  04:55:00          0.0         -       0.0         26.0   1012.1       82
01/03/2025  05:00:00          0.0         -       0.0         25.9   1012.1       82
01/03/2025  05:05:00          0.0         -       0.0         25.9   1012.1       81
01/03/2025  05:10:00          0.0         -       0.0         25.9   1012.1       81
01/03/2025  05:15:00          0.0         -       0.0         25.9   1012.1       81
01/03/2025  05:20:00          0.0         -       0.0         26.0   1012.4       81
01/03/2025  05:25:00          0.0         -       0.0         26.1   1012.4       81
01/03/2025  05:30:00          0.0         -       0.0         26.0   1012.5       81
01/03/2025  05:35:00          0.0         -       0.0         26.1   1012.4       81
01/03/2025  05:40:00          0.0         -       0.0         26.0   1012.4       81
01/03/2025  05:45:00          0.0         -       0.0         26.2   1012.4       81
01/03/2025  05:50:00          0.0         -       0.0         26.2   1012.6       80
01/03/2025  05:55:00          0.0         -       0.0         26.3   1012.4       79
01/03/2025  06:00:00          0.0         -       0.0         26.4   1012.6       79
01/03/2025  06:05:00          0.0       223       1.4         26.3   1012.6       80
01/03/2025  06:10:00          0.0         -       0.0         26.2   1012.6       82
01/03/2025  06:15:00          0.0         -       0.0         26.2   1012.6       82
01/03/2025  06:20:00          0.0         -       0.0         26.6   1012.8       82
01/03/2025  06:25:00          0.0         -       0.0         27.1   1012.8       81
01/03/2025  06:30:00          0.0         -       0.0         27.2   1012.8       79
01/03/2025  06:35:00          0.0         -       0.0         27.7   1013.1       77
01/03/2025  06:40:00          0.0       235       6.7         27.7   1013.1       76
01/03/2025  06:45:00          0.0         -       0.0         27.4   1012.8       76
01/03/2025  06:50:00          0.0       173       0.7         28.1   1012.8       77
01/03/2025  06:55:00          0.0         -       0.0         28.3   1013.1       76
01/03/2025  07:00:00          0.0         -       0.0         28.6   1013.2       75
01/03/2025  07:05:00          0.0         -       0.0         28.7   1013.2       74
01/03/2025  07:10:00          0.0         -       0.0         28.9   1013.2       73
01/03/2025  07:15:00          0.0       189       5.3         29.0   1013.2       73
01/03/2025  07:20:00          0.0       219       6.4         29.0   1013.2       73
01/03/2025  07:25:00          0.0       205       5.3         28.9   1013.2       73
01/03/2025  07:30:00          0.0       183       9.9         28.7   1013.2       73
01/03/2025  07:35:00          0.0         -       0.0         28.9   1013.5       72
01/03/2025  07:40:00          0.0       194       5.3         28.7   1013.5       73
01/03/2025  07:45:00          0.0         -       0.0         29.0   1013.5       73
01/03/2025  07:50:00          0.0         -       0.0         29.1   1013.5       73
01/03/2025  07:55:00          0.0         -       0.0         29.4   1013.5       72
01/03/2025  08:00:00          0.0       180       6.0         29.3   1013.3       72
01/03/2025  08:05:00          0.0       217       6.0         29.5   1013.5       72
01/03/2025  08:10:00          0.0       201       8.1         29.1   1013.5       73
01/03/2025  08:15:00          0.0         -       0.0         29.2   1013.5       73
01/03/2025  08:20:00          0.0       180       8.8         29.5   1013.5       72
01/03/2025  08:25:00          0.0       175       7.4         29.9   1013.5       71
01/03/2025  08:30:00          0.0       177       6.4         29.8   1013.5       72
01/03/2025  08:35:00          0.0       195       8.5         29.9   1013.5       71
01/03/2025  08:40:00          0.0       188       0.7         29.5   1013.5       71
01/03/2025  08:45:00          0.0       212       9.2         29.3   1013.6       72
01/03/2025  08:50:00          0.0       212      12.3         29.2   1013.2       73
01/03/2025  08:55:00          0.0       205       8.1         29.5   1013.7       73
01/03/2025  09:00:00          0.0       238       7.8         28.7   1013.1       74
01/03/2025  09:05:00          0.0       220       8.8         29.3   1013.1       73
01/03/2025  09:10:00          0.0       190       5.3         29.5   1013.3       73
01/03/2025  09:15:00          0.0       198       0.4         30.1   1013.8       71
01/03/2025  09:20:00          0.0       180       6.4         30.2   1013.3       71
01/03/2025  09:25:00          0.0       236       7.1         31.0   1013.8       70
01/03/2025  09:30:00          0.0         -       0.0         31.0   1014.1       69
01/03/2025  09:35:00          0.0         -       0.0         30.6   1014.1       68
01/03/2025  09:40:00          0.0       224       7.8         30.4   1013.0       68
01/03/2025  09:45:00          0.0         -       0.0         30.4   1013.1       70
01/03/2025  09:50:00          0.0       192       7.1         31.0   1012.7       68
01/03/2025  09:55:00          0.0       219       9.2         31.4   1013.7       67
01/03/2025  10:00:00          0.0       227       6.0         30.7   1012.8       67
01/03/2025  10:05:00          0.0       161       4.6         30.8   1012.7       68
01/03/2025  10:10:00          0.0       262       6.0         31.6   1013.3       65
01/03/2025  10:15:00          0.0       225       4.2         31.0   1013.0       66
01/03/2025  10:20:00          0.0         -       0.0         31.3   1013.1       65
01/03/2025  10:25:00          0.0       176       9.2         31.9   1013.3       63
01/03/2025  10:30:00          0.0       183       7.8         31.9   1012.7       62
01/03/2025  10:35:00          0.0       176       6.7         32.2   1012.7       60
01/03/2025  10:40:00          0.0       217      11.6         32.5   1013.3       58
01/03/2025  10:45:00          0.0       184      14.5         32.1   1012.7       60
01/03/2025  10:50:00          0.0       199       0.4         32.7   1013.1       59
01/03/2025  10:55:00          0.0       220       6.0         31.5   1013.0       60
01/03/2025  11:00:00          0.0       234      10.9         31.3   1012.5       61
01/03/2025  11:05:00          0.0       235      10.2         31.1   1012.5       62
01/03/2025  11:10:00          0.0         -       0.0         31.7   1011.9       60
01/03/2025  11:15:00          0.0       174       7.1         32.8   1012.7       59
01/03/2025  11:20:00          0.0       229       7.4         32.5   1012.2       57
01/03/2025  11:25:00          0.0         -       0.0         32.0   1012.4       59
01/03/2025  11:30:00          0.0       176      12.0         32.8   1012.4       57
01/03/2025  11:35:00          0.0       158       9.5         33.2   1012.2       56
01/03/2025  11:40:00          0.0       185      13.1         33.1   1012.0       55
01/03/2025  11:45:00          0.0       204      11.6         33.1   1012.0       55
01/03/2025  11:50:00          0.0       208       6.7         33.0   1012.0       56
01/03/2025  11:55:00          0.0       222       9.9         32.9   1011.7       55
01/03/2025  12:00:00          0.0       201       9.9         33.1   1011.7       55
01/03/2025  12:05:00          0.0       129       0.4         33.3   1011.7       55
01/03/2025  12:10:00          0.0       196      11.3         34.0   1011.7       52
01/03/2025  12:15:00          0.0       232       9.9         33.3   1011.5       53
01/03/2025  12:20:00          0.0       199       8.5         32.8   1011.5       54
01/03/2025  12:25:00          0.0       189      12.7         32.9   1011.6       55
01/03/2025  12:30:00          0.0       224       9.5         33.1   1011.4       54
01/03/2025  12:35:00          0.0         -       0.0         33.3   1011.5       54
01/03/2025  12:40:00          0.0       223       8.5         34.2   1011.0       52
01/03/2025  12:45:00          0.0       219       8.1         34.0   1011.1       51
01/03/2025  12:50:00          0.0       188       9.9         34.0   1010.9       51
01/03/2025  12:55:00          0.0       205       3.9         34.0   1011.1       50
01/03/2025  13:00:00          0.0         -       0.0         34.0   1010.9       52
01/03/2025  13:05:00          0.0       182      10.2         34.1   1010.8       51
01/03/2025  13:10:00          0.0       187      10.9         34.9   1010.9       50
01/03/2025  13:15:00          0.0       223      11.3         33.6   1010.4       50
01/03/2025  13:20:00          0.0       238      11.3         33.2   1010.5       51
01/03/2025  13:25:00          0.0       185       5.3         33.6   1010.5       52
01/03/2025  13:30:00          0.0       221      10.2         34.3   1010.5       51
01/03/2025  13:35:00          0.0         -       0.0         34.4   1010.5       53
01/03/2025  13:40:00          0.0       204       9.5         34.9   1010.6       51
01/03/2025  13:45:00          0.0         -       0.0         34.2   1010.5       52
01/03/2025  13:50:00          0.0         -       0.0         34.5   1010.6       53
01/03/2025  13:55:00          0.0       313      19.4         33.1   1010.6       54
01/03/2025  14:00:00          0.0         -       0.0         32.6   1010.5       57
01/03/2025  14:05:00          0.0         -       0.0         33.1   1010.4       56
01/03/2025  14:10:00          0.0       307       4.6         32.9   1010.0       56
01/03/2025  14:15:00          0.0       314      18.7         31.8   1010.5       58
01/03/2025  14:20:00          0.0       319      12.3         31.4   1010.3       60
01/03/2025  14:25:00          0.0       321       9.5         31.9   1010.8       60
01/03/2025  14:30:00          0.0       299      12.0         31.9   1009.8       60
01/03/2025  14:35:00          0.0       288      21.5         31.1   1009.8       61
01/03/2025  14:40:00          0.0       313      20.1         31.0   1009.9       63
01/03/2025  14:45:00          0.0       307      27.2         30.7   1010.3       63
01/03/2025  14:50:00          0.0       324      22.9         31.3   1010.2       65
01/03/2025  14:55:00          0.0       314      26.1         31.1   1009.8       64
01/03/2025  15:00:00          0.0       283       7.1         31.7   1010.3       63
01/03/2025  15:05:00          0.0       335      15.2         32.0   1009.9       62
01/03/2025  15:10:00          0.0       316      30.3         31.6   1009.8       61
01/03/2025  15:15:00          0.0       311       7.1         31.3   1009.5       63
01/03/2025  15:20:00          0.0       310      24.7         31.7   1009.5       62
01/03/2025  15:25:00          0.0       279      20.5         31.6   1009.3       62
01/03/2025  15:30:00          0.0       335      24.7         31.5   1010.2       62
01/03/2025  15:35:00          0.0       308      23.3         31.2   1009.3       63
01/03/2025  15:40:00          0.0       314      24.7         30.5   1009.5       65
01/03/2025  15:45:00          0.0       306      30.0         30.5   1009.5       66
01/03/2025  15:50:00          0.0       308      26.8         29.9   1009.5       68
01/03/2025  15:55:00          0.0       315      20.8         29.7   1009.5       69
01/03/2025  16:00:00          0.0       312      34.6         29.9   1009.9       69
01/03/2025  16:05:00          0.0       327      19.1         29.8   1010.0       70
01/03/2025  16:10:00          0.0       302      22.6         30.0   1009.9       69
01/03/2025  16:15:00          0.0       308      30.3         29.8   1009.4       70
01/03/2025  16:20:00          0.0       269      22.6         29.9   1009.5       70
01/03/2025  16:25:00          0.0       318      24.3         30.1   1009.5       70
01/03/2025  16:30:00          0.0       300      10.2         30.4   1009.5       69
01/03/2025  16:35:00          0.0       319      16.6         30.3   1009.7       69
01/03/2025  16:40:00          0.0       277       7.8         30.8   1009.9       68
01/03/2025  16:45:00          0.0       295      10.2         31.1   1009.7       66
01/03/2025  16:50:00          0.0       338      21.9         30.7   1009.7       68
01/03/2025  16:55:00          0.0       303      24.7         30.4   1009.7       69
01/03/2025  17:00:00          0.0       326      16.9         30.2   1009.7       70
01/03/2025  17:05:00          0.0       293      12.7         30.3   1009.5       69
01/03/2025  17:10:00          0.0       326      18.0         30.1   1009.5       70
01/03/2025  17:15:00          0.0       319      28.2         29.9   1009.3       71
01/03/2025  17:20:00          0.0       306      13.4         29.9   1009.7       71
01/03/2025  17:25:00          0.0       305      20.5         29.9   1009.7       71
01/03/2025  17:30:00          0.0       290      22.6         29.6   1009.5       72
01/03/2025  17:35:00          0.0       310      20.8         29.4   1009.8       73
01/03/2025  17:40:00          0.0       322      15.5         29.2   1009.8       73
01/03/2025  17:45:00          0.0       314      18.7         29.2   1009.8       74
01/03/2025  17:50:00          0.0       327      25.0         29.0   1009.8       74
01/03/2025  17:55:00          0.0       328      24.0         29.1   1009.8       74
01/03/2025  18:00:00          0.0       324      22.9         29.0   1009.8       74
01/03/2025  18:05:00          0.0       317      18.0         29.0   1010.0       74
01/03/2025  18:10:00          0.0       277       9.5         29.1   1010.0       74
01/03/2025  18:15:00          0.0       318      12.0         29.1   1010.0       75
01/03/2025  18:20:00          0.0       306       6.0         29.2   1010.0       74
01/03/2025  18:25:00          0.0         -       0.0         29.3   1010.0       74
01/03/2025  18:30:00          0.0       007       4.2         29.5   1010.0       74
01/03/2025  18:35:00          0.0       324       7.8         29.4   1010.3       74
01/03/2025  18:40:00          0.0       335      10.6         29.5   1010.3       74
01/03/2025  18:45:00          0.0         -       0.0         29.6   1010.3       74
01/03/2025  18:50:00          0.0       310       6.4         29.9   1010.3       73
01/03/2025  18:55:00          0.0         -       0.0         29.9   1010.3       73
01/03/2025  19:00:00          0.0         -       0.0         30.1   1010.3       73
01/03/2025  19:05:00          0.0         -       0.0         30.2   1010.5       72
01/03/2025  19:10:00          0.0       224       5.6         30.2   1010.5       72
01/03/2025  19:15:00          0.0         -       0.0         30.3   1010.5       71
01/03/2025  19:20:00          0.0       223       9.9         30.2   1010.5       71
01/03/2025  19:25:00          0.0       213       8.1         30.1   1010.8       71
01/03/2025  19:30:00          0.0       201       7.4         30.0   1010.8       72
01/03/2025  19:35:00          0.0       211       8.1         29.9   1010.8       72
01/03/2025  19:40:00          0.0       185       4.6         29.8   1011.0       72
01/03/2025  19:45:00          0.0       200       5.6         29.7   1011.0       73
01/03/2025  19:50:00          0.0       190       3.5         29.5   1011.0       73
01/03/2025  19:55:00          0.0       225       7.1         29.6   1011.0       74
01/03/2025  20:00:00          0.0         -       0.0         29.5   1011.0       74
01/03/2025  20:05:00          0.0       215      10.2         29.5   1011.0       74
01/03/2025  20:10:00          0.0       242       7.1         29.4   1011.3       74
01/03/2025  20:15:00          0.0       209      12.3         29.3   1011.3       74
01/03/2025  20:20:00          0.0       204      10.2         29.4   1011.3       74
01/03/2025  20:25:00          0.0         -       0.0         29.4   1011.5       73
01/03/2025  20:30:00          0.0       211       9.2         29.4   1011.3       73
01/03/2025  20:35:00          0.0       225      10.6         29.3   1011.3       73
01/03/2025  20:40:00          0.0       231       5.6         29.0   1011.5       74
01/03/2025  20:45:00          0.0         -       0.0         29.1   1011.5       74
01/03/2025  20:50:00          0.0       214       8.1         28.9   1011.5       74
01/03/2025  20:55:00          0.0       167       5.3         29.0   1011.7       74
01/03/2025  21:00:00          0.0       202       6.4         28.9   1011.7       74
01/03/2025  21:05:00          0.0       221       7.4         28.8   1011.7       75
01/03/2025  21:10:00          0.0         -       0.0         28.9   1011.9       74
01/03/2025  21:15:00          0.0       186       6.0         28.9   1012.0       75
01/03/2025  21:20:00          0.0       173       5.3         28.7   1011.7       75
01/03/2025  21:25:00          0.0         -       0.0         28.7   1011.7       75
01/03/2025  21:30:00          0.0       183       7.4         28.7   1011.7       75
01/03/2025  21:35:00          0.0       225       5.3         28.6   1011.7       75
01/03/2025  21:40:00          0.0         -       0.0         28.9   1012.0       75
01/03/2025  21:45:00          0.0       218       5.6         28.5   1011.9       75
01/03/2025  21:50:00          0.0       230       6.7         28.6   1011.7       75
01/03/2025  21:55:00          0.0       222       4.2         28.5   1012.0       76
01/03/2025  22:00:00          0.0       235       4.6         28.5   1011.5       76
01/03/2025  22:05:00          0.0         -       0.0         28.4   1011.7       76
01/03/2025  22:10:00          0.0         -       0.0         28.5   1011.7       76
01/03/2025  22:15:00          0.0         -       0.0         28.6   1011.9       76
01/03/2025  22:20:00          0.0         -       0.0         28.4   1011.9       76
01/03/2025  22:25:00          0.0       216       5.3         28.4   1012.0       76
01/03/2025  22:30:00          0.0         -       0.0         28.4   1012.0       76
01/03/2025  22:35:00          0.0       204       8.1         28.3   1011.6       75
01/03/2025  22:40:00          0.0         -       0.0         28.3   1011.7       75
01/03/2025  22:45:00          0.0       220       4.6         28.3   1012.0       75
01/03/2025  22:50:00          0.0       231      10.6         28.2   1011.4       75
01/03/2025  22:55:00          0.0       193       1.1         28.2   1011.6       75
01/03/2025  23:00:00          0.0         -       0.0         28.0   1011.6       75
01/03/2025  23:05:00          0.0       188       0.4         28.1   1011.7       75
01/03/2025  23:10:00          0.0         -       0.0         27.9   1011.6       75
01/03/2025  23:15:00          0.0       226      10.2         28.1   1011.6       74
01/03/2025  23:20:00          0.0       213       5.6         28.0   1011.6       74
01/03/2025  23:25:00          0.0       200       3.9         28.0   1011.6       74
01/03/2025  23:30:00          0.0         -       0.0         27.9   1011.9       75
01/03/2025  23:35:00          0.0       240       4.9         28.0   1011.9       74
01/03/2025  23:40:00          0.0       197       6.0         27.9   1012.0       74
01/03/2025  23:45:00          0.0         -       0.0         27.8   1011.7       74
01/03/2025  23:50:00          0.0         -       0.0         27.9   1011.6       74
01/03/2025  23:55:00          0.0         -       0.0         28.0   1011.7       74
02/03/2025  00:00:00          0.0         -       0.0         27.9   1011.7       74
02/03/2025  00:05:00          0.0         -       0.0         27.8   1011.7       74
02/03/2025  00:10:00          0.0         -       0.0         27.8   1011.6       73
02/03/2025  00:15:00          0.0         -       0.0         27.7   1011.6       74
02/03/2025  00:20:00          0.0         -       0.0         27.7   1011.6       74
02/03/2025  00:25:00          0.0         -       0.0         27.7   1011.6       74
02/03/2025  00:30:00          0.0         -       0.0         27.4   1011.6       74
02/03/2025  00:35:00          0.0         -       0.0         27.4   1011.6       74
02/03/2025  00:40:00          0.0       216       4.2         27.6   1011.4       74
02/03/2025  00:45:00          0.0       156       6.4         27.5   1011.4       74
02/03/2025  00:50:00          0.0       153       4.6         27.4   1011.4       74
02/03/2025  00:55:00          0.0       191      10.2         27.4   1011.4       75
02/03/2025  01:00:00          0.0       209      10.9         27.4   1011.4       75
02/03/2025  01:05:00          0.0       199       6.4         27.1   1011.4       76
02/03/2025  01:10:00          0.0       182       4.6         27.1   1011.4       77
02/03/2025  01:15:00          0.0       182       8.1         27.2   1011.1       77
02/03/2025  01:20:00          0.0         -       0.0         27.0   1011.4       77
02/03/2025  01:25:00          0.0       182       6.4         27.1   1011.4       78
02/03/2025  01:30:00          0.0       192       6.4         26.9   1011.4       78
02/03/2025  01:35:00          0.0       185       9.9         26.8   1011.1       79
02/03/2025  01:40:00          0.0         -       0.0         26.8   1011.4       79
02/03/2025  01:45:00          0.0       208       5.6         26.6   1011.1       79
02/03/2025  01:50:00          0.0       177       3.9         26.6   1011.1       80
02/03/2025  01:55:00          0.0         -       0.0         26.6   1011.1       80
02/03/2025  02:00:00          0.0       213       4.9         26.5   1011.4       80
02/03/2025  02:05:00          0.0       234       4.9         26.6   1011.1       80
02/03/2025  02:15:00          0.0       231       7.4         26.5   1011.1       80
02/03/2025  02:30:00          0.0         -       0.0         26.2   1011.1       82
02/03/2025  02:45:00          0.0       208       4.2         26.2   1011.4       82
02/03/2025  03:00:00          0.0       174       6.7         26.2   1011.4       83
02/03/2025  03:15:00          0.0       217       6.0         26.1   1011.4       83
02/03/2025  03:30:00          0.0         -       0.0         25.9   1011.4       83
02/03/2025  03:45:00          0.0         -       0.0         26.0   1011.4       83
02/03/2025  04:00:00          0.0         -       0.0         25.9   1011.6       83
02/03/2025  04:15:00          0.0       203       8.8         26.0   1011.6       83
02/03/2025  04:30:00          0.0       256       4.9         26.0   1012.0       83
02/03/2025  04:45:00          0.0       217       0.7         25.8   1011.6       83
02/03/2025  05:00:00          0.0         -       0.0         25.8   1011.9       83
02/03/2025  05:15:00          0.0         -       0.0         25.6   1012.1       84
02/03/2025  05:30:00          0.0         -       0.0         25.5   1012.1       85
02/03/2025  05:45:00          0.0       205       3.9         25.5   1012.1       85
02/03/2025  06:00:00          0.0         -       0.0         25.4   1012.4       86
02/03/2025  06:15:00          0.0         -       0.0         25.5   1012.6       86
02/03/2025  06:30:00          0.0         -       0.0         26.6   1012.8       84
02/03/2025  06:45:00          0.0         -       0.0         27.0   1013.1       81
02/03/2025  07:00:00          0.0       210       4.6         26.7   1013.1       80
02/03/2025  07:15:00          0.0       194       5.6         26.8   1013.5       80
02/03/2025  07:30:00          0.0       232       7.4         26.5   1013.5       81
02/03/2025  07:45:00          0.0       181       5.3         27.8   1013.2       79
02/03/2025  08:00:00          0.0         -       0.0         28.4   1013.5       75
02/03/2025  08:15:00          0.0       228       7.4         28.9   1013.5       73
02/03/2025  08:30:00          0.0         -       0.0         29.0   1013.5       74
02/03/2025  08:45:00          0.0         -       0.0         28.7   1013.7       73
02/03/2025  09:00:00          0.0       201       6.0         28.9   1013.5       74
02/03/2025  09:15:00          0.0       230       4.9         28.9   1013.5       73
02/03/2025  09:30:00          0.0       167       4.9         29.0   1013.6       72
02/03/2025  09:45:00          0.0       231       9.5         28.7   1013.2       72
02/03/2025  10:00:00          0.0       218       8.5         29.1   1013.6       72
02/03/2025  10:15:00          0.0       218       7.1         30.0   1013.0       69
02/03/2025  10:30:00          0.0       201       6.0         30.1   1012.7       66
02/03/2025  10:45:00          0.0       206       7.1         31.1   1012.6       58
02/03/2025  11:00:00          0.0         -       0.0         31.6   1012.5       57
02/03/2025  11:15:00          0.0       167       5.6         31.8   1012.7       57
02/03/2025  11:30:00          0.0       193      14.5         32.0   1012.2       54
02/03/2025  11:45:00          0.0       177       7.4         33.1   1012.2       53
02/03/2025  12:00:00          0.0       224      15.5         31.8   1011.6       55
02/03/2025  12:15:00          0.0       216      12.0         31.1   1011.7       58
02/03/2025  12:30:00          0.0       234       4.2         32.5   1011.3       54
02/03/2025  12:45:00          0.0       225       8.8         33.7   1011.3       51
02/03/2025  13:00:00          0.0         -       0.0         33.7   1011.0       52
02/03/2025  13:15:00          0.0         -       0.0         34.2   1010.5       51
02/03/2025  13:30:00          0.0       327       5.6         34.3   1010.6       50
02/03/2025  13:45:00          0.0       191       7.4         34.0   1010.6       49
02/03/2025  14:00:00          0.0       286      10.9         34.3   1010.0       49
02/03/2025  14:15:00          0.0       333      16.6         33.0   1010.3       51
02/03/2025  14:30:00          0.0       330      17.6         32.8   1009.9       52
02/03/2025  14:45:00          0.0       319      23.3         33.4   1009.4       51
02/03/2025  15:00:00          0.0       350      15.9         31.7   1009.4       57
02/03/2025  15:15:00          0.0       317      12.7         31.1   1009.3       60
02/03/2025  15:30:00          0.0       298      22.2         31.7   1009.7       61
02/03/2025  15:45:00          0.0       325      21.5         29.8   1009.4       69
02/03/2025  16:00:00          0.0       306      24.0         29.8   1009.5       70
02/03/2025  16:15:00          0.0       339      14.1         29.0   1009.4       73
02/03/2025  16:30:00          0.0       298      31.0         28.9   1009.5       73
02/03/2025  16:45:00          0.0       312      26.5         28.4   1009.3       75
02/03/2025  17:00:00          0.0       311      35.3         28.0   1009.7       77
02/03/2025  17:15:00          0.0       289      23.3         28.7   1009.5       76
02/03/2025  17:30:00          0.0       330      20.1         28.6   1009.5       76
02/03/2025  17:45:00          0.0         -       0.0         28.3   1009.9       77
02/03/2025  18:00:00          0.0       321      14.1         27.7   1009.8       78
02/03/2025  18:15:00          0.0       330      14.5         27.9   1010.0       78
02/03/2025  18:30:00          0.0       315       7.1         28.2   1010.3       78
02/03/2025  18:45:00          0.0       298       9.2         28.3   1010.3       77
02/03/2025  19:00:00          0.0       312       8.8         28.3   1010.3       77
02/03/2025  19:15:00          0.0         -       0.0         28.7   1010.8       76
02/03/2025  19:30:00          0.0         -       0.0         29.1   1010.9       75
02/03/2025  19:45:00          0.0       241      12.0         29.2   1011.0       74
02/03/2025  20:00:00          0.0       221       2.5         29.2   1011.3       74
02/03/2025  20:15:00          0.0       229       7.1         29.0   1011.5       74
02/03/2025  20:30:00          0.0       201      15.2         28.7   1011.7       74
02/03/2025  20:45:00          0.0       211      13.4         28.7   1011.7       75
02/03/2025  21:00:00          0.0       219       8.8         28.4   1011.6       76
02/03/2025  21:15:00          0.0       213       9.9         28.3   1012.0       76
02/03/2025  21:30:00          0.0       247       9.2         28.1   1011.9       77
02/03/2025  21:45:00          0.0       227       8.8         28.0   1011.7       78
02/03/2025  22:00:00          0.0       242       9.5         27.9   1011.9       79
02/03/2025  22:15:00          0.0         -       0.0         28.0   1012.0       79
02/03/2025  22:30:00          0.0       219       7.1         27.6   1012.2       80
02/03/2025  22:45:00          0.0       199       6.0         27.4   1012.0       81
02/03/2025  23:00:00          0.0       178       4.6         27.5   1012.2       81
02/03/2025  23:15:00          0.0       231       7.1         27.4   1012.2       82
02/03/2025  23:30:00          0.0       211       5.6         27.2   1011.9       82
02/03/2025  23:45:00          0.0       222       9.9         27.2   1011.9       82
03/03/2025  00:00:00          0.0       242       5.6         27.1   1011.9       83
03/03/2025  00:15:00          0.0         -       0.0         27.1   1011.9       83
03/03/2025  00:30:00          0.0       195       5.6         27.0   1011.9       82
03/03/2025  00:45:00          0.0       219       6.4         26.9   1012.0       82
03/03/2025  01:00:00          0.0       203       7.4         27.0   1011.6       81
03/03/2025  01:15:00          0.0       178       3.2         27.0   1011.4       81
03/03/2025  01:30:00          0.0       208       6.4         26.9   1011.6       82
03/03/2025  01:45:00          0.0         -       0.0         26.9   1011.6       82
03/03/2025  02:00:00          0.0       225       4.2         26.7   1011.4       83
03/03/2025  02:15:00          0.0       233       8.8         26.5   1011.1       83
03/03/2025  02:30:00          0.0       220       6.0         26.5   1011.1       84
03/03/2025  02:45:00          0.0         -       0.0         26.3   1011.1       84
03/03/2025  03:00:00          0.0         -       0.0         26.3   1011.1       84
03/03/2025  03:15:00          0.0         -       0.0         26.5   1011.1       85
03/03/2025  03:30:00          0.0         -       0.0         26.3   1011.1       85
03/03/2025  03:45:00          0.0         -       0.0         26.3   1011.1       85
03/03/2025  04:00:00          0.0       228       5.3         26.2   1011.1       84
03/03/2025  04:15:00          0.0         -       0.0         26.3   1011.1       85
03/03/2025  04:30:00          0.0         -       0.0         26.3   1011.4       84
03/03/2025  04:45:00          0.0         -       0.0         26.3   1011.6       84
03/03/2025  05:00:00          0.0         -       0.0         26.2   1011.6       84
03/03/2025  05:15:00          0.0         -       0.0         26.2   1011.9       85
03/03/2025  05:30:00          0.0       214       1.1         26.3   1011.9       84
03/03/2025  05:45:00          0.0         -       0.0         26.2   1012.1       84
03/03/2025  06:00:00          0.0         -       0.0         26.2   1012.4       85
03/03/2025  06:15:00          0.0       208       2.8         26.1   1012.6       85
03/03/2025  06:30:00          0.0       187       6.7         26.8   1012.6       83
03/03/2025  06:45:00          0.0         -       0.0         27.4   1012.6       82
03/03/2025  07:00:00          0.0       194       4.9         27.6   1012.8       80
03/03/2025  07:15:00          0.0       199       9.2         27.5   1013.0       81
03/03/2025  07:30:00          0.0       162       8.1         28.2   1013.2       80
03/03/2025  07:45:00          0.0       233       2.1         27.6   1013.2       81
03/03/2025  08:00:00          0.0         -       0.0         28.8   1013.2       79
03/03/2025  08:15:00          0.0       233      10.2         28.6   1013.2       78
03/03/2025  08:30:00          0.0       224       5.6         27.6   1012.7       82
03/03/2025  08:45:00          0.0       204       9.9         28.7   1013.5       79
03/03/2025  09:00:00          0.0       174       8.1         29.1   1013.1       77
03/03/2025  09:15:00          0.0       211       6.7         30.1   1013.2       72
03/03/2025  09:30:00          0.0       193       7.1         30.1   1013.3       73
03/03/2025  09:45:00          0.0       194       8.8         30.7   1013.2       71
03/03/2025  10:00:00          0.0       181       3.5         31.2   1013.0       68
03/03/2025  10:15:00          0.0       188       8.5         31.1   1013.1       68
03/03/2025  10:30:00          0.0       189       8.1         32.4   1012.8       61
03/03/2025  10:45:00          0.0         -       0.0         31.6   1012.8       60
03/03/2025  11:00:00          0.0       196       1.8         32.3   1012.6       62
03/03/2025  11:15:00          0.0       230      18.7         32.0   1012.6       61
03/03/2025  11:30:00          0.0       302      12.3         31.9   1012.2       63
03/03/2025  11:45:00          0.0         -       0.0         32.3   1012.7       60
03/03/2025  12:00:00          0.0       334      13.1         30.4   1012.0       65
03/03/2025  12:15:00          0.0       307      19.4         30.3   1012.0       68
03/03/2025  12:30:00          0.0       337      18.7         30.2   1012.1       69
03/03/2025  12:45:00          0.0       173       1.1         30.4   1011.7       69
03/03/2025  13:00:00          0.0         -       0.0         30.5   1011.6       68
03/03/2025  13:15:00          0.0       354       5.6         31.3   1011.0       65
03/03/2025  13:30:00          0.0       239       8.1         31.6   1010.6       65
03/03/2025  13:45:00          0.0       324      20.8         30.8   1010.5       68
03/03/2025  14:00:00          0.0       336      10.9         31.1   1010.9       68
03/03/2025  14:15:00          0.0       322      18.7         30.7   1010.9       68
03/03/2025  14:30:00          0.0       346      16.6         29.9   1010.3       70
03/03/2025  14:45:00          0.0       326      20.8         29.7   1010.6       71
03/03/2025  15:00:00          0.0       350      17.6         29.7   1010.4       72
03/03/2025  15:15:00          0.0       299      18.3         29.0   1009.7       73
03/03/2025  15:30:00          0.0       328      13.8         29.2   1010.3       73
03/03/2025  15:45:00          0.0       326      26.5         29.6   1010.2       72
03/03/2025  16:00:00          0.0       339      22.9         29.5   1009.8       72
03/03/2025  16:15:00          0.0       331      20.8         29.3   1009.8       71
03/03/2025  16:30:00          0.0       320      19.1         29.1   1010.2       72
03/03/2025  16:45:00          0.0       292      25.0         29.5   1010.5       71
03/03/2025  17:00:00          0.0       317       8.5         29.7   1010.5       71
03/03/2025  17:15:00          0.0       330      19.8         29.6   1010.3       71
03/03/2025  17:30:00          0.0       329      12.3         29.5   1010.8       71
03/03/2025  17:45:00          0.0       317      20.8         28.7   1011.0       72
03/03/2025  18:00:00          0.0       322      16.9         28.7   1011.0       73
03/03/2025  18:15:00          0.0       317      10.6         28.5   1010.9       73
03/03/2025  18:30:00          0.0       314      13.1         28.6   1011.3       73
03/03/2025  18:45:00          0.0       311      14.8         28.6   1011.5       73
03/03/2025  19:00:00          0.0       274       5.3         29.0   1011.5       73
03/03/2025  19:15:00          0.0         -       0.0         29.5   1011.7       71
03/03/2025  19:30:00          0.0       339       4.9         29.2   1012.0       71
03/03/2025  19:45:00          0.0       241       9.5         29.0   1012.2       72
03/03/2025  20:00:00          0.0       162       5.6         29.0   1012.5       72
03/03/2025  20:15:00          0.0       268      17.3         28.6   1012.5       74
03/03/2025  20:30:00          0.0       234      14.8         28.3   1012.5       75
03/03/2025  20:45:00          0.0       181      10.6         28.1   1013.0       76
03/03/2025  21:00:00          0.0       202      14.1         27.9   1012.8       77
03/03/2025  21:15:00          0.0       254       9.2         27.8   1013.0       78
03/03/2025  21:30:00          0.0       217      10.2         27.5   1013.0       79
03/03/2025  21:45:00          0.0       201       5.6         27.6   1013.1       79
03/03/2025  22:00:00          0.0       239      15.9         27.5   1013.2       79
03/03/2025  22:15:00          0.0         -       0.0         27.3   1013.1       80
03/03/2025  22:30:00          0.0         -       0.0         27.5   1013.1       80
03/03/2025  22:45:00          0.0       232       9.2         27.3   1013.3       80
03/03/2025  23:00:00          0.0       234      11.6         27.2   1013.1       81
03/03/2025  23:15:00          0.0       182       7.4         26.9   1012.8       82
03/03/2025  23:30:00          0.0       185       2.8         26.8   1012.8       82
03/03/2025  23:45:00          0.0       198       3.2         26.9   1012.8       82
04/03/2025  00:00:00          0.0       202       8.8         27.1   1012.6       81
04/03/2025  00:15:00          0.0       181       4.2         26.8   1012.5       82
04/03/2025  00:30:00          0.0       181       4.2         26.6   1012.4       82
04/03/2025  00:45:00          0.0       218       5.3         26.3   1012.1       84
04/03/2025  01:00:00          0.0         -       0.0         26.4   1012.1       84
04/03/2025  01:15:00          0.0       230       9.5         26.4   1012.1       84
04/03/2025  01:30:00          0.0       230       8.5         26.2   1011.9       84
04/03/2025  01:45:00          0.0       193      10.6         26.1   1011.9       85
04/03/2025  02:00:00          0.0       242       4.6         26.2   1011.9       85
04/03/2025  02:15:00          0.0         -       0.0         26.3   1011.9       84
04/03/2025  02:30:00          0.0       203       7.4         26.2   1012.1       84
04/03/2025  02:45:00          0.0       171       4.6         26.1   1012.1       85
04/03/2025  03:00:00          0.0       205       7.1         25.8   1012.1       86
04/03/2025  03:15:00          0.0         -       0.0         25.8   1012.1       86
04/03/2025  03:30:00          0.0         -       0.0         25.8   1012.1       87
04/03/2025  03:45:00          0.0         -       0.0         25.5   1012.1       88
04/03/2025  04:00:00          0.0         -       0.0         25.7   1012.4       88
04/03/2025  04:15:00          0.0         -       0.0         25.5   1012.4       88
04/03/2025  04:30:00          0.0         -       0.0         25.5   1012.4       88
04/03/2025  04:45:00          0.0       179       4.9         25.7   1012.4       87
04/03/2025  05:00:00          0.0         -       0.0         25.5   1012.6       87
04/03/2025  05:15:00          0.0         -       0.0         25.5   1012.8       87
04/03/2025  05:30:00          0.0       201       5.6         25.4   1012.8       87
04/03/2025  05:45:00          0.0         -       0.0         25.4   1012.8       88
04/03/2025  06:00:00          0.0         -       0.0         25.3   1012.8       88
04/03/2025  06:15:00          0.0       229       4.9         25.5   1012.8       88
04/03/2025  06:30:00          0.0       178       6.0         26.3   1013.3       86
04/03/2025  06:45:00          0.0       203       7.8         27.0   1013.3       84
04/03/2025  07:00:00          0.0       186      10.2         27.0   1013.6       83
04/03/2025  07:15:00          0.0       208       8.8         27.1   1013.6       84
04/03/2025  07:30:00          0.0       175      12.0         27.8   1013.7       82
04/03/2025  07:45:00          0.0       238      10.2         27.1   1013.7       82
04/03/2025  08:00:00          0.0         -       0.0         27.1   1013.9       83
04/03/2025  08:15:00          0.0       166       0.4         27.8   1014.2       82
04/03/2025  08:30:00          0.0       191       8.8         27.8   1014.1       81
04/03/2025  08:45:00          0.0       220       6.4         28.1   1014.2       79
04/03/2025  09:00:00          0.0       185       7.4         29.0   1014.8       76
04/03/2025  09:15:00          0.0       207       4.2         29.2   1013.6       75
04/03/2025  09:30:00          0.0       173       8.1         29.3   1013.8       75
04/03/2025  09:45:00          0.0       233       8.1         30.2   1013.9       72
04/03/2025  10:00:00          0.0       128       8.1         30.2   1013.9       74
04/03/2025  10:15:00          0.0         -       0.0         30.7   1014.1       69
04/03/2025  10:30:00          0.0       176       3.5         31.1   1014.1       67
04/03/2025  10:45:00          0.0       256       8.1         31.0   1013.1       65
04/03/2025  11:00:00          0.0       207       2.1         31.6   1013.3       62
04/03/2025  11:15:00          0.0       205       8.1         31.5   1013.5       60
04/03/2025  11:30:00          0.0       185      13.1         32.3   1013.0       57
04/03/2025  11:45:00          0.0       167      13.8         32.3   1012.6       59
04/03/2025  12:00:00          0.0       008       9.5         32.3   1012.8       57
04/03/2025  12:15:00          0.0       314      14.8         29.9   1012.0       66
04/03/2025  12:30:00          0.0       303      10.9         29.9   1012.0       67
04/03/2025  12:45:00          0.0       307      20.5         30.2   1011.9       67
04/03/2025  13:00:00          0.0       304       7.1         30.0   1011.7       69
04/03/2025  13:15:00          0.0       336      18.0         29.3   1011.0       71
04/03/2025  13:30:00          0.0       320      13.8         30.5   1011.5       68
04/03/2025  13:45:00          0.0       312      20.8         30.1   1011.5       68
04/03/2025  14:00:00          0.0       304      25.4         29.3   1011.9       71
04/03/2025  14:15:00          0.0         -       0.0         29.7   1011.0       70
04/03/2025  14:30:00          0.0       323      20.8         29.0   1010.5       72
04/03/2025  14:45:00          0.0       277       8.5         29.9   1011.1       70
04/03/2025  15:00:00          0.0       302      22.9         29.8   1011.0       69
04/03/2025  15:15:00          0.0       319      31.0         29.3   1011.1       69
04/03/2025  15:30:00          0.0       325      30.0         29.0   1010.6       70
04/03/2025  15:45:00          0.0       291      14.8         28.7   1010.0       71
04/03/2025  16:00:00          0.0       327      20.5         28.8   1010.3       72
04/03/2025  16:15:00          0.0       308      27.9         28.1   1010.3       73
04/03/2025  16:30:00          0.0       328      28.6         28.5   1010.3       73
04/03/2025  16:45:00          0.0       305      21.2         28.1   1010.3       75
04/03/2025  17:00:00          0.0       312      25.8         28.0   1010.5       74
04/03/2025  17:15:00          0.0       288      10.6         27.8   1010.5       74
04/03/2025  17:30:00          0.0       298      25.8         28.0   1010.5       74
04/03/2025  17:45:00          0.0       315      18.7         27.8   1010.8       74
04/03/2025  18:00:00          0.0       285      14.5         27.7   1010.8       75
04/03/2025  18:15:00          0.0       295      19.4         27.5   1010.8       76
04/03/2025  18:30:00          0.0       331      15.9         27.5   1010.8       77
04/03/2025  18:45:00          0.0       282       7.4         27.5   1010.9       77
04/03/2025  19:00:00          0.0       318      12.3         27.1   1011.3       79
04/03/2025  19:15:00          0.0       333       8.8         27.0   1011.5       79
04/03/2025  19:30:00          0.0         -       0.0         26.9   1011.7       79
04/03/2025  19:45:00          0.0       345       4.9         27.2   1011.9       79
04/03/2025  20:00:00          0.0         -       0.0         27.1   1011.9       79
04/03/2025  20:15:00          0.0       216       4.6         27.4   1011.9       78
04/03/2025  20:30:00          0.0       187       6.4         27.4   1012.1       76
04/03/2025  20:45:00          0.0       258      11.6         27.5   1012.2       76
04/03/2025  21:00:00          0.0       221       4.9         27.3   1012.5       76
04/03/2025  21:15:00          0.0       206      12.7         27.3   1012.5       77
04/03/2025  21:30:00          0.0       178       7.4         27.1   1012.4       77
04/03/2025  21:45:00          0.0       228      10.6         27.1   1012.4       79
04/03/2025  22:00:00          0.0         -       0.0         27.1   1012.4       79
04/03/2025  22:15:00          0.0       208       5.6         26.9   1012.4       80
04/03/2025  22:30:00          0.0       220      10.6         26.9   1012.4       80
04/03/2025  22:45:00          0.0         -       0.0         26.9   1012.4       81
04/03/2025  23:00:00          0.0       229       2.5         26.8   1012.4       81
04/03/2025  23:15:00          0.0       208       5.6         26.8   1012.4       82
04/03/2025  23:30:00          0.0         -       0.0         26.6   1012.4       82
04/03/2025  23:45:00          0.0       216       3.2         26.5   1012.4       82
05/03/2025  00:00:00          0.0       201       4.2         26.5   1012.4       83
05/03/2025  00:15:00          0.0         -       0.0         26.4   1012.1       83
05/03/2025  00:30:00          0.0       202       0.4         26.5   1012.1       83
05/03/2025  00:45:00          0.0         -       0.0         26.3   1012.1       84
05/03/2025  01:00:00          0.0         -       0.0         26.3   1012.2       84
05/03/2025  01:15:00          0.0       237       4.6         26.2   1011.9       84
05/03/2025  01:30:00          0.0       229       7.8         26.2   1011.9       84
05/03/2025  01:45:00          0.0         -       0.0         26.0   1011.6       84
05/03/2025  02:00:00          0.0       219       6.7         26.0   1011.6       84
05/03/2025  02:15:00          0.0         -       0.0         26.0   1011.6       85
05/03/2025  02:30:00          0.0       212       7.8         25.8   1011.6       84
05/03/2025  02:45:00          0.0         -       0.0         25.8   1011.9       85
05/03/2025  03:00:00          0.0       223       6.0         25.7   1011.9       85
05/03/2025  03:15:00          0.0       205       1.4         25.5   1011.9       85
05/03/2025  03:30:00          0.0       215       3.9         25.6   1011.9       85
05/03/2025  03:45:00          0.0         -       0.0         25.4   1011.9       86
05/03/2025  04:00:00          0.0       217       6.4         25.5   1012.1       86
05/03/2025  04:15:00          0.0         -       0.0         25.3   1012.4       86
05/03/2025  04:30:00          0.0         -       0.0         25.3   1012.4       85
05/03/2025  04:45:00          0.0         -       0.0         25.5   1012.4       85
05/03/2025  05:00:00          0.0       195       3.5         25.3   1012.6       85
05/03/2025  05:15:00          0.0         -       0.0         25.1   1012.8       85
05/03/2025  05:30:00          0.0         -       0.0         25.1   1012.8       86
05/03/2025  05:45:00          0.0       204       4.6         24.9   1012.8       87
05/03/2025  06:00:00          0.0       216      10.6         24.9   1013.1       87
05/03/2025  06:15:00          0.0       245       4.2         24.9   1013.3       87
05/03/2025  06:30:00          0.0         -       0.0         25.5   1013.6       86
05/03/2025  06:45:00          0.0       214       5.6         25.8   1013.6       85
05/03/2025  07:00:00          0.0       224       6.4         26.2   1013.8       83
05/03/2025  07:15:00          0.0       200       6.0         26.8   1013.8       81
05/03/2025  07:30:00          0.0         -       0.0         27.0   1013.9       79
05/03/2025  07:45:00          0.0       180       7.4         27.8   1013.9       79
05/03/2025  08:00:00          0.0       213       4.9         27.5   1014.2       77
05/03/2025  08:15:00          0.0         -       0.0         28.9   1014.2       75
05/03/2025  08:30:00          0.0         -       0.0         28.5   1014.2       74
05/03/2025  08:45:00          0.0         -       0.0         29.6   1014.2       71
05/03/2025  09:00:00          0.0         -       0.0         29.2   1014.4       70
05/03/2025  09:15:00          0.0       173       4.9         29.8   1014.6       68
05/03/2025  09:30:00          0.0         -       0.0         29.5   1014.8       68
05/03/2025  09:45:00          0.0       177      12.0         30.2   1013.8       65
05/03/2025  10:00:00          0.0         -       0.0         30.4   1014.3       65
05/03/2025  10:15:00          0.0       224       9.9         30.2   1013.9       63
05/03/2025  10:30:00          0.0       207       9.9         30.1   1014.3       61
05/03/2025  10:45:00          0.0       213       8.1         30.8   1013.5       59
05/03/2025  11:00:00          0.0       238       7.4         31.3   1013.5       56
05/03/2025  11:15:00          0.0       237      10.9         30.5   1014.1       56
05/03/2025  11:30:00          0.0       236      10.6         32.0   1013.2       54
05/03/2025  11:45:00          0.0       231      10.2         32.0   1013.6       54
05/03/2025  12:00:00          0.0       203       8.5         31.9   1012.6       55
05/03/2025  12:15:00          0.0       252       5.6         31.4   1012.8       55
05/03/2025  12:30:00          0.0       188      10.6         32.3   1012.4       55
05/03/2025  12:45:00          0.0         -       0.0         32.6   1011.9       55
05/03/2025  13:00:00          0.0         -       0.0         32.5   1011.7       57
05/03/2025  13:15:00          0.0       187       5.3         30.8   1011.5       62
05/03/2025  13:30:00          0.0       240       7.8         31.3   1011.9       61
05/03/2025  13:45:00          0.0       334      19.8         30.9   1011.6       60
05/03/2025  14:00:00          0.0       318      14.1         29.9   1011.5       66
05/03/2025  14:15:00          0.0       297      12.3         30.0   1011.9       66
05/03/2025  14:30:00          0.0       306      19.4         29.3   1011.0       67
05/03/2025  14:45:00          0.0       324      17.6         29.2   1011.6       68
05/03/2025  15:00:00          0.0       315      15.9         29.2   1010.9       69
05/03/2025  15:15:00          0.0       294      27.5         28.9   1010.4       70
05/03/2025  15:30:00          0.0       314      25.0         28.7   1010.9       72
05/03/2025  15:45:00          0.0       312      20.5         28.3   1010.8       73
05/03/2025  16:00:00          0.0       329      26.1         27.8   1010.5       74
05/03/2025  16:15:00          0.0       320      32.8         28.0   1010.6       74
05/03/2025  16:30:00          0.0       290      13.8         27.8   1010.5       76
05/03/2025  16:45:00          0.0       303      21.9         27.6   1010.8       76
05/03/2025  17:00:00          0.0       313      32.1         27.7   1011.0       76
05/03/2025  17:15:00          0.0       308      22.6         27.5   1011.0       76
05/03/2025  17:30:00          0.0       320      30.0         27.4   1011.0       76
05/03/2025  17:45:00          0.0       312       9.2         27.5   1011.3       76
05/03/2025  18:00:00          0.0       307      24.0         27.4   1011.5       77
05/03/2025  18:15:00          0.0       331      22.6         27.1   1011.4       78
05/03/2025  18:30:00          0.0       324      14.1         27.1   1011.5       78
05/03/2025  18:45:00          0.0       317      11.6         27.2   1011.7       78
05/03/2025  19:00:00          0.0       328      10.2         27.1   1011.7       78
05/03/2025  19:15:00          0.0       313      17.3         27.1   1011.9       79
05/03/2025  19:30:00          0.0       325      20.1         27.1   1011.9       79
05/03/2025  19:45:00          0.0       332      14.1         27.0   1012.2       78
05/03/2025  20:00:00          0.0         -       0.0         27.2   1012.1       78
05/03/2025  20:15:00          0.0       313      12.0         27.2   1012.5       78
05/03/2025  20:30:00          0.0       332       9.5         27.2   1012.6       77
05/03/2025  20:45:00          0.0         -       0.0         27.3   1012.8       76
05/03/2025  21:00:00          0.0       214       2.8         27.4   1012.8       76
05/03/2025  21:15:00          0.0       240       7.4         27.7   1012.8       73
05/03/2025  21:30:00          0.0       219       8.8         27.7   1013.0       72
05/03/2025  21:45:00          0.0       220      11.3         27.7   1013.1       72
05/03/2025  22:00:00          0.0       218       4.9         27.4   1013.1       72
05/03/2025  22:15:00          0.0       245      12.3         27.2   1013.2       73
05/03/2025  22:30:00          0.0       218      17.6         27.1   1013.1       73
05/03/2025  22:45:00          0.0       202       6.4         27.3   1013.3       72
05/03/2025  23:00:00          0.0       255       3.2         27.2   1013.3       72
05/03/2025  23:15:00          0.0       201       8.1         27.2   1013.3       71
05/03/2025  23:30:00          0.0       231       7.8         27.0   1013.3       72
05/03/2025  23:45:00          0.0         -       0.0         27.1   1013.3       72
06/03/2025  00:00:00          0.0       218       3.9         27.0   1013.3       72
06/03/2025  00:15:00          0.0       232       9.5         26.9   1013.3       72
06/03/2025  00:30:00          0.0       237       8.8         26.8   1013.3       73
06/03/2025  00:45:00          0.0       218      16.2         26.6   1013.1       74
06/03/2025  01:00:00          0.0       224       9.2         26.6   1012.8       74
06/03/2025  01:15:00          0.0       208       6.7         26.6   1012.8       73
06/03/2025  01:30:00          0.0       285       6.0         26.5   1012.8       73
06/03/2025  01:45:00          0.0         -       0.0         26.6   1012.8       72
06/03/2025  02:00:00          0.0       205       0.7         26.6   1012.8       73
06/03/2025  02:15:00          0.0         -       0.0         26.7   1012.8       73
06/03/2025  02:30:00          0.0         -       0.0         26.5   1012.8       74
06/03/2025  02:45:00          0.0         -       0.0         26.4   1012.6       74
06/03/2025  03:00:00          0.0         -       0.0         26.3   1012.6       74
06/03/2025  03:15:00          0.0         -       0.0         26.4   1012.6       75
06/03/2025  03:30:00          0.0         -       0.0         26.4   1012.8       76
06/03/2025  03:45:00          0.0         -       0.0         26.3   1012.8       77
06/03/2025  04:00:00          0.0         -       0.0         26.3   1013.1       77
06/03/2025  04:15:00          0.0         -       0.0         26.4   1013.1       78
06/03/2025  04:30:00          0.0         -       0.0         26.2   1013.3       79
06/03/2025  04:45:00          0.0         -       0.0         26.3   1013.3       79
06/03/2025  05:00:00          0.0         -       0.0         26.2   1013.3       79
06/03/2025  05:15:00          0.0         -       0.0         26.2   1013.6       79
06/03/2025  05:30:00          0.0         -       0.0         26.2   1013.6       78
06/03/2025  05:45:00          0.0         -       0.0         26.3   1013.8       78
06/03/2025  06:00:00          0.0         -       0.0         26.3   1014.1       78
06/03/2025  06:15:00          0.0         -       0.0         26.5   1013.8       78
06/03/2025  06:30:00          0.0         -       0.0         26.5   1014.1       77
06/03/2025  06:45:00          0.0         -       0.0         26.8   1014.1       77
06/03/2025  07:00:00          0.0       196       2.1         27.4   1014.3       76
06/03/2025  07:15:00          0.0         -       0.0         27.2   1014.4       75
06/03/2025  07:30:00          0.0       211       4.6         29.2   1014.7       72
06/03/2025  07:45:00          0.0         -       0.0         29.6   1014.7       70
06/03/2025  08:00:00          0.0       186       8.1         29.8   1015.0       68
06/03/2025  08:15:00          0.0       182       9.5         29.8   1014.9       70
06/03/2025  08:30:00          0.0       180       9.9         30.5   1014.9       68
06/03/2025  08:45:00          0.0       195      12.0         31.1   1015.3       65
06/03/2025  09:00:00          0.0       169       9.9         30.7   1014.9       63
06/03/2025  09:15:00          0.0       216      13.4         30.5   1015.3       65
06/03/2025  09:30:00          0.0       209      10.6         29.3   1015.3       67
06/03/2025  09:45:00          0.0       221      10.9         28.9   1015.2       69
06/03/2025  10:00:00          0.0       226      12.3         29.5   1015.3       69
06/03/2025  10:15:00          0.0       172       7.8         31.6   1015.5       66
06/03/2025  10:30:00          0.0       281       4.2         30.8   1014.9       65
06/03/2025  10:45:00          0.0       275       8.5         31.0   1015.3       64
06/03/2025  11:00:00          0.0       250       8.8         31.5   1015.0       63
06/03/2025  11:15:00          0.0         -       0.0         31.3   1014.9       64
06/03/2025  11:30:00          0.0       297       7.1         31.0   1014.8       65
06/03/2025  11:45:00          0.0       221       7.8         31.3   1014.8       64
06/03/2025  12:00:00          0.0         -       0.0         30.9   1014.1       63
06/03/2025  12:15:00          0.0       127       3.5         31.6   1014.2       62
06/03/2025  12:30:00          0.0       249       7.1         30.4   1014.4       66
06/03/2025  12:45:00          0.0       332      14.1         29.9   1013.9       68
06/03/2025  13:00:00          0.0         -       0.0         30.9   1014.1       66
06/03/2025  13:15:00          0.0       357      14.1         29.7   1013.3       69
06/03/2025  13:30:00          0.0       320      13.8         29.9   1013.5       68
06/03/2025  13:45:00          0.0       276      21.2         29.6   1013.2       68
06/03/2025  14:00:00          0.0       315      21.2         29.1   1013.2       69
06/03/2025  14:15:00          0.0       329       2.5         30.2   1013.0       67
06/03/2025  14:30:00          0.0       314      31.0         29.9   1013.5       68
06/03/2025  14:45:00          0.0       311      23.6         29.1   1013.2       69
06/03/2025  15:00:00          0.0       327      10.6         28.9   1013.1       71
06/03/2025  15:15:00          0.0       314      18.0         29.2   1013.1       72
06/03/2025  15:30:00          0.0       297      14.5         29.3   1013.2       73
06/03/2025  15:45:00          0.0       212       6.0         28.7   1013.1       74
06/03/2025  16:00:00          0.0       320      34.9         28.7   1013.1       76
06/03/2025  16:15:00          0.0       316      37.7         28.4   1013.6       78
06/03/2025  16:30:00          0.0       298      19.8         28.0   1013.6       82
06/03/2025  16:45:00          0.0       313      12.3         27.5   1013.6       83
06/03/2025  17:00:00          0.0       284      19.4         27.4   1013.5       84
06/03/2025  17:15:00          0.0       320      18.0         27.5   1013.7       84
06/03/2025  17:30:00          0.0       312      25.0         27.6   1013.7       84
06/03/2025  17:45:00          0.0       314      21.9         27.1   1013.7       85
06/03/2025  18:00:00          0.0       309      21.9         26.9   1014.2       86
06/03/2025  18:15:00          0.0       311      11.6         26.9   1014.1       87
06/03/2025  18:30:00          0.0       325      14.8         27.1   1014.4       86
06/03/2025  18:45:00          0.0       290      24.7         26.9   1014.3       87
06/03/2025  19:00:00          0.0       308      19.8         27.0   1014.9       87
06/03/2025  19:15:00          0.0       293      13.8         27.1   1014.6       87
06/03/2025  19:30:00          0.0       298      23.3         27.0   1014.8       87
06/03/2025  19:45:00          0.0       305      17.6         26.8   1015.0       88
06/03/2025  20:00:00          0.0       319      16.6         26.7   1015.2       89
06/03/2025  20:15:00          0.0       277      10.9         26.9   1015.3       89
06/03/2025  20:30:00          0.0       326       8.5         26.9   1015.4       89
06/03/2025  20:45:00          0.0       284       2.8         26.6   1015.3       89
06/03/2025  21:00:00          0.0         -       0.0         26.9   1015.5       89
06/03/2025  21:15:00          0.0         -       0.0         26.8   1015.3       89
06/03/2025  21:30:00          0.0       300      10.9         26.8   1015.5       89
06/03/2025  21:45:00          0.0       298      10.9         26.6   1015.5       88
06/03/2025  22:00:00          0.0       317      12.3         26.8   1015.5       88
06/03/2025  22:15:00          0.0       267       5.3         26.8   1015.5       88
06/03/2025  22:30:00          0.0       287       4.2         26.7   1015.5       89
06/03/2025  22:45:00          0.0       299       5.6         26.6   1015.5       89
06/03/2025  23:00:00          0.0       236       4.9         26.5   1015.5       89
06/03/2025  23:15:00          0.0         -       0.0         26.5   1015.5       89
06/03/2025  23:30:00          0.0         -       0.0         26.3   1015.5       89
06/03/2025  23:45:00          0.0       323       9.9         26.3   1015.3       90
07/03/2025  00:00:00          0.0         -       0.0         26.3   1015.3       90
07/03/2025  00:15:00          0.0         -       0.0         26.3   1015.3       90
07/03/2025  00:30:00          0.0         -       0.0         26.3   1015.0       90
07/03/2025  00:45:00          0.0       345       7.4         26.2   1015.0       90
07/03/2025  01:00:00          0.0         -       0.0         26.3   1014.8       90
07/03/2025  01:15:00          0.0         -       0.0         26.3   1014.6       89
07/03/2025  01:30:00          0.0         -       0.0         26.2   1014.6       89
07/03/2025  01:45:00          0.0       319       5.3         26.2   1014.3       89
07/03/2025  02:00:00          0.0         -       0.0         26.2   1014.3       89
07/03/2025  02:15:00          0.0         -       0.0         26.3   1014.4       89
07/03/2025  02:30:00          0.0       313       5.3         26.1   1014.1       89
07/03/2025  02:45:00          0.0         -       0.0         26.3   1014.1       88
07/03/2025  03:00:00          0.0         -       0.0         26.2   1014.1       88
07/03/2025  03:15:00          0.0         -       0.0         26.3   1014.1       87
07/03/2025  03:30:00          0.0       341       7.1         26.3   1014.1       87
07/03/2025  03:45:00          0.0         -       0.0         26.2   1014.1       88
07/03/2025  04:00:00          0.0         -       0.0         26.2   1014.1       88
07/03/2025  04:15:00          0.0         -       0.0         26.1   1014.3       88
07/03/2025  04:30:00          0.0         -       0.0         26.0   1014.3       88
07/03/2025  04:45:00          0.0         -       0.0         26.0   1014.3       89
07/03/2025  05:00:00          0.0         -       0.0         26.0   1014.6       89
07/03/2025  05:15:00          0.0         -       0.0         25.9   1014.6       89
07/03/2025  05:30:00          0.0         -       0.0         26.0   1014.6       89
07/03/2025  05:45:00          0.0         -       0.0         26.2   1014.6       88
07/03/2025  06:00:00          0.0       320       4.2         26.3   1014.8       87
07/03/2025  06:15:00          0.0         -       0.0         26.4   1014.6       86
07/03/2025  06:30:00          0.0         -       0.0         27.4   1014.6       84
07/03/2025  06:45:00          0.0         -       0.0         27.6   1014.8       83
07/03/2025  07:00:00          0.0         -       0.0         28.0   1014.9       82
07/03/2025  07:15:00          0.0       193       2.8         28.6   1014.8       79
07/03/2025  07:30:00          0.0       222       6.7         27.3   1015.4       83
07/03/2025  07:45:00          0.0       219       9.2         27.2   1015.4       85
07/03/2025  08:00:00          0.0       203       8.1         26.8   1015.6       87
07/03/2025  08:15:00          0.0         -       0.0         28.3   1015.6       86
07/03/2025  08:30:00          0.0       174       4.9         27.2   1015.8       84
07/03/2025  08:45:00          0.0       225       5.3         29.0   1015.4       80
07/03/2025  09:00:00          0.0         -       0.0         28.9   1015.8       79
07/03/2025  09:15:00          0.0         -       0.0         30.4   1015.4       74
07/03/2025  09:30:00          0.0         -       0.0         30.0   1015.4       77
07/03/2025  09:45:00          0.0       187       5.6         29.4   1015.5       77
07/03/2025  10:00:00          0.0       203       4.6         29.6   1015.3       74
07/03/2025  10:15:00          0.0       212       8.1         30.1   1015.5       72
07/03/2025  10:30:00          0.0       227       9.2         27.7   1015.5       79
07/03/2025  10:45:00          0.0       196       4.9         28.7   1015.5       79
07/03/2025  11:00:00          0.0       183      13.4         29.0   1015.2       79
07/03/2025  11:15:00          0.0       237       2.8         29.3   1015.3       77
07/03/2025  11:30:00          0.0       189      12.0         31.0   1014.9       75
07/03/2025  11:45:00          0.0         -       0.0         31.9   1014.9       72
07/03/2025  12:00:00          0.0       215       8.1         31.6   1014.8       70
07/03/2025  12:15:00          0.0         -       0.0         30.8   1014.1       70
07/03/2025  12:30:00          0.0         -       0.0         31.8   1014.6       66
07/03/2025  12:45:00          0.0         -       0.0         31.7   1014.1       67
07/03/2025  13:00:00          0.0         -       0.0         31.8   1013.3       65
07/03/2025  13:15:00          0.0       151      12.7         32.1   1013.8       64
07/03/2025  13:30:00          0.0       303      11.3         32.2   1013.3       63
07/03/2025  13:45:00          0.0       192       6.4         32.1   1013.0       63
07/03/2025  14:00:00          0.0       270      17.6         30.4   1013.1       67
07/03/2025  14:15:00          0.0       319      21.2         29.9   1013.3       69
07/03/2025  14:30:00          0.0       310      24.3         29.5   1012.8       71
07/03/2025  14:45:00          0.0       259      19.1         30.2   1012.6       70
07/03/2025  15:00:00          0.0       227       6.7         30.8   1012.2       69
07/03/2025  15:15:00          0.0       230       5.3         30.4   1012.1       69
07/03/2025  15:30:00          0.0       327      10.6         30.7   1012.1       69
07/03/2025  15:45:00          0.0       236      12.3         30.1   1012.1       70
07/03/2025  16:00:00          0.0       234       4.9         30.2   1012.4       72
07/03/2025  16:15:00          0.0       257       1.8         29.5   1012.4       75
07/03/2025  16:30:00          0.0       289      10.6         28.7   1012.6       79
07/03/2025  16:45:00          0.0       273      20.5         28.9   1012.2       76
07/03/2025  17:00:00          0.0       322      28.6         28.5   1012.4       77
07/03/2025  17:15:00          0.0       306      13.1         28.4   1012.6       79
07/03/2025  17:30:00          0.0       311      14.5         28.1   1012.7       81
07/03/2025  17:45:00          0.0       335      14.8         27.6   1012.7       82
07/03/2025  18:00:00          0.0       356      15.5         27.4   1012.7       84
07/03/2025  18:15:00          0.0         -       0.0         27.3   1013.2       84
07/03/2025  18:30:00          0.0       323       6.0         27.2   1013.2       84
07/03/2025  18:45:00          0.0       337       7.8         27.2   1013.2       85
07/03/2025  19:00:00          0.0       328       4.9         27.2   1013.2       85
07/03/2025  19:15:00          0.0       319       9.5         27.2   1013.3       85
07/03/2025  19:30:00          0.0       340       8.8         27.0   1013.3       86
07/03/2025  19:45:00          0.0       324      19.1         27.1   1013.6       88
07/03/2025  20:00:00          0.0       335       8.8         27.0   1013.7       88
07/03/2025  20:15:00          0.0       314      11.6         27.1   1013.9       89
07/03/2025  20:30:00          0.0       312      12.0         27.1   1014.1       89
07/03/2025  20:45:00          0.0       312      15.2         27.0   1014.2       88
07/03/2025  21:00:00          0.0       318       8.5         27.0   1014.1       89
07/03/2025  21:15:00          0.0       295       8.1         27.1   1014.1       89
07/03/2025  21:30:00          0.0         -       0.0         27.1   1014.1       88
07/03/2025  21:45:00          0.0         -       0.0         27.1   1014.1       88
07/03/2025  22:00:00          0.0       299       9.2         27.1   1014.1       88
07/03/2025  22:15:00          0.0       282       4.9         27.1   1014.1       88
07/03/2025  22:30:00          0.0         -       0.0         27.1   1014.1       88
07/03/2025  22:45:00          0.0         -       0.0         26.8   1013.8       89
07/03/2025  23:00:00          0.0         -       0.0         26.8   1013.8       89
07/03/2025  23:15:00          0.0         -       0.0         26.9   1013.6       88
07/03/2025  23:30:00          0.0         -       0.0         26.8   1013.6       89
07/03/2025  23:45:00          0.0         -       0.0         26.7   1013.3       89
08/03/2025  00:00:00          0.0         -       0.0         26.8   1013.3       89
08/03/2025  00:15:00          0.0         -       0.0         26.7   1013.1       89
08/03/2025  00:30:00          0.0         -       0.0         26.6   1012.8       89
08/03/2025  00:45:00          0.0         -       0.0         26.6   1012.8       89
08/03/2025  01:00:00          0.0         -       0.0         26.5   1012.6       90
08/03/2025  01:15:00          0.0         -       0.0         26.4   1012.6       90
08/03/2025  01:30:00          0.0         -       0.0         26.4   1012.4       90
08/03/2025  01:45:00          0.0         -       0.0         26.4   1012.1       90
08/03/2025  02:00:00          0.0       230       1.4         26.4   1011.9       90
08/03/2025  02:15:00          0.0       213       4.6         26.3   1011.9       89
08/03/2025  02:30:00          0.0       196       2.5         26.2   1011.9       90
08/03/2025  02:45:00          0.0         -       0.0         26.2   1011.6       89
08/03/2025  03:00:00          0.0       197       0.7         26.2   1011.6       89
08/03/2025  03:15:00          0.0         -       0.0         26.0   1011.6       89
08/03/2025  03:30:00          0.0         -       0.0         25.9   1011.4       90
08/03/2025  03:45:00          0.0         -       0.0         26.0   1011.6       90
08/03/2025  04:00:00          0.0       199       6.7         25.8   1011.6       90
08/03/2025  04:15:00          0.0       177       4.6         25.8   1011.9       90
08/03/2025  04:30:00          0.0       196       5.3         25.8   1011.9       91
08/03/2025  04:45:00          0.0         -       0.0         25.7   1011.9       91
08/03/2025  05:00:00          0.0       194       1.8         25.6   1011.9       91
08/03/2025  05:15:00          0.0         -       0.0         25.5   1011.9       92
08/03/2025  05:30:00          0.0         -       0.0         25.5   1012.1       92
08/03/2025  05:45:00          0.0       196       4.9         24.9   1012.1       93
08/03/2025  06:00:00          0.0         -       0.0         25.0   1012.4       94
08/03/2025  06:15:00          0.0         -       0.0         25.4   1012.4       94
08/03/2025  06:30:00          0.0         -       0.0         25.5   1012.6       94
08/03/2025  06:45:00          0.0         -       0.0         26.2   1012.6       92
08/03/2025  07:00:00          0.0       217       4.9         26.8   1012.6       91
08/03/2025  07:15:00          0.0       194       4.9         27.0   1012.8       88
08/03/2025  07:30:00          0.0       229       6.0         26.9   1012.7       89
08/03/2025  07:45:00          0.0       200       5.3         27.5   1012.7       87
08/03/2025  08:00:00          0.0       193       7.4         28.3   1013.0       85
08/03/2025  08:15:00          0.0       178       6.0         28.6   1013.0       85
08/03/2025  08:30:00          0.0       185       8.1         28.1   1013.0       85
08/03/2025  08:45:00          0.0       191       6.7         28.4   1013.0       84
08/03/2025  09:00:00          0.0       228       7.8         29.0   1012.7       83
08/03/2025  09:15:00          0.0       193       8.8         28.4   1012.5       85
08/03/2025  09:30:00          0.0       234       6.7         28.0   1012.8       81
08/03/2025  09:45:00          0.0       224       8.1         28.6   1012.5       76
08/03/2025  10:00:00          0.0       199       8.1         29.2   1012.6       73
08/03/2025  10:15:00          0.0         -       0.0         30.6   1012.5       73
08/03/2025  10:30:00          0.0       170       8.5         30.3   1012.2       73
08/03/2025  10:45:00          0.0       190      13.4         30.9   1012.1       72
08/03/2025  11:00:00          0.0       193      11.3         29.9   1012.4       74
08/03/2025  11:15:00          0.0       200      11.6         29.9   1012.1       75
08/03/2025  11:30:00          0.0       201      16.2         30.7   1011.7       73
08/03/2025  11:45:00          0.0       186      15.2         30.7   1011.7       72
08/03/2025  12:00:00          0.0       207      12.0         32.0   1011.1       67
08/03/2025  12:15:00          0.0       205      11.3         32.2   1011.1       64
08/03/2025  12:30:00          0.0       243      15.2         31.7   1011.0       63
08/03/2025  12:45:00          0.0       194       9.9         31.7   1010.8       64
08/03/2025  13:00:00          0.0       239       6.4         32.7   1010.5       61
08/03/2025  13:15:00          0.0         -       0.0         32.8   1010.6       59
08/03/2025  13:30:00          0.0         -       0.0         31.6   1010.4       61
08/03/2025  13:45:00          0.0       278       9.9         31.6   1010.2       62
08/03/2025  14:00:00          0.0       280      10.6         31.3   1009.9       66
08/03/2025  14:15:00          0.0       314      13.8         30.8   1009.9       67
08/03/2025  14:30:00          0.0       310      22.9         29.6   1009.9       71
08/03/2025  14:45:00          0.0       309      20.1         30.1   1009.9       70
08/03/2025  15:00:00          0.0       304       7.4         30.0   1009.5       71
08/03/2025  15:15:00          0.0         -       0.0         30.7   1009.7       70
08/03/2025  15:30:00          0.0       284       7.4         30.4   1009.3       71
08/03/2025  15:45:00          0.0       291       7.8         30.4   1009.7       71
08/03/2025  16:00:00          0.0       332      25.4         29.7   1009.3       73
08/03/2025  16:15:00          0.0       330      22.6         29.0   1009.7       77
08/03/2025  16:30:00          0.0       323      21.5         29.5   1009.9       77
08/03/2025  16:45:00          0.0       313       1.8         29.3   1009.9       78
08/03/2025  17:00:00          0.0       330      15.9         28.9   1009.5       78
08/03/2025  17:15:00          0.0       324       7.8         29.2   1009.5       77
08/03/2025  17:30:00          0.0       295      11.6         28.4   1009.8       80
08/03/2025  17:45:00          0.0       296      17.3         27.8   1010.0       82
08/03/2025  18:00:00          0.0       337      11.3         27.7   1010.4       84
08/03/2025  18:15:00          0.0       280       9.9         27.6   1010.3       83
08/03/2025  18:30:00          0.0         -       0.0         28.0   1010.8       83
08/03/2025  18:45:00          0.0       279       3.9         27.9   1011.0       82
08/03/2025  19:00:00          0.0       327      14.1         27.5   1011.0       83
08/03/2025  19:15:00          0.0       324       3.9         27.1   1010.8       85
08/03/2025  19:30:00          0.0       346       9.9         27.1   1011.0       86
08/03/2025  19:45:00          0.0       309      14.8         27.3   1011.0       86
08/03/2025  20:00:00          0.0       358       7.4         27.2   1011.3       86
08/03/2025  20:15:00          0.0       317      10.6         27.3   1011.0       86
08/03/2025  20:30:00          0.0       274       4.9         27.2   1011.4       86
08/03/2025  20:45:00          0.0       302       7.4         27.4   1011.3       85
08/03/2025  21:00:00          0.0       303       6.7         27.4   1011.4       84
08/03/2025  21:15:00          0.0       327       4.6         27.4   1011.1       85
08/03/2025  21:30:00          0.0       328       8.1         27.4   1011.4       85
08/03/2025  21:45:00          0.0         -       0.0         27.4   1011.3       85
08/03/2025  22:00:00          0.0         -       0.0         27.4   1011.5       85
08/03/2025  22:15:00          0.0       321       4.9         27.4   1011.3       86
08/03/2025  22:30:00          0.0         -       0.0         27.1   1010.9       86
08/03/2025  22:45:00          0.0         -       0.0         27.2   1010.8       85
08/03/2025  23:00:00          0.0       326       4.6         27.1   1010.8       85
08/03/2025  23:15:00          0.0       207       6.0         27.2   1010.6       84
08/03/2025  23:30:00          0.0       200       6.7         26.9   1010.6       84
08/03/2025  23:45:00          0.0       193       4.6         26.8   1010.5       84
09/03/2025  00:00:00          0.0       183       4.2         26.8   1010.2       85
09/03/2025  00:15:00          0.0         -       0.0         26.7   1010.2       85
09/03/2025  00:30:00          0.0       183       4.6         26.5   1010.2       85
09/03/2025  00:45:00          0.0       166       5.6         26.6   1009.9       85
09/03/2025  01:00:00          0.0       191       4.2         26.5   1009.7       85
09/03/2025  01:15:00          0.0       209       4.6         26.3   1009.7       86
09/03/2025  01:30:00          0.0       179       7.4         26.2   1009.5       86
09/03/2025  01:45:00          0.0       183       2.1         26.2   1009.2       86
09/03/2025  02:00:00          0.0         -       0.0         26.1   1009.2       87
09/03/2025  02:15:00          0.0         -       0.0         26.1   1008.9       87
09/03/2025  02:30:00          0.0         -       0.0         26.0   1009.2       87
09/03/2025  02:45:00          0.0         -       0.0         26.0   1008.9       87
09/03/2025  03:00:00          0.0         -       0.0         25.8   1008.9       88
09/03/2025  03:15:00          0.0         -       0.0         25.8   1008.9       89
09/03/2025  03:30:00          0.0       203       4.6         25.5   1008.9       90
09/03/2025  03:45:00          0.0         -       0.0         25.4   1008.9       91
09/03/2025  04:00:00          0.0       189       4.9         25.3   1008.9       91
09/03/2025  04:15:00          0.0       200       4.9         25.3   1009.2       92
09/03/2025  04:30:00          0.0         -       0.0         25.3   1009.2       92
09/03/2025  04:45:00          0.0       187       2.5         25.3   1009.2       92
09/03/2025  05:00:00          0.0       185       4.6         25.2   1009.2       92
09/03/2025  05:15:00          0.0       188       4.9         25.2   1009.4       92
09/03/2025  05:30:00          0.0       200       3.9         25.1   1009.4       92
09/03/2025  05:45:00          0.0         -       0.0         25.2   1009.4       93
09/03/2025  06:00:00          0.0       221       4.6         25.1   1009.4       93
09/03/2025  06:15:00          0.0         -       0.0         25.2   1009.4       93
09/03/2025  06:30:00          0.0       187       4.6         25.8   1009.4       92
09/03/2025  06:45:00          0.0         -       0.0         26.2   1009.4       91
09/03/2025  07:00:00          0.0       186       8.8         26.3   1009.4       91
09/03/2025  07:15:00          0.0         -       0.0         26.8   1009.5       90
09/03/2025  07:30:00          0.0         -       0.0         26.8   1009.5       89
09/03/2025  07:45:00          0.0       169       6.7         27.5   1009.3       88
09/03/2025  08:00:00          0.0       196      10.2         27.4   1009.3       85
09/03/2025  08:15:00          0.0       216       9.5         27.6   1009.3       85
09/03/2025  08:30:00          0.0       217       7.4         27.4   1009.3       86
09/03/2025  08:45:00          0.0       188       5.6         28.5   1009.1       83
09/03/2025  09:00:00          0.0       181       8.1         29.0   1009.1       82
09/03/2025  09:15:00          0.0       200       4.6         29.0   1009.2       81
09/03/2025  09:30:00          0.0       183       9.2         28.9   1008.8       80
09/03/2025  09:45:00          0.0       179       7.1         29.3   1008.9       78
09/03/2025  10:00:00          0.0       191       8.1         29.6   1008.4       76
09/03/2025  10:15:00          0.0         -       0.0         30.6   1008.6       73
09/03/2025  10:30:00          0.0       183       6.0         31.1   1008.2       70
09/03/2025  10:45:00          0.0       253       4.2         31.8   1008.2       66
09/03/2025  11:00:00          0.0       203       4.6         31.6   1008.0       65
09/03/2025  11:15:00          0.0       179       9.2         32.2   1007.5       64
09/03/2025  11:30:00          0.0       223       9.5         32.1   1007.3       63
09/03/2025  11:45:00          0.0       173       9.2         32.5   1007.1       62
09/03/2025  12:00:00          0.0       173       6.0         34.1   1006.9       57
09/03/2025  12:15:00          0.0       193       8.1         34.6   1006.6       55
09/03/2025  12:30:00          0.0         -       0.0         34.8   1006.1       53
09/03/2025  12:45:00          0.0       226       9.5         33.3   1006.0       53
09/03/2025  13:00:00          0.0       225       5.6         34.5   1005.9       50
09/03/2025  13:15:00          0.0       235      10.6         33.9   1005.8       49
09/03/2025  13:30:00          0.0       226      12.3         34.3   1005.5       52
09/03/2025  13:45:00          0.0         -       0.0         33.9   1005.3       53
09/03/2025  14:00:00          0.0         -       0.0         34.9   1005.2       53
09/03/2025  14:15:00          0.0       314      17.6         32.9   1004.7       56
09/03/2025  14:30:00          0.0       335      23.6         32.2   1004.8       58
09/03/2025  14:45:00          0.0       293      10.2         31.9   1004.9       60
09/03/2025  15:00:00          0.0       305       9.2         32.3   1004.5       60
09/03/2025  15:15:00          0.0       314      21.5         31.7   1004.7       62
09/03/2025  15:30:00          0.0       332       7.4         32.5   1004.3       59
09/03/2025  15:45:00          0.0       292       8.5         31.3   1004.4       62
09/03/2025  16:00:00          0.0       318      18.0         31.4   1004.5       62
09/03/2025  16:15:00          0.0       310      12.0         31.4   1004.3       64
09/03/2025  16:30:00          0.0       302      14.1         31.1   1004.5       63
09/03/2025  16:45:00          0.0       310      14.5         30.8   1004.8       63
09/03/2025  17:00:00          0.0       314      16.9         30.8   1004.8       63
09/03/2025  17:15:00          0.0       338      11.6         30.5   1004.8       64
09/03/2025  17:30:00          0.0       274      19.4         30.4   1004.7       65
09/03/2025  17:45:00          0.0       234       5.6         30.3   1004.9       65
09/03/2025  18:00:00          0.0       328      10.6         30.2   1005.2       65
09/03/2025  18:15:00          0.0       297      19.1         30.1   1005.4       65
09/03/2025  18:30:00          0.0       347       6.4         30.1   1005.6       66
09/03/2025  18:45:00          0.0       345       5.6         30.4   1006.1       63
09/03/2025  19:00:00          0.0       299       6.0         30.4   1006.2       63
09/03/2025  19:15:00          0.0       342      14.1         30.5   1006.4       61
09/03/2025  19:30:00          0.0       332       9.2         30.5   1006.4       62
09/03/2025  19:45:00          0.0         -       0.0         30.5   1006.6       63
09/03/2025  20:00:00          0.0         -       0.0         30.6   1006.6       64
09/03/2025  20:15:00          0.0       327       4.2         30.7   1006.9       66
09/03/2025  20:30:00          0.0         -       0.0         30.7   1006.9       67
09/03/2025  20:45:00          0.0       169       9.5         30.1   1006.9       70
09/03/2025  21:00:00          0.0       112       7.4         29.3   1007.3       73
09/03/2025  21:15:00          0.0       169       7.8         29.0   1007.3       76
09/03/2025  21:30:00          0.0         -       0.0         29.0   1007.6       77
09/03/2025  21:45:00          0.0       100       2.5         29.0   1007.8       76
09/03/2025  22:00:00          0.0         -       0.0         28.9   1007.8       77
09/03/2025  22:15:00          0.0       048       8.1         28.7   1007.7       78
09/03/2025  22:30:00          0.0         -       0.0         28.4   1007.8       79
09/03/2025  22:45:00          0.0         -       0.0         28.4   1007.6       79
09/03/2025  23:00:00          0.0         -       0.0         28.5   1007.2       80
09/03/2025  23:15:00          0.0         -       0.0         28.6   1007.2       79
09/03/2025  23:30:00          0.0         -       0.0         28.8   1007.3       78
09/03/2025  23:45:00          0.0         -       0.0         28.7   1007.3       78
10/03/2025  00:00:00          0.0       176       7.4         27.5   1007.2       82
10/03/2025  00:15:00          0.0         -       0.0         27.0   1007.1       85
10/03/2025  00:30:00          0.0         -       0.0         27.1   1007.1       85
10/03/2025  00:45:00          0.0         -       0.0         26.6   1007.3       87
10/03/2025  01:00:00          0.0         -       0.0         26.3   1007.3       89
10/03/2025  01:15:00          0.0         -       0.0         26.6   1007.0       89
10/03/2025  01:30:00          0.0         -       0.0         26.7   1007.0       88
10/03/2025  01:45:00          0.0         -       0.0         26.6   1007.2       88
10/03/2025  02:00:00          0.0         -       0.0         26.3   1007.2       89
10/03/2025  02:15:00          0.0         -       0.0         26.5   1007.0       88
10/03/2025  02:30:00          0.0         -       0.0         26.8   1006.5       87
10/03/2025  02:45:00          0.0         -       0.0         27.1   1006.7       86
10/03/2025  03:00:00          0.0         -       0.0         27.2   1006.5       85
10/03/2025  03:15:00          0.0       210       4.6         26.9   1006.7       86
10/03/2025  03:30:00          0.0         -       0.0         26.6   1006.7       88
10/03/2025  03:45:00          0.0         -       0.0         26.8   1006.9       88
10/03/2025  04:00:00          0.0         -       0.0         26.8   1006.7       88
10/03/2025  04:15:00          0.0         -       0.0         26.6   1007.0       88
10/03/2025  04:30:00          0.0       206       7.1         26.0   1007.2       89
10/03/2025  04:45:00          0.0         -       0.0         25.7   1007.0       91
10/03/2025  05:00:00          0.0         -       0.0         25.8   1007.2       92
10/03/2025  05:15:00          0.0       200       7.1         25.9   1007.0       91
10/03/2025  05:30:00          0.0         -       0.0         26.1   1007.0       90
10/03/2025  05:45:00          0.0         -       0.0         26.2   1007.0       90
10/03/2025  06:00:00          0.0         -       0.0         26.2   1007.2       89
10/03/2025  06:15:00          0.0         -       0.0         26.5   1007.2       89
10/03/2025  06:30:00          0.0         -       0.0         27.3   1007.3       87
10/03/2025  06:45:00          0.0       198       7.8         27.1   1007.1       86
10/03/2025  07:00:00          0.0       183       9.2         28.4   1007.2       85
10/03/2025  07:15:00          0.0       173       8.8         28.4   1007.6       84
10/03/2025  07:30:00          0.0       187       1.4         28.7   1008.1       81
10/03/2025  07:45:00          0.0       212       6.4         28.8   1008.1       82
10/03/2025  08:00:00          0.0       193      10.6         28.1   1008.1       84
10/03/2025  08:15:00          0.0       232       9.5         28.1   1008.1       82
10/03/2025  08:30:00          0.0       214      10.6         27.3   1008.2       85
10/03/2025  08:45:00          0.0       234       7.8         28.3   1008.1       85
10/03/2025  09:00:00          0.0       189       5.6         29.3   1008.3       81
10/03/2025  09:15:00          0.0       182      10.6         30.5   1008.4       79
10/03/2025  09:30:00          0.0       224       6.0         30.1   1008.4       77
10/03/2025  09:45:00          0.0       195      13.4         31.4   1008.1       75
10/03/2025  10:00:00          0.0       131       8.5         31.9   1008.4       71
10/03/2025  10:15:00          0.0       038       7.1         31.0   1008.1       69
10/03/2025  10:30:00          0.0       020       5.3         31.6   1008.2       67
10/03/2025  10:45:00          0.0       068      16.2         31.1   1008.2       68
10/03/2025  11:00:00          0.0       061      10.9         31.5   1008.2       66
10/03/2025  11:15:00          0.0         -       0.0         31.1   1008.0       68
10/03/2025  11:30:00          0.0       002       6.4         30.5   1008.0       71
10/03/2025  11:45:00          0.0         -       0.0         30.8   1008.0       70
10/03/2025  12:00:00          0.0       357      14.8         30.8   1007.7       72
10/03/2025  12:15:00          0.0       345      18.0         30.4   1007.3       73
10/03/2025  12:30:00          0.0       354      18.7         30.8   1007.3       72
10/03/2025  12:45:00          0.0       336       6.4         30.4   1007.0       71
10/03/2025  13:00:00          0.0       335      14.5         31.3   1006.9       68
10/03/2025  13:15:00          0.0         -       0.0         31.5   1006.9       67
10/03/2025  13:30:00          0.0       334      15.9         30.6   1006.6       70
10/03/2025  13:45:00          0.0       351      12.7         29.8   1006.6       73
10/03/2025  14:00:00          0.0       335      24.0         29.8   1006.7       75
10/03/2025  14:15:00          0.0       350      18.7         30.1   1006.6       73
10/03/2025  14:30:00          0.0       322      14.1         30.0   1006.6       73
10/03/2025  14:45:00          0.0       330      24.3         29.8   1006.4       73
10/03/2025  15:00:00          0.0       094      10.2         29.3   1006.7       75
10/03/2025  15:15:00          0.0       044      10.9         29.5   1006.7       74
10/03/2025  15:30:00          0.0       332      22.2         29.6   1006.6       75
10/03/2025  15:45:00          0.0       336      37.4         29.3   1006.6       75
10/03/2025  16:00:00          0.0       333      24.0         29.3   1006.4       76
10/03/2025  16:15:00          0.0       358      23.3         28.8   1006.6       77
10/03/2025  16:30:00          0.0       029      10.6         28.9   1006.7       77
10/03/2025  16:45:00          0.0       054      15.5         28.8   1007.1       77
10/03/2025  17:00:00          0.0         -       0.0         28.6   1007.7       77
10/03/2025  17:15:00          0.0       333      13.1         28.5   1007.8       78
10/03/2025  17:30:00          0.0       301       9.5         28.3   1008.2       79
10/03/2025  17:45:00          0.0       332      18.3         28.2   1008.3       79
10/03/2025  18:00:00          0.0       345      17.6         27.9   1008.6       80
10/03/2025  18:15:00          0.0       360       7.4         27.7   1008.9       81
10/03/2025  18:30:00          0.0         -       0.0         27.5   1008.8       82
10/03/2025  18:45:00          0.0         -       0.0         27.7   1009.1       82
10/03/2025  19:00:00          0.0       331       6.0         27.5   1009.3       81
10/03/2025  19:15:00          0.0       000      12.0         27.4   1009.3       82
10/03/2025  19:30:00          0.0         -       0.0         27.7   1009.3       81
10/03/2025  19:45:00          0.0         -       0.0         27.9   1009.2       81
10/03/2025  20:00:00          0.0       342       5.6         27.6   1009.5       81
10/03/2025  20:15:00          0.0       349       6.7         27.4   1009.4       82
10/03/2025  20:30:00          0.0         -       0.0         27.4   1009.8       82
10/03/2025  20:45:00          0.0         -       0.0         27.4   1010.0       81
10/03/2025  21:00:00          0.0         -       0.0         27.6   1010.5       80
10/03/2025  21:15:00          0.0         -       0.0         28.0   1010.6       79
10/03/2025  21:30:00          0.0         -       0.0         27.9   1010.8       79
10/03/2025  21:45:00          0.0         -       0.0         27.7   1010.9       80
10/03/2025  22:00:00          0.0         -       0.0         27.7   1011.1       80
10/03/2025  22:15:00          0.0         -       0.0         27.8   1011.0       81
10/03/2025  22:30:00          0.0         -       0.0         27.5   1011.0       82
10/03/2025  22:45:00          0.0         -       0.0         27.5   1011.0       82
10/03/2025  23:00:00          0.0         -       0.0         27.3   1010.9       83
10/03/2025  23:15:00          0.0         -       0.0         27.3   1010.4       83
10/03/2025  23:30:00          0.0         -       0.0         27.4   1010.2       83
10/03/2025  23:45:00          0.0       195       5.3         27.2   1009.9       83
11/03/2025  00:00:00          0.0         -       0.0         26.6   1009.9       86
11/03/2025  00:15:00          0.0       201       8.1         26.2   1010.3       87
11/03/2025  00:30:00          0.0       202       5.3         26.1   1010.2       88
11/03/2025  00:45:00          0.0         -       0.0         26.3   1010.2       88
11/03/2025  01:00:00          0.0         -       0.0         26.5   1010.2       87
11/03/2025  01:15:00          0.0       204       6.7         26.4   1010.2       86
11/03/2025  01:30:00          0.0       189       0.7         26.2   1010.2       87
11/03/2025  01:45:00          0.0         -       0.0         26.3   1010.2       88
11/03/2025  02:00:00          0.0         -       0.0         26.0   1009.7       89
11/03/2025  02:15:00          0.0       186       5.3         26.0   1009.7       89
11/03/2025  02:30:00          0.0       209       6.4         25.8   1009.4       90
11/03/2025  02:45:00          0.0         -       0.0         25.7   1009.4       90
11/03/2025  03:00:00          0.0         -       0.0         25.6   1009.4       91
11/03/2025  03:15:00          0.0         -       0.0         25.7   1009.2       91
11/03/2025  03:30:00          0.0         -       0.0         25.8   1009.2       91
11/03/2025  03:45:00          0.0         -       0.0         25.8   1009.5       91
11/03/2025  04:00:00          0.0         -       0.0         25.9   1009.4       91
11/03/2025  04:15:00          0.0         -       0.0         25.9   1009.4       90
11/03/2025  04:30:00          0.0         -       0.0         26.2   1009.7       90
11/03/2025  04:45:00          0.0         -       0.0         25.8   1009.9       90
11/03/2025  05:00:00          0.0         -       0.0         25.7   1010.2       92
11/03/2025  05:15:00          0.0         -       0.0         25.7   1010.2       93
11/03/2025  05:30:00          0.0       188       5.3         25.6   1010.5       93
11/03/2025  05:45:00          0.0         -       0.0         25.5   1010.6       94
11/03/2025  06:00:00          0.0         -       0.0         25.5   1010.4       94
11/03/2025  06:15:00          0.0       194       3.5         25.5   1010.4       95
11/03/2025  06:30:00          0.0       198       2.1         26.1   1010.6       93
11/03/2025  06:45:00          0.0         -       0.0         26.3   1010.6       92
11/03/2025  07:00:00          0.0       186       4.6         26.6   1011.1       91
11/03/2025  07:15:00          0.0       214       0.4         27.1   1011.5       89
11/03/2025  07:30:00          0.0       177       7.4         27.3   1011.5       88
11/03/2025  07:45:00          0.0       187       6.0         27.9   1011.4       86
11/03/2025  08:00:00          0.0         -       0.0         28.8   1011.7       85
11/03/2025  08:15:00          0.0       178       4.9         28.9   1011.7       81
11/03/2025  08:30:00          0.0       202      11.3         29.6   1011.7       83
11/03/2025  08:45:00          0.0       196      12.7         29.3   1011.9       80
11/03/2025  09:00:00          0.0       178       4.6         29.3   1011.7       82
11/03/2025  09:15:00          0.0         -       0.0         30.0   1011.9       79
11/03/2025  09:30:00          0.0       159      11.6         29.8   1011.9       77
11/03/2025  09:45:00          0.0       179       8.1         31.3   1011.9       76
11/03/2025  10:00:00          0.0       195      12.0         31.7   1011.5       72
11/03/2025  10:15:00          0.0       210       6.7         29.8   1011.5       73
11/03/2025  10:30:00          0.0       218       7.8         29.7   1011.6       72
11/03/2025  10:45:00          0.0       208       9.2         31.9   1011.3       65
11/03/2025  11:00:00          0.0       188      13.1         31.1   1011.4       69
11/03/2025  11:15:00          0.0         -       0.0         32.9   1011.4       65
11/03/2025  11:30:00          0.0       219      14.8         31.6   1011.0       67
11/03/2025  11:45:00          0.0       194       6.0         31.6   1011.0       68
11/03/2025  12:00:00          0.0       226      10.6         32.3   1010.9       65
11/03/2025  12:15:00          0.0       201       6.0         32.3   1010.5       62
11/03/2025  12:30:00          0.0         -       0.0         32.6   1010.6       61
11/03/2025  12:45:00          0.0         -       0.0         31.6   1010.4       63
11/03/2025  13:00:00          0.0         -       0.0         32.0   1010.0       62
11/03/2025  13:15:00          0.0       298      11.3         31.4   1010.2       61
11/03/2025  13:30:00          0.0       302      15.9         30.5   1009.5       66
11/03/2025  13:45:00          0.0       325      16.9         29.8   1009.7       68
11/03/2025  14:00:00          0.0       315       8.5         29.6   1009.4       69
11/03/2025  14:15:00          0.0       338       8.5         30.3   1009.2       69
11/03/2025  14:30:00          0.0       291       5.6         30.2   1009.4       69
11/03/2025  14:45:00          0.0       272      10.9         31.1   1009.2       68
11/03/2025  15:00:00          0.0         -       0.0         30.5   1008.9       69
11/03/2025  15:15:00          0.0       105       1.4         30.2   1008.6       71
11/03/2025  15:30:00          0.0       322      10.2         29.6   1008.9       71
11/03/2025  15:45:00          0.0       288       7.4         29.6   1008.9       74
11/03/2025  16:00:00          0.0       244      10.6         29.3   1008.7       75
11/03/2025  16:15:00          0.0         -       0.0         29.3   1008.8       76
11/03/2025  16:30:00          0.0       305      18.3         28.9   1009.3       77
11/03/2025  16:45:00          0.0       314      17.6         28.5   1009.3       77
11/03/2025  17:00:00          0.0       306      25.4         28.3   1009.5       79
11/03/2025  17:15:00          0.0       229       4.9         28.3   1009.8       80
11/03/2025  17:30:00          0.0       325      12.0         27.8   1009.8       81
11/03/2025  17:45:00          0.0       330      17.6         27.8   1009.8       81
11/03/2025  18:00:00          0.0         -       0.0         27.8   1010.3       82
11/03/2025  18:15:00          0.0       305      14.8         27.4   1010.3       84
11/03/2025  18:30:00          0.0       310      26.8         27.3   1010.3       85
11/03/2025  18:45:00          0.0       314      13.4         27.2   1010.5       87
11/03/2025  19:00:00          0.0       331      20.1         26.9   1010.5       87
11/03/2025  19:15:00          0.0       316      14.8         27.0   1011.0       89
11/03/2025  19:30:00          0.0       315      15.2         26.8   1011.3       89
11/03/2025  19:45:00          0.0       301       9.2         27.0   1011.4       89
11/03/2025  20:00:00          0.0       306      15.5         27.0   1011.7       89
11/03/2025  20:15:00          0.0       205       5.6         27.1   1011.6       90
11/03/2025  20:30:00          0.0       312      10.9         27.0   1012.1       90
11/03/2025  20:45:00          3.0       338      12.0         26.8   1012.4       91
11/03/2025  21:00:00          1.6         -       0.0         26.1   1012.4       94
11/03/2025  21:15:00          0.6       328       6.0         26.3   1012.6       95
11/03/2025  21:30:00          1.0         -       0.0         26.1   1012.6       95
11/03/2025  21:45:00          0.4       310       3.9         26.2   1012.6       95
11/03/2025  22:00:00          0.0       340       8.5         26.3   1012.8       94
11/03/2025  22:15:00          0.0       315       6.7         26.5   1012.6       92
11/03/2025  22:30:00          0.0       341       2.8         26.5   1012.8       91
11/03/2025  22:45:00          0.0       300       9.9         26.5   1012.8       90
11/03/2025  23:00:00          0.0       324       8.1         26.5   1012.8       90
11/03/2025  23:15:00          0.0         -       0.0         26.6   1012.6       90
11/03/2025  23:30:00          0.0       184      11.6         26.8   1012.5       91
11/03/2025  23:45:00          3.6         -       0.0         25.5   1012.1       94
12/03/2025  00:00:00          1.0       083       8.1         25.1   1012.1       96
12/03/2025  00:15:00          0.0         -       0.0         25.4   1012.1       98
12/03/2025  00:30:00          0.4         -       0.0         25.4   1011.9       98
12/03/2025  00:45:00          0.0         -       0.0         25.5   1011.9       99
12/03/2025  01:00:00          0.0       331       3.5         25.7   1011.6       99
12/03/2025  01:15:00          0.0         -       0.0         25.8   1011.4       98
12/03/2025  01:30:00          0.0         -       0.0         25.7   1011.4       98
12/03/2025  01:45:00          0.0         -       0.0         25.8   1011.4       98
12/03/2025  02:00:00          0.0         -       0.0         25.7   1011.1       98
12/03/2025  02:15:00          0.0         -       0.0         25.8   1010.9       97
12/03/2025  02:30:00          0.0         -       0.0         25.7   1010.9       96
12/03/2025  02:45:00          0.0         -       0.0         25.6   1010.9       96
12/03/2025  03:00:00          0.0         -       0.0         25.4   1010.9       97
12/03/2025  03:15:00          0.0         -       0.0         25.7   1010.8       97
12/03/2025  03:30:00          0.0         -       0.0         25.5   1010.9       97
12/03/2025  03:45:00          0.0         -       0.0         25.5   1010.9       97
12/03/2025  04:00:00          0.0         -       0.0         25.5   1010.9       97
12/03/2025  04:15:00          0.0         -       0.0         25.4   1010.9       97
12/03/2025  04:30:00          0.0         -       0.0         25.4   1010.9       97
12/03/2025  04:45:00          0.0         -       0.0         25.4   1010.6       97
12/03/2025  05:00:00          0.0       197       2.5         25.4   1010.6       97
12/03/2025  05:15:00          0.0         -       0.0         25.3   1010.6       97
12/03/2025  05:30:00          0.0         -       0.0         24.9   1010.9       98
12/03/2025  05:45:00          0.0         -       0.0         24.8   1011.1       98
12/03/2025  06:00:00          0.0         -       0.0         25.0   1011.1       98
12/03/2025  06:15:00          0.0         -       0.0         25.2   1011.1       98
12/03/2025  06:30:00          0.0         -       0.0         25.8   1011.1       97
12/03/2025  06:45:00          0.0       181       6.7         26.7   1011.4       95
12/03/2025  07:00:00          0.0       187       2.5         27.2   1011.7       91
12/03/2025  07:15:00          0.0       170       6.7         27.2   1011.6       88
12/03/2025  07:30:00          0.0         -       0.0         27.6   1011.7       87
12/03/2025  07:45:00          0.0       179       6.4         27.7   1012.0       86
12/03/2025  08:00:00          0.0         -       0.0         27.7   1012.2       85
12/03/2025  08:15:00          0.0         -       0.0         27.7   1012.2       86
12/03/2025  08:30:00          0.0         -       0.0         28.6   1012.2       84
12/03/2025  08:45:00          0.0         -       0.0         29.4   1012.2       81
12/03/2025  09:00:00          0.0       192       7.8         28.9   1012.2       80
12/03/2025  09:15:00          0.0       184       4.6         29.7   1012.2       80
12/03/2025  09:30:00          0.0       208       7.1         28.8   1012.2       80
12/03/2025  09:45:00          0.0       216       4.2         30.5   1012.1       76
12/03/2025  10:00:00          0.0       171       7.4         31.6   1012.1       74
12/03/2025  10:15:00          0.0       183       7.4         29.9   1011.9       78
12/03/2025  10:30:00          0.0       160       7.1         30.9   1011.9       77
12/03/2025  10:45:00          0.0       177       8.5         31.0   1011.6       75
12/03/2025  11:00:00          0.0       189       8.1         31.4   1011.4       73
12/03/2025  11:15:00          0.0         -       0.0         31.7   1011.1       74
12/03/2025  11:30:00          0.0       191       7.8         32.2   1011.1       70
12/03/2025  11:45:00          0.0       181      10.9         34.0   1010.6       66
12/03/2025  12:00:00          0.0       179      10.9         33.5   1010.4       66
12/03/2025  12:15:00          0.0       221       4.6         33.2   1010.0       64
12/03/2025  12:30:00          0.0         -       0.0         32.6   1009.9       65
12/03/2025  12:45:00          0.0       178      11.6         33.8   1009.4       64
12/03/2025  13:00:00          0.0       221      11.3         34.3   1009.1       64
12/03/2025  13:15:00          0.0       202      10.2         33.4   1008.9       63
12/03/2025  13:30:00          0.0         -       0.0         34.2   1008.7       60
12/03/2025  13:45:00          0.0         -       0.0         34.6   1008.8       59
12/03/2025  14:00:00          0.0         -       0.0         34.2   1008.1       60
12/03/2025  14:15:00          0.0       229      12.3         34.2   1008.2       60
12/03/2025  14:30:00          0.0       306      26.8         32.0   1008.2       67
12/03/2025  14:45:00          0.0       276      18.3         31.1   1007.7       72
12/03/2025  15:00:00          0.0       206       6.4         31.3   1007.7       73
12/03/2025  15:15:00          0.0       225       8.8         30.4   1007.7       75
12/03/2025  15:30:00          0.0       326       5.3         30.7   1008.0       73
12/03/2025  15:45:00          0.0       259      11.6         30.8   1007.7       73
12/03/2025  16:00:00          0.0       330      10.9         29.9   1007.7       74
12/03/2025  16:15:00          0.0       323      12.3         29.8   1007.6       76
12/03/2025  16:30:00          0.0       298       3.2         29.8   1008.4       75
12/03/2025  16:45:00          0.0       307      13.8         29.3   1008.2       76
12/03/2025  17:00:00          0.0       325      23.6         29.0   1008.4       79
12/03/2025  17:15:00          0.0       293      11.6         29.0   1008.1       79
12/03/2025  17:30:00          0.0       302      18.0         29.3   1008.1       76
12/03/2025  17:45:00          0.0       273      15.5         29.0   1008.3       78
12/03/2025  18:00:00          0.0       319      22.9         29.0   1008.6       78
12/03/2025  18:15:00          0.0       308      19.4         29.1   1008.3       78
12/03/2025  18:30:00          0.0       340      10.2         29.3   1008.7       78
12/03/2025  18:45:00          0.0         -       0.0         29.7   1009.1       77
12/03/2025  19:00:00          0.0       200      26.1         28.8   1009.8       79
12/03/2025  19:15:00          0.0         -       0.0         26.5   1010.3       84
12/03/2025  19:30:00          0.0         -       0.0         26.5   1010.3       83
12/03/2025  19:45:00          0.0       308       8.8         26.8   1009.8       81
12/03/2025  20:00:00          0.2       338       0.4         26.1   1009.4       84
12/03/2025  20:15:00          0.0         -       0.0         25.7   1009.7       88
12/03/2025  20:30:00          0.0         -       0.0         26.1   1009.7       90
12/03/2025  20:45:00          0.0         -       0.0         26.3   1009.9       91
12/03/2025  21:00:00          0.0         -       0.0         26.7   1010.2       91
12/03/2025  21:15:00          0.0         -       0.0         26.6   1010.4       90
12/03/2025  21:30:00          0.0         -       0.0         27.0   1010.4       90
12/03/2025  21:45:00          0.0         -       0.0         27.1   1010.4       90
12/03/2025  22:00:00          0.0         -       0.0         26.8   1010.5       89
12/03/2025  22:15:00          0.0         -       0.0         26.8   1010.2       88
12/03/2025  22:30:00          0.0         -       0.0         26.7   1010.3       88
12/03/2025  22:45:00          0.0         -       0.0         26.6   1009.9       88
12/03/2025  23:00:00          0.0         -       0.0         26.6   1009.7       89
12/03/2025  23:15:00          0.0         -       0.0         26.6   1009.7       90
12/03/2025  23:30:00          0.0         -       0.0         26.4   1009.2       90
12/03/2025  23:45:00          0.0         -       0.0         26.2   1009.3       91
13/03/2025  00:00:00          0.0       214       1.8         26.3   1008.9       91
13/03/2025  00:15:00          0.0       208       4.6         26.5   1008.9       91
13/03/2025  00:30:00          0.0         -       0.0         26.5   1008.4       91
13/03/2025  00:45:00          0.0         -       0.0         26.4   1008.4       92
13/03/2025  01:00:00          0.0         -       0.0         26.3   1008.4       92
13/03/2025  01:15:00          0.0         -       0.0         26.3   1008.2       93
13/03/2025  01:30:00          0.0         -       0.0         26.3   1008.2       93
13/03/2025  01:45:00          0.0         -       0.0         26.3   1008.6       93
13/03/2025  02:00:00          0.0         -       0.0         26.5   1008.4       93
13/03/2025  02:15:00          0.0         -       0.0         26.3   1008.2       93
13/03/2025  02:30:00          0.0         -       0.0         26.2   1008.0       94
13/03/2025  02:45:00          0.0         -       0.0         26.0   1007.7       95
13/03/2025  03:00:00          0.0         -       0.0         26.2   1007.7       96
13/03/2025  03:15:00          0.0         -       0.0         26.2   1007.8       96
13/03/2025  03:30:00          0.0         -       0.0         25.8   1007.7       95
13/03/2025  03:45:00          0.0         -       0.0         25.7   1007.5       96
13/03/2025  04:00:00          0.0         -       0.0         25.4   1007.5       96
13/03/2025  04:15:00          0.0         -       0.0         25.2   1007.7       97
13/03/2025  04:30:00          0.0         -       0.0         25.4   1008.0       98
13/03/2025  04:45:00          0.0         -       0.0         25.4   1008.0       97
13/03/2025  05:00:00          0.0         -       0.0         25.4   1008.0       97
13/03/2025  05:15:00          0.0         -       0.0         25.4   1008.0       97
13/03/2025  05:30:00          0.0         -       0.0         25.5   1008.0       97
13/03/2025  05:45:00          0.0         -       0.0         25.7   1008.2       96
13/03/2025  06:00:00          0.0         -       0.0         25.7   1008.2       95
13/03/2025  06:15:00          0.0         -       0.0         25.8   1008.2       95
13/03/2025  06:30:00          0.0         -       0.0         26.0   1008.2       95
13/03/2025  06:45:00          0.0         -       0.0         26.7   1008.2       95
13/03/2025  07:00:00          0.0       212       1.4         26.8   1008.2       94
13/03/2025  07:15:00          0.0         -       0.0         26.8   1008.2       94
13/03/2025  07:30:00          0.0         -       0.0         27.7   1008.6       92
13/03/2025  07:45:00          0.0         -       0.0         28.6   1008.6       89
13/03/2025  08:00:00          0.0       204       3.2         28.7   1008.8       89
13/03/2025  08:15:00          0.0       210       3.5         28.6   1008.8       87
13/03/2025  08:30:00          0.0       196       5.3         28.4   1008.8       88
13/03/2025  08:45:00          0.0         -       0.0         29.8   1009.1       85
13/03/2025  09:00:00          0.0       212       6.7         27.7   1009.1       87
13/03/2025  09:15:00          0.0       229      10.2         28.7   1009.1       87
13/03/2025  09:30:00          0.0       191      14.5         30.8   1009.1       83
13/03/2025  09:45:00          0.0       170      13.8         31.3   1009.2       79
13/03/2025  10:00:00          0.0       218       4.9         31.7   1009.2       78
13/03/2025  10:15:00          0.0       240      10.2         31.6   1008.9       76
13/03/2025  10:30:00          0.0       226      14.5         31.0   1008.9       78
13/03/2025  10:45:00          0.0       180       9.5         30.2   1008.7       81
13/03/2025  11:00:00          0.0       227      10.2         31.0   1008.3       79
13/03/2025  11:15:00          0.0       213      10.2         31.1   1008.2       78
13/03/2025  11:30:00          0.0       181      12.3         31.0   1008.1       77
13/03/2025  11:45:00          0.0       238      10.2         31.4   1008.0       77
13/03/2025  12:00:00          0.0       224      12.3         31.1   1007.3       77
13/03/2025  12:15:00          0.0       251       3.5         31.4   1007.5       78
13/03/2025  12:30:00          0.0       285      10.9         32.6   1007.3       73
13/03/2025  12:45:00          0.0       210       7.1         32.4   1007.2       74
13/03/2025  13:00:00          0.0       252       8.5         31.8   1007.0       74
13/03/2025  13:15:00          0.0         -       0.0         32.2   1006.7       73
13/03/2025  13:30:00          0.0       276       2.5         31.0   1006.5       76
13/03/2025  13:45:00          0.0       202       2.5         31.3   1006.2       76
13/03/2025  14:00:00          0.0         -       0.0         31.8   1006.0       74
13/03/2025  14:15:00          0.0         -       0.0         32.1   1005.8       74
13/03/2025  14:30:00          0.0         -       0.0         32.7   1005.9       71
13/03/2025  14:45:00          0.0         -       0.0         32.5   1005.3       71
13/03/2025  15:00:00          0.0         -       0.0         31.9   1004.9       72
13/03/2025  15:15:00          0.0         -       0.0         31.7   1005.2       72
13/03/2025  15:30:00          0.0       189       2.1         31.6   1005.0       72
13/03/2025  15:45:00          0.0         -       0.0         32.0   1004.7       72
13/03/2025  16:00:00          0.0         -       0.0         31.5   1005.3       73
13/03/2025  16:15:00          0.0       222       7.1         31.1   1005.4       74
13/03/2025  16:30:00          0.0       233       2.1         30.4   1005.5       76
13/03/2025  16:45:00          0.0         -       0.0         30.1   1006.0       77
13/03/2025  17:00:00          0.0         -       0.0         29.3   1006.5       79
13/03/2025  17:15:00          0.0       203       4.6         29.1   1007.0       81
13/03/2025  17:30:00          0.0       236       8.5         28.6   1007.1       83
13/03/2025  17:45:00          0.0         -       0.0         28.4   1007.3       85
13/03/2025  18:00:00          0.0       281       4.6         28.1   1007.6       86
13/03/2025  18:15:00          0.0       338       6.0         27.8   1007.6       87
13/03/2025  18:30:00          0.0       331       3.9         28.0   1007.6       87
13/03/2025  18:45:00          0.0         -       0.0         28.3   1007.6       87
13/03/2025  19:00:00          0.0       330       1.1         28.3   1007.6       85
13/03/2025  19:15:00          0.0       034       6.0         28.0   1008.1       85
13/03/2025  19:30:00          0.0       045       5.3         27.7   1008.6       86
13/03/2025  19:45:00          0.0       332       4.6         27.7   1008.6       86
13/03/2025  20:00:00          0.0       344      15.2         27.6   1008.9       87
13/03/2025  20:15:00          0.2       357       2.1         26.9   1008.6       89
13/03/2025  20:30:00          0.4       053       0.4         26.2   1008.7       92
13/03/2025  20:45:00          0.6         -       0.0         25.9   1008.9       94
13/03/2025  21:00:00          0.2         -       0.0         26.0   1008.9       95
13/03/2025  21:15:00          0.2         -       0.0         26.0   1008.9       96
13/03/2025  21:30:00          0.4       232       4.6         26.3   1008.7       97
13/03/2025  21:45:00          0.4         -       0.0         26.0   1008.9       98
13/03/2025  22:00:00          0.0         -       0.0         26.0   1009.1       98
13/03/2025  22:15:00          0.2       073       4.9         25.6   1008.7       99
13/03/2025  22:30:00          0.0         -       0.0         25.7   1008.7       98
13/03/2025  22:45:00          0.0         -       0.0         25.5   1008.4       98
13/03/2025  23:00:00          0.0         -       0.0         25.8   1008.0       97
13/03/2025  23:15:00          0.0         -       0.0         25.7   1008.0       96
13/03/2025  23:30:00          0.0         -       0.0         25.8   1008.2       95
13/03/2025  23:45:00          0.0         -       0.0         26.1   1008.2       94
14/03/2025  00:00:00          0.0         -       0.0         26.2   1008.2       93
14/03/2025  00:15:00          0.0         -       0.0         26.3   1008.0       93
14/03/2025  00:30:00          0.0         -       0.0         26.2   1007.5       93
14/03/2025  00:45:00          0.0         -       0.0         26.0   1007.3       93
14/03/2025  01:00:00          0.0         -       0.0         25.7   1007.2       94
14/03/2025  01:15:00          0.0         -       0.0         25.3   1007.0       96
14/03/2025  01:30:00          0.0         -       0.0         25.4   1006.7       97
14/03/2025  01:45:00          0.0         -       0.0         25.5   1006.7       97
14/03/2025  02:00:00          0.0         -       0.0         25.8   1006.5       97
14/03/2025  02:15:00          0.0         -       0.0         25.8   1006.7       97
14/03/2025  02:30:00          0.0         -       0.0         25.8   1006.7       97
14/03/2025  02:45:00          0.0         -       0.0         25.8   1006.5       97
14/03/2025  03:00:00          0.0         -       0.0         25.8   1006.5       97
14/03/2025  03:15:00          0.0         -       0.0         25.7   1006.5       98
14/03/2025  03:30:00          0.0         -       0.0         25.7   1006.7       98
14/03/2025  03:45:00          0.0         -       0.0         25.5   1006.7       99
14/03/2025  04:00:00          0.0         -       0.0         25.6   1006.7       99
14/03/2025  04:15:00          0.0         -       0.0         25.4   1006.7       99
14/03/2025  04:30:00          0.0         -       0.0         25.3   1007.0      100
14/03/2025  04:45:00          0.0         -       0.0         25.2   1007.0      100
14/03/2025  05:00:00          0.0         -       0.0         25.2   1007.0      100
14/03/2025  05:15:00          0.0         -       0.0         25.5   1007.0      100
14/03/2025  05:30:00          0.0         -       0.0         25.6   1007.2      100
14/03/2025  05:45:00          0.0         -       0.0         25.5   1007.2      100
14/03/2025  06:00:00          0.0         -       0.0         25.6   1007.5      100
14/03/2025  06:15:00          0.0         -       0.0         25.6   1007.7      100
14/03/2025  06:30:00          0.0         -       0.0         25.7   1007.7       99
14/03/2025  06:45:00          0.0         -       0.0         26.0   1007.7       98
14/03/2025  07:00:00          0.0         -       0.0         26.0   1007.7       97
14/03/2025  07:15:00          0.0         -       0.0         26.2   1008.0       96
14/03/2025  07:30:00          0.0         -       0.0         26.3   1008.0       95
14/03/2025  07:45:00          0.0         -       0.0         26.6   1008.2       94
14/03/2025  08:00:00          0.0       065       4.6         26.8   1008.2       92
14/03/2025  08:15:00          0.0         -       0.0         27.1   1008.2       90
14/03/2025  08:30:00          0.0         -       0.0         27.8   1008.1       89
14/03/2025  08:45:00          0.0       207       6.0         29.1   1008.4       85
14/03/2025  09:00:00          0.0       175       5.6         28.9   1008.6       84
14/03/2025  09:15:00          0.0       175      10.6         30.1   1008.6       81
14/03/2025  09:30:00          0.0       199      11.6         29.6   1008.4       82
14/03/2025  09:45:00          0.0       165       4.6         30.6   1008.4       79
14/03/2025  10:00:00          0.0       216       8.5         29.9   1008.4       82
14/03/2025  10:15:00          0.0       201      15.5         29.9   1008.3       80
14/03/2025  10:30:00          0.0       220       7.1         29.2   1008.4       81
14/03/2025  10:45:00          0.0       185       8.1         29.9   1008.2       80
14/03/2025  11:00:00          0.0       188      11.3         31.7   1008.2       76
14/03/2025  11:15:00          0.0       179       8.5         31.4   1008.0       74
14/03/2025  11:30:00          0.0       186      11.6         32.2   1007.5       72
14/03/2025  11:45:00          0.0       208      15.9         33.0   1007.2       71
14/03/2025  12:00:00          0.0       186      18.3         31.7   1007.2       72
14/03/2025  12:15:00          0.0       231      15.9         31.1   1007.0       74
14/03/2025  12:30:00          0.0       193      11.6         31.4   1007.0       75
14/03/2025  12:45:00          0.0       180      13.1         32.9   1006.7       70
14/03/2025  13:00:00          0.0       185      12.7         32.8   1006.5       71
14/03/2025  13:15:00          0.0       199      13.8         33.2   1006.4       68
14/03/2025  13:30:00          0.0       168      14.1         33.4   1006.0       67
14/03/2025  13:45:00          0.0       191      16.9         32.5   1005.5       68
14/03/2025  14:00:00          0.0       195      18.7         32.9   1005.5       67
14/03/2025  14:15:00          0.0       187      12.0         34.7   1005.3       63
14/03/2025  14:30:00          0.0       219       8.1         34.0   1005.3       60
14/03/2025  14:45:00          0.0       174       6.7         32.9   1005.6       65
14/03/2025  15:00:00          0.0       220      13.1         33.4   1005.0       62
14/03/2025  15:15:00          0.0         -       0.0         32.3   1005.0       65
14/03/2025  15:30:00          0.0         -       0.0         32.2   1005.0       65
14/03/2025  15:45:00          0.0         -       0.0         31.6   1005.3       66
14/03/2025  16:00:00          0.0       330      10.2         31.0   1005.3       67
14/03/2025  16:15:00          0.0         -       0.0         31.1   1005.3       67
14/03/2025  16:30:00          0.0       342      11.3         31.0   1005.8       67
14/03/2025  16:45:00          0.0       339      15.2         30.2   1006.0       69
14/03/2025  17:00:00          0.0       032       4.6         29.3   1006.5       72
14/03/2025  17:15:00          0.0       327      10.9         29.2   1006.5       73
14/03/2025  17:30:00          0.0       013       5.3         29.2   1006.7       74
14/03/2025  17:45:00          0.0       348       9.5         28.9   1006.6       74
14/03/2025  18:00:00          0.0       027       6.0         28.5   1006.9       73
14/03/2025  18:15:00          0.0       045       5.6         28.0   1007.1       75
14/03/2025  18:30:00          0.0       349       7.8         27.6   1007.7       78
14/03/2025  18:45:00          0.0       299       8.8         27.3   1007.6       80
14/03/2025  19:00:00          0.0       356      14.8         27.1   1007.8       81
14/03/2025  19:15:00          0.0       350       6.0         27.1   1008.1       82
14/03/2025  19:30:00          0.0       324       8.1         27.1   1008.6       82
14/03/2025  19:45:00          0.0         -       0.0         27.1   1008.8       82
14/03/2025  20:00:00          0.0       035       5.6         27.0   1009.1       83
14/03/2025  20:15:00          0.0         -       0.0         27.2   1008.9       82
14/03/2025  20:30:00          0.0       001       4.6         27.1   1009.2       82
14/03/2025  20:45:00          0.0         -       0.0         27.4   1009.3       81
14/03/2025  21:00:00          0.0       344       4.9         27.3   1009.5       80
14/03/2025  21:15:00          0.0         -       0.0         27.5   1009.3       80
14/03/2025  21:30:00          0.0       356       4.2         27.2   1009.5       81
14/03/2025  21:45:00          0.0         -       0.0         27.2   1009.3       82
14/03/2025  22:00:00          0.0       215       9.9         27.4   1009.7       82
14/03/2025  22:15:00          0.0       242       8.1         26.9   1009.7       83
14/03/2025  22:30:00          0.0       217       2.1         26.9   1009.8       84
14/03/2025  22:45:00          0.0         -       0.0         26.9   1009.7       84
14/03/2025  23:00:00          0.0         -       0.0         27.1   1009.8       85
14/03/2025  23:15:00          0.0       203       5.6         27.1   1009.7       85
14/03/2025  23:30:00          0.0         -       0.0         26.9   1009.7       86
14/03/2025  23:45:00          0.0         -       0.0         26.9   1009.3       86
15/03/2025  00:00:00          0.0         -       0.0         26.9   1009.2       86
15/03/2025  00:15:00          0.0         -       0.0         27.0   1009.2       86
15/03/2025  00:30:00          0.0         -       0.0         26.8   1008.9       87
15/03/2025  00:45:00          0.0         -       0.0         26.8   1008.9       87
15/03/2025  01:00:00          0.0         -       0.0         26.8   1008.9       87
15/03/2025  01:15:00          0.0         -       0.0         26.5   1008.9       88
15/03/2025  01:30:00          0.0         -       0.0         26.4   1008.7       90
15/03/2025  01:45:00          0.0         -       0.0         26.3   1008.4       90
15/03/2025  02:00:00          0.0         -       0.0         26.3   1008.4       91
15/03/2025  02:15:00          0.0       051       7.4         26.2   1008.6       89
15/03/2025  02:30:00          0.0       082       5.6         26.5   1008.2       87
15/03/2025  02:45:00          0.0         -       0.0         26.3   1008.2       87
15/03/2025  03:00:00          0.0         -       0.0         26.4   1008.2       87
15/03/2025  03:15:00          0.0         -       0.0         26.3   1008.2       87
15/03/2025  03:30:00          0.0       313       6.4         26.3   1008.1       88
15/03/2025  03:45:00          0.0         -       0.0         26.2   1008.0       88
15/03/2025  04:00:00          0.0         -       0.0         26.2   1008.2       88
15/03/2025  04:15:00          0.0         -       0.0         25.9   1008.2       90
15/03/2025  04:30:00          0.0         -       0.0         25.8   1008.2       91
15/03/2025  04:45:00          0.0         -       0.0         25.8   1008.2       91
15/03/2025  05:00:00          0.0         -       0.0         25.7   1008.0       92
15/03/2025  05:15:00          0.0         -       0.0         25.5   1008.2       93
15/03/2025  05:30:00          0.0         -       0.0         25.7   1008.2       93
15/03/2025  05:45:00          0.0         -       0.0         25.7   1008.2       92
15/03/2025  06:00:00          0.0         -       0.0         25.8   1008.4       92
15/03/2025  06:15:00          0.0         -       0.0         26.0   1008.4       92
15/03/2025  06:30:00          0.0         -       0.0         26.1   1008.7       91
15/03/2025  06:45:00          0.0         -       0.0         26.4   1008.9       90
15/03/2025  07:00:00          0.0         -       0.0         26.3   1009.2       90
15/03/2025  07:15:00          0.0         -       0.0         26.3   1009.2       90
15/03/2025  07:30:00          0.0         -       0.0         26.5   1009.3       89
15/03/2025  07:45:00          0.0         -       0.0         26.8   1009.3       88
15/03/2025  08:00:00          0.0         -       0.0         27.2   1009.5       86
15/03/2025  08:15:00          0.0         -       0.0         27.5   1009.5       85
15/03/2025  08:30:00          0.0         -       0.0         27.6   1009.8       84
15/03/2025  08:45:00          0.0         -       0.0         28.7   1009.8       83
15/03/2025  09:00:00          0.0         -       0.0         28.6   1009.8       82
15/03/2025  09:15:00          0.0       222       8.5         28.4   1010.0       81
15/03/2025  09:30:00          0.0       225       6.4         28.4   1010.0       82
15/03/2025  09:45:00          0.0       240       7.4         29.6   1009.8       80
15/03/2025  10:00:00          0.0       180       2.8         30.4   1009.8       78
15/03/2025  10:15:00          0.0       195      12.3         29.6   1009.5       77
15/03/2025  10:30:00          0.0       201       5.6         29.8   1009.4       78
15/03/2025  10:45:00          0.0       229       4.9         28.9   1009.5       79
15/03/2025  11:00:00          0.0       189      10.2         28.9   1009.4       80
15/03/2025  11:15:00          0.0       232      13.8         29.4   1009.5       76
15/03/2025  11:30:00          0.0       229      10.2         29.2   1009.3       78
15/03/2025  11:45:00          0.0       199       6.0         29.8   1009.1       76
15/03/2025  12:00:00          0.0       189      13.8         31.0   1009.1       74
15/03/2025  12:15:00          0.0       192      12.3         31.5   1008.8       73
15/03/2025  12:30:00          0.0       223       4.6         30.4   1008.6       74
15/03/2025  12:45:00          0.0         -       0.0         30.0   1008.6       75
15/03/2025  13:00:00          0.0       185      11.6         30.8   1008.3       74
15/03/2025  13:15:00          0.0         -       0.0         30.8   1007.8       75
15/03/2025  13:30:00          0.0         -       0.0         31.8   1008.1       73
15/03/2025  13:45:00          0.0         -       0.0         30.2   1008.0       74
15/03/2025  14:00:00          0.0       078       8.1         29.3   1008.0       77
15/03/2025  14:15:00          0.0       332      15.9         29.3   1007.8       77
15/03/2025  14:30:00          0.0       349      11.3         29.7   1007.8       76
15/03/2025  14:45:00          0.0       067       7.4         29.6   1007.8       75
15/03/2025  15:00:00          0.0       351       9.5         29.5   1007.8       75
15/03/2025  15:15:00          0.0         -       0.0         29.6   1008.0       76
15/03/2025  15:30:00          0.0       295      15.9         29.9   1007.8       75
15/03/2025  15:45:00          0.0       302      16.9         28.9   1008.1       79
15/03/2025  16:00:00          0.0       287      18.7         27.8   1008.1       82
15/03/2025  16:15:00          0.0       276      15.2         27.6   1008.1       84
15/03/2025  16:30:00          0.0       340      13.8         26.8   1008.3       87
15/03/2025  16:45:00          0.0       278      12.7         26.7   1008.6       88
15/03/2025  17:00:00          0.0       294      11.3         26.6   1008.8       89
15/03/2025  17:15:00          0.0         -       0.0         26.8   1008.8       88
15/03/2025  17:30:00          0.0       334       0.4         26.5   1009.1       88
15/03/2025  17:45:00          0.0       290       9.9         26.4   1009.1       89
15/03/2025  18:00:00          0.0       310      15.9         26.1   1009.2       89
15/03/2025  18:15:00          0.0         -       0.0         26.3   1009.5       89
15/03/2025  18:30:00          0.0       308       6.0         26.3   1009.5       88
15/03/2025  18:45:00          0.0         -       0.0         26.5   1010.0       87
15/03/2025  19:00:00          0.0       240       3.9         26.8   1010.3       87
15/03/2025  19:15:00          0.0         -       0.0         26.8   1010.6       86
15/03/2025  19:30:00          0.0         -       0.0         27.1   1011.0       85
15/03/2025  19:45:00          0.0         -       0.0         26.8   1010.9       85
15/03/2025  20:00:00          0.0       281       7.1         26.8   1010.9       85
15/03/2025  20:15:00          0.0         -       0.0         26.8   1011.3       84
15/03/2025  20:30:00          0.0       205       4.9         26.8   1011.1       84
15/03/2025  20:45:00          0.0       294      11.6         26.7   1011.5       83
15/03/2025  21:00:00          0.0       346      10.2         26.9   1011.5       82
15/03/2025  21:15:00          0.0       289       2.1         26.9   1011.7       84
15/03/2025  21:30:00          0.0         -       0.0         26.9   1011.6       84
15/03/2025  21:45:00          0.0         -       0.0         26.9   1011.6       85
15/03/2025  22:00:00          0.0         -       0.0         26.8   1011.6       87
15/03/2025  22:15:00          0.0         -       0.0         26.8   1011.9       88
15/03/2025  22:30:00          0.0         -       0.0         26.6   1011.9       90
15/03/2025  22:45:00          0.0         -       0.0         26.4   1011.6       90
15/03/2025  23:00:00          0.0         -       0.0         26.4   1011.7       90
15/03/2025  23:15:00          0.0       174       7.4         26.0   1011.4       91
15/03/2025  23:30:00          0.0         -       0.0         25.9   1011.1       93
15/03/2025  23:45:00          0.0       190       6.4         25.9   1011.4       93
16/03/2025  00:00:00          0.0         -       0.0         25.7   1011.4       94
16/03/2025  00:15:00          0.0       208       5.3         25.7   1011.1       94
16/03/2025  00:30:00          0.0         -       0.0         26.0   1011.1       94
16/03/2025  00:45:00          0.0         -       0.0         26.1   1011.1       93
16/03/2025  01:00:00          0.0         -       0.0         26.1   1010.9       92
16/03/2025  01:15:00          0.0         -       0.0         26.3   1010.6       91
16/03/2025  01:30:00          0.0       203       4.9         26.3   1010.6       91
16/03/2025  01:45:00          0.0       250       2.5         26.2   1010.4       91
16/03/2025  02:00:00          0.0         -       0.0         26.1   1010.2       91
16/03/2025  02:15:00          0.0         -       0.0         26.0   1010.2       91
16/03/2025  02:30:00          0.0         -       0.0         26.0   1010.2       92
16/03/2025  02:45:00          0.0       207       6.7         25.7   1009.9       93
16/03/2025  03:00:00          0.0       195       4.9         25.7   1009.7       93
16/03/2025  03:15:00          0.0       192       0.7         25.5   1009.7       93
16/03/2025  03:30:00          0.0         -       0.0         25.7   1009.4       93
16/03/2025  03:45:00          0.0         -       0.0         25.7   1009.7       93
16/03/2025  04:00:00          0.0       199       1.8         25.5   1009.7       93
16/03/2025  04:15:00          0.0         -       0.0         25.5   1009.9       93
16/03/2025  04:30:00          0.0         -       0.0         25.6   1009.9       93
16/03/2025  04:45:00          0.0       242       2.1         25.7   1010.2       93
16/03/2025  05:00:00          0.0         -       0.0         25.6   1010.2       92
16/03/2025  05:15:00          0.0         -       0.0         25.8   1010.2       91
16/03/2025  05:30:00          0.0         -       0.0         25.7   1010.4       91
16/03/2025  05:45:00          0.0         -       0.0         25.8   1010.6       91
16/03/2025  06:00:00          0.0         -       0.0         25.9   1010.9       91
16/03/2025  06:15:00          0.0         -       0.0         26.0   1011.1       91
16/03/2025  06:30:00          0.0         -       0.0         26.3   1011.3       90
16/03/2025  06:45:00          0.0         -       0.0         26.6   1011.4       89
16/03/2025  07:00:00          0.0         -       0.0         27.0   1011.7       88
16/03/2025  07:15:00          0.0         -       0.0         27.1   1011.7       87
16/03/2025  07:30:00          0.0       216       3.2         27.2   1012.1       87
16/03/2025  07:45:00          0.0         -       0.0         27.1   1012.4       87
16/03/2025  08:00:00          0.0         -       0.0         27.6   1012.5       86
16/03/2025  08:15:00          0.0         -       0.0         28.2   1012.7       84
16/03/2025  08:30:00          0.0         -       0.0         28.2   1012.7       83
16/03/2025  08:45:00          0.0       254       9.9         27.8   1012.7       83
16/03/2025  09:00:00          0.0       306      13.4         28.0   1012.5       83
16/03/2025  09:15:00          0.0         -       0.0         28.6   1013.0       83
16/03/2025  09:30:00          0.0       205       2.8         29.3   1013.0       79
16/03/2025  09:45:00          0.0       313      16.2         28.3   1013.0       80
16/03/2025  10:00:00          0.0       240      10.6         29.2   1012.7       80
16/03/2025  10:15:00          0.0         -       0.0         28.1   1012.7       81
16/03/2025  10:30:00          0.0       209       9.5         30.3   1012.7       76
16/03/2025  10:45:00          0.0       226      13.4         29.1   1012.7       78
16/03/2025  11:00:00          0.0       187       4.9         28.9   1012.6       79
16/03/2025  11:15:00          0.0         -       0.0         29.8   1012.5       77
16/03/2025  11:30:00          0.0       338      15.2         29.6   1012.6       77
16/03/2025  11:45:00          0.0       255       8.5         30.1   1012.2       77
16/03/2025  12:00:00          0.0       207       5.3         30.0   1012.2       76
16/03/2025  12:15:00          0.0       223       9.9         30.5   1012.1       74
16/03/2025  12:30:00          0.0       228       7.8         30.2   1012.0       76
16/03/2025  12:45:00          0.0       202       4.6         31.0   1012.0       75
16/03/2025  13:00:00          0.0       333       9.9         28.8   1011.7       77
16/03/2025  13:15:00          0.0       297      18.7         29.5   1011.5       77
16/03/2025  13:30:00          0.0       281      10.6         28.6   1011.6       78
16/03/2025  13:45:00          0.0       320      15.9         28.6   1011.5       78
16/03/2025  14:00:00          0.0       307      11.3         28.2   1011.3       80
16/03/2025  14:15:00          0.0       319      13.8         28.3   1011.3       81
16/03/2025  14:30:00          0.0         -       0.0         29.0   1011.0       79
16/03/2025  14:45:00          0.0       322      16.2         27.9   1011.0       81
16/03/2025  15:00:00          0.0       299       9.5         28.4   1011.0       80
16/03/2025  15:15:00          0.0       334      11.3         28.2   1011.0       81
16/03/2025  15:30:00          0.0       327      26.8         27.5   1011.0       82
16/03/2025  15:45:00          0.0       338      10.6         27.4   1011.0       82
16/03/2025  16:00:00          0.0       325      18.3         27.4   1011.0       82
16/03/2025  16:15:00          0.0       305      19.4         27.3   1011.0       82
16/03/2025  16:30:00          0.0       314      19.4         27.3   1011.0       82
16/03/2025  16:45:00          0.0       291      12.7         27.1   1011.0       83
16/03/2025  17:00:00          0.0       327      20.5         27.1   1011.3       83
16/03/2025  17:15:00          0.0       307      11.6         27.2   1011.3       83
16/03/2025  17:30:00          0.0         -       0.0         27.1   1011.3       83
16/03/2025  17:45:00          0.0         -       0.0         27.2   1011.5       83
16/03/2025  18:00:00          0.0         -       0.0         27.1   1011.5       83
16/03/2025  18:15:00          0.0         -       0.0         26.9   1011.4       84
16/03/2025  18:30:00          0.0       219       8.8         26.9   1011.7       84
16/03/2025  18:45:00          0.0         -       0.0         27.0   1012.1       84
16/03/2025  19:00:00          0.0       309       8.8         26.9   1012.1       85
16/03/2025  19:15:00          0.0         -       0.0         26.8   1012.2       85
16/03/2025  19:30:00          0.0       308      18.7         26.7   1013.0       85
16/03/2025  19:45:00          0.0         -       0.0         26.9   1012.6       85
16/03/2025  20:00:00          0.0       318       7.1         26.9   1012.8       84
16/03/2025  20:15:00          0.0       334       5.3         26.9   1013.2       85
16/03/2025  20:30:00          0.0         -       0.0         26.9   1013.2       85
16/03/2025  20:45:00          0.0         -       0.0         26.9   1013.1       85
16/03/2025  21:00:00          0.0         -       0.0         26.7   1013.1       86
16/03/2025  21:15:00          0.0         -       0.0         26.6   1013.3       86
16/03/2025  21:30:00          0.0         -       0.0         26.8   1013.3       87
16/03/2025  21:45:00          0.0       200       9.2         26.2   1013.3       89
16/03/2025  22:00:00          0.0       183      10.2         25.7   1013.6       92
16/03/2025  22:15:00          0.0       224       5.3         25.7   1013.3       94
16/03/2025  22:30:00          0.0       226       1.8         25.7   1013.1       94
16/03/2025  22:45:00          0.0         -       0.0         25.5   1013.3       94
16/03/2025  23:00:00          0.0       194       6.7         25.5   1013.3       93
16/03/2025  23:15:00          0.0       169       4.6         25.4   1013.3       93
16/03/2025  23:30:00          0.0       180       5.3         25.4   1013.3       93
16/03/2025  23:45:00          0.0         -       0.0         25.5   1013.3       93
17/03/2025  00:00:00          0.0         -       0.0         25.4   1013.1       93
17/03/2025  00:15:00          0.0         -       0.0         25.5   1012.8       92
17/03/2025  00:30:00          0.0         -       0.0         25.6   1012.8       92
17/03/2025  00:45:00          0.0         -       0.0         25.7   1012.8       91
17/03/2025  01:00:00          0.0         -       0.0         25.8   1012.4       91
17/03/2025  01:15:00          0.0         -       0.0         25.7   1012.4       91
17/03/2025  01:30:00          0.0         -       0.0         25.8   1012.5       90
17/03/2025  01:45:00          0.0         -       0.0         26.0   1012.4       90
17/03/2025  02:00:00          0.0         -       0.0         25.8   1012.1       90
17/03/2025  02:15:00          0.0         -       0.0         26.0   1012.1       89
17/03/2025  02:30:00          0.0         -       0.0         26.2   1011.6       89
17/03/2025  02:45:00          0.0         -       0.0         26.0   1011.6       89
17/03/2025  03:00:00          0.0         -       0.0         25.9   1011.6       89
17/03/2025  03:15:00          0.0         -       0.0         25.9   1011.6       90
17/03/2025  03:30:00          0.0         -       0.0         25.9   1011.6       90
17/03/2025  03:45:00          0.0         -       0.0         25.7   1011.6       90
17/03/2025  04:00:00          0.0       191       1.8         25.8   1011.6       91
17/03/2025  04:15:00          0.0       195       4.6         25.5   1011.9       91
17/03/2025  04:30:00          0.0       194       4.2         25.5   1011.9       92
17/03/2025  04:45:00          0.0       222       3.9         25.7   1011.9       92
17/03/2025  05:00:00          0.0       205       3.2         25.4   1012.1       92
17/03/2025  05:15:00          0.0       189       2.1         25.2   1012.1       93
17/03/2025  05:30:00          0.0         -       0.0         25.3   1012.4       93
17/03/2025  05:45:00          0.0         -       0.0         25.2   1012.6       93
17/03/2025  06:00:00          0.0         -       0.0         25.1   1012.8       94
17/03/2025  06:15:00          0.0         -       0.0         25.4   1012.8       95
17/03/2025  06:30:00          0.0         -       0.0         25.5   1013.1       94
17/03/2025  06:45:00          0.0         -       0.0         25.7   1013.3       94
17/03/2025  07:00:00          0.0       211       4.6         25.7   1013.3       93
17/03/2025  07:15:00          0.0       208       2.1         25.8   1013.3       92
17/03/2025  07:30:00          0.0       189       4.6         25.8   1013.6       93
17/03/2025  07:45:00          0.0         -       0.0         26.0   1013.7       92
17/03/2025  08:00:00          0.0         -       0.0         26.3   1013.9       91
17/03/2025  08:15:00          0.0         -       0.0         26.1   1014.1       90
17/03/2025  08:30:00          0.0       146       5.6         26.0   1013.8       90
17/03/2025  08:45:00          0.0         -       0.0         26.3   1014.2       91
17/03/2025  09:00:00          0.0         -       0.0         26.2   1014.4       91
17/03/2025  09:15:00          0.0       180       3.5         26.0   1014.4       92
17/03/2025  09:30:00          0.0         -       0.0         25.8   1014.7       93
17/03/2025  09:45:00          0.0       149       6.0         25.6   1014.4       94
17/03/2025  10:00:00          0.2         -       0.0         25.6   1014.3       96
17/03/2025  10:15:00          0.2         -       0.0         24.9   1014.4       93
17/03/2025  10:30:00          0.0         -       0.0         25.4   1014.4       92
17/03/2025  10:45:00          0.0         -       0.0         25.1   1014.1       91
17/03/2025  11:00:00          0.2         -       0.0         25.1   1013.9       90
17/03/2025  11:15:00          0.0       182       0.7         25.4   1013.8       91
17/03/2025  11:30:00          0.2       183       4.9         25.4   1013.2       91
17/03/2025  11:45:00          0.0         -       0.0         25.6   1013.1       92
17/03/2025  12:00:00          0.2       177       4.2         26.5   1013.0       93
17/03/2025  12:15:00          0.0         -       0.0         26.2   1012.7       94
17/03/2025  12:30:00          0.0         -       0.0         25.4   1012.4       96
17/03/2025  12:45:00          0.0         -       0.0         25.6   1012.6       96
17/03/2025  13:00:00          0.0         -       0.0         26.2   1012.2       95
17/03/2025  13:15:00          0.0         -       0.0         26.1   1011.9       93
17/03/2025  13:30:00          0.0         -       0.0         26.7   1011.9       90
17/03/2025  13:45:00          0.0         -       0.0         26.8   1011.4       89
17/03/2025  14:00:00          0.0         -       0.0         26.8   1011.5       89
17/03/2025  14:15:00          0.0       216       7.8         27.2   1011.3       88
17/03/2025  14:30:00          0.0       183       5.6         27.3   1011.3       90
17/03/2025  14:45:00          0.0       168       5.3         27.5   1011.4       87
17/03/2025  15:00:00          0.0       198       7.8         27.8   1011.5       85
17/03/2025  15:15:00          0.0       208       3.2         27.2   1011.5       87
17/03/2025  15:30:00          0.0         -       0.0         27.0   1011.3       86
17/03/2025  15:45:00          0.0       203       0.4         27.1   1011.0       86
17/03/2025  16:00:00          0.0       201       2.8         27.1   1011.0       86
17/03/2025  16:15:00          0.0       303       1.4         26.7   1011.3       85
17/03/2025  16:30:00          0.0       294       4.9         26.4   1011.3       85
17/03/2025  16:45:00          0.0         -       0.0         26.3   1011.3       85
17/03/2025  17:00:00          0.0         -       0.0         26.2   1011.4       85
17/03/2025  17:15:00          0.0       328       5.3         26.0   1011.5       86
17/03/2025  17:30:00          0.0         -       0.0         26.1   1011.7       87
17/03/2025  17:45:00          0.0         -       0.0         26.2   1012.0       87
17/03/2025  18:00:00          0.0       280       9.2         25.9   1011.9       87
17/03/2025  18:15:00          0.0       323       6.0         25.9   1011.7       87
17/03/2025  18:30:00          0.0       313       9.5         26.0   1011.9       88
17/03/2025  18:45:00          0.0         -       0.0         25.8   1012.1       89
17/03/2025  19:00:00          0.0         -       0.0         26.0   1012.4       89
17/03/2025  19:15:00          0.0         -       0.0         26.0   1012.4       90
17/03/2025  19:30:00          0.0         -       0.0         25.8   1012.5       91
17/03/2025  19:45:00          0.0         -       0.0         25.7   1012.7       91
17/03/2025  20:00:00          0.0         -       0.0         25.7   1012.6       91
17/03/2025  20:15:00          0.0         -       0.0         25.7   1012.7       92
17/03/2025  20:30:00          0.0         -       0.0         25.6   1012.8       92
17/03/2025  20:45:00          0.0         -       0.0         25.5   1012.8       92
17/03/2025  21:00:00          0.0         -       0.0         25.7   1012.8       91
17/03/2025  21:15:00          0.0       252       1.1         25.8   1013.1       90
17/03/2025  21:30:00          0.0         -       0.0         25.7   1012.8       90
17/03/2025  21:45:00          0.0       208       7.8         25.7   1012.8       91
17/03/2025  22:00:00          0.0       187       7.1         25.7   1012.6       91
17/03/2025  22:15:00          0.0         -       0.0         25.5   1012.6       92
17/03/2025  22:30:00          0.0         -       0.0         25.4   1012.6       93
17/03/2025  22:45:00          0.0         -       0.0         25.2   1012.4       93
17/03/2025  23:00:00          0.0         -       0.0         25.1   1012.6       93
17/03/2025  23:15:00          0.0         -       0.0         25.1   1012.4       93
17/03/2025  23:30:00          0.0         -       0.0         24.9   1012.4       93
17/03/2025  23:45:00          0.0         -       0.0         24.8   1012.1       94
18/03/2025  00:00:00          0.0         -       0.0         24.8   1012.1       94
18/03/2025  00:15:00          0.0         -       0.0         24.9   1011.9       94
18/03/2025  00:30:00          0.0         -       0.0         24.8   1011.6       94
18/03/2025  00:45:00          0.0         -       0.0         24.8   1011.4       94
18/03/2025  01:00:00          0.0         -       0.0         24.8   1011.1       94
18/03/2025  01:15:00          0.0         -       0.0         24.6   1011.1       94
18/03/2025  01:30:00          0.0         -       0.0         24.7   1010.6       95
18/03/2025  01:45:00          0.0         -       0.0         24.4   1010.6       96
18/03/2025  02:00:00          0.0         -       0.0         24.4   1010.8       97
18/03/2025  02:15:00          0.0         -       0.0         24.4   1010.4       98
18/03/2025  02:30:00          0.0         -       0.0         24.3   1010.2       99
18/03/2025  02:45:00          0.0         -       0.0         24.2   1010.2       99
18/03/2025  03:00:00          0.0       199       0.7         24.1   1010.2      100
18/03/2025  03:15:00          0.0         -       0.0         24.1   1009.9      100
18/03/2025  03:30:00          0.0         -       0.0         24.0   1009.9      100
18/03/2025  03:45:00          0.0         -       0.0         24.0   1009.7      100
18/03/2025  04:00:00          0.0         -       0.0         24.0   1009.7      100
18/03/2025  04:15:00          0.0         -       0.0         23.9   1009.7      100
18/03/2025  04:30:00          0.0         -       0.0         23.9   1009.5      100
18/03/2025  04:45:00          0.0         -       0.0         23.8   1009.5      100
18/03/2025  05:00:00          0.0       115       4.6         23.8   1009.7      100
18/03/2025  05:15:00          0.0         -       0.0         23.8   1009.9      100
18/03/2025  05:30:00          0.0         -       0.0         23.6   1009.9      100
18/03/2025  05:45:00          0.0         -       0.0         23.7   1009.9      100
18/03/2025  06:00:00          0.0         -       0.0         23.8   1009.9      100
18/03/2025  06:15:00          0.0         -       0.0         23.4   1009.9      100
18/03/2025  06:30:00          0.0         -       0.0         24.2   1010.2      100
18/03/2025  06:45:00          0.0         -       0.0         24.9   1010.4       98
18/03/2025  07:00:00          0.0         -       0.0         24.9   1010.4       97
18/03/2025  07:15:00          0.0         -       0.0         25.4   1010.8       95
18/03/2025  07:30:00          0.0         -       0.0         25.8   1010.4       93
18/03/2025  07:45:00          0.0         -       0.0         26.7   1010.8       90
18/03/2025  08:00:00          0.0         -       0.0         27.3   1010.8       88
18/03/2025  08:15:00          0.0         -       0.0         27.7   1011.0       85
18/03/2025  08:30:00          0.0         -       0.0         28.2   1011.1       83
18/03/2025  08:45:00          0.0       208       3.5         28.5   1010.8       78
18/03/2025  09:00:00          0.0       217       4.6         28.1   1010.9       80
18/03/2025  09:15:00          0.0       207       9.2         27.4   1010.9       82
18/03/2025  09:30:00          0.0       176       3.9         28.9   1010.9       81
18/03/2025  09:45:00          0.0       172       0.4         28.6   1010.9       77
18/03/2025  10:00:00          0.0       211       7.1         29.3   1010.6       75
18/03/2025  10:15:00          0.0       176       8.8         30.5   1010.5       74
18/03/2025  10:30:00          0.0       156       3.9         30.4   1010.5       73
18/03/2025  10:45:00          0.0       212      10.6         30.7   1010.8       72
18/03/2025  11:00:00          0.0       186      14.8         30.9   1010.4       70
18/03/2025  11:15:00          0.0       182       9.5         31.0   1010.0       69
18/03/2025  11:30:00          0.0       167       8.5         29.9   1009.7       69
18/03/2025  11:45:00          0.0       207       9.5         31.0   1009.4       67
18/03/2025  12:00:00          0.0       207       5.3         31.1   1009.1       68
18/03/2025  12:15:00          0.0       202       6.7         30.8   1008.8       70
18/03/2025  12:30:00          0.0         -       0.0         32.6   1008.7       61
18/03/2025  12:45:00          0.0       225       9.5         31.7   1008.4       59
18/03/2025  13:00:00          0.0       183       7.4         33.6   1008.3       56
18/03/2025  13:15:00          0.0         -       0.0         32.9   1008.2       58
18/03/2025  13:30:00          0.0       295       4.2         32.5   1007.7       62
18/03/2025  13:45:00          0.0       171       2.8         32.6   1007.6       63
18/03/2025  14:00:00          0.0       170      12.0         32.5   1007.1       64
18/03/2025  14:15:00          0.0         -       0.0         31.6   1007.2       68
18/03/2025  14:30:00          0.0         -       0.0         30.7   1006.9       71
18/03/2025  14:45:00          0.0       315      12.3         31.4   1007.0       69
18/03/2025  15:00:00          0.0       322      14.5         29.5   1006.7       74
18/03/2025  15:15:00          0.0       334      20.1         29.6   1006.5       74
18/03/2025  15:30:00          0.0       323      12.0         29.3   1006.5       74
18/03/2025  15:45:00          0.0       322      17.3         29.9   1006.0       74
18/03/2025  16:00:00          0.0       302      21.2         28.9   1006.2       75
18/03/2025  16:15:00          0.0       341      26.8         28.7   1006.0       77
18/03/2025  16:30:00          0.0       310      16.6         28.3   1006.2       78
18/03/2025  16:45:00          0.0       319      15.5         27.9   1005.9       78
18/03/2025  17:00:00          0.0       242       1.8         27.6   1006.1       80
18/03/2025  17:15:00          0.0       311      12.0         27.8   1006.2       78
18/03/2025  17:30:00          0.0       317      25.8         27.3   1006.2       78
18/03/2025  17:45:00          0.0       325      16.2         27.1   1006.4       79
18/03/2025  18:00:00          0.0       317      28.6         26.9   1006.6       79
18/03/2025  18:15:00          0.0       296      23.6         26.8   1006.6       80
18/03/2025  18:30:00          0.0       322      14.5         26.9   1006.6       81
18/03/2025  18:45:00          0.0       298      18.7         26.8   1006.9       81
18/03/2025  19:00:00          0.0       310      22.9         26.7   1006.9       82
18/03/2025  19:15:00          0.0       337      19.1         26.5   1007.1       83
18/03/2025  19:30:00          0.0       318      18.0         26.5   1007.1       83
18/03/2025  19:45:00          0.0       303      18.3         26.5   1007.6       83
18/03/2025  20:00:00          0.0       304      12.0         26.5   1007.2       83
18/03/2025  20:15:00          0.0       319      15.9         26.3   1007.6       85
18/03/2025  20:30:00          0.0       323      12.0         26.4   1007.7       86
18/03/2025  20:45:00          0.0         -       0.0         26.6   1007.7       87
18/03/2025  21:00:00          0.0       319       3.5         26.7   1007.8       86
18/03/2025  21:15:00          0.0         -       0.0         26.7   1007.2       86
18/03/2025  21:30:00          0.0         -       0.0         26.9   1007.5       86
18/03/2025  21:45:00          0.0         -       0.0         27.0   1008.1       85
18/03/2025  22:00:00          0.0         -       0.0         27.1   1008.2       84
18/03/2025  22:15:00          0.0         -       0.0         27.2   1008.2       83
18/03/2025  22:30:00          0.0         -       0.0         27.3   1008.2       83
18/03/2025  22:45:00          0.0         -       0.0         27.3   1008.2       84
18/03/2025  23:00:00          0.0         -       0.0         27.0   1008.2       85
18/03/2025  23:15:00          0.0         -       0.0         26.8   1008.3       86
18/03/2025  23:30:00          0.0         -       0.0         26.9   1008.0       86
18/03/2025  23:45:00          0.0         -       0.0         26.7   1008.0       86
19/03/2025  00:00:00          0.0         -       0.0         26.7   1007.7       86
19/03/2025  00:15:00          0.0       094       1.4         26.7   1007.5       86
19/03/2025  00:30:00          0.0         -       0.0         26.6   1007.2       86
19/03/2025  00:45:00          0.0       107       1.4         26.5   1007.2       86
19/03/2025  01:00:00          0.0       080       4.2         26.4   1007.2       86
19/03/2025  01:15:00          0.0       051       5.3         26.4   1007.2       86
19/03/2025  01:30:00          0.0       059       6.7         26.4   1007.3       87
19/03/2025  01:45:00          0.0       084       2.5         26.3   1007.2       88
19/03/2025  02:00:00          0.0       082       7.1         26.1   1007.2       89
19/03/2025  02:15:00          0.0       051       2.1         26.0   1007.0       90
19/03/2025  02:30:00          0.0       052       5.6         26.2   1007.0       89
19/03/2025  02:45:00          0.0       066      10.9         26.2   1007.1       89
19/03/2025  03:00:00          0.0       084       7.1         25.7   1007.1       91
19/03/2025  03:15:00          0.2         -       0.0         25.4   1007.0       93
19/03/2025  03:30:00          0.2       112       4.2         25.2   1007.0       94
19/03/2025  03:45:00          0.0         -       0.0         24.9   1007.0       96
19/03/2025  04:00:00          0.2         -       0.0         24.9   1007.0       97
19/03/2025  04:15:00          0.2         -       0.0         24.7   1007.0       97
19/03/2025  04:30:00          0.0       117       6.0         24.7   1007.0       98
19/03/2025  04:45:00          0.0       086       2.8         24.5   1007.0       99
19/03/2025  05:00:00          0.0       077       5.3         24.3   1006.7       99
19/03/2025  05:15:00          0.0         -       0.0         24.3   1007.0      100
19/03/2025  05:30:00          0.0         -       0.0         24.3   1007.0      100
19/03/2025  05:45:00          0.0         -       0.0         24.3   1007.0      100
19/03/2025  06:00:00          0.0         -       0.0         24.3   1007.0      100
19/03/2025  06:15:00          0.0         -       0.0         24.3   1007.0      100
19/03/2025  06:30:00          0.0         -       0.0         24.5   1007.0       99
19/03/2025  06:45:00          0.0         -       0.0         24.7   1007.2       99
19/03/2025  07:00:00          0.0         -       0.0         24.8   1007.2       99
19/03/2025  07:15:00          0.0         -       0.0         24.9   1007.5       98
19/03/2025  07:30:00          0.0         -       0.0         25.2   1007.5       98
19/03/2025  07:45:00          0.0         -       0.0         25.4   1007.7       98
19/03/2025  08:00:00          0.0         -       0.0         25.4   1008.0       96
19/03/2025  08:15:00          0.0         -       0.0         25.7   1008.0       94
19/03/2025  08:30:00          0.0         -       0.0         26.2   1008.3       92
19/03/2025  08:45:00          0.0       187       3.2         26.8   1008.3       90
19/03/2025  09:00:00          0.0       198      13.4         26.7   1008.3       90
19/03/2025  09:15:00          0.0       219       6.0         26.5   1008.1       90
19/03/2025  09:30:00          0.0       235       9.5         26.9   1008.2       89
19/03/2025  09:45:00          0.0       223       6.4         27.2   1008.6       86
19/03/2025  10:00:00          0.0       209       6.0         27.9   1008.3       86
19/03/2025  10:15:00          0.0       210       4.6         27.8   1008.3       84
19/03/2025  10:30:00          0.0         -       0.0         29.0   1008.3       82
19/03/2025  10:45:00          0.0       179       0.4         29.7   1008.2       80
19/03/2025  11:00:00          0.0       179       5.3         29.1   1008.1       81
19/03/2025  11:15:00          0.0       186       7.8         28.6   1008.1       81
19/03/2025  11:30:00          0.0       181      11.3         28.8   1007.8       81
19/03/2025  11:45:00          0.0       197      13.8         30.2   1007.8       78
19/03/2025  12:00:00          0.0       217      11.3         29.0   1008.0       81
19/03/2025  12:15:00          0.0         -       0.0         30.4   1007.7       79
19/03/2025  12:30:00          0.0       193      14.1         31.0   1007.6       76
19/03/2025  12:45:00          0.0       172       8.5         31.0   1007.3       75
19/03/2025  13:00:00          0.0         -       0.0         30.0   1007.3       76
19/03/2025  13:15:00          0.0       190       7.1         29.8   1007.3       77
19/03/2025  13:30:00          0.0         -       0.0         30.2   1006.9       77
19/03/2025  13:45:00          0.0         -       0.0         29.5   1006.6       77
19/03/2025  14:00:00          0.0       001       8.5         28.9   1006.4       78
19/03/2025  14:15:00          0.0       052       7.8         28.7   1006.4       79
19/03/2025  14:30:00          0.0         -       0.0         29.0   1006.4       78
19/03/2025  14:45:00          0.0       328       7.1         29.5   1006.1       76
19/03/2025  15:00:00          0.0       323      20.5         29.0   1006.4       78
19/03/2025  15:15:00          0.0       348      17.6         28.4   1006.9       78
19/03/2025  15:30:00          0.0       353      13.4         27.8   1006.9       80
19/03/2025  15:45:00          0.0       323      17.3         27.7   1006.9       81
19/03/2025  16:00:00          0.0       064       7.8         27.3   1007.1       81
19/03/2025  16:15:00          0.0       082       6.4         27.4   1007.3       82
19/03/2025  16:30:00          0.0       348       3.2         27.2   1007.6       83
19/03/2025  16:45:00          0.0       026       6.0         27.3   1007.6       83
19/03/2025  17:00:00          0.0       086       9.2         27.2   1007.6       84
19/03/2025  17:15:00          0.0       346       6.7         27.0   1007.6       84
19/03/2025  17:30:00          0.0       004       5.6         26.9   1007.8       86
19/03/2025  17:45:00          0.6       340      16.6         26.3   1008.4       88
19/03/2025  18:00:00          4.0         -       0.0         24.9   1008.2       94
19/03/2025  18:15:00          0.0       205       6.0         25.1   1008.3       96
19/03/2025  18:30:00          0.0         -       0.0         25.3   1008.2       96
19/03/2025  18:45:00          0.0         -       0.0         25.0   1008.4       96
19/03/2025  19:00:00          0.2       337       4.6         25.2   1008.7       96
19/03/2025  19:15:00          0.2       011       7.1         25.1   1008.7       95
19/03/2025  19:30:00          0.4       328       4.6         24.8   1009.2       96
19/03/2025  19:45:00          0.6       314       7.1         24.7   1009.4       96
19/03/2025  20:00:00          0.8         -       0.0         24.4   1009.7       97
19/03/2025  20:15:00          0.2         -       0.0         24.5   1009.7       98
19/03/2025  20:30:00          0.6         -       0.0         24.4   1009.9       98
19/03/2025  20:45:00          0.6       115       5.3         24.3   1010.4       99
19/03/2025  21:00:00          1.2         -       0.0         24.3   1010.2      100
19/03/2025  21:15:00          1.2       124       9.2         24.3   1010.4      100
19/03/2025  21:30:00          0.8       062       6.0         24.1   1010.4      100
19/03/2025  21:45:00          1.6       072       3.5         24.0   1010.4      100
19/03/2025  22:00:00          0.2         -       0.0         23.8   1010.4      100
19/03/2025  22:15:00          3.0         -       0.0         23.6   1010.9      100
19/03/2025  22:30:00          3.0       041       6.7         23.4   1010.9      100
19/03/2025  22:45:00          2.4         -       0.0         22.7   1010.9      100
19/03/2025  23:00:00          0.4         -       0.0         22.9   1010.9      100
19/03/2025  23:15:00          0.2         -       0.0         22.8   1010.8      100
19/03/2025  23:30:00          0.2       061       5.3         22.9   1010.9      100
19/03/2025  23:45:00          1.0         -       0.0         22.8   1011.1      100
20/03/2025  00:00:00          1.6         -       0.0         22.8   1011.1      100
20/03/2025  00:15:00          1.2         -       0.0         22.8   1011.0      100
20/03/2025  00:30:00          2.2         -       0.0         22.8   1011.1      100
20/03/2025  00:45:00          2.2       067       5.6         22.5   1010.9      100
20/03/2025  01:00:00          1.0         -       0.0         22.1   1010.5      100
20/03/2025  01:15:00          0.2       323       5.3         22.0   1010.4      100
20/03/2025  01:30:00          0.2       050       3.2         22.2   1010.3      100
20/03/2025  01:45:00          0.0         -       0.0         22.4   1010.2      100
20/03/2025  02:00:00          0.0         -       0.0         22.4   1010.0      100
20/03/2025  02:15:00          0.2         -       0.0         22.5   1010.4      100
20/03/2025  02:30:00          1.0       106       7.8         22.4   1010.0      100
20/03/2025  02:45:00          0.4         -       0.0         22.4   1010.2      100
20/03/2025  03:00:00          0.2       118       3.5         22.5   1009.9      100
20/03/2025  03:15:00          0.2       066       6.0         22.5   1009.9      100
20/03/2025  03:30:00          0.0       050       7.8         22.5   1009.5      100
20/03/2025  03:45:00          0.0       042       5.6         22.5   1009.9      100
20/03/2025  04:00:00          0.0         -       0.0         22.5   1009.9      100
20/03/2025  04:15:00          0.0         -       0.0         22.5   1009.9      100
20/03/2025  04:30:00          0.0         -       0.0         22.8   1010.2      100
20/03/2025  04:45:00          0.0         -       0.0         22.8   1010.0      100
20/03/2025  05:00:00          0.0         -       0.0         22.8   1010.4      100
20/03/2025  05:15:00          0.0         -       0.0         22.9   1010.6      100
20/03/2025  05:30:00          0.0         -       0.0         22.8   1010.6      100
20/03/2025  05:45:00          0.0         -       0.0         22.8   1010.6      100
20/03/2025  06:00:00          0.0       076       2.1         23.0   1010.8      100
20/03/2025  06:15:00          0.0         -       0.0         23.1   1010.9      100
20/03/2025  06:30:00          0.2       088       4.6         23.1   1010.9      100
20/03/2025  06:45:00          0.0         -       0.0         23.3   1011.4      100
20/03/2025  07:00:00          0.0         -       0.0         23.6   1011.6      100
20/03/2025  07:15:00          0.0       175       2.5         23.6   1011.9      100
20/03/2025  07:30:00          0.0         -       0.0         23.7   1012.1      100
20/03/2025  07:45:00          0.0         -       0.0         23.9   1012.4       99
20/03/2025  08:00:00          0.0         -       0.0         24.0   1012.8       97
20/03/2025  08:15:00          0.0         -       0.0         24.5   1012.8       96
20/03/2025  08:30:00          0.0         -       0.0         24.6   1012.8       94
20/03/2025  08:45:00          0.2         -       0.0         23.4   1013.1       96
20/03/2025  09:00:00          0.6         -       0.0         23.4   1013.3       98
20/03/2025  09:15:00          0.8         -       0.0         23.5   1013.3       99
20/03/2025  09:30:00          0.2         -       0.0         24.0   1013.3       99
20/03/2025  09:45:00          0.2         -       0.0         23.6   1013.3       99
20/03/2025  10:00:00          0.0         -       0.0         23.9   1013.3      100
20/03/2025  10:15:00          0.0         -       0.0         24.2   1013.2       99
20/03/2025  10:30:00          0.0         -       0.0         24.3   1013.1       99
20/03/2025  10:45:00          0.0         -       0.0         24.5   1013.1       98
20/03/2025  11:00:00          0.0         -       0.0         24.7   1012.8       97
20/03/2025  11:15:00          0.0         -       0.0         24.9   1012.8       96
20/03/2025  11:30:00          0.0       214       7.1         24.5   1012.6       94
20/03/2025  11:45:00          0.0       189      13.4         25.8   1012.6       94
20/03/2025  12:00:00          0.0       189       8.1         26.0   1012.5       91
20/03/2025  12:15:00          0.0       253       2.1         25.7   1012.5       90
20/03/2025  12:30:00          0.0       191       7.4         25.4   1012.5       90
20/03/2025  12:45:00          0.0       161       7.4         25.7   1012.1       89
20/03/2025  13:00:00          0.0       228       5.3         26.0   1012.4       89
20/03/2025  13:15:00          0.0       194       1.8         25.8   1012.2       88
20/03/2025  13:30:00          0.0       210       4.9         24.5   1012.2       91
20/03/2025  13:45:00          0.0       180       4.9         25.5   1012.2       92
20/03/2025  14:00:00          0.0       198       7.4         25.3   1012.0       90
20/03/2025  14:15:00          0.0         -       0.0         24.9   1012.0       91
20/03/2025  14:30:00          0.0       186       2.1         25.7   1011.6       89
20/03/2025  14:45:00          0.0       192       4.2         25.7   1011.6       88
20/03/2025  15:00:00          0.0       191       7.4         26.6   1011.6       87
20/03/2025  15:15:00          0.0         -       0.0         26.6   1011.7       86
20/03/2025  15:30:00          0.0       171       5.6         26.6   1011.7       86
20/03/2025  15:45:00          0.0       190       7.4         25.8   1011.6       86
20/03/2025  16:00:00          0.0         -       0.0         26.2   1011.7       87
20/03/2025  16:15:00          0.0         -       0.0         25.9   1011.7       87
20/03/2025  16:30:00          0.0         -       0.0         26.2   1011.7       87
20/03/2025  16:45:00          0.0       128       6.7         26.2   1011.6       87
20/03/2025  17:00:00          0.0         -       0.0         25.4   1011.6       89
20/03/2025  17:15:00          0.0         -       0.0         25.5   1012.0       90
20/03/2025  17:30:00          0.0       148       3.5         25.4   1012.1       90
20/03/2025  17:45:00          0.0       117       6.4         24.8   1012.2       91
20/03/2025  18:00:00          0.0       153       8.1         24.6   1012.5       92
20/03/2025  18:15:00          0.0         -       0.0         24.5   1012.7       93
20/03/2025  18:30:00          0.0         -       0.0         24.3   1012.5       93
20/03/2025  18:45:00          0.0         -       0.0         24.3   1012.7       94
20/03/2025  19:00:00          0.0         -       0.0         24.3   1013.0       94
20/03/2025  19:15:00          0.0         -       0.0         24.3   1012.8       93
20/03/2025  19:30:00          0.0         -       0.0         24.2   1013.1       93
20/03/2025  19:45:00          0.0         -       0.0         24.0   1013.3       93
20/03/2025  20:00:00          0.0         -       0.0         24.2   1013.6       93
20/03/2025  20:15:00          0.0         -       0.0         24.3   1013.8       93
20/03/2025  20:30:00          0.0         -       0.0         24.2   1013.8       93
20/03/2025  20:45:00          0.0         -       0.0         24.1   1013.8       93
20/03/2025  21:00:00          0.0         -       0.0         24.1   1014.1       93
20/03/2025  21:15:00          0.0         -       0.0         24.1   1014.1       93
20/03/2025  21:30:00          0.0         -       0.0         24.3   1014.1       93
20/03/2025  21:45:00          0.0         -       0.0         24.3   1014.1       93
20/03/2025  22:00:00          0.0         -       0.0         24.3   1014.1       93
20/03/2025  22:15:00          0.0         -       0.0         24.3   1014.1       94
20/03/2025  22:30:00          0.0       230       6.4         24.3   1014.1       94
20/03/2025  22:45:00          0.0       200       9.5         23.9   1014.1       96
20/03/2025  23:00:00          0.0       153       8.5         23.6   1014.1       97
20/03/2025  23:15:00          0.0         -       0.0         23.7   1014.1       98
20/03/2025  23:30:00          0.0         -       0.0         23.6   1014.1       98
20/03/2025  23:45:00          5.0       164       2.5         23.3   1014.1       98
21/03/2025  00:00:00          2.6         -       0.0         22.8   1013.8      100
21/03/2025  00:15:00          1.0         -       0.0         22.7   1013.8      100
21/03/2025  00:30:00          0.0       207       4.2         22.8   1013.6      100
21/03/2025  00:45:00          0.0         -       0.0         22.9   1013.3      100
21/03/2025  01:00:00          0.0         -       0.0         22.7   1013.2      100
21/03/2025  01:15:00          0.0         -       0.0         22.8   1013.2      100
21/03/2025  01:30:00          0.0         -       0.0         22.7   1013.1      100
21/03/2025  01:45:00          0.2         -       0.0         22.7   1013.1      100
21/03/2025  02:00:00          0.0         -       0.0         22.7   1012.8      100
21/03/2025  02:15:00          0.0         -       0.0         22.7   1012.6      100
21/03/2025  02:30:00          0.0         -       0.0         22.7   1012.6      100
21/03/2025  02:45:00          0.0         -       0.0         22.7   1012.6      100
21/03/2025  03:00:00          0.0         -       0.0         22.6   1012.6      100
21/03/2025  03:15:00          0.0         -       0.0         22.6   1012.6      100
21/03/2025  03:30:00          0.0         -       0.0         22.8   1012.6      100
21/03/2025  03:45:00          0.0         -       0.0         22.9   1012.6      100
21/03/2025  04:00:00          0.0         -       0.0         23.0   1012.5      100
21/03/2025  04:15:00          0.0         -       0.0         23.0   1012.6      100
21/03/2025  04:30:00          0.0         -       0.0         23.0   1012.6      100
21/03/2025  04:45:00          0.0         -       0.0         22.8   1012.6      100
21/03/2025  05:00:00          0.0         -       0.0         23.0   1012.8      100
21/03/2025  05:15:00          0.0         -       0.0         23.0   1012.8      100
21/03/2025  05:30:00          0.0         -       0.0         23.0   1012.8      100
21/03/2025  05:45:00          0.0         -       0.0         23.0   1012.8      100
21/03/2025  06:00:00          0.0         -       0.0         23.1   1013.1      100
21/03/2025  06:15:00          0.0         -       0.0         23.1   1013.3      100
21/03/2025  06:30:00          0.0         -       0.0         23.1   1013.3      100
21/03/2025  06:45:00          0.0         -       0.0         23.3   1013.6      100
21/03/2025  07:00:00          0.0         -       0.0         24.3   1013.6      100
21/03/2025  07:15:00          0.0         -       0.0         24.6   1013.8       99
21/03/2025  07:30:00          0.0         -       0.0         25.4   1013.8       97
21/03/2025  07:45:00          0.0         -       0.0         25.7   1013.9       94
21/03/2025  08:00:00          0.0       170       8.1         25.4   1014.2       95
21/03/2025  08:15:00          0.0         -       0.0         25.4   1014.2       93
21/03/2025  08:30:00          0.0       216       7.8         25.4   1014.4       92
21/03/2025  08:45:00          0.0       201       8.8         25.7   1014.4       93
21/03/2025  09:00:00          0.0       233       8.1         25.6   1014.4       91
21/03/2025  09:15:00          0.0       205      14.1         26.0   1014.4       91
21/03/2025  09:30:00          0.0       203      12.0         26.1   1014.4       90
21/03/2025  09:45:00          0.0       221       8.5         27.1   1014.4       88
21/03/2025  10:00:00          0.0       181      11.3         26.9   1014.1       87
21/03/2025  10:15:00          0.0       235       9.2         26.9   1014.6       85
21/03/2025  10:30:00          0.0       192       7.4         27.8   1014.4       83
21/03/2025  10:45:00          0.0         -       0.0         28.6   1013.9       77
21/03/2025  11:00:00          0.0         -       0.0         29.6   1013.9       75
21/03/2025  11:15:00          0.0       209       8.1         30.1   1013.7       73
21/03/2025  11:30:00          0.0       216       7.8         28.6   1013.5       75
21/03/2025  11:45:00          0.0       321      14.8         27.7   1013.5       77
21/03/2025  12:00:00          0.0       262       5.3         27.8   1013.2       77
21/03/2025  12:15:00          0.0         -       0.0         28.6   1013.3       78
21/03/2025  12:30:00          0.0         -       0.0         29.1   1013.1       75
21/03/2025  12:45:00          0.0       253       3.9         29.4   1013.0       75
21/03/2025  13:00:00          0.0       308      19.4         27.2   1012.7       80
21/03/2025  13:15:00          0.0       245       7.8         27.3   1012.5       78
21/03/2025  13:30:00          0.0       325      13.8         27.4   1012.5       78
21/03/2025  13:45:00          0.0       339       7.1         27.4   1012.1       77
21/03/2025  14:00:00          0.0       272      15.9         27.7   1012.2       77
21/03/2025  14:15:00          0.0       307      16.2         27.3   1012.0       78
21/03/2025  14:30:00          0.0       339       8.8         27.5   1011.7       76
21/03/2025  14:45:00          0.0         -       0.0         27.6   1011.9       76
21/03/2025  15:00:00          0.0       312      14.8         28.0   1011.9       76
21/03/2025  15:15:00          0.0       309      21.5         26.7   1011.7       78
21/03/2025  15:30:00          0.0       314      12.0         26.9   1011.9       79
21/03/2025  15:45:00          0.0       320      25.8         26.8   1011.7       79
21/03/2025  16:00:00          0.0       308       8.8         26.8   1012.0       80
21/03/2025  16:15:00          0.0       289      17.3         26.0   1011.9       81
21/03/2025  16:30:00          0.0       313      14.8         26.0   1011.9       81
21/03/2025  16:45:00          0.0       292      12.3         25.8   1012.0       82
21/03/2025  17:00:00          0.0       338      13.1         26.0   1012.0       83
21/03/2025  17:15:00          0.0       315       6.0         25.8   1012.2       83
21/03/2025  17:30:00          0.0       329      10.6         25.7   1012.5       84
21/03/2025  17:45:00          0.0       317       1.1         25.7   1012.6       84
21/03/2025  18:00:00          0.0       295      14.5         25.6   1012.7       85
21/03/2025  18:15:00          0.0       332      11.3         25.8   1012.8       85
21/03/2025  18:30:00          0.0       330      16.2         25.5   1013.1       86
21/03/2025  18:45:00          0.0       302       4.9         25.6   1013.0       87
21/03/2025  19:00:00          0.0       293       6.0         25.5   1013.5       86
21/03/2025  19:15:00          0.0       337       9.2         25.8   1013.6       85
21/03/2025  19:30:00          0.0         -       0.0         25.7   1013.6       85
21/03/2025  19:45:00          0.0         -       0.0         26.0   1013.6       84
21/03/2025  20:00:00          0.0       270       4.6         26.0   1013.9       84
21/03/2025  20:15:00          0.0       343      19.1         25.8   1014.1       84
21/03/2025  20:30:00          0.0         -       0.0         26.0   1014.4       84
21/03/2025  20:45:00          0.0       220       2.8         26.1   1014.6       83
21/03/2025  21:00:00          0.0         -       0.0         26.0   1014.6       82
21/03/2025  21:15:00          0.0         -       0.0         26.2   1014.6       82
21/03/2025  21:30:00          0.0       252       3.9         26.0   1014.7       81
21/03/2025  21:45:00          0.0       302       9.5         26.1   1014.8       81
21/03/2025  22:00:00          0.0         -       0.0         26.0   1014.8       81
21/03/2025  22:15:00          0.0         -       0.0         26.0   1014.6       81
21/03/2025  22:30:00          0.0       296       8.1         26.0   1014.6       81
21/03/2025  22:45:00          0.0         -       0.0         25.8   1014.3       82
21/03/2025  23:00:00          0.0         -       0.0         25.8   1014.3       82
21/03/2025  23:15:00          0.0         -       0.0         25.8   1014.3       82
21/03/2025  23:30:00          0.0         -       0.0         25.7   1014.3       82
21/03/2025  23:45:00          0.0         -       0.0         25.8   1014.1       83
22/03/2025  00:00:00          0.0         -       0.0         25.6   1014.1       83
22/03/2025  00:15:00          0.0         -       0.0         25.6   1013.8       83
22/03/2025  00:30:00          0.0         -       0.0         25.4   1013.8       84
22/03/2025  00:45:00          0.0         -       0.0         25.2   1013.6       85
22/03/2025  01:00:00          0.0         -       0.0         25.1   1013.3       86
22/03/2025  01:15:00          0.0       333       4.2         24.9   1013.3       86
22/03/2025  01:30:00          0.0         -       0.0         24.9   1013.1       87
22/03/2025  01:45:00          0.0         -       0.0         24.8   1013.1       87
22/03/2025  02:00:00          0.0         -       0.0         24.8   1013.1       87
22/03/2025  02:15:00          0.0         -       0.0         24.9   1012.8       87
22/03/2025  02:30:00          0.0         -       0.0         24.8   1012.8       88
22/03/2025  02:45:00          0.0         -       0.0         24.8   1012.8       88
22/03/2025  03:00:00          0.0         -       0.0         24.8   1012.6       88
22/03/2025  03:15:00          0.0         -       0.0         24.6   1012.6       88
22/03/2025  03:30:00          0.0         -       0.0         24.7   1012.4       89
22/03/2025  03:45:00          0.0         -       0.0         24.5   1012.4       89
22/03/2025  04:00:00          0.0         -       0.0         24.6   1012.6       90
22/03/2025  04:15:00          0.0         -       0.0         24.5   1012.4       91
22/03/2025  04:30:00          0.0         -       0.0         24.3   1012.6       92
22/03/2025  04:45:00          0.0         -       0.0         24.2   1012.6       93
22/03/2025  05:00:00          0.0         -       0.0         24.2   1012.6       93
22/03/2025  05:15:00          0.0         -       0.0         24.2   1012.8       93
22/03/2025  05:30:00          0.0         -       0.0         24.0   1012.8       92
22/03/2025  05:45:00          0.0         -       0.0         24.0   1012.8       91
22/03/2025  06:00:00          0.0         -       0.0         24.2   1012.8       90
22/03/2025  06:15:00          0.0         -       0.0         24.1   1012.8       90
22/03/2025  06:30:00          0.0         -       0.0         24.8   1013.1       89
22/03/2025  06:45:00          0.0         -       0.0         25.7   1013.1       88
22/03/2025  07:00:00          0.0         -       0.0         25.8   1013.3       85
22/03/2025  07:15:00          0.0       226       4.9         26.4   1013.5       84
22/03/2025  07:30:00          0.0       194       4.9         26.9   1013.7       82
22/03/2025  07:45:00          0.0         -       0.0         27.1   1013.8       81
22/03/2025  08:00:00          0.0       176       4.6         27.1   1013.9       81
22/03/2025  08:15:00          0.0         -       0.0         27.4   1013.9       80
22/03/2025  08:30:00          0.0       225       4.6         28.0   1013.9       79
22/03/2025  08:45:00          0.0         -       0.0         28.1   1013.9       77
22/03/2025  09:00:00          0.0       201       5.3         28.6   1013.9       76
22/03/2025  09:15:00          0.0         -       0.0         28.7   1013.7       75
22/03/2025  09:30:00          0.0       242       7.8         28.7   1013.6       74
22/03/2025  09:45:00          0.0       209       9.5         28.1   1013.5       75
22/03/2025  10:00:00          0.0         -       0.0         27.8   1013.5       76
22/03/2025  10:15:00          0.0         -       0.0         28.9   1013.5       73
22/03/2025  10:30:00          0.0       130       8.1         29.4   1013.2       72
22/03/2025  10:45:00          0.0       225       9.5         29.5   1013.0       71
22/03/2025  11:00:00          0.0       219       5.6         29.2   1012.7       72
22/03/2025  11:15:00          0.0       206       8.8         29.8   1012.7       70
22/03/2025  11:30:00          0.0       248       6.0         29.7   1012.5       72
22/03/2025  11:45:00          0.0       329       7.8         28.6   1012.5       75
22/03/2025  12:00:00          0.0         -       0.0         28.6   1012.1       74
22/03/2025  12:15:00          0.0       300       4.2         29.8   1011.7       73
22/03/2025  12:30:00          0.0       311       6.0         28.9   1011.4       74
22/03/2025  12:45:00          0.0       321      12.3         28.9   1011.3       75
22/03/2025  13:00:00          0.0       332      15.5         28.9   1010.8       74
22/03/2025  13:15:00          0.0         -       0.0         29.7   1010.5       73
22/03/2025  13:30:00          0.0       308      21.5         28.6   1010.3       74
22/03/2025  13:45:00          0.0       319      20.8         28.5   1010.0       74
22/03/2025  14:00:00          0.0       289      15.5         28.3   1009.8       76
22/03/2025  14:15:00          0.0       315      24.3         28.6   1009.7       76
22/03/2025  14:30:00          0.0       325      25.8         27.5   1009.3       78
22/03/2025  14:45:00          0.0       313      20.5         28.0   1009.4       77
22/03/2025  15:00:00          0.0       347       6.7         29.0   1008.8       74
22/03/2025  15:15:00          0.0       318      18.3         28.7   1008.8       75
22/03/2025  15:30:00          0.0       283      16.2         28.4   1009.2       76
22/03/2025  15:45:00          0.0       323      13.1         27.6   1008.8       77
22/03/2025  16:00:00          0.0       328      21.2         27.6   1009.1       77
22/03/2025  16:15:00          0.0       326      23.3         27.4   1009.2       78
22/03/2025  16:30:00          0.0       295      21.5         27.0   1009.2       79
22/03/2025  16:45:00          0.0       307      23.6         26.9   1009.2       80
22/03/2025  17:00:00          0.0       314      20.1         26.9   1009.3       80
22/03/2025  17:15:00          0.0       303      25.4         26.7   1009.5       81
22/03/2025  17:30:00          0.0       301      20.5         26.6   1009.5       82
22/03/2025  17:45:00          0.0       343      20.8         26.4   1009.5       83
22/03/2025  18:00:00          0.0       290      25.4         26.2   1009.8       83
22/03/2025  18:15:00          0.0       321      13.8         26.1   1010.0       85
22/03/2025  18:30:00          0.0       333      12.0         26.0   1010.3       85
22/03/2025  18:45:00          0.0       323      16.9         25.8   1010.2       86
22/03/2025  19:00:00          0.0       317      13.4         26.0   1010.8       86
22/03/2025  19:15:00          0.0       319      22.2         25.9   1010.5       86
22/03/2025  19:30:00          0.0       312      18.0         26.0   1010.9       86
22/03/2025  19:45:00          0.0       330      20.5         25.9   1011.0       86
22/03/2025  20:00:00          0.0       308      19.8         26.0   1011.1       86
22/03/2025  20:15:00          0.0       291      10.6         26.3   1011.1       86
22/03/2025  20:30:00          0.0       308       8.1         26.1   1011.4       85
22/03/2025  20:45:00          0.0       337      11.6         26.0   1011.5       86
22/03/2025  21:00:00          0.0       342       3.2         26.2   1011.7       86
22/03/2025  21:15:00          0.0         -       0.0         26.0   1012.0       86
22/03/2025  21:30:00          0.0         -       0.0         26.2   1012.1       86
22/03/2025  21:45:00          0.0         -       0.0         26.1   1012.2       86
22/03/2025  22:00:00          0.0         -       0.0         26.2   1012.1       85
22/03/2025  22:15:00          0.0         -       0.0         26.2   1011.9       85
22/03/2025  22:30:00          0.0       242       8.1         26.2   1011.9       84
22/03/2025  22:45:00          0.0       238       7.4         26.2   1011.6       84
22/03/2025  23:00:00          0.0       235      11.6         26.2   1011.5       84
22/03/2025  23:15:00          0.0       191       7.8         26.2   1011.6       85
22/03/2025  23:30:00          0.0         -       0.0         26.0   1011.6       85
22/03/2025  23:45:00          0.0       202      11.6         26.0   1011.7       86
23/03/2025  00:00:00          0.0         -       0.0         26.1   1011.4       86
23/03/2025  00:15:00          0.0       200       6.0         26.1   1011.4       86
23/03/2025  00:30:00          0.0       227       0.7         26.0   1011.1       86
23/03/2025  00:45:00          0.0       229       6.7         26.0   1010.9       87
23/03/2025  01:00:00          0.0       213       8.5         25.8   1010.2       87
23/03/2025  01:15:00          0.0         -       0.0         25.8   1010.2       87
23/03/2025  01:30:00          0.0       237       5.3         25.7   1009.9       88
23/03/2025  01:45:00          0.0         -       0.0         25.5   1009.9       88
23/03/2025  02:00:00          0.0         -       0.0         25.5   1009.9       88
23/03/2025  02:15:00          0.0         -       0.0         25.5   1009.9       89
23/03/2025  02:30:00          0.0         -       0.0         25.5   1009.7       89
23/03/2025  02:45:00          0.0         -       0.0         25.4   1009.4       89
23/03/2025  03:00:00          0.0         -       0.0         25.4   1009.4       89
23/03/2025  03:15:00          0.0       233       4.2         25.4   1009.4       90
23/03/2025  03:30:00          0.0         -       0.0         25.2   1009.4       90
23/03/2025  03:45:00          0.0         -       0.0         25.3   1009.4       90
23/03/2025  04:00:00          0.0       341       4.2         25.2   1009.7       90
23/03/2025  04:15:00          0.0         -       0.0         25.2   1009.7       90
23/03/2025  04:30:00          0.0         -       0.0         25.2   1009.8       90
23/03/2025  04:45:00          0.0         -       0.0         25.2   1009.9       90
23/03/2025  05:00:00          0.0         -       0.0         25.0   1010.2       90
23/03/2025  05:15:00          0.0         -       0.0         25.1   1010.2       91
23/03/2025  05:30:00          0.0         -       0.0         25.1   1010.2       91
23/03/2025  05:45:00          0.0         -       0.0         25.2   1010.4       91
23/03/2025  06:00:00          0.0       228       4.2         25.2   1010.4       91
23/03/2025  06:15:00          0.0       237       8.8         25.1   1010.4       91
23/03/2025  06:30:00          0.0       225       6.7         25.5   1010.4       91
23/03/2025  06:45:00          0.0       236       8.8         25.7   1010.6       90
23/03/2025  07:00:00          0.0       198       7.4         25.8   1010.8       89
23/03/2025  07:15:00          0.0       217       4.9         26.0   1010.8       89
23/03/2025  07:30:00          0.0       199       9.5         26.4   1010.8       88
23/03/2025  07:45:00          0.0       188       9.9         26.6   1011.0       87
23/03/2025  08:00:00          0.0       201       7.1         26.6   1011.0       87
23/03/2025  08:15:00          0.0         -       0.0         26.9   1011.3       85
23/03/2025  08:30:00          0.0         -       0.0         27.2   1011.0       84
23/03/2025  08:45:00          0.0         -       0.0         27.1   1011.0       85
23/03/2025  09:00:00          0.0       198       6.7         28.4   1011.3       82
23/03/2025  09:15:00          0.0       211       8.1         28.2   1011.0       83
23/03/2025  09:30:00          0.0         -       0.0         29.0   1011.0       80
23/03/2025  09:45:00          0.0       230       3.2         29.6   1011.0       76
23/03/2025  10:00:00          0.0       210      10.2         29.1   1011.1       76
23/03/2025  10:15:00          0.0       207      10.2         29.8   1010.9       74
23/03/2025  10:30:00          0.0       222       3.9         30.0   1010.8       72
23/03/2025  10:45:00          0.0       185       5.6         30.4   1010.5       71
23/03/2025  11:00:00          0.0       164       6.7         31.1   1010.2       71
23/03/2025  11:15:00          0.0       200       6.7         30.7   1009.8       70
23/03/2025  11:30:00          0.0       167       6.4         31.3   1009.7       69
23/03/2025  11:45:00          0.0       190       8.1         32.0   1009.5       67
23/03/2025  12:00:00          0.0       183      10.2         32.1   1009.5       63
23/03/2025  12:15:00          0.0       185       9.5         32.6   1009.5       61
23/03/2025  12:30:00          0.0       186       4.6         32.6   1009.2       61
23/03/2025  12:45:00          0.0       220      10.6         32.2   1008.8       62
23/03/2025  13:00:00          0.0       203       8.5         31.6   1008.8       64
23/03/2025  13:15:00          0.0       325       9.5         31.7   1008.6       63
23/03/2025  13:30:00          0.0         -       0.0         31.5   1008.4       67
23/03/2025  13:45:00          0.0       164       5.6         32.3   1008.1       65
23/03/2025  14:00:00          0.0       223       6.4         30.8   1007.7       70
23/03/2025  14:15:00          0.0       291       8.8         30.2   1007.7       71
23/03/2025  14:30:00          0.0       327       6.0         30.1   1007.6       71
23/03/2025  14:45:00          0.0       351      16.2         30.2   1007.2       72
23/03/2025  15:00:00          0.0       292      11.3         29.7   1007.3       74
23/03/2025  15:15:00          0.0       246       5.3         29.5   1007.0       75
23/03/2025  15:30:00          0.0       295      12.3         29.5   1006.4       76
23/03/2025  15:45:00          0.0       315      23.6         28.7   1006.7       78
23/03/2025  16:00:00          0.0       265       6.4         28.9   1006.4       79
23/03/2025  16:15:00          0.0       306      23.3         28.7   1006.6       79
23/03/2025  16:30:00          0.0       317      25.0         28.1   1007.0       81
23/03/2025  16:45:00          0.0       301      15.5         27.8   1007.1       83
23/03/2025  17:00:00          0.0       155       6.7         28.4   1007.3       82
23/03/2025  17:15:00          0.0       222       8.5         28.9   1007.1       79
23/03/2025  17:30:00          0.0         -       0.0         29.0   1007.3       77
23/03/2025  17:45:00          0.0         -       0.0         28.8   1007.3       77
23/03/2025  18:00:00          0.0         -       0.0         28.7   1007.6       73
23/03/2025  18:15:00          0.0         -       0.0         28.9   1007.6       75
23/03/2025  18:30:00          0.0       206       4.9         28.9   1007.8       77
23/03/2025  18:45:00          0.0       201       8.8         28.5   1008.1       80
23/03/2025  19:00:00          0.0       205       7.4         28.6   1008.3       81
23/03/2025  19:15:00          0.0       173       5.3         28.4   1008.6       82
23/03/2025  19:30:00          0.0       226       8.1         28.3   1008.8       83
23/03/2025  19:45:00          0.0       194       5.3         28.2   1009.1       83
23/03/2025  20:00:00          0.0       202       4.6         28.1   1009.3       83
23/03/2025  20:15:00          0.0         -       0.0         28.0   1009.2       84
23/03/2025  20:30:00          0.0       213       7.4         28.0   1009.5       84
23/03/2025  20:45:00          0.0       179       5.3         27.9   1009.5       85
23/03/2025  21:00:00          0.0       186       8.5         27.7   1009.4       85
23/03/2025  21:15:00          0.0       199       9.5         27.5   1009.7       86
23/03/2025  21:30:00          0.0       194       6.7         27.4   1009.7       87
23/03/2025  21:45:00          0.0       161       5.6         27.3   1009.9       87
23/03/2025  22:00:00          0.0       215       6.0         27.2   1010.2       87
23/03/2025  22:15:00          0.0       205       7.1         27.0   1009.5       88
23/03/2025  22:30:00          0.0       228       5.3         27.0   1009.7       88
23/03/2025  22:45:00          0.0       229       5.3         26.9   1009.5       89
23/03/2025  23:00:00          0.0       187       4.2         27.0   1009.8       89
23/03/2025  23:15:00          0.0       205       6.4         27.0   1009.8       89
23/03/2025  23:30:00          0.0       192       4.6         26.8   1009.7       90
23/03/2025  23:45:00          0.0       195       5.3         26.8   1009.7       91
24/03/2025  00:00:00          0.0       192       9.5         26.5   1009.7       93
24/03/2025  00:15:00          0.0       192       3.2         26.3   1009.4       94
24/03/2025  00:30:00          0.0       222       5.3         26.2   1009.5       95
24/03/2025  00:45:00          0.0         -       0.0         25.9   1008.9       95
24/03/2025  01:00:00          0.4         -       0.0         25.9   1009.1       97
24/03/2025  01:15:00          0.2         -       0.0         25.8   1009.2       97
24/03/2025  01:30:00          0.0         -       0.0         25.7   1008.9       98
24/03/2025  01:45:00          0.0         -       0.0         25.7   1008.7       99
24/03/2025  02:00:00          0.2         -       0.0         25.5   1008.7       98
24/03/2025  02:15:00          0.0         -       0.0         25.2   1008.9       98
24/03/2025  02:30:00          0.0         -       0.0         25.0   1008.7       98
24/03/2025  02:45:00          0.2         -       0.0         24.9   1008.4       98
24/03/2025  03:00:00          0.2         -       0.0         24.9   1008.4       99
24/03/2025  03:15:00          0.0         -       0.0         24.8   1008.2       99
24/03/2025  03:30:00          0.2         -       0.0         24.9   1008.2       99
24/03/2025  03:45:00          0.2       100       5.6         24.3   1008.0       99
24/03/2025  04:00:00          0.0         -       0.0         24.2   1007.7       99
24/03/2025  04:15:00          0.0         -       0.0         24.3   1007.7      100
24/03/2025  04:30:00          0.0         -       0.0         24.5   1007.7      100
24/03/2025  04:45:00          0.2         -       0.0         24.5   1007.7      100
24/03/2025  05:00:00          0.0         -       0.0         24.8   1008.0      100
24/03/2025  05:15:00          0.0         -       0.0         24.5   1008.0      100
24/03/2025  05:30:00          0.0         -       0.0         24.8   1008.0      100
24/03/2025  05:45:00          0.0         -       0.0         24.8   1007.7      100
24/03/2025  06:00:00          0.0         -       0.0         24.8   1008.0      100
24/03/2025  06:15:00          0.0       193       4.9         24.7   1008.2      100
24/03/2025  06:30:00          0.0         -       0.0         24.9   1008.2       99
24/03/2025  06:45:00          0.0         -       0.0         24.9   1008.7       99
24/03/2025  07:00:00          0.0         -       0.0         25.1   1008.7       98
24/03/2025  07:15:00          0.0         -       0.0         25.0   1008.7       98
24/03/2025  07:30:00          0.0         -       0.0         25.2   1008.7       97
24/03/2025  07:45:00          0.0         -       0.0         25.2   1008.9       97
24/03/2025  08:00:00          0.0         -       0.0         25.4   1009.2       97
24/03/2025  08:15:00          0.0         -       0.0         25.6   1009.2       96
24/03/2025  08:30:00          0.0         -       0.0         26.0   1009.2       94
24/03/2025  08:45:00          0.0         -       0.0         26.2   1009.2       93
24/03/2025  09:00:00          0.0         -       0.0         26.1   1009.4       92
24/03/2025  09:15:00          0.0         -       0.0         26.3   1009.4       91
24/03/2025  09:30:00          0.0         -       0.0         26.6   1009.5       91
24/03/2025  09:45:00          0.0         -       0.0         26.8   1009.2       90
24/03/2025  10:00:00          0.0         -       0.0         26.9   1009.4       90
24/03/2025  10:15:00          0.0         -       0.0         27.1   1009.3       89
24/03/2025  10:30:00          0.0         -       0.0         27.1   1008.9       88
24/03/2025  10:45:00          0.0         -       0.0         27.4   1009.1       88
24/03/2025  11:00:00          0.0         -       0.0         27.7   1009.1       88
24/03/2025  11:15:00          0.0         -       0.0         27.7   1009.1       86
24/03/2025  11:30:00          0.0         -       0.0         27.5   1008.8       89
24/03/2025  11:45:00          0.0         -       0.0         27.5   1008.3       89
24/03/2025  12:00:00          0.0         -       0.0         28.4   1008.1       89
24/03/2025  12:15:00          0.0       180       5.6         28.7   1007.8       87
24/03/2025  12:30:00          0.0         -       0.0         28.4   1007.3       87
24/03/2025  12:45:00          0.0       199       6.4         28.7   1007.1       85
24/03/2025  13:00:00          0.0       247       6.4         28.9   1007.1       85
24/03/2025  13:15:00          0.0         -       0.0         29.0   1007.1       84
24/03/2025  13:30:00          0.0         -       0.0         28.7   1006.9       84
24/03/2025  13:45:00          0.0         -       0.0         28.7   1006.7       84
24/03/2025  14:00:00          0.0         -       0.0         28.7   1006.1       84
24/03/2025  14:15:00          0.0         -       0.0         29.2   1006.1       83
24/03/2025  14:30:00          0.0         -       0.0         29.3   1006.1       82
24/03/2025  14:45:00          0.0         -       0.0         29.6   1006.1       81
24/03/2025  15:00:00          0.0         -       0.0         29.3   1006.2       81
24/03/2025  15:15:00          0.0         -       0.0         29.7   1005.9       79
24/03/2025  15:30:00          0.0         -       0.0         29.2   1006.2       80
24/03/2025  15:45:00          0.0         -       0.0         29.5   1006.1       80
24/03/2025  16:00:00          0.0       306       6.0         27.8   1006.0       85
24/03/2025  16:15:00          0.0       329      14.1         27.4   1006.2       87
24/03/2025  16:30:00          0.0       311       6.7         27.4   1006.4       88
24/03/2025  16:45:00          0.0       316      24.7         26.9   1006.4       90
24/03/2025  17:00:00          0.0       326      11.6         26.8   1006.9       91
24/03/2025  17:15:00          0.0         -       0.0         26.9   1006.9       91
24/03/2025  17:30:00          0.0       305       4.9         26.8   1006.6       91
24/03/2025  17:45:00          0.0         -       0.0         27.0   1006.9       91
24/03/2025  18:00:00          0.0         -       0.0         27.3   1006.9       89
24/03/2025  18:15:00          0.0         -       0.0         27.5   1006.9       88
24/03/2025  18:30:00          0.0         -       0.0         27.5   1007.1       87
24/03/2025  18:45:00          0.0         -       0.0         27.8   1007.3       87
24/03/2025  19:00:00          0.0       200       4.6         27.4   1007.6       88
24/03/2025  19:15:00          0.0       210       4.9         26.8   1007.8       88
24/03/2025  19:30:00          0.0         -       0.0         26.6   1007.5       87
24/03/2025  19:45:00          0.0       172       6.4         26.2   1008.0       88
24/03/2025  20:00:00          0.0       206      11.3         25.8   1008.3       90
24/03/2025  20:15:00          0.2       246       6.0         25.2   1008.6       93
24/03/2025  20:30:00          0.2         -       0.0         24.7   1008.2       95
24/03/2025  20:45:00          0.0         -       0.0         24.8   1008.2       96
24/03/2025  21:00:00          0.0         -       0.0         24.9   1008.2       96
24/03/2025  21:15:00          0.0         -       0.0         24.9   1008.0       96
24/03/2025  21:30:00          0.0         -       0.0         24.8   1008.0       96
24/03/2025  21:45:00          0.0         -       0.0         25.1   1007.7       96
24/03/2025  22:00:00          0.0       065       4.9         25.1   1008.0       96
24/03/2025  22:15:00          0.0         -       0.0         25.4   1008.0       96
24/03/2025  22:30:00          0.0         -       0.0         25.3   1008.0       95
24/03/2025  22:45:00          0.0         -       0.0         25.3   1007.7       95
24/03/2025  23:00:00          0.0       068       5.3         25.2   1008.2       95
24/03/2025  23:15:00          0.0         -       0.0         25.1   1008.1       95
24/03/2025  23:30:00          0.0         -       0.0         25.2   1008.1       95
24/03/2025  23:45:00          0.0         -       0.0         25.1   1007.7       95
25/03/2025  00:00:00          0.0         -       0.0         25.2   1007.7       95
25/03/2025  00:15:00          0.0         -       0.0         25.2   1007.7       95
25/03/2025  00:30:00          0.0         -       0.0         25.2   1007.5       95
25/03/2025  00:45:00          0.0         -       0.0         25.2   1007.7       96
25/03/2025  01:00:00          0.0         -       0.0         25.1   1007.7       96
25/03/2025  01:15:00          0.0         -       0.0         25.0   1007.7       96
25/03/2025  01:30:00          0.0         -       0.0         25.0   1007.7       96
25/03/2025  01:45:00          0.0         -       0.0         24.9   1007.5       96
25/03/2025  02:00:00          0.0         -       0.0         24.9   1007.2       96
25/03/2025  02:15:00          0.0         -       0.0         24.9   1007.2       97
25/03/2025  02:30:00          0.0         -       0.0         24.8   1007.2       97
25/03/2025  02:45:00          0.0         -       0.0         24.6   1007.2       98
25/03/2025  03:00:00          0.0         -       0.0         24.7   1007.2       98
25/03/2025  03:15:00          0.0         -       0.0         24.5   1007.2       99
25/03/2025  03:30:00          0.0         -       0.0         24.5   1007.2       99
25/03/2025  03:45:00          0.0         -       0.0         24.5   1007.0      100
25/03/2025  04:00:00          0.0         -       0.0         24.4   1007.2      100
25/03/2025  04:15:00          0.0         -       0.0         24.5   1007.5      100
25/03/2025  04:30:00          0.0         -       0.0         24.4   1007.7      100
25/03/2025  04:45:00          0.0         -       0.0         24.3   1008.0      100
25/03/2025  05:00:00          0.0         -       0.0         24.4   1008.0      100
25/03/2025  05:15:00          0.0         -       0.0         24.6   1008.2      100
25/03/2025  05:30:00          0.0         -       0.0         24.8   1008.4      100
25/03/2025  05:45:00          0.0         -       0.0         24.8   1008.4      100
25/03/2025  06:00:00          0.0         -       0.0         24.8   1008.7      100
25/03/2025  06:15:00          0.0         -       0.0         24.8   1008.9      100
25/03/2025  06:30:00          0.0         -       0.0         25.0   1008.9      100
25/03/2025  06:45:00          0.0         -       0.0         25.2   1009.2      100
25/03/2025  07:00:00          0.0         -       0.0         25.5   1009.2       99
25/03/2025  07:15:00          0.0         -       0.0         25.5   1009.4       99
25/03/2025  07:30:00          0.0         -       0.0         26.1   1009.7       97
25/03/2025  07:45:00          0.0         -       0.0         26.3   1009.5       95
25/03/2025  08:00:00          0.0         -       0.0         26.7   1009.8       93
25/03/2025  08:15:00          0.0         -       0.0         27.5   1009.8       92
25/03/2025  08:30:00          0.0         -       0.0         28.4   1009.5       88
25/03/2025  08:45:00          0.0         -       0.0         28.6   1009.8       85
25/03/2025  09:00:00          0.0       213       9.9         27.4   1009.8       85
25/03/2025  09:15:00          0.0         -       0.0         28.3   1009.8       85
25/03/2025  09:30:00          0.0       205       7.4         28.3   1010.0       87
25/03/2025  09:45:00          0.0       214      12.3         28.1   1010.0       85
25/03/2025  10:00:00          0.0       203       9.9         28.6   1009.9       83
25/03/2025  10:15:00          0.0       180       9.2         28.6   1009.5       84
25/03/2025  10:30:00          0.0       226       9.2         28.2   1009.3       84
25/03/2025  10:45:00          0.0       229       8.5         28.1   1009.2       85
25/03/2025  11:00:00          0.0       189      13.1         30.7   1009.1       80
25/03/2025  11:15:00          0.0       217      11.6         29.3   1009.1       80
25/03/2025  11:30:00          0.0       193       7.1         30.3   1008.8       79
25/03/2025  11:45:00          0.0         -       0.0         31.0   1008.7       76
25/03/2025  12:00:00          0.0       179       7.4         31.1   1008.3       73
25/03/2025  12:15:00          0.0       227      11.3         31.3   1008.0       74
25/03/2025  12:30:00          0.0       179      16.2         31.9   1007.7       75
25/03/2025  12:45:00          0.0       199      15.5         33.0   1007.3       72
25/03/2025  13:00:00          0.0       232      11.3         32.8   1007.5       70
25/03/2025  13:15:00          0.0       218      10.9         31.4   1007.2       74
25/03/2025  13:30:00          0.0       193      12.3         32.3   1007.2       73
25/03/2025  13:45:00          0.0       189       7.1         31.7   1007.0       73
25/03/2025  14:00:00          0.0       186       7.8         32.9   1007.0       71
25/03/2025  14:15:00          0.0       202       9.9         31.6   1007.0       73
25/03/2025  14:30:00          0.0         -       0.0         31.3   1006.9       76
25/03/2025  14:45:00          0.0       177       4.9         31.9   1007.0       75
25/03/2025  15:00:00          0.0       176       9.9         32.9   1006.6       71
25/03/2025  15:15:00          0.0       209       6.7         31.7   1006.6       74
25/03/2025  15:30:00          0.0         -       0.0         32.6   1006.7       72
25/03/2025  15:45:00          0.0       285       7.8         32.0   1006.5       73
25/03/2025  16:00:00          0.0         -       0.0         32.0   1006.7       70
25/03/2025  16:15:00          0.0         -       0.0         30.7   1006.7       72
25/03/2025  16:30:00          0.0       354       7.1         30.4   1006.7       72
25/03/2025  16:45:00          0.0         -       0.0         30.3   1007.0       74
25/03/2025  17:00:00          0.0       335       5.3         29.5   1007.2       76
25/03/2025  17:15:00          0.0       342       6.4         29.1   1007.2       78
25/03/2025  17:30:00          0.0         -       0.0         28.8   1007.7       78
25/03/2025  17:45:00          0.0         -       0.0         28.0   1008.0       80
25/03/2025  18:00:00          0.0         -       0.0         27.5   1008.4       81
25/03/2025  18:15:00          0.0         -       0.0         27.4   1008.8       82
25/03/2025  18:30:00          0.0         -       0.0         27.2   1009.1       83
25/03/2025  18:45:00          0.0         -       0.0         26.8   1009.1       85
25/03/2025  19:00:00          0.0         -       0.0         26.8   1009.3       85
25/03/2025  19:15:00          0.0       309       4.6         26.7   1009.5       87
25/03/2025  19:30:00          0.0       287       4.9         26.8   1009.5       87
25/03/2025  19:45:00          0.0       266       4.2         26.9   1009.9       87
25/03/2025  20:00:00          0.0         -       0.0         26.7   1010.0       87
25/03/2025  20:15:00          0.0         -       0.0         26.7   1010.3       87
25/03/2025  20:30:00          0.0       317       7.4         26.8   1010.5       87
25/03/2025  20:45:00          0.0       354       9.9         26.7   1010.8       87
25/03/2025  21:00:00          0.0         -       0.0         26.6   1010.6       88
25/03/2025  21:15:00          0.0       319       7.8         26.5   1010.4       88
25/03/2025  21:30:00          0.0       353       6.7         26.5   1010.3       89
25/03/2025  21:45:00          0.0       319       3.9         26.5   1010.6       90
25/03/2025  22:00:00          0.0         -       0.0         26.6   1010.8       90
25/03/2025  22:15:00          0.0         -       0.0         26.6   1010.4       90
25/03/2025  22:30:00          0.0         -       0.0         26.6   1010.4       90
25/03/2025  22:45:00          0.0         -       0.0         26.6   1010.2       90
25/03/2025  23:00:00          0.0       343       4.2         26.6   1010.4       90
25/03/2025  23:15:00          0.0       266       2.1         26.5   1010.4       90
25/03/2025  23:30:00          0.0         -       0.0         26.6   1010.2       90
25/03/2025  23:45:00          0.0         -       0.0         26.6   1010.2       90
26/03/2025  00:00:00          0.0       327       3.9         26.5   1010.3       91
26/03/2025  00:15:00          0.0       258       0.4         26.4   1010.2       91
26/03/2025  00:30:00          0.0       326       7.1         26.6   1009.9       91
26/03/2025  00:45:00          0.0         -       0.0         26.3   1010.0       91
26/03/2025  01:00:00          0.0         -       0.0         26.0   1009.9       92
26/03/2025  01:15:00          0.0         -       0.0         26.1   1009.9       92
26/03/2025  01:30:00          0.0         -       0.0         26.2   1009.9       92
26/03/2025  01:45:00          0.0         -       0.0         26.2   1009.7       92
26/03/2025  02:00:00          0.0         -       0.0         26.0   1009.7       93
26/03/2025  02:15:00          0.0         -       0.0         26.1   1009.4       93
26/03/2025  02:30:00          0.0       311       6.0         26.1   1009.4       93
26/03/2025  02:45:00          0.0         -       0.0         26.1   1009.3       93
26/03/2025  03:00:00          0.0         -       0.0         26.1   1009.2       92
26/03/2025  03:15:00          0.0         -       0.0         25.9   1009.2       93
26/03/2025  03:30:00          0.0         -       0.0         25.8   1009.3       94
26/03/2025  03:45:00          0.0         -       0.0         25.7   1009.4       94
26/03/2025  04:00:00          0.0         -       0.0         25.6   1009.4       94
26/03/2025  04:15:00          0.0         -       0.0         25.6   1009.4       93
26/03/2025  04:30:00          0.0         -       0.0         25.6   1009.5       94
26/03/2025  04:45:00          0.0         -       0.0         25.7   1009.4       94
26/03/2025  05:00:00          0.0         -       0.0         25.6   1009.2       94
26/03/2025  05:15:00          0.0         -       0.0         25.5   1009.4       95
26/03/2025  05:30:00          0.0       209       6.4         25.4   1009.4       96
26/03/2025  05:45:00          0.0       211       2.8         25.4   1009.4       97
26/03/2025  06:00:00          0.0       231       5.3         25.4   1009.7       98
26/03/2025  06:15:00          0.0       193       7.1         25.5   1010.0       98
26/03/2025  06:30:00          0.0         -       0.0         25.7   1010.2       99
26/03/2025  06:45:00          0.0         -       0.0         25.9   1010.2       98
26/03/2025  07:00:00          0.0       223       1.4         26.1   1010.3       97
26/03/2025  07:15:00          0.0       212       4.2         26.5   1010.3       96
26/03/2025  07:30:00          0.0       237       6.4         26.2   1010.5       97
26/03/2025  07:45:00          0.0       184       7.4         27.2   1010.8       96
26/03/2025  08:00:00          0.0       167       4.9         28.2   1010.8       92
26/03/2025  08:15:00          0.0         -       0.0         26.9   1011.1       92
26/03/2025  08:30:00          0.0       231       7.1         27.6   1011.0       90
26/03/2025  08:45:00          0.0       197       8.1         28.4   1011.3       88
26/03/2025  09:00:00          0.0       196       9.2         28.0   1011.3       86
26/03/2025  09:15:00          0.0       186       9.2         28.9   1011.1       86
26/03/2025  09:30:00          0.0       184       8.1         29.3   1011.4       84
26/03/2025  09:45:00          0.0       201       7.4         29.4   1011.3       82
26/03/2025  10:00:00          0.0       171      13.1         30.6   1011.0       80
26/03/2025  10:15:00          0.0       188       6.0         29.1   1011.3       82
26/03/2025  10:30:00          0.0       156       6.4         31.6   1011.0       75
26/03/2025  10:45:00          0.0       184      11.6         30.8   1011.0       73
26/03/2025  11:00:00          0.0       213      11.3         31.3   1010.8       71
26/03/2025  11:15:00          0.0       183      14.5         31.6   1010.8       69
26/03/2025  11:30:00          0.0       197       8.8         31.1   1010.6       74
26/03/2025  11:45:00          0.0       306      13.1         29.7   1010.3       75
26/03/2025  12:00:00          0.0       298       7.4         29.7   1010.0       78
26/03/2025  12:15:00          0.0         -       0.0         30.5   1009.7       77
26/03/2025  12:30:00          0.0       292       4.9         29.9   1009.9       78
26/03/2025  12:45:00          0.0         -       0.0         30.2   1009.7       78
26/03/2025  13:00:00          0.0       326       8.8         29.8   1009.3       77
26/03/2025  13:15:00          0.0       301      14.8         29.7   1009.3       77
26/03/2025  13:30:00          0.0       321      19.1         28.6   1009.1       79
26/03/2025  13:45:00          0.0       283       8.1         29.0   1008.8       79
26/03/2025  14:00:00          0.0       295      20.8         29.0   1008.6       76
26/03/2025  14:15:00          0.0       321      11.3         29.3   1008.4       74
26/03/2025  14:30:00          0.0       289      12.0         29.2   1008.4       72
26/03/2025  14:45:00          0.0       326      22.9         28.7   1008.4       74
26/03/2025  15:00:00          0.0       332      10.9         28.4   1008.7       75
26/03/2025  15:15:00          0.0       350      14.1         28.4   1008.3       75
26/03/2025  15:30:00          0.0       297      20.5         28.3   1008.6       78
26/03/2025  15:45:00          0.0       308      30.3         27.9   1008.9       79
26/03/2025  16:00:00          0.0       181       8.5         29.5   1009.1       79
26/03/2025  16:15:00          0.0         -       0.0         28.1   1009.1       82
26/03/2025  16:30:00          0.0       250       5.6         28.1   1009.1       82
26/03/2025  16:45:00          0.0       285      13.4         28.3   1009.1       81
26/03/2025  17:00:00          0.0       283      21.2         27.1   1009.3       82
26/03/2025  17:15:00          0.0       317      11.3         26.9   1009.5       84
26/03/2025  17:30:00          0.0       320      14.8         26.9   1009.5       83
26/03/2025  17:45:00          0.0       312      20.1         26.7   1009.7       83
26/03/2025  18:00:00          0.0       333       9.2         26.8   1010.0       84
26/03/2025  18:15:00          0.0       225       5.3         27.0   1010.3       84
26/03/2025  18:30:00          0.0         -       0.0         26.9   1010.5       84
26/03/2025  18:45:00          0.0         -       0.0         26.7   1010.5       86
26/03/2025  19:00:00          0.0       325       9.5         26.6   1010.5       88
26/03/2025  19:15:00          0.0       310       6.4         26.6   1010.4       89
26/03/2025  19:30:00          0.0       329       5.3         26.5   1010.4       89
26/03/2025  19:45:00          0.0         -       0.0         26.6   1011.0       89
26/03/2025  20:00:00          0.0         -       0.0         26.5   1010.9       89
26/03/2025  20:15:00          0.0         -       0.0         26.5   1011.3       89
26/03/2025  20:30:00          0.0         -       0.0         26.5   1011.0       89
26/03/2025  20:45:00          0.0         -       0.0         26.5   1011.0       90
26/03/2025  21:00:00          0.0       261       4.9         26.6   1010.9       89
26/03/2025  21:15:00          0.0         -       0.0         26.5   1011.3       89
26/03/2025  21:30:00          0.0         -       0.0         26.6   1011.4       88
26/03/2025  21:45:00          0.0         -       0.0         26.5   1011.5       88
26/03/2025  22:00:00          0.0         -       0.0         26.5   1011.5       88
26/03/2025  22:15:00          0.0         -       0.0         26.6   1011.4       87
26/03/2025  22:30:00          0.0       207       6.7         26.6   1011.3       87
26/03/2025  22:45:00          0.0         -       0.0         26.5   1011.0       88
26/03/2025  23:00:00          0.0         -       0.0         26.5   1010.9       88
26/03/2025  23:15:00          0.0         -       0.0         26.3   1011.1       88
26/03/2025  23:30:00          0.0         -       0.0         26.5   1010.9       88
26/03/2025  23:45:00          0.0       218       5.3         26.4   1010.6       88
27/03/2025  00:00:00          0.0         -       0.0         26.5   1010.6       87
27/03/2025  00:15:00          0.0       173       5.6         26.4   1010.6       87
27/03/2025  00:30:00          0.0       229       5.3         26.2   1010.4       88
27/03/2025  00:45:00          0.0         -       0.0         26.2   1010.4       88
27/03/2025  01:00:00          0.0         -       0.0         26.3   1010.2       89
27/03/2025  01:15:00          0.0         -       0.0         26.2   1010.2       89
27/03/2025  01:30:00          0.0       188       4.2         26.1   1009.7       89
27/03/2025  01:45:00          0.0         -       0.0         26.0   1009.4       90
27/03/2025  02:00:00          0.0         -       0.0         26.0   1009.4       90
27/03/2025  02:15:00          0.0         -       0.0         25.8   1009.4       90
27/03/2025  02:30:00          0.0         -       0.0         25.7   1009.2       91
27/03/2025  02:45:00          0.0         -       0.0         25.7   1009.2       91
27/03/2025  03:00:00          0.0         -       0.0         25.4   1008.9       92
27/03/2025  03:15:00          0.0         -       0.0         25.5   1009.2       92
27/03/2025  03:30:00          0.0         -       0.0         25.4   1009.2       93
27/03/2025  03:45:00          0.0         -       0.0         25.3   1009.4       93
27/03/2025  04:00:00          0.0         -       0.0         25.2   1009.4       92
27/03/2025  04:15:00          0.0         -       0.0         25.1   1009.4       91
27/03/2025  04:30:00          0.0         -       0.0         24.9   1009.4       91
27/03/2025  04:45:00          0.0         -       0.0         25.3   1009.4       92
27/03/2025  05:00:00          0.0         -       0.0         25.2   1009.7       93
27/03/2025  05:15:00          0.0       199       3.2         25.2   1009.7       95
27/03/2025  05:30:00          0.0         -       0.0         24.9   1009.9       96
27/03/2025  05:45:00          0.0         -       0.0         24.8   1010.2       97
27/03/2025  06:00:00          0.0         -       0.0         24.8   1010.4       97
27/03/2025  06:15:00          0.0         -       0.0         25.0   1010.6       97
27/03/2025  06:30:00          0.0         -       0.0         24.9   1010.9       96
27/03/2025  06:45:00          0.0         -       0.0         25.2   1011.1       94
27/03/2025  07:00:00          0.0         -       0.0         26.2   1011.1       92
27/03/2025  07:15:00          0.0         -       0.0         26.8   1011.5       91
27/03/2025  07:30:00          0.0       139       8.1         27.8   1011.4       88
27/03/2025  07:45:00          0.0       138       7.1         27.9   1011.5       87
27/03/2025  08:00:00          0.0         -       0.0         28.9   1011.5       84
27/03/2025  08:15:00          0.0         -       0.0         28.7   1011.5       82
27/03/2025  08:30:00          0.0       174       1.1         28.5   1011.7       82
27/03/2025  08:45:00          0.0       215       4.9         29.6   1011.7       80
27/03/2025  09:00:00          0.0       221       6.7         29.9   1012.1       77
27/03/2025  09:15:00          0.0       191       9.9         30.6   1012.0       76
27/03/2025  09:30:00          0.0       225       8.8         30.1   1012.2       78
27/03/2025  09:45:00          0.0         -       0.0         29.3   1012.1       78
27/03/2025  10:00:00          0.0       181      12.7         30.2   1012.0       77
27/03/2025  10:15:00          0.0       185      16.2         29.4   1012.1       78
27/03/2025  10:30:00          0.0       195      12.7         29.3   1011.9       79
27/03/2025  10:45:00          0.0       199       9.9         29.9   1011.6       78
27/03/2025  11:00:00          0.0       184       7.8         30.7   1011.4       75
27/03/2025  11:15:00          0.0       192      13.4         30.9   1010.9       72
27/03/2025  11:30:00          0.0       191      16.2         31.9   1011.0       68
27/03/2025  11:45:00          0.0       254       9.2         31.1   1010.6       66
27/03/2025  12:00:00          0.0       216       9.2         30.9   1010.4       67
27/03/2025  12:15:00          0.0       223       9.5         31.0   1010.2       68
27/03/2025  12:30:00          0.0         -       0.0         31.6   1009.8       66
27/03/2025  12:45:00          0.0       211      11.3         30.8   1009.5       69
27/03/2025  13:00:00          0.0         -       0.0         30.8   1009.3       68
27/03/2025  13:15:00          0.0         -       0.0         31.4   1009.2       66
27/03/2025  13:30:00          0.0       286       4.2         31.8   1009.2       64
27/03/2025  13:45:00          0.0       267       8.8         31.3   1008.8       65
27/03/2025  14:00:00          0.0       314      11.6         30.4   1008.4       68
27/03/2025  14:15:00          0.0       281       4.2         30.2   1008.3       68
27/03/2025  14:30:00          0.0       259       6.4         30.1   1008.1       69
27/03/2025  14:45:00          0.0       177      12.0         29.6   1008.1       72
27/03/2025  15:00:00          0.0       161       8.8         29.7   1008.0       73
27/03/2025  15:15:00          0.0       313      19.4         29.2   1008.1       73
27/03/2025  15:30:00          0.0       297       8.5         28.6   1008.1       75
27/03/2025  15:45:00          0.0       317      20.8         28.9   1008.2       75
27/03/2025  16:00:00          0.0       316       8.8         28.5   1008.2       77
27/03/2025  16:15:00          0.0       324       5.6         28.5   1008.1       77
27/03/2025  16:30:00          0.0         -       0.0         28.4   1008.1       78
27/03/2025  16:45:00          0.0       328      27.5         27.5   1008.1       80
27/03/2025  17:00:00          0.0       293      20.5         27.5   1008.4       82
27/03/2025  17:15:00          0.0       280      15.2         27.2   1008.3       83
27/03/2025  17:30:00          0.0       336      18.7         27.0   1008.4       85
27/03/2025  17:45:00          0.0       340      13.1         26.9   1008.6       86
27/03/2025  18:00:00          0.0       333       9.9         26.8   1008.6       85
27/03/2025  18:15:00          0.0       311      12.7         26.8   1008.8       85
27/03/2025  18:30:00          0.0       304      13.1         26.7   1008.8       86
27/03/2025  18:45:00          0.0       286       4.6         26.6   1009.1       87
27/03/2025  19:00:00          0.0         -       0.0         26.6   1009.3       87
27/03/2025  19:15:00          0.0       279      12.7         26.6   1009.5       87
27/03/2025  19:30:00          0.0       297      15.9         26.8   1009.5       88
27/03/2025  19:45:00          0.0       303      13.8         26.6   1009.7       88
27/03/2025  20:00:00          0.0         -       0.0         26.6   1010.2       88
27/03/2025  20:15:00          0.0         -       0.0         26.6   1010.0       88
27/03/2025  20:30:00          0.0         -       0.0         26.7   1010.3       88
27/03/2025  20:45:00          0.0         -       0.0         26.6   1010.2       88
27/03/2025  21:00:00          0.0       203       9.5         26.6   1010.2       88
27/03/2025  21:15:00          0.0         -       0.0         26.7   1010.4       87
27/03/2025  21:30:00          0.0         -       0.0         26.5   1010.6       87
27/03/2025  21:45:00          0.0         -       0.0         26.6   1010.9       87
27/03/2025  22:00:00          0.0       288       4.6         26.7   1010.6       87
27/03/2025  22:15:00          0.0         -       0.0         26.4   1010.6       88
27/03/2025  22:30:00          0.0         -       0.0         26.4   1010.9       88
27/03/2025  22:45:00          0.0       220       8.8         26.4   1010.6       88
27/03/2025  23:00:00          0.0         -       0.0         26.3   1010.4       87
27/03/2025  23:15:00          0.0         -       0.0         26.4   1010.4       88
27/03/2025  23:30:00          0.0         -       0.0         26.2   1010.4       88
27/03/2025  23:45:00          0.0         -       0.0         26.1   1010.2       88
28/03/2025  00:00:00          0.0         -       0.0         26.1   1010.2       89
28/03/2025  00:15:00          0.0         -       0.0         26.0   1010.2       89
28/03/2025  00:30:00          0.0         -       0.0         26.0   1010.2       89
28/03/2025  00:45:00          0.0       210       4.6         25.8   1009.7       89
28/03/2025  01:00:00          0.0       174       4.2         25.8   1009.7       90
28/03/2025  01:15:00          0.0         -       0.0         25.7   1009.7       90
28/03/2025  01:30:00          0.0         -       0.0         25.5   1009.2       91
28/03/2025  01:45:00          0.0         -       0.0         25.4   1009.2       91
28/03/2025  02:00:00          0.0       184       0.7         25.3   1009.4       91
28/03/2025  02:15:00          0.0         -       0.0         25.4   1009.4       91
28/03/2025  02:30:00          0.0         -       0.0         25.3   1009.4       91
28/03/2025  02:45:00          0.0         -       0.0         25.3   1009.2       91
28/03/2025  03:00:00          0.0         -       0.0         25.4   1009.2       92
28/03/2025  03:15:00          0.0       224       2.8         25.4   1008.9       91
28/03/2025  03:30:00          0.0         -       0.0         25.4   1008.9       92
28/03/2025  03:45:00          0.0         -       0.0         25.3   1008.9       92
28/03/2025  04:00:00          0.0         -       0.0         25.2   1008.9       93
28/03/2025  04:15:00          0.0         -       0.0         25.0   1008.9       93
28/03/2025  04:30:00          0.0         -       0.0         24.9   1008.7       93
28/03/2025  04:45:00          0.0         -       0.0         24.9   1008.7       94
28/03/2025  05:00:00          0.0         -       0.0         24.8   1008.9       94
28/03/2025  05:15:00          0.0         -       0.0         24.8   1008.7       95
28/03/2025  05:30:00          0.0         -       0.0         24.8   1008.9       95
28/03/2025  05:45:00          0.0         -       0.0         24.7   1008.9       95
28/03/2025  06:00:00          0.0         -       0.0         24.7   1008.9       95
28/03/2025  06:15:00          0.0         -       0.0         24.9   1009.2       95
28/03/2025  06:30:00          0.0         -       0.0         25.5   1009.2       95
28/03/2025  06:45:00          0.0         -       0.0         26.2   1009.4       93
28/03/2025  07:00:00          0.0       208       5.3         26.7   1009.4       90
28/03/2025  07:15:00          0.0         -       0.0         27.2   1009.8       90
28/03/2025  07:30:00          0.0       201       3.9         26.9   1010.3       89
28/03/2025  07:45:00          0.0       216       4.6         26.7   1010.3       88
28/03/2025  08:00:00          0.0       184       4.6         27.5   1010.3       88
28/03/2025  08:15:00          0.0       242       3.9         27.9   1010.6       85
28/03/2025  08:30:00          0.0       185       8.5         28.1   1010.9       86
28/03/2025  08:45:00          0.0       190       8.8         27.7   1010.8       87
28/03/2025  09:00:00          0.0       190       7.1         28.6   1010.5       83
28/03/2025  09:15:00          0.0       210      10.6         29.5   1010.6       81
28/03/2025  09:30:00          0.0       202       8.8         28.4   1010.5       81
28/03/2025  09:45:00          0.0       168       5.6         28.6   1010.3       78
28/03/2025  10:00:00          0.0       186       7.1         29.1   1010.0       78
28/03/2025  10:15:00          0.0       199       1.1         29.9   1010.0       75
28/03/2025  10:30:00          0.0       179       8.1         30.5   1009.9       73
28/03/2025  10:45:00          0.0       167       8.1         30.8   1009.5       73
28/03/2025  11:00:00          0.0       154       5.6         30.8   1009.7       68
28/03/2025  11:15:00          0.0       213       7.4         31.0   1009.3       66
28/03/2025  11:30:00          0.0       182       5.6         31.3   1008.9       63
28/03/2025  11:45:00          0.0       246      12.3         30.5   1008.8       67
28/03/2025  12:00:00          0.0       179      10.6         30.6   1008.9       72
28/03/2025  12:15:00          0.0       196       8.8         32.5   1008.7       67
28/03/2025  12:30:00          0.0         -       0.0         31.7   1008.4       69
28/03/2025  12:45:00          0.0         -       0.0         31.0   1008.2       72
28/03/2025  13:00:00          0.0       208      14.1         31.4   1007.8       69
28/03/2025  13:15:00          0.0       204       1.8         31.4   1007.5       68
28/03/2025  13:30:00          0.0       322      18.0         31.0   1007.1       68
28/03/2025  13:45:00          0.0         -       0.0         30.1   1007.1       73
28/03/2025  14:00:00          0.0       263       7.1         30.0   1007.0       73
28/03/2025  14:15:00          0.0       343       7.4         30.2   1007.0       71
28/03/2025  14:30:00          0.0       207       4.9         29.6   1006.9       70
28/03/2025  14:45:00          0.0         -       0.0         30.7   1006.6       69
28/03/2025  15:00:00          0.0       344      17.3         29.8   1006.4       70
28/03/2025  15:15:00          0.0       293       4.2         29.5   1007.0       72
28/03/2025  15:30:00          0.0       301      21.2         28.8   1007.0       74
28/03/2025  15:45:00          0.0       338       8.5         28.6   1007.2       76
28/03/2025  16:00:00          0.0       306      21.2         28.0   1006.9       78
28/03/2025  16:15:00          0.0       305      19.8         28.1   1006.9       79
28/03/2025  16:30:00          0.0       306      13.1         27.7   1007.1       80
28/03/2025  16:45:00          0.0       313      26.8         27.5   1007.3       80
28/03/2025  17:00:00          0.0       330      19.1         27.5   1007.1       80
28/03/2025  17:15:00          0.0       303      10.9         27.7   1007.1       78
28/03/2025  17:30:00          0.0       327      15.5         27.3   1007.3       80
28/03/2025  17:45:00          0.0       297      22.2         27.0   1007.6       83
28/03/2025  18:00:00          0.0       309      20.8         26.6   1007.8       84
28/03/2025  18:15:00          0.0       321      25.8         26.8   1007.8       85
28/03/2025  18:30:00          0.0       313      16.2         26.6   1008.1       85
28/03/2025  18:45:00          0.0       298      15.5         26.6   1008.3       84
28/03/2025  19:00:00          0.0       292      17.3         26.8   1008.6       83
28/03/2025  19:15:00          0.0       314      16.6         26.8   1008.6       82
28/03/2025  19:30:00          0.0       312      21.5         26.8   1008.8       81
28/03/2025  19:45:00          0.0       325      15.2         26.6   1008.9       81
28/03/2025  20:00:00          0.0         -       0.0         26.6   1009.1       82
28/03/2025  20:15:00          0.0       304      14.8         26.6   1009.5       82
28/03/2025  20:30:00          0.0       308      10.9         26.8   1009.5       83
28/03/2025  20:45:00          0.0         -       0.0         26.6   1009.3       84
28/03/2025  21:00:00          0.0       280       3.9         26.4   1009.4       84
28/03/2025  21:15:00          0.0         -       0.0         26.6   1009.4       84
28/03/2025  21:30:00          0.0       243       5.6         26.6   1009.5       83
28/03/2025  21:45:00          0.0         -       0.0         26.6   1009.3       84
28/03/2025  22:00:00          0.0         -       0.0         26.5   1009.5       84
28/03/2025  22:15:00          0.0         -       0.0         26.4   1009.2       84
28/03/2025  22:30:00          0.0       215       5.6         26.3   1009.2       84
28/03/2025  22:45:00          0.0       244       6.0         26.3   1009.2       84
28/03/2025  23:00:00          0.0       212       4.2         26.2   1009.2       84
28/03/2025  23:15:00          0.0         -       0.0         26.2   1008.9       84
28/03/2025  23:30:00          0.0       218       4.9         26.2   1008.7       85
28/03/2025  23:45:00          0.0       231       3.5         26.0   1008.7       86
29/03/2025  00:00:00          0.0         -       0.0         25.9   1008.8       87
29/03/2025  00:15:00          0.0         -       0.0         25.9   1008.7       86
29/03/2025  00:30:00          0.0       206       0.4         26.0   1008.4       86
29/03/2025  00:45:00          0.0         -       0.0         25.8   1008.4       86
29/03/2025  01:00:00          0.0         -       0.0         25.8   1008.2       87
29/03/2025  01:15:00          0.0         -       0.0         25.7   1008.2       86
29/03/2025  01:30:00          0.0         -       0.0         25.8   1008.0       87
29/03/2025  01:45:00          0.0         -       0.0         25.6   1007.7       87
29/03/2025  02:00:00          0.0       222       5.3         25.5   1007.7       88
29/03/2025  02:15:00          0.0         -       0.0         25.4   1007.7       89
29/03/2025  02:30:00          0.0         -       0.0         25.3   1007.5       89
29/03/2025  02:45:00          0.0         -       0.0         25.3   1007.5       90
29/03/2025  03:00:00          0.0         -       0.0         24.9   1007.5       91
29/03/2025  03:15:00          0.0         -       0.0         24.9   1007.5       91
29/03/2025  03:30:00          0.0         -       0.0         25.0   1007.5       92
29/03/2025  03:45:00          0.0       217       4.6         24.9   1007.5       92
29/03/2025  04:00:00          0.0         -       0.0         25.0   1007.5       92
29/03/2025  04:15:00          0.0         -       0.0         24.9   1007.7       91
29/03/2025  04:30:00          0.0         -       0.0         24.8   1007.5       92
29/03/2025  04:45:00          0.0         -       0.0         25.0   1007.7       92
29/03/2025  05:00:00          0.0       337       4.2         25.0   1007.7       91
29/03/2025  05:15:00          0.0       324       2.5         25.0   1007.7       91
29/03/2025  05:30:00          0.0         -       0.0         24.8   1008.0       91
29/03/2025  05:45:00          0.0         -       0.0         25.0   1008.0       91
29/03/2025  06:00:00          0.0       231       5.3         24.9   1008.0       91
29/03/2025  06:15:00          0.0       216       4.2         25.1   1008.0       91
29/03/2025  06:30:00          0.0       230       4.9         25.2   1008.0       92
29/03/2025  06:45:00          0.0       211       5.3         25.7   1008.2       91
29/03/2025  07:00:00          0.0         -       0.0         26.2   1008.4       90
29/03/2025  07:15:00          0.0         -       0.0         26.3   1008.4       89
29/03/2025  07:30:00          0.0       223       4.2         26.2   1008.6       88
29/03/2025  07:45:00          0.0       200       6.7         26.8   1008.8       87
29/03/2025  08:00:00          0.0         -       0.0         26.6   1009.1       87
29/03/2025  08:15:00          0.0       185       0.4         27.1   1009.3       85
29/03/2025  08:30:00          0.0       203       8.1         27.3   1009.3       84
29/03/2025  08:45:00          0.0       212       8.5         27.3   1009.3       84
29/03/2025  09:00:00          0.0       189      13.8         27.7   1009.3       84
29/03/2025  09:15:00          0.0       193       6.0         28.2   1009.2       83
29/03/2025  09:30:00          0.0       185       8.8         28.7   1009.3       82
29/03/2025  09:45:00          0.0       176       8.5         29.1   1009.3       80
29/03/2025  10:00:00          0.0       209       7.8         29.8   1009.1       75
29/03/2025  10:15:00          0.0         -       0.0         30.0   1009.1       75
29/03/2025  10:30:00          0.0       203       6.4         29.9   1008.8       74
29/03/2025  10:45:00          0.0       185      10.2         30.2   1008.8       73
29/03/2025  11:00:00          0.0       172       2.1         30.0   1008.8       75
29/03/2025  11:15:00          0.0       193      10.9         30.5   1008.6       73
29/03/2025  11:30:00          0.0       186      14.8         30.8   1008.1       72
29/03/2025  11:45:00          0.0       230      10.6         31.3   1007.8       70
29/03/2025  12:00:00          0.0         -       0.0         31.2   1007.6       69
29/03/2025  12:15:00          0.0       338      13.8         30.9   1007.3       68
29/03/2025  12:30:00          0.0       327       7.8         30.2   1007.3       73
29/03/2025  12:45:00          0.0         -       0.0         31.2   1007.1       69
29/03/2025  13:00:00          0.0       304       0.7         31.4   1006.6       69
29/03/2025  13:15:00          0.0       308      13.4         30.1   1006.7       72
29/03/2025  13:30:00          0.0       309      18.3         29.8   1006.7       73
29/03/2025  13:45:00          0.0       274      12.7         30.8   1006.1       72
29/03/2025  14:00:00          0.0       302      18.3         30.2   1006.1       74
29/03/2025  14:15:00          0.0       278      22.9         29.5   1006.1       75
29/03/2025  14:30:00          0.0       311      10.2         29.6   1006.2       77
29/03/2025  14:45:00          0.0       305      31.4         29.0   1006.2       77
29/03/2025  15:00:00          0.0       347      12.0         28.7   1006.0       79
29/03/2025  15:15:00          0.0       129       9.5         29.0   1005.6       78
29/03/2025  15:30:00          0.0       238       0.7         29.8   1005.9       76
29/03/2025  15:45:00          0.0       283       7.1         29.8   1005.9       77
29/03/2025  16:00:00          0.0       345       4.6         29.2   1005.6       77
29/03/2025  16:15:00          0.0       335      24.0         28.5   1005.6       80
29/03/2025  16:30:00          0.0       292       9.5         28.6   1006.0       80
29/03/2025  16:45:00          0.0       300      24.3         27.8   1005.6       82
29/03/2025  17:00:00          0.0       296      19.4         27.7   1005.9       82
29/03/2025  17:15:00          0.0       306      23.3         27.5   1006.1       82
29/03/2025  17:30:00          0.0       336      16.9         27.4   1006.2       82
29/03/2025  17:45:00          0.0         -       0.0         27.2   1006.4       84
29/03/2025  18:00:00          0.0       323       4.9         26.9   1006.6       85
29/03/2025  18:15:00          0.0       331      18.7         26.6   1006.9       87
29/03/2025  18:30:00          0.0       311      22.2         26.6   1007.1       87
29/03/2025  18:45:00          0.0       316      17.6         26.6   1007.1       87
29/03/2025  19:00:00          0.0       309      18.7         26.6   1007.2       88
29/03/2025  19:15:00          0.0       332      17.3         26.5   1007.8       87
29/03/2025  19:30:00          0.0       317      10.6         26.5   1007.6       88
29/03/2025  19:45:00          0.0       324      16.6         26.6   1008.1       87
29/03/2025  20:00:00          0.0       288      12.0         26.5   1008.3       88
29/03/2025  20:15:00          0.0       296      13.4         26.5   1008.2       89
29/03/2025  20:30:00          0.0       317       6.4         26.5   1008.2       89
29/03/2025  20:45:00          0.0       352       4.6         26.3   1008.2       90
29/03/2025  21:00:00          0.0       326      19.4         26.3   1008.4       91
29/03/2025  21:15:00          0.0       311      12.3         26.3   1008.7       92
29/03/2025  21:30:00          0.0       328       9.5         26.3   1008.4       93
29/03/2025  21:45:00          0.0       307       8.1         26.3   1008.8       93
29/03/2025  22:00:00          0.0       271       7.1         26.2   1008.7       93
29/03/2025  22:15:00          0.0         -       0.0         26.2   1008.4       93
29/03/2025  22:30:00          0.0       340       4.6         26.2   1008.7       94
29/03/2025  22:45:00          0.0         -       0.0         26.2   1008.7       93
29/03/2025  23:00:00          0.0       309       8.1         26.2   1008.7       94
29/03/2025  23:15:00          0.0         -       0.0         26.1   1008.4       94
29/03/2025  23:30:00          0.0         -       0.0         26.2   1008.7       93
29/03/2025  23:45:00          0.0         -       0.0         26.3   1008.4       91
30/03/2025  00:00:00          0.0         -       0.0         26.2   1008.7       90
30/03/2025  00:15:00          0.0         -       0.0         26.2   1008.4       90
30/03/2025  00:30:00          0.0         -       0.0         26.1   1008.2       89
30/03/2025  00:45:00          0.0         -       0.0         26.1   1008.4       89
30/03/2025  01:00:00          0.0         -       0.0         26.1   1008.4       90
30/03/2025  01:15:00          0.0         -       0.0         26.0   1008.2       90
30/03/2025  01:30:00          0.0         -       0.0         26.1   1008.2       90
30/03/2025  01:45:00          0.0         -       0.0         26.3   1008.2       89
30/03/2025  02:00:00          0.0         -       0.0         26.2   1008.0       89
30/03/2025  02:15:00          0.0       200       0.7         26.3   1008.0       89
30/03/2025  02:30:00          0.0         -       0.0         26.4   1007.7       89
30/03/2025  02:45:00          0.0         -       0.0         26.2   1007.7       88
30/03/2025  03:00:00          0.0         -       0.0         26.4   1007.5       88
30/03/2025  03:15:00          0.0         -       0.0         26.3   1007.5       88
30/03/2025  03:30:00          0.0         -       0.0         26.3   1007.5       87
30/03/2025  03:45:00          0.0       189       5.3         26.3   1007.2       88
30/03/2025  04:00:00          0.0         -       0.0         26.3   1007.3       88
30/03/2025  04:15:00          0.0         -       0.0         26.3   1007.2       88
30/03/2025  04:30:00          0.0         -       0.0         26.3   1007.2       88
30/03/2025  04:45:00          0.0       221       1.4         26.2   1007.5       89
30/03/2025  05:00:00          0.0       305       9.2         26.0   1007.5       89
30/03/2025  05:15:00          0.0       331       4.9         26.0   1007.5       89
30/03/2025  05:30:00          0.0       329       2.1         26.0   1007.7       90
30/03/2025  05:45:00          0.0         -       0.0         26.1   1008.0       90
30/03/2025  06:00:00          0.0       199       4.2         25.9   1008.0       90
30/03/2025  06:15:00          0.0       191       6.7         25.9   1008.0       91
30/03/2025  06:30:00          0.0         -       0.0         25.7   1008.2       93
30/03/2025  06:45:00          0.0       204       6.7         25.8   1008.2       93
30/03/2025  07:00:00          0.0         -       0.0         26.4   1008.4       92
30/03/2025  07:15:00          0.0         -       0.0         26.3   1008.6       91
30/03/2025  07:30:00          0.0       194       3.9         26.6   1008.8       91
30/03/2025  07:45:00          0.0       198       5.6         27.6   1008.8       87
30/03/2025  08:00:00          0.0       229       4.9         27.4   1009.1       87
30/03/2025  08:15:00          0.0       198       5.6         27.5   1009.3       87
30/03/2025  08:30:00          0.0         -       0.0         27.7   1009.3       86
30/03/2025  08:45:00          0.0       202       7.1         28.1   1009.3       85
30/03/2025  09:00:00          0.0       188      12.0         27.8   1009.3       86
30/03/2025  09:15:00          0.0       170       9.2         28.2   1009.3       85
30/03/2025  09:30:00          0.0       217       7.1         29.2   1009.3       81
30/03/2025  09:45:00          0.0       193       6.4         29.0   1009.3       81
30/03/2025  10:00:00          0.0       250       5.3         28.4   1009.3       80
30/03/2025  10:15:00          0.0       191      12.3         29.0   1008.8       81
30/03/2025  10:30:00          0.0       216      11.3         29.0   1008.8       79
30/03/2025  10:45:00          0.0       184      12.7         29.7   1008.8       79
30/03/2025  11:00:00          0.0       236      12.3         29.2   1008.6       78
30/03/2025  11:15:00          0.0       213      10.2         29.4   1008.6       77
30/03/2025  11:30:00          0.0       203       9.5         30.1   1008.1       77
30/03/2025  11:45:00          0.0       198      10.2         30.7   1007.8       73
30/03/2025  12:00:00          0.0         -       0.0         31.1   1007.6       71
30/03/2025  12:15:00          0.0         -       0.0         32.3   1007.1       66
30/03/2025  12:30:00          0.0       185       7.1         31.6   1007.2       68
30/03/2025  12:45:00          0.0       321      10.9         31.6   1006.9       66
30/03/2025  13:00:00          0.0       211       7.1         32.6   1006.9       63
30/03/2025  13:15:00          0.0         -       0.0         31.1   1006.6       68
30/03/2025  13:30:00          0.0         -       0.0         31.4   1007.0       66
30/03/2025  13:45:00          0.0       317       6.0         30.7   1006.9       71
30/03/2025  14:00:00          0.0         -       0.0         31.1   1006.5       69
30/03/2025  14:15:00          0.0       315      17.6         30.2   1006.2       71
30/03/2025  14:30:00          0.0       348      13.1         30.7   1006.2       70
30/03/2025  14:45:00          0.0         -       0.0         30.1   1005.9       73
30/03/2025  15:00:00          0.0       306      19.8         29.3   1006.2       75
30/03/2025  15:15:00          0.0       267       5.6         29.8   1006.6       77
30/03/2025  15:30:00          0.0       254       7.1         29.5   1006.4       78
30/03/2025  15:45:00          0.0       220       5.6         28.9   1006.4       78
30/03/2025  16:00:00          0.0       295      18.7         28.7   1006.4       79
30/03/2025  16:15:00          0.0       314      19.8         28.1   1006.4       81
30/03/2025  16:30:00          0.0       272       9.2         28.2   1007.0       82
30/03/2025  16:45:00          0.0         -       0.0         27.8   1006.9       84
30/03/2025  17:00:00          0.0       322      17.3         27.9   1007.1       81
30/03/2025  17:15:00          0.0       296       4.9         27.3   1007.3       83
30/03/2025  17:30:00          0.0       009       1.1         27.5   1007.3       82
30/03/2025  17:45:00          0.0       313      15.2         27.2   1007.3       83
30/03/2025  18:00:00          0.0       298      13.8         27.2   1007.6       84
30/03/2025  18:15:00          0.0       289      12.0         27.1   1007.3       84
30/03/2025  18:30:00          0.0       335      15.2         26.9   1007.3       85
30/03/2025  18:45:00          0.0       319      15.2         26.8   1007.6       86
30/03/2025  19:00:00          0.0       309      10.6         27.0   1007.7       86
30/03/2025  19:15:00          0.0       322      12.0         26.9   1007.7       86
30/03/2025  19:30:00          0.0       280       8.8         26.9   1008.3       87
30/03/2025  19:45:00          0.0       337       4.9         26.8   1008.2       87
30/03/2025  20:00:00          0.0       263       6.4         26.9   1008.6       87
30/03/2025  20:15:00          0.0         -       0.0         27.2   1008.9       87
30/03/2025  20:30:00          0.0         -       0.0         27.2   1008.9       87
30/03/2025  20:45:00          0.0       224       6.4         27.5   1009.1       86
30/03/2025  21:00:00          0.0       237       5.6         27.3   1009.3       86
30/03/2025  21:15:00          0.0       199       3.5         27.1   1009.1       86
30/03/2025  21:30:00          0.0       218       6.7         27.0   1009.2       86
30/03/2025  21:45:00          0.0         -       0.0         26.9   1009.1       86
30/03/2025  22:00:00          0.0       222       4.6         27.0   1009.2       86
30/03/2025  22:15:00          0.0         -       0.0         26.9   1009.3       86
30/03/2025  22:30:00          0.0       222       9.2         26.9   1009.2       86
30/03/2025  22:45:00          0.0         -       0.0         27.1   1009.2       86
30/03/2025  23:00:00          0.0         -       0.0         27.0   1009.3       85
30/03/2025  23:15:00          0.0       210       5.3         26.9   1009.1       86
30/03/2025  23:30:00          0.0       217       8.8         26.9   1008.9       86
30/03/2025  23:45:00          0.0       245       6.7         26.9   1008.9       85
31/03/2025  00:00:00          0.0         -       0.0         26.8   1009.1       85
31/03/2025  00:15:00          0.0       230       7.1         26.7   1008.9       86
31/03/2025  00:30:00          0.0       228       6.7         26.6   1008.8       87
31/03/2025  00:45:00          0.0         -       0.0         26.6   1008.4       87
31/03/2025  01:00:00          0.0       209       8.1         26.7   1008.7       87
31/03/2025  01:15:00          0.0       236       8.1         26.3   1008.2       88
31/03/2025  01:30:00          0.0       232       4.9         26.1   1008.2       89
31/03/2025  01:45:00          0.0       225       5.6         26.2   1008.0       89
31/03/2025  02:00:00          0.0       204       4.9         26.2   1007.7       89
31/03/2025  02:15:00          0.0         -       0.0         26.3   1008.0       89
31/03/2025  02:30:00          0.0         -       0.0         26.2   1008.2       89
31/03/2025  02:45:00          0.0         -       0.0         26.2   1008.2       89
31/03/2025  03:00:00          0.0         -       0.0         25.9   1008.2       89
31/03/2025  03:15:00          0.0         -       0.0         26.0   1008.2       89
31/03/2025  03:30:00          0.0         -       0.0         25.8   1008.2       90
31/03/2025  03:45:00          0.0         -       0.0         25.8   1008.4       90
31/03/2025  04:00:00          0.0         -       0.0         25.8   1008.4       90
31/03/2025  04:15:00          0.0         -       0.0         25.7   1008.2       91
31/03/2025  04:30:00          0.0         -       0.0         25.7   1008.4       91
31/03/2025  04:45:00          0.0         -       0.0         25.7   1008.4       92
31/03/2025  05:00:00          0.0         -       0.0         25.8   1008.7       92
31/03/2025  05:15:00          0.0       181       5.3         25.8   1008.7       93
31/03/2025  05:30:00          0.0         -       0.0         25.8   1008.9       93
31/03/2025  05:45:00          0.0         -       0.0         25.5   1008.9       93
31/03/2025  06:00:00          0.0         -       0.0         25.7   1009.2       93
31/03/2025  06:15:00          0.0       193       5.3         25.8   1009.2       93
31/03/2025  06:30:00          0.0         -       0.0         26.2   1009.4       93
31/03/2025  06:45:00          0.0         -       0.0         26.3   1009.7       92
31/03/2025  07:00:00          0.0         -       0.0         26.5   1009.9       91
31/03/2025  07:15:00          0.0         -       0.0         27.1   1010.2       89
31/03/2025  07:30:00          0.0       202       5.6         26.9   1010.5       89
31/03/2025  07:45:00          0.0       177       8.5         27.1   1010.5       90
31/03/2025  08:00:00          0.0       203       8.5         27.5   1010.8       88
31/03/2025  08:15:00          0.0       218       1.1         27.7   1010.6       87
31/03/2025  08:30:00          0.0         -       0.0         28.3   1011.0       88
31/03/2025  08:45:00          0.0       199       6.4         28.6   1011.0       85
31/03/2025  09:00:00          0.0       180       7.4         28.8   1011.0       86
31/03/2025  09:15:00          0.0       220       8.5         28.9   1011.0       84
31/03/2025  09:30:00          0.0       211       9.5         27.6   1011.1       86
31/03/2025  09:45:00          0.0       186       6.7         27.2   1011.0       89
31/03/2025  10:00:00          0.0       188       9.2         28.4   1011.0       88
31/03/2025  10:15:00          0.0       178       6.7         29.6   1011.0       84
31/03/2025  10:30:00          0.0       190       3.2         29.1   1011.0       84
31/03/2025  10:45:00          0.0       186       7.1         30.4   1011.0       80
31/03/2025  11:00:00          0.0       208       7.8         29.7   1010.8       82
31/03/2025  11:15:00          0.0       190       9.9         30.4   1010.6       80
31/03/2025  11:30:00          0.0       178       4.6         30.1   1010.5       80
31/03/2025  11:45:00          0.0       206       9.9         29.0   1010.4       82
31/03/2025  12:00:00          0.0       231       7.1         30.3   1010.0       80
31/03/2025  12:15:00          0.0       242       5.6         29.2   1009.8       83
31/03/2025  12:30:00          0.0       209       8.1         29.2   1009.7       83
31/03/2025  12:45:00          0.0       208       8.1         29.8   1009.4       79
31/03/2025  13:00:00          0.0       184       8.8         30.8   1009.2       76
31/03/2025  13:15:00          0.0       193       9.2         30.8   1009.1       76
31/03/2025  13:30:00          0.0       184      12.7         30.2   1008.9       78
31/03/2025  13:45:00          0.0       182       7.1         31.3   1008.7       75
31/03/2025  14:00:00          0.0       185       3.9         31.1   1008.4       74
31/03/2025  14:15:00          0.0       206       9.2         31.4   1008.4       74
31/03/2025  14:30:00          0.0       220       8.8         31.7   1008.4       70
31/03/2025  14:45:00          0.0       199       7.1         31.7   1008.4       70
31/03/2025  15:00:00          0.0       239       5.3         31.0   1008.4       73
31/03/2025  15:15:00          0.0       253       8.8         31.5   1008.4       72
31/03/2025  15:30:00          0.0       218       8.1         30.9   1008.4       73
31/03/2025  15:45:00          0.0       199      11.3         32.0   1008.2       71
31/03/2025  16:00:00          0.0         -       0.0         31.6   1008.3       73
31/03/2025  16:15:00          0.0       200       9.2         32.0   1008.2       72
31/03/2025  16:30:00          0.0       187       0.7         31.1   1008.2       74
31/03/2025  16:45:00          0.0         -       0.0         30.8   1008.3       75
31/03/2025  17:00:00          0.0         -       0.0         29.6   1008.4       78
31/03/2025  17:15:00          0.0       264       4.2         29.6   1008.6       79
31/03/2025  17:30:00          0.0       316       5.6         29.5   1008.6       79
31/03/2025  17:45:00          0.0         -       0.0         29.1   1008.8       80
31/03/2025  18:00:00          0.0         -       0.0         28.9   1008.9       80
31/03/2025  18:15:00          0.0         -       0.0         28.6   1009.2       81
31/03/2025  18:30:00          0.0         -       0.0         28.6   1009.3       82
31/03/2025  18:45:00          0.0       310      10.2         28.2   1009.3       83
31/03/2025  19:00:00          0.0       264       6.0         28.4   1009.5       82
31/03/2025  19:15:00          0.0         -       0.0         28.6   1009.7       82
31/03/2025  19:30:00          0.0         -       0.0         28.6   1009.8       82
31/03/2025  19:45:00          0.0         -       0.0         28.6   1009.8       82
31/03/2025  20:00:00          0.0       319       6.4         28.4   1010.0       82
31/03/2025  20:15:00          0.0         -       0.0         28.5   1009.9       83
31/03/2025  20:30:00          0.0         -       0.0         28.6   1010.0       83
31/03/2025  20:45:00          0.0         -       0.0         28.7   1010.0       83
31/03/2025  21:00:00          0.0         -       0.0         28.8   1010.3       83
31/03/2025  21:15:00          0.0         -       0.0         28.7   1010.3       83
31/03/2025  21:30:00          0.0       216       0.7         28.9   1010.2       83
31/03/2025  21:45:00          0.0         -       0.0         28.7   1010.4       84
31/03/2025  22:00:00          0.0         -       0.0         28.6   1010.5       84
31/03/2025  22:15:00          0.0         -       0.0         28.5   1010.4       85
31/03/2025  22:30:00          0.0         -       0.0         28.2   1010.3       86
31/03/2025  22:45:00          0.0         -       0.0         28.1   1010.4       87
31/03/2025  23:00:00          0.0         -       0.0         27.9   1010.2       87
31/03/2025  23:15:00          0.0         -       0.0         27.8   1010.3       88
31/03/2025  23:30:00          0.0         -       0.0         27.6   1010.2       89
31/03/2025  23:45:00          0.0         -       0.0         27.6   1010.0       89
