Relatório Meteorológico da Estação: Guaratiba

Dados normalizados para o Horário Brasileiro de Verão (HBV)

Dia         Hora      HBV   Chuva  DirVento  VelVento  Temperatura  Pressao  Umidade
                                     (graus)     (Km/h)    (celsius)    (hPa)      (%)
01/06/2024  00:00:00          0.0       198       3.2         19.4   1019.7      100
01/06/2024  00:05:00          0.0       196       2.8         19.3   1019.7      100
01/06/2024  00:10:00          0.0       196       5.3         19.2   1019.4      100
01/06/2024  00:15:00          0.0       196       2.1         19.1   1019.8      100
01/06/2024  00:20:00          0.0       196       2.1         19.1   1019.8      100
01/06/2024  00:25:00          0.0       194       2.1         19.1   1019.4      100
01/06/2024  00:30:00          0.0       196       2.8         19.1   1019.6      100
01/06/2024  00:35:00          0.0       194       2.5         18.9   1019.7      100
01/06/2024  00:40:00          0.0       197       2.1         18.9   1019.4      100
01/06/2024  00:45:00          0.0       198       3.2         18.7   1019.6      100
01/06/2024  00:50:00          0.0       197       2.5         18.8   1019.4      100
01/06/2024  00:55:00          0.0       195       6.0         18.6   1019.4      100
01/06/2024  01:00:00          0.0       198       1.4         18.7   1019.4      100
01/06/2024  01:05:00          0.0       197       1.8         18.6   1019.4      100
01/06/2024  01:10:00          0.0       196       1.4         18.6   1019.4      100
01/06/2024  01:15:00          0.0       197       1.8         18.3   1019.4      100
01/06/2024  01:20:00          0.0       195       4.2         18.3   1019.2      100
01/06/2024  01:25:00          0.0       194       3.5         18.3   1019.2      100
01/06/2024  01:30:00          0.0       194       3.5         18.2   1019.2      100
01/06/2024  01:35:00          0.0       194       3.9         18.4   1019.2      100
01/06/2024  01:40:00          0.0       194       2.1         18.5   1019.2      100
01/06/2024  01:45:00          0.0       194       2.8         18.3   1019.2      100
01/06/2024  01:50:00          0.0         -       0.0         18.3   1019.2      100
01/06/2024  01:55:00          0.0         -       0.0         18.4   1019.2      100
01/06/2024  02:00:00          0.0         -       0.0         18.4   1019.2      100
01/06/2024  02:05:00          0.0       213       1.4         18.3   1019.2      100
01/06/2024  02:10:00          0.0       208       4.2         18.4   1019.2      100
01/06/2024  02:15:00          0.0       200       2.1         18.3   1019.2      100
01/06/2024  02:20:00          0.0       205       3.2         18.4   1019.2      100
01/06/2024  02:25:00          0.0       206       2.1         18.5   1019.2      100
01/06/2024  02:30:00          0.0       206       2.1         18.5   1019.2      100
01/06/2024  02:35:00          0.0       206       3.2         18.5   1019.2      100
01/06/2024  02:40:00          0.0       205       4.2         18.5   1019.2      100
01/06/2024  02:45:00          0.0       201       1.8         18.5   1019.2      100
01/06/2024  02:50:00          0.0       202       1.8         18.6   1019.2      100
01/06/2024  02:55:00          0.0       199       4.2         18.5   1018.9      100
01/06/2024  03:00:00          0.0       199       4.2         18.5   1019.2      100
01/06/2024  03:05:00          0.0       199       2.1         18.4   1019.2      100
01/06/2024  03:10:00          0.0       199       1.4         18.3   1019.2      100
01/06/2024  03:15:00          0.0       199       1.8         18.3   1019.2      100
01/06/2024  03:20:00          0.0         -       0.0         18.3   1019.2      100
01/06/2024  03:25:00          0.0       198       1.4         18.2   1019.2      100
01/06/2024  03:30:00          0.0       196       1.8         18.1   1019.2      100
01/06/2024  03:35:00          0.0       195       0.4         18.2   1019.2      100
01/06/2024  03:40:00          0.0       195       1.1         18.2   1019.2      100
01/06/2024  03:45:00          0.0       195       2.5         18.2   1019.2      100
01/06/2024  03:50:00          0.0       196       3.2         18.2   1019.2      100
01/06/2024  03:55:00          0.0       194       3.5         18.1   1019.2      100
01/06/2024  04:00:00          0.0       195       3.2         18.1   1019.2      100
01/06/2024  04:05:00          0.0       195       2.8         17.9   1018.9      100
01/06/2024  04:10:00          0.0       195       2.5         17.9   1018.9      100
01/06/2024  04:15:00          0.0       196       1.4         18.0   1018.9      100
01/06/2024  04:20:00          0.0       196       2.8         17.8   1018.9      100
01/06/2024  04:25:00          0.0       195       2.8         17.8   1018.9      100
01/06/2024  04:30:00          0.0       194       3.5         17.7   1018.9      100
01/06/2024  04:35:00          0.0       195       4.6         17.7   1019.1      100
01/06/2024  04:40:00          0.0       194       4.9         17.7   1018.9      100
01/06/2024  04:45:00          0.0       194       4.6         17.8   1019.2      100
01/06/2024  04:50:00          0.0       202       3.5         17.6   1019.2      100
01/06/2024  04:55:00          0.0       194       2.8         17.5   1019.2      100
01/06/2024  05:00:00          0.0       194       4.2         17.5   1019.2      100
01/06/2024  05:05:00          0.0       195       6.0         17.6   1019.2      100
01/06/2024  05:10:00          0.0       194       4.6         17.4   1019.2      100
01/06/2024  05:15:00          0.0       195       3.2         17.4   1019.2      100
01/06/2024  05:20:00          0.0       193       2.8         17.4   1019.2      100
01/06/2024  05:25:00          0.0       195       2.5         17.3   1019.4      100
01/06/2024  05:30:00          0.0       196       1.8         17.3   1019.4      100
01/06/2024  05:35:00          0.0       196       4.6         17.2   1019.4      100
01/06/2024  05:40:00          0.0       195       3.5         17.0   1019.4      100
01/06/2024  05:45:00          0.0         -       0.0         17.1   1019.7      100
01/06/2024  05:50:00          0.0       197       1.8         17.1   1019.7      100
01/06/2024  05:55:00          0.0       196       2.1         16.9   1019.7      100
01/06/2024  06:00:00          0.0       196       1.4         17.0   1019.7      100
01/06/2024  06:05:00          0.0       195       2.5         16.9   1019.9      100
01/06/2024  06:10:00          0.0       196       2.1         17.1   1019.7      100
01/06/2024  06:15:00          0.0       197       1.1         17.0   1019.9      100
01/06/2024  06:20:00          0.0       236       1.4         16.9   1019.9      100
01/06/2024  06:25:00          0.0       239       2.1         16.9   1019.9      100
01/06/2024  06:30:00          0.0       240       2.8         16.9   1019.7      100
01/06/2024  06:35:00          0.0       240       2.5         16.8   1019.9      100
01/06/2024  06:40:00          0.0       238       2.1         16.8   1019.9      100
01/06/2024  06:45:00          0.0       241       2.8         17.0   1019.9      100
01/06/2024  06:50:00          0.0       242       4.6         17.1   1020.2      100
01/06/2024  06:55:00          0.0       256       4.6         17.2   1020.2      100
01/06/2024  07:00:00          0.0       275       3.2         17.5   1020.2      100
01/06/2024  07:05:00          0.0       279       3.9         17.7   1020.4      100
01/06/2024  07:10:00          0.0       272       3.2         17.8   1020.4      100
01/06/2024  07:15:00          0.0       259       1.4         18.2   1020.4      100
01/06/2024  07:20:00          0.0       290       4.2         18.5   1020.4      100
01/06/2024  07:25:00          0.0       264       6.4         18.6   1020.7      100
01/06/2024  07:30:00          0.0       271       2.5         18.8   1020.7      100
01/06/2024  07:35:00          0.0       268       8.1         18.9   1020.7      100
01/06/2024  07:40:00          0.0       267       4.6         19.3   1020.7      100
01/06/2024  07:45:00          0.0       273       4.6         19.4   1020.8      100
01/06/2024  07:50:00          0.0       274       6.4         19.6   1020.7      100
01/06/2024  07:55:00          0.0       275       2.5         19.7   1020.9      100
01/06/2024  08:00:00          0.0       283       5.3         19.8   1020.7      100
01/06/2024  08:05:00          0.0       292       2.8         20.0   1020.9      100
01/06/2024  08:10:00          0.0       309       3.9         20.2   1020.9      100
01/06/2024  08:15:00          0.0       315       1.1         20.6   1020.9      100
01/06/2024  08:20:00          0.0       308       3.2         20.8   1020.9      100
01/06/2024  08:25:00          0.0       308       1.4         21.0   1021.1      100
01/06/2024  08:30:00          0.0       284       3.9         21.2   1021.1      100
01/06/2024  08:35:00          0.0       284       2.8         21.4   1021.1      100
01/06/2024  08:40:00          0.0         -       0.0         21.4   1021.1      100
01/06/2024  08:45:00          0.0       285       4.9         21.8   1021.5      100
01/06/2024  08:50:00          0.0       280       3.9         21.8   1021.5      100
01/06/2024  08:55:00          0.0       274       3.9         22.1   1021.3      100
01/06/2024  09:00:00          0.0       269       5.6         22.3   1021.4      100
01/06/2024  09:05:00          0.0       258       2.8         22.5   1021.5      100
01/06/2024  09:10:00          0.0       254       6.0         23.1   1021.5      100
01/06/2024  09:15:00          0.0       250       7.1         23.4   1021.5      100
01/06/2024  09:20:00          0.0         -       0.0         23.6   1021.4      100
01/06/2024  09:25:00          0.0       249       6.4         24.0   1021.5      100
01/06/2024  09:30:00          0.0       253       1.8         24.0   1021.5      100
01/06/2024  09:35:00          0.0       248       6.7         24.3   1021.5      100
01/06/2024  09:40:00          0.0       262       3.2         24.1   1021.5      100
01/06/2024  09:45:00          0.0       258       2.5         24.0   1021.5      100
01/06/2024  09:50:00          0.0       285       0.4         24.1   1021.3      100
01/06/2024  09:55:00          0.0       264       3.5         24.0   1021.3      100
01/06/2024  10:00:00          0.0       262       6.0         24.5   1021.3      100
01/06/2024  10:05:00          0.0       258       3.9         25.0   1021.3      100
01/06/2024  10:10:00          0.0       262       4.6         25.4   1021.1      100
01/06/2024  10:15:00          0.0       260      11.6         24.9   1021.3       99
01/06/2024  10:20:00          0.0       266       9.9         23.1   1021.3      100
01/06/2024  10:25:00          0.0       272       8.1         22.9   1021.3      100
01/06/2024  10:30:00          0.0       273       7.4         22.9   1021.3      100
01/06/2024  10:35:00          0.0       274       4.2         22.7   1021.3      100
01/06/2024  10:40:00          0.0       280       7.8         22.4   1021.4      100
01/06/2024  10:45:00          0.0       287       7.1         22.4   1021.0      100
01/06/2024  10:50:00          0.0       288       6.0         22.3   1020.9      100
01/06/2024  10:55:00          0.0       300       5.3         22.5   1020.9      100
01/06/2024  11:00:00          0.0       289       9.2         22.4   1020.8      100
01/06/2024  11:05:00          0.0       284       3.5         22.6   1021.0      100
01/06/2024  11:10:00          0.0       279       4.6         22.5   1020.7      100
01/06/2024  11:15:00          0.0       283       6.4         22.5   1020.5      100
01/06/2024  11:20:00          0.0         -       0.0         22.5   1020.4      100
01/06/2024  11:25:00          0.0       280       7.8         23.3   1020.5      100
01/06/2024  11:30:00          0.0       269       4.2         23.5   1019.8       98
01/06/2024  11:35:00          0.0       270       9.9         23.4   1019.9       97
01/06/2024  11:40:00          0.0       266       6.4         23.1   1020.0       97
01/06/2024  11:45:00          0.0       261       4.6         23.0   1020.0       97
01/06/2024  11:50:00          0.0       266      13.1         22.9   1020.0       97
01/06/2024  11:55:00          0.0       264       9.9         22.9   1019.9       97
01/06/2024  12:00:00          0.0       263       8.8         22.8   1019.8       96
01/06/2024  12:05:00          0.0       276       8.5         22.9   1019.7       96
01/06/2024  12:10:00          0.0       263      10.6         23.8   1019.4       96
01/06/2024  12:15:00          0.0       263       5.6         23.8   1019.4       95
01/06/2024  12:20:00          0.0       264      15.5         24.2   1019.2       95
01/06/2024  12:25:00          0.0       271       6.7         24.1   1019.3       94
01/06/2024  12:30:00          0.0       261      13.8         24.6   1018.9       93
01/06/2024  12:35:00          0.0       262       8.8         24.1   1018.9       93
01/06/2024  12:40:00          0.0       266       9.9         24.3   1018.7       93
01/06/2024  12:45:00          0.0       258       7.8         24.2   1018.7       93
01/06/2024  12:50:00          0.0       256       2.8         23.8   1018.6       92
01/06/2024  12:55:00          0.0       255       3.5         23.8   1018.5       93
01/06/2024  13:00:00          0.0       256      13.8         24.1   1018.2       93
01/06/2024  13:05:00          0.0       252      10.2         23.7   1018.3       92
01/06/2024  13:10:00          0.0       252       8.5         23.4   1018.3       93
01/06/2024  13:15:00          0.0       258       6.0         24.0   1018.0       94
01/06/2024  13:20:00          0.0       255       6.4         24.9   1018.0       92
01/06/2024  13:25:00          0.0       250       7.1         24.5   1017.8       90
01/06/2024  13:30:00          0.0       252       3.5         23.9   1017.7       91
01/06/2024  13:35:00          0.0       257       8.5         24.1   1017.5       92
01/06/2024  13:40:00          0.0       246      11.6         23.8   1017.5       91
01/06/2024  13:45:00          0.0       251       8.1         24.1   1017.6       92
01/06/2024  13:50:00          0.0       249       8.8         24.8   1017.6       90
01/06/2024  13:55:00          0.0       243       4.6         25.1   1017.6       90
01/06/2024  14:00:00          0.0       237      14.5         25.3   1017.4       90
01/06/2024  14:05:00          0.0       240       9.2         25.0   1017.4       88
01/06/2024  14:10:00          0.0       238       8.8         25.0   1017.4       88
01/06/2024  14:15:00          0.0       240       8.5         24.8   1017.4       88
01/06/2024  14:20:00          0.0       239       7.8         24.6   1017.4       88
01/06/2024  14:25:00          0.0       239       6.0         24.5   1017.1       88
01/06/2024  14:30:00          0.0       239      11.3         24.5   1017.1       89
01/06/2024  14:35:00          0.0       238       9.5         24.8   1017.4       89
01/06/2024  14:40:00          0.0       241       2.1         24.7   1017.4       89
01/06/2024  14:45:00          0.0       242      10.2         24.6   1017.2       89
01/06/2024  14:50:00          0.0       243      20.1         24.5   1017.2       90
01/06/2024  14:55:00          0.0       250      20.1         24.1   1017.4       91
01/06/2024  15:00:00          0.0       248      10.6         24.0   1017.5       91
01/06/2024  15:05:00          0.0       244      10.9         23.8   1017.2       91
01/06/2024  15:10:00          0.0       246       9.9         23.9   1017.4       91
01/06/2024  15:15:00          0.0       249      12.3         23.8   1017.2       91
01/06/2024  15:20:00          0.0       247       8.8         23.7   1017.2       91
01/06/2024  15:25:00          0.0       250      13.8         23.7   1017.4       91
01/06/2024  15:30:00          0.0       247      13.8         23.5   1017.4       92
01/06/2024  15:35:00          0.0       245      15.5         23.7   1017.6       92
01/06/2024  15:40:00          0.0       247       4.9         23.5   1017.4       92
01/06/2024  15:45:00          0.0       244      17.3         23.6   1017.2       92
01/06/2024  15:50:00          0.0       251      16.9         23.4   1017.2       92
01/06/2024  15:55:00          0.0       249       6.4         23.3   1017.6       92
01/06/2024  16:00:00          0.0       254      15.9         23.4   1017.6       92
01/06/2024  16:05:00          0.0       252      11.6         23.3   1017.5       93
01/06/2024  16:10:00          0.0       258      19.4         23.1   1017.5       93
01/06/2024  16:15:00          0.0       258      15.2         23.1   1017.5       93
01/06/2024  16:20:00          0.0       256      11.3         23.1   1017.5       94
01/06/2024  16:25:00          0.0       261      19.1         22.9   1017.5       94
01/06/2024  16:30:00          0.0       261       8.1         23.0   1017.5       95
01/06/2024  16:35:00          0.0       268      12.0         22.6   1017.7       95
01/06/2024  16:40:00          0.0       274      15.2         22.9   1017.6       95
01/06/2024  16:45:00          0.0       274      16.6         22.6   1017.8       95
01/06/2024  16:50:00          0.0       277      12.7         22.6   1017.7       96
01/06/2024  16:55:00          0.0       282      13.8         22.5   1017.5       96
01/06/2024  17:00:00          0.0       286      15.9         22.3   1017.8       96
01/06/2024  17:05:00          0.0       296      16.6         22.4   1017.7       96
01/06/2024  17:10:00          0.0       291      21.9         22.3   1017.7       96
01/06/2024  17:15:00          0.0       296      10.6         22.3   1017.8       97
01/06/2024  17:20:00          0.0       295      19.4         22.2   1017.8       97
01/06/2024  17:25:00          0.0       300      13.8         22.1   1018.1       98
01/06/2024  17:30:00          0.0       299       7.1         22.2   1017.7       98
01/06/2024  17:35:00          0.0       249      15.5         22.1   1018.0       98
01/06/2024  17:40:00          0.2       216       4.9         22.1   1018.0       98
01/06/2024  17:45:00          0.2       208      13.8         22.1   1018.0       98
01/06/2024  17:50:00          0.2       208      12.7         22.1   1018.0       99
01/06/2024  17:55:00          0.0       207       9.9         22.0   1018.2       99
01/06/2024  18:00:00          0.0       204      21.5         22.1   1018.2       99
01/06/2024  18:05:00          0.0       206      13.4         22.1   1018.2       99
01/06/2024  18:10:00          0.0       206       9.5         22.1   1018.2       99
01/06/2024  18:15:00          0.0       205      27.9         22.0   1018.2       98
01/06/2024  18:20:00          0.0       209      23.3         22.0   1018.2       98
01/06/2024  18:25:00          0.0       206      22.9         22.1   1018.2       98
01/06/2024  18:30:00          0.0       205      15.2         22.2   1018.3       98
01/06/2024  18:35:00          0.0       204      23.3         22.2   1018.5       98
01/06/2024  18:40:00          0.0       208      14.5         22.0   1018.5       98
01/06/2024  18:45:00          0.0       208      16.9         22.1   1018.5       98
01/06/2024  18:50:00          0.0       205      19.1         22.2   1018.5       98
01/06/2024  18:55:00          0.0       206      16.6         22.2   1018.5       98
01/06/2024  19:00:00          0.0       207      24.7         22.1   1018.3       98
01/06/2024  19:05:00          0.0       206      10.6         22.1   1018.5       97
01/06/2024  19:10:00          0.0       207      18.0         22.1   1018.5       97
01/06/2024  19:15:00          0.0       209      16.2         22.3   1018.3       97
01/06/2024  19:20:00          0.0       208      12.0         22.3   1018.5       97
01/06/2024  19:25:00          0.0       207       7.8         22.3   1018.3       97
01/06/2024  19:30:00          0.0       208       9.9         22.1   1018.6       97
01/06/2024  19:35:00          0.0       205       8.5         22.1   1018.6       97
01/06/2024  19:40:00          0.0       203       4.9         22.0   1018.7       97
01/06/2024  19:45:00          0.0       204       5.3         21.8   1018.6       97
01/06/2024  19:50:00          0.0       204       4.2         21.5   1018.7       98
01/06/2024  19:55:00          0.0       203       3.2         21.4   1018.7       98
01/06/2024  20:00:00          0.0       206      10.6         21.4   1018.5       98
01/06/2024  20:05:00          0.0       203       7.1         21.3   1018.7       98
01/06/2024  20:10:00          0.0       205       5.3         21.2   1018.7       98
01/06/2024  20:15:00          0.0       204       4.6         21.2   1018.7       98
01/06/2024  20:20:00          0.0       205       7.4         21.1   1018.9       98
01/06/2024  20:25:00          0.0       203       0.7         21.1   1018.9       98
01/06/2024  20:30:00          0.0       202       3.2         20.9   1018.7       98
01/06/2024  20:35:00          0.0       203       1.8         20.6   1018.9       98
01/06/2024  20:40:00          0.0       201       2.1         20.6   1018.7       98
01/06/2024  20:45:00          0.0       201       4.9         20.5   1018.7       98
01/06/2024  20:50:00          0.0       199       5.6         20.5   1018.9       98
01/06/2024  20:55:00          0.0       200       1.8         20.3   1018.9       98
01/06/2024  21:00:00          0.0       201       3.2         20.3   1018.9       98
01/06/2024  21:05:00          0.0       200       1.4         20.1   1018.9       99
01/06/2024  21:10:00          0.0       210       2.1         20.2   1018.9       99
01/06/2024  21:15:00          0.0       198       3.5         20.0   1018.9       99
01/06/2024  21:20:00          0.0       199       2.1         19.8   1018.9       99
01/06/2024  21:25:00          0.0       197       3.5         19.8   1019.3      100
01/06/2024  21:30:00          0.0       197       4.2         19.8   1018.9      100
01/06/2024  21:35:00          0.0       197       5.3         19.8   1018.9      100
01/06/2024  21:40:00          0.0       197       4.6         19.8   1018.9      100
01/06/2024  21:45:00          0.0       199       2.1         19.8   1019.2      100
01/06/2024  21:50:00          0.0       196       2.5         19.7   1018.9      100
01/06/2024  21:55:00          0.0       197       3.2         19.8   1018.9      100
01/06/2024  22:00:00          0.0       195       2.5         19.8   1018.9      100
01/06/2024  22:05:00          0.0       194       2.1         19.5   1018.9      100
01/06/2024  22:10:00          0.0       196       2.1         19.5   1018.9      100
01/06/2024  22:15:00          0.0       195       3.9         19.7   1018.9      100
01/06/2024  22:20:00          0.0       196       2.8         19.7   1018.9      100
01/06/2024  22:25:00          0.0       210       2.8         19.7   1018.9      100
01/06/2024  22:30:00          0.0       197       4.9         19.8   1018.9      100
01/06/2024  22:35:00          0.0       197       5.3         19.8   1018.9      100
01/06/2024  22:40:00          0.0       197       3.9         19.8   1018.9      100
01/06/2024  22:45:00          0.0       197       2.5         19.8   1018.9      100
01/06/2024  22:50:00          0.0       198       3.5         19.8   1018.9      100
01/06/2024  22:55:00          0.0       198       7.4         19.8   1018.9      100
01/06/2024  23:00:00          0.0       195       2.1         19.8   1018.9      100
01/06/2024  23:05:00          0.0       196       3.9         19.7   1018.9      100
01/06/2024  23:10:00          0.0       197       3.9         19.5   1018.6      100
01/06/2024  23:15:00          0.0       196       4.6         19.5   1019.1      100
01/06/2024  23:20:00          0.0       196       3.9         19.5   1018.7      100
01/06/2024  23:25:00          0.0       194       3.5         19.5   1018.8      100
01/06/2024  23:30:00          0.0       194       2.8         19.5   1018.9      100
01/06/2024  23:35:00          0.0       195       1.8         19.4   1018.9      100
01/06/2024  23:40:00          0.0       193       2.5         19.2   1019.1      100
01/06/2024  23:45:00          0.0       193       3.5         19.1   1018.9      100
01/06/2024  23:50:00          0.0       194       3.5         19.0   1018.9      100
01/06/2024  23:55:00          0.0       196       2.8         19.0   1018.7      100
02/06/2024  00:00:00          0.0       194       3.2         18.9   1018.7      100
02/06/2024  00:05:00          0.0       193       3.2         19.0   1018.7      100
02/06/2024  00:10:00          0.0       194       5.6         18.8   1018.7      100
02/06/2024  00:15:00          0.0       195       3.2         18.8   1018.7      100
02/06/2024  00:20:00          0.0       195       4.2         18.6   1018.7      100
02/06/2024  00:25:00          0.0         -       0.0         18.6   1018.7      100
02/06/2024  00:30:00          0.0       196       1.4         18.6   1018.7      100
02/06/2024  00:35:00          0.0       195       1.8         18.6   1018.7      100
02/06/2024  00:40:00          0.0       192       3.5         18.4   1018.7      100
02/06/2024  00:45:00          0.0       191       3.9         18.4   1018.5      100
02/06/2024  00:50:00          0.0       193       3.2         18.3   1018.5      100
02/06/2024  00:55:00          0.0       195       4.2         18.2   1018.5      100
02/06/2024  01:00:00          0.0       192       3.2         18.1   1018.5      100
02/06/2024  01:05:00          0.0       193       4.9         18.1   1018.2      100
02/06/2024  01:10:00          0.0       195       4.2         18.1   1018.5      100
02/06/2024  01:15:00          0.0       192       2.8         18.2   1018.2      100
02/06/2024  01:20:00          0.0       193       5.3         18.2   1018.5      100
02/06/2024  01:25:00          0.0       192       4.2         18.2   1018.2      100
02/06/2024  01:30:00          0.0       191       4.2         18.2   1018.2      100
02/06/2024  01:35:00          0.0       193       4.9         18.1   1018.2      100
02/06/2024  01:40:00          0.0       194       4.6         18.2   1018.2      100
02/06/2024  01:45:00          0.0       194       1.4         17.9   1018.0      100
02/06/2024  01:50:00          0.0       194       2.1         17.7   1018.0      100
02/06/2024  01:55:00          0.0       196       2.5         17.8   1018.0      100
02/06/2024  02:00:00          0.0       195       2.5         17.6   1017.7      100
02/06/2024  02:05:00          0.0       195       3.5         17.7   1018.0      100
02/06/2024  02:15:00          0.0       194       2.8         17.8   1017.7      100
02/06/2024  02:30:00          0.0       195       1.4         17.8   1017.7      100
02/06/2024  02:45:00          0.0       196       2.5         17.5   1017.5      100
02/06/2024  03:00:00          0.0       193       2.8         17.5   1017.5      100
02/06/2024  03:15:00          0.0       195       1.8         17.2   1017.2      100
02/06/2024  03:30:00          0.0       193       2.1         17.1   1017.2      100
02/06/2024  03:45:00          0.0       193       4.9         17.4   1017.2      100
02/06/2024  04:00:00          0.0       193       1.4         17.1   1017.2      100
02/06/2024  04:15:00          0.0       193       3.2         17.2   1017.2      100
02/06/2024  04:30:00          0.0       194       3.9         17.0   1017.4      100
02/06/2024  04:45:00          0.0       198       4.9         16.8   1017.5      100
02/06/2024  05:00:00          0.0       210       4.6         16.6   1017.5      100
02/06/2024  05:15:00          0.0       195       3.2         16.7   1017.7      100
02/06/2024  05:30:00          0.0       196       2.5         16.8   1018.0      100
02/06/2024  05:45:00          0.0       199       1.1         16.3   1018.0      100
02/06/2024  06:00:00          0.0       201       1.8         16.1   1018.0      100
02/06/2024  06:15:00          0.0       199       3.9         16.2   1018.5      100
02/06/2024  06:30:00          0.0       251       3.2         16.5   1018.5      100
02/06/2024  06:45:00          0.0       261       3.2         16.3   1018.7      100
02/06/2024  07:00:00          0.0       279       2.1         16.5   1018.9      100
02/06/2024  07:15:00          0.0       277       3.2         17.3   1018.9      100
02/06/2024  07:30:00          0.0       266       2.1         18.5   1018.8      100
02/06/2024  07:45:00          0.0       274       2.8         18.5   1019.2      100
02/06/2024  08:00:00          0.0       303       3.2         19.7   1019.2      100
02/06/2024  08:15:00          0.0       328       2.5         21.2   1019.2      100
02/06/2024  08:30:00          0.0       312       3.5         22.6   1019.4      100
02/06/2024  08:45:00          0.0       277       1.4         23.9   1019.4      100
02/06/2024  09:00:00          0.0       250       7.8         24.3   1019.6      100
02/06/2024  09:15:00          0.0         -       0.0         24.5   1019.6      100
02/06/2024  09:30:00          0.0       245       8.8         24.9   1019.2       98
02/06/2024  09:45:00          0.0       238       2.1         25.6   1019.3       95
02/06/2024  10:00:00          0.0       244       4.9         26.0   1019.2       91
02/06/2024  10:15:00          0.0       260       5.3         26.1   1019.1       88
02/06/2024  10:30:00          0.0       254       7.1         26.7   1019.3       86
02/06/2024  10:45:00          0.0       244       6.7         27.0   1019.1       84
02/06/2024  11:00:00          0.0       239       2.8         28.0   1018.7       81
02/06/2024  11:15:00          0.0       233       3.9         28.4   1018.6       79
02/06/2024  11:30:00          0.0       227       4.2         29.1   1018.3       74
02/06/2024  11:45:00          0.0       239       4.2         29.3   1018.1       71
02/06/2024  12:00:00          0.0       226       5.6         29.5   1018.1       69
02/06/2024  12:15:00          0.0       227       2.1         29.4   1017.6       68
02/06/2024  12:30:00          0.0       225      10.2         30.0   1017.4       67
02/06/2024  12:45:00          0.0       226       6.4         30.1   1017.2       66
02/06/2024  13:00:00          0.0       225       6.4         30.1   1016.9       65
02/06/2024  13:15:00          0.0       226       6.7         30.3   1016.6       66
02/06/2024  13:30:00          0.0         -       0.0         30.6   1016.4       65
02/06/2024  13:45:00          0.0       234       8.1         29.3   1016.1       71
02/06/2024  14:00:00          0.0       233       8.5         28.4   1016.1       74
02/06/2024  14:15:00          0.0       231       7.8         27.5   1016.1       78
02/06/2024  14:30:00          0.0       233       5.3         27.2   1015.5       77
02/06/2024  14:45:00          0.0       233      15.2         27.7   1015.6       77
02/06/2024  15:00:00          0.0       233      10.6         26.9   1015.6       80
02/06/2024  15:15:00          0.0       233       7.8         26.8   1015.6       80
02/06/2024  15:30:00          0.0       231       4.2         26.5   1015.6       80
02/06/2024  15:45:00          0.0       230      12.3         26.0   1015.6       81
02/06/2024  16:00:00          0.0       231       4.6         25.3   1015.4       82
02/06/2024  16:15:00          0.0       230       7.8         24.6   1015.6       83
02/06/2024  16:30:00          0.0       231       4.9         24.3   1015.4       84
02/06/2024  16:45:00          0.0       230       9.2         23.5   1015.6       84
02/06/2024  17:00:00          0.0       229       5.6         23.4   1015.6       85
02/06/2024  17:15:00          0.0       238       4.6         22.9   1015.5       86
02/06/2024  17:30:00          0.0       250       5.6         22.8   1015.9       87
02/06/2024  17:45:00          0.0       217       8.8         22.4   1015.9       87
02/06/2024  18:00:00          0.0       213       1.8         22.5   1016.0       87
02/06/2024  18:15:00          0.0       214       5.3         22.3   1016.3       88
02/06/2024  18:30:00          0.0       211       2.1         21.6   1016.3       88
02/06/2024  18:45:00          0.0       209       2.8         21.3   1016.6       90
02/06/2024  19:00:00          0.0       204       2.1         20.7   1016.5       90
02/06/2024  19:15:00          0.0       213       3.2         20.7   1016.7       92
02/06/2024  19:30:00          0.0       197       1.8         20.4   1016.7       92
02/06/2024  19:45:00          0.0       196       2.5         20.1   1016.7       93
02/06/2024  20:00:00          0.0       197       3.2         19.9   1016.7       94
02/06/2024  20:15:00          0.0       196       3.2         19.8   1016.5       94
02/06/2024  20:30:00          0.0       196       2.8         20.1   1016.7       94
02/06/2024  20:45:00          0.0       193       4.2         20.3   1016.7       93
02/06/2024  21:00:00          0.0       195       3.9         20.5   1017.0       93
02/06/2024  21:15:00          0.0       192       1.8         20.1   1017.0       94
02/06/2024  21:30:00          0.0       194       2.8         19.8   1017.0       95
02/06/2024  21:45:00          0.0       192       2.8         19.7   1017.0       95
02/06/2024  22:00:00          0.0       190       4.2         19.5   1017.0       95
02/06/2024  22:15:00          0.0       191       2.1         19.5   1017.0       96
02/06/2024  22:30:00          0.0       195       4.2         19.7   1017.0       96
02/06/2024  22:45:00          0.0       190       6.4         19.4   1017.0       97
02/06/2024  23:00:00          0.0       190       6.0         19.5   1016.7       97
02/06/2024  23:15:00          0.0       190       7.4         19.1   1016.6       98
02/06/2024  23:30:00          0.0       190       3.2         19.3   1016.9       98
02/06/2024  23:45:00          0.0       190       2.5         19.2   1016.7       98
03/06/2024  00:00:00          0.0       189       1.1         18.8   1016.7       99
03/06/2024  00:15:00          0.0       190       3.5         18.5   1017.0      100
03/06/2024  00:30:00          0.0       189       2.5         18.3   1017.0      100
03/06/2024  00:45:00          0.0       188       4.6         18.4   1017.0      100
03/06/2024  01:00:00          0.0       189       2.1         18.3   1017.0      100
03/06/2024  01:15:00          0.0       190       6.4         18.3   1017.0      100
03/06/2024  01:30:00          0.0       189       6.7         18.5   1016.7      100
03/06/2024  01:45:00          0.0       189       6.7         18.7   1016.7      100
03/06/2024  02:00:00          0.0       189       5.3         18.9   1016.5      100
03/06/2024  02:15:00          0.0       190       3.9         18.9   1016.3      100
03/06/2024  02:30:00          0.0       189       3.5         19.1   1016.0      100
03/06/2024  02:45:00          0.0       191       3.9         19.2   1016.0      100
03/06/2024  03:00:00          0.0       192       3.9         19.2   1016.0      100
03/06/2024  03:15:00          0.0       190       4.9         19.4   1016.3       99
03/06/2024  03:30:00          0.0       192       4.2         19.7   1016.0       98
03/06/2024  03:45:00          0.0       192       6.7         19.8   1016.0       97
03/06/2024  04:00:00          0.0       194       4.6         19.7   1016.0       96
03/06/2024  04:15:00          0.0       193       6.0         19.8   1016.0       96
03/06/2024  04:30:00          0.0       194       2.5         19.7   1016.0       95
03/06/2024  04:45:00          0.0       196       4.9         19.8   1016.0       95
03/06/2024  05:00:00          0.0       195       9.2         19.8   1016.3       95
03/06/2024  05:15:00          0.0       193       4.9         20.0   1016.3       94
03/06/2024  05:30:00          0.0       193       4.9         20.0   1016.5       94
03/06/2024  05:45:00          0.0       195       3.2         20.1   1016.7       94
03/06/2024  06:00:00          0.0       195       4.6         20.1   1016.7       94
03/06/2024  06:15:00          0.0       199       5.6         20.3   1017.0       93
03/06/2024  06:30:00          0.0       266       3.2         20.4   1017.2       93
03/06/2024  06:45:00          0.0       271       2.1         20.4   1017.2       93
03/06/2024  07:00:00          0.0       262       8.5         20.8   1017.5       93
03/06/2024  07:15:00          0.0       255       6.0         21.4   1017.5       92
03/06/2024  07:30:00          0.0       241       6.0         22.3   1017.5       90
03/06/2024  07:45:00          0.0       261       7.4         22.8   1017.5       88
03/06/2024  08:00:00          0.0       222      10.9         23.4   1017.7       87
03/06/2024  08:15:00          0.0       219      14.1         23.7   1017.7       86
03/06/2024  08:30:00          0.0       214       5.6         24.1   1018.3       87
03/06/2024  08:45:00          0.0       218       4.2         24.7   1018.3       86
03/06/2024  09:00:00          0.0       216      15.5         25.4   1018.3       84
03/06/2024  09:15:00          0.0       218       6.4         26.0   1018.3       82
03/06/2024  09:30:00          0.0       218       6.0         26.9   1018.3       80
03/06/2024  09:45:00          0.0       218      10.9         27.7   1018.1       77
03/06/2024  10:00:00          0.0       221       4.9         28.3   1018.0       76
03/06/2024  10:15:00          0.0       220      11.3         28.6   1017.8       71
03/06/2024  10:30:00          0.0       223       1.8         29.0   1017.7       70
03/06/2024  10:45:00          0.0       230       7.4         29.5   1017.4       68
03/06/2024  11:00:00          0.0       223       5.3         29.9   1017.1       67
03/06/2024  11:15:00          0.0       223       7.4         30.1   1016.9       64
03/06/2024  11:30:00          0.0       224       7.8         30.3   1016.6       62
03/06/2024  11:45:00          0.0       227       6.0         30.8   1016.4       60
03/06/2024  12:00:00          0.0       229       4.2         31.2   1016.1       61
03/06/2024  12:15:00          0.0       231       4.2         31.3   1015.9       60
03/06/2024  12:30:00          0.0       238      13.4         31.3   1015.6       58
03/06/2024  12:45:00          0.0       240      10.6         31.6   1015.4       57
03/06/2024  13:00:00          0.0       239       6.7         31.9   1015.2       55
03/06/2024  13:15:00          0.0       235       5.6         31.8   1014.9       55
03/06/2024  13:30:00          0.0       238       6.7         32.1   1014.9       54
03/06/2024  13:45:00          0.0       235       2.8         32.0   1014.7       53
03/06/2024  14:00:00          0.0         -       0.0         31.9   1014.4       52
03/06/2024  14:15:00          0.0       232       4.6         31.5   1014.4       52
03/06/2024  14:30:00          0.0       228       2.5         31.2   1014.3       54
03/06/2024  14:45:00          0.0       231       7.8         27.5   1014.2       77
03/06/2024  15:00:00          0.0       234       7.1         26.8   1014.3       79
03/06/2024  15:15:00          0.0       232      10.9         26.7   1014.2       78
03/06/2024  15:30:00          0.0       233       8.8         26.4   1013.9       79
03/06/2024  15:45:00          0.0       233       6.0         27.0   1014.2       77
03/06/2024  16:00:00          0.0       231       2.1         26.0   1014.2       81
03/06/2024  16:15:00          0.0       233       3.2         25.8   1014.2       80
03/06/2024  16:30:00          0.0       232       0.7         25.3   1013.9       81
03/06/2024  16:45:00          0.0       231       6.0         24.7   1014.2       81
03/06/2024  17:00:00          0.0       229      12.3         24.0   1014.2       83
03/06/2024  17:15:00          0.0       232       6.7         23.8   1014.2       83
03/06/2024  17:30:00          0.0       225       7.1         23.7   1014.2       83
03/06/2024  17:45:00          0.0       218       5.6         23.8   1014.1       83
03/06/2024  18:00:00          0.0       220       6.0         23.8   1014.7       82
03/06/2024  18:15:00          0.0       218       4.9         23.7   1014.3       82
03/06/2024  18:30:00          0.0       215       5.6         23.6   1014.6       83
03/06/2024  18:45:00          0.0       212       2.5         22.9   1014.4       85
03/06/2024  19:00:00          0.0       207       1.1         22.4   1014.7       87
03/06/2024  19:15:00          0.0       203       2.5         22.3   1014.6       88
03/06/2024  19:30:00          0.0       204       1.8         22.1   1014.9       89
03/06/2024  19:45:00          0.0       198       6.7         21.8   1015.2       91
03/06/2024  20:00:00          0.0       191       2.5         21.8   1015.3       91
03/06/2024  20:15:00          0.0       191       3.5         21.8   1015.6       92
03/06/2024  20:30:00          0.0       190       2.8         21.4   1015.4       93
03/06/2024  20:45:00          0.0       189       3.5         21.2   1015.5       93
03/06/2024  21:00:00          0.0       184       4.9         21.4   1015.3       94
03/06/2024  21:15:00          0.0       186       3.2         21.2   1015.3       95
03/06/2024  21:30:00          0.0       190       3.2         21.0   1015.5       96
03/06/2024  21:45:00          0.0       184       2.8         20.7   1015.5       98
03/06/2024  22:00:00          0.0       183       1.4         20.3   1015.5      100
03/06/2024  22:15:00          0.0       182       2.5         20.0   1015.5      100
03/06/2024  22:30:00          0.0       182       2.8         19.8   1015.5      100
03/06/2024  22:45:00          0.0       183       4.9         20.0   1015.3      100
03/06/2024  23:00:00          0.0       183       5.3         20.3   1014.8      100
03/06/2024  23:15:00          0.0       183       6.0         20.2   1014.8      100
03/06/2024  23:30:00          0.0       183       5.6         20.0   1014.8      100
03/06/2024  23:45:00          0.0       183       3.5         20.0   1014.8      100
04/06/2024  00:00:00          0.0       183       3.2         20.1   1014.8      100
04/06/2024  00:15:00          0.0       183       3.2         20.3   1014.8      100
04/06/2024  00:30:00          0.0       184       3.5         20.3   1014.6      100
04/06/2024  00:45:00          0.0       184       3.2         20.4   1014.3      100
04/06/2024  01:00:00          0.0       183       2.5         20.3   1014.3      100
04/06/2024  01:15:00          0.0       185       4.6         20.1   1014.1      100
04/06/2024  01:30:00          0.0       186       4.6         20.6   1013.8      100
04/06/2024  01:45:00          0.0       186       6.4         20.7   1013.6      100
04/06/2024  02:00:00          0.0       188       3.5         21.1   1013.6      100
04/06/2024  02:15:00          0.0       190       6.7         21.4   1013.6      100
04/06/2024  02:30:00          0.0       190       3.5         21.6   1013.6       99
04/06/2024  02:45:00          0.0       190       3.5         21.8   1013.6       98
04/06/2024  03:00:00          0.0       192       1.4         21.7   1013.8       97
04/06/2024  03:15:00          0.0       195       7.1         22.0   1014.3       98
04/06/2024  03:30:00          0.0       191      12.3         22.4   1014.3      100
04/06/2024  03:45:00          0.0       189      23.3         23.0   1014.3      100
04/06/2024  04:00:00          0.0       193      26.1         22.8   1014.3      100
04/06/2024  04:15:00          0.0       201      25.8         22.6   1014.3      100
04/06/2024  04:30:00          0.0       196      24.0         22.5   1014.3      100
04/06/2024  04:45:00          0.0       198      28.6         22.6   1014.6      100
04/06/2024  05:00:00          0.0       191      26.5         22.5   1014.8      100
04/06/2024  05:15:00          0.0       193      25.8         22.1   1015.0      100
04/06/2024  05:30:00          0.0       193      27.5         22.3   1015.3      100
04/06/2024  05:45:00          0.0       192      16.9         22.3   1015.5      100
04/06/2024  06:00:00          0.0       195      15.9         22.3   1015.5      100
04/06/2024  06:15:00          0.0       198      12.7         22.3   1015.8      100
04/06/2024  06:30:00          0.0       306      19.4         22.1   1016.0      100
04/06/2024  06:45:00          0.0       308      18.0         22.3   1016.3      100
04/06/2024  07:00:00          0.0       311      19.1         22.3   1016.5      100
04/06/2024  07:15:00          0.0       319      13.1         22.3   1016.7      100
04/06/2024  07:30:00          0.0       322      10.9         22.5   1017.0      100
04/06/2024  07:45:00          0.0       328      13.1         22.5   1017.0      100
04/06/2024  08:00:00          0.0       329      13.8         22.6   1017.2      100
04/06/2024  08:15:00          0.0       328      12.7         22.8   1017.5      100
04/06/2024  08:30:00          0.0       332      13.8         22.9   1017.8      100
04/06/2024  08:45:00          0.0       330       7.8         23.1   1018.2      100
04/06/2024  09:00:00          0.0       329      12.7         23.1   1018.2      100
04/06/2024  09:15:00          0.0       329       9.5         23.4   1018.5      100
04/06/2024  09:30:00          0.0       329       6.0         23.9   1018.5      100
04/06/2024  09:45:00          0.0       327       9.9         23.8   1018.8      100
04/06/2024  10:00:00          0.0       326      10.2         23.8   1019.1      100
04/06/2024  10:15:00          0.0       325      10.6         23.8   1018.7      100
04/06/2024  10:30:00          0.0       329       7.1         23.9   1018.8      100
04/06/2024  10:45:00          0.0       315       4.9         24.6   1018.5      100
04/06/2024  11:00:00          0.0       310       7.1         25.0   1018.6      100
04/06/2024  11:15:00          0.0       308       7.8         24.9   1018.6       99
04/06/2024  11:30:00          0.0       309       7.1         25.0   1018.6       98
04/06/2024  11:45:00          0.0       308       9.9         25.5   1018.3       97
04/06/2024  12:00:00          0.0       300       6.0         25.2   1018.1       97
04/06/2024  12:15:00          0.0       298       7.4         25.1   1018.1       97
04/06/2024  12:30:00          0.0       297       6.4         24.5   1018.1       98
04/06/2024  12:45:00          0.0       300       6.0         24.8   1017.8       98
04/06/2024  13:00:00          0.0       296       8.5         25.0   1017.6       98
04/06/2024  13:15:00          0.0       293       6.7         24.5   1017.6       98
04/06/2024  13:30:00          0.0       304      16.6         23.4   1017.6       99
04/06/2024  13:45:00          0.0       319      10.9         23.1   1017.6      100
04/06/2024  14:00:00          0.0       323      12.0         23.0   1017.4      100
04/06/2024  14:15:00          0.0       323      18.0         23.4   1017.0      100
04/06/2024  14:30:00          0.0       322      10.6         23.4   1017.2      100
04/06/2024  14:45:00          0.0       323      23.6         22.9   1017.1      100
04/06/2024  15:00:00          0.0       303      21.2         22.5   1017.1      100
04/06/2024  15:15:00          0.0       324      25.4         22.5   1017.0      100
04/06/2024  15:30:00          0.0       320      14.8         22.8   1017.0      100
04/06/2024  15:45:00          0.0       313      25.8         22.5   1017.0      100
04/06/2024  16:00:00          0.0       325      21.9         22.6   1017.1      100
04/06/2024  16:15:00          0.0       320      14.1         22.5   1017.0      100
04/06/2024  16:30:00          0.0       310      21.2         22.4   1017.0      100
04/06/2024  16:45:00          0.0       316      19.8         22.2   1017.4      100
04/06/2024  17:00:00          0.0       318      21.5         22.4   1017.2      100
04/06/2024  17:15:00          0.0       315      22.2         22.1   1017.5      100
04/06/2024  17:30:00          0.0       238      11.6         22.1   1017.5      100
04/06/2024  17:45:00          0.0       202      15.2         22.1   1017.5      100
04/06/2024  18:00:00          0.0       200      15.9         22.0   1017.5      100
04/06/2024  18:15:00          0.0       198      17.3         22.1   1017.8      100
04/06/2024  18:30:00          0.0       199      11.6         22.3   1017.7      100
04/06/2024  18:45:00          0.0       197      17.6         22.2   1018.1      100
04/06/2024  19:00:00          0.0       198      10.6         22.1   1018.3      100
04/06/2024  19:15:00          0.0       199      11.3         22.1   1018.3      100
04/06/2024  19:30:00          0.0       198      14.5         21.8   1018.6      100
04/06/2024  19:45:00          0.0       199       7.4         22.0   1018.5      100
04/06/2024  20:00:00          0.0       199       6.7         22.1   1018.6      100
04/06/2024  20:15:00          0.0       201       8.1         22.1   1018.8      100
04/06/2024  20:30:00          0.0       200       9.5         22.1   1018.7      100
04/06/2024  20:45:00          0.0       203      15.2         22.4   1018.9      100
04/06/2024  21:00:00          0.0       200       9.2         22.4   1018.9      100
04/06/2024  21:15:00          0.0       200      11.3         22.5   1018.9      100
04/06/2024  21:30:00          0.0       201       8.5         22.5   1018.9      100
04/06/2024  21:45:00          0.0       200       5.6         22.3   1019.2      100
04/06/2024  22:00:00          0.0       201      10.2         22.2   1018.9      100
04/06/2024  22:15:00          0.0       199       9.2         22.3   1019.1      100
04/06/2024  22:30:00          0.0       199      10.6         22.2   1018.9      100
04/06/2024  22:45:00          0.0       200      11.6         22.2   1018.7      100
04/06/2024  23:00:00          0.0       200      10.2         22.3   1018.8      100
04/06/2024  23:15:00          0.0       201       6.7         22.2   1018.5      100
04/06/2024  23:30:00          0.0       200       9.5         22.2   1018.7      100
04/06/2024  23:45:00          0.0       201       9.2         22.3   1018.5      100
05/06/2024  00:00:00          0.0       200      14.1         22.4   1018.5      100
05/06/2024  00:15:00          0.0       203      11.6         22.3   1018.5      100
05/06/2024  00:30:00          0.0       203      14.1         22.3   1018.2      100
05/06/2024  00:45:00          0.0       200      16.2         22.2   1018.2      100
05/06/2024  01:00:00          0.0       203       9.2         22.3   1018.2      100
05/06/2024  01:15:00          0.0       200      12.0         22.1   1018.2      100
05/06/2024  01:30:00          0.0       203       9.2         22.3   1018.1      100
05/06/2024  01:45:00          0.0       202      14.5         22.2   1018.0      100
05/06/2024  02:00:00          0.0       201       9.9         22.1   1018.0      100
05/06/2024  02:15:00          0.0       202       7.1         22.3   1018.0      100
05/06/2024  02:30:00          0.0       201      13.8         22.1   1017.7      100
05/06/2024  02:45:00          0.0       202       8.8         22.3   1017.5      100
05/06/2024  03:00:00          0.0       204      10.6         22.3   1017.7      100
05/06/2024  03:15:00          0.0       203      10.2         22.3   1017.5      100
05/06/2024  03:30:00          0.0       202       6.7         22.1   1017.5      100
05/06/2024  03:45:00          0.0       200       9.2         22.1   1017.5      100
05/06/2024  04:00:00          0.0       202       3.2         22.1   1017.5      100
05/06/2024  04:15:00          0.0       202       2.1         21.8   1017.5      100
05/06/2024  04:30:00          0.0         -       0.0         21.7   1017.5      100
05/06/2024  04:45:00          0.0       200       2.5         21.5   1017.5      100
05/06/2024  05:00:00          0.0       200       7.8         21.3   1017.5      100
05/06/2024  05:15:00          0.0         -       0.0         21.2   1017.7      100
05/06/2024  05:30:00          1.8       199       1.4         21.1   1017.7      100
05/06/2024  05:45:00          1.6       198       2.5         20.5   1017.7      100
05/06/2024  06:00:00          0.0       198       2.8         20.4   1018.0      100
05/06/2024  06:15:00          0.2       198       1.8         20.3   1018.2      100
05/06/2024  06:30:00          0.0       243       1.1         20.1   1018.3      100
05/06/2024  06:45:00          0.0       249       3.2         20.1   1018.5      100
05/06/2024  07:00:00          0.0       245       2.8         19.9   1018.5      100
05/06/2024  07:15:00          0.0       240       2.1         20.1   1018.6      100
05/06/2024  07:30:00          0.0       239       3.5         20.0   1018.7      100
05/06/2024  07:45:00          0.0       242       6.0         20.3   1018.7      100
05/06/2024  08:00:00          0.0       269       1.8         20.8   1018.7      100
05/06/2024  08:15:00          0.0       275       3.2         20.8   1018.9      100
05/06/2024  08:30:00          0.0       273       3.9         20.3   1019.1      100
05/06/2024  08:45:00          0.0       275       3.5         20.4   1019.3      100
05/06/2024  09:00:00          0.0       276       2.8         20.6   1019.6      100
05/06/2024  09:15:00          0.0       276       1.8         20.5   1019.7      100
05/06/2024  09:30:00          0.0       275       5.3         20.9   1019.7      100
05/06/2024  09:45:00          0.0       282       2.1         21.6   1019.7      100
05/06/2024  10:00:00          0.0       276       1.4         22.1   1019.7      100
05/06/2024  10:15:00          0.0         -       0.0         22.1   1019.9      100
05/06/2024  10:30:00          0.0       272       3.5         22.6   1019.7      100
05/06/2024  10:45:00          0.0       280       2.1         22.3   1019.8      100
05/06/2024  11:00:00          0.0       284       1.8         22.1   1019.8      100
05/06/2024  11:15:00          0.0       300       3.9         21.9   1019.4      100
05/06/2024  11:30:00          0.0       301       3.2         22.0   1019.2      100
05/06/2024  11:45:00          0.0       302       3.9         22.3   1018.9      100
05/06/2024  12:00:00          0.0         -       0.0         22.1   1018.7      100
05/06/2024  12:15:00          0.0       300       4.9         22.5   1018.5      100
05/06/2024  12:30:00          0.0       297       5.3         22.5   1018.2      100
05/06/2024  12:45:00          0.0       294       1.4         22.3   1018.1      100
05/06/2024  13:00:00          0.0       297       5.6         22.3   1017.7      100
05/06/2024  13:15:00          0.0       296       4.9         22.5   1017.5      100
05/06/2024  13:30:00          0.0       293       9.9         22.3   1017.2      100
05/06/2024  13:45:00          0.0       295       9.2         22.1   1017.4      100
05/06/2024  14:00:00          0.0       293       7.8         22.3   1017.1      100
05/06/2024  14:15:00          0.0       295       7.1         22.0   1017.0      100
05/06/2024  14:30:00          0.0       294       6.7         22.1   1016.7      100
05/06/2024  14:45:00          0.0       296       7.1         22.5   1016.5      100
05/06/2024  15:00:00          0.0       295       2.1         22.3   1016.5      100
05/06/2024  15:15:00          0.0       279       6.7         22.7   1016.4      100
05/06/2024  15:30:00          0.0       270       2.8         22.5   1016.6      100
05/06/2024  15:45:00          0.0       267       7.4         22.6   1016.3      100
05/06/2024  16:00:00          0.0         -       0.0         22.3   1016.4      100
05/06/2024  16:15:00          0.0       263       3.9         21.8   1016.3      100
05/06/2024  16:30:00          0.0       273       6.0         21.7   1016.4      100
05/06/2024  16:45:00          0.0       286       3.5         21.5   1015.9      100
05/06/2024  17:00:00          0.0       309      12.3         21.4   1016.0      100
05/06/2024  17:15:00          0.0       296       7.4         20.8   1015.8      100
05/06/2024  17:30:00          0.0       286       7.1         20.7   1015.8      100
05/06/2024  17:45:00          0.0       203       5.6         20.5   1015.8      100
05/06/2024  18:00:00          0.0       201       3.9         20.3   1016.1      100
05/06/2024  18:15:00          0.0       200       1.4         20.1   1016.0      100
05/06/2024  18:30:00          0.0       199       1.4         19.8   1016.3      100
05/06/2024  18:45:00          0.0         -       0.0         19.5   1016.3      100
05/06/2024  19:00:00          0.0         -       0.0         19.9   1016.5      100
05/06/2024  19:15:00          0.0       200       2.1         19.5   1016.5      100
05/06/2024  19:30:00          0.0       205       1.1         19.5   1016.5      100
05/06/2024  19:45:00          0.0       206       2.1         19.3   1016.6      100
05/06/2024  20:00:00          0.0       203       2.5         19.1   1016.5      100
05/06/2024  20:15:00          0.0       205       2.8         19.1   1016.5      100
05/06/2024  20:30:00          0.0       204       3.2         18.8   1016.5      100
05/06/2024  20:45:00          0.0       206       0.4         19.2   1017.0      100
05/06/2024  21:00:00          0.0       205       2.5         18.8   1017.2      100
05/06/2024  21:15:00          0.0       205       1.8         19.5   1017.2      100
05/06/2024  21:30:00          0.0       204       1.4         18.5   1017.2      100
05/06/2024  21:45:00          0.0       204       3.9         18.3   1017.0      100
05/06/2024  22:00:00          0.0       200       2.8         18.1   1017.0      100
05/06/2024  22:15:00          0.0       202       5.3         18.0   1016.7      100
05/06/2024  22:30:00          0.0       201       2.5         18.2   1017.0      100
05/06/2024  22:45:00          0.0       203       2.8         18.3   1017.0      100
05/06/2024  23:00:00          0.0       201       1.8         18.2   1017.0      100
05/06/2024  23:15:00          0.0       202       1.4         17.9   1016.7      100
05/06/2024  23:30:00          0.0       199       1.1         18.0   1017.0      100
05/06/2024  23:45:00          0.0       209       2.1         17.7   1017.0      100
06/06/2024  00:00:00          0.0       206       2.8         17.5   1016.7      100
06/06/2024  00:15:00          0.0       209       2.5         17.6   1016.7      100
06/06/2024  00:30:00          0.0       207       2.1         17.7   1016.7      100
06/06/2024  00:45:00          0.0       206       2.5         17.4   1016.5      100
06/06/2024  01:00:00          0.0       208       4.6         17.3   1016.5      100
06/06/2024  01:15:00          0.0       209       2.5         17.4   1016.3      100
06/06/2024  01:30:00          0.0       210       0.4         17.6   1016.3      100
06/06/2024  01:45:00          0.0       212       3.5         17.6   1016.0      100
06/06/2024  02:00:00          0.0       213       2.8         17.7   1016.0      100
06/06/2024  02:15:00          0.0       223       2.8         17.4   1016.0      100
06/06/2024  02:30:00          0.0       207       2.1         17.4   1016.0      100
06/06/2024  02:45:00          0.0       210       1.8         17.2   1016.0      100
06/06/2024  03:00:00          0.0       213       3.2         17.5   1015.8      100
06/06/2024  03:15:00          0.0       212       2.1         17.2   1015.8      100
06/06/2024  03:30:00          0.0       209       3.2         17.4   1015.8      100
06/06/2024  03:45:00          0.0       211       3.5         17.1   1016.0      100
06/06/2024  04:00:00          0.0       209       2.1         17.2   1016.0      100
06/06/2024  04:15:00          0.0       209       3.2         17.2   1016.0      100
06/06/2024  04:30:00          0.0       208       1.8         17.4   1016.0      100
06/06/2024  04:45:00          0.0       206       2.5         17.4   1016.0      100
06/06/2024  05:00:00          0.0       206       2.5         17.5   1016.0      100
06/06/2024  05:15:00          0.0       205       4.2         17.6   1016.0      100
06/06/2024  05:30:00          0.0       206       3.5         17.7   1016.3      100
06/06/2024  05:45:00          0.0       207       2.8         17.9   1016.3      100
06/06/2024  06:00:00          0.0       207       2.1         18.0   1016.3      100
06/06/2024  06:15:00          0.0       209       2.5         18.2   1016.3      100
06/06/2024  06:30:00          0.0       271       3.2         18.0   1016.5      100
06/06/2024  06:45:00          0.0       273       4.6         18.0   1016.5      100
06/06/2024  07:00:00          0.0       274       4.9         18.2   1016.7      100
06/06/2024  07:15:00          0.0       286       0.7         18.6   1017.0      100
06/06/2024  07:30:00          0.0       286       2.8         19.3   1017.0      100
06/06/2024  07:45:00          0.0       292       3.5         20.1   1017.0      100
06/06/2024  08:00:00          0.0       289       2.5         20.7   1017.0      100
06/06/2024  08:15:00          0.0         -       0.0         21.8   1017.2      100
06/06/2024  08:30:00          0.0       321       1.4         22.3   1017.2      100
06/06/2024  08:45:00          0.0         -       0.0         22.5   1017.6      100
06/06/2024  09:00:00          0.0         -       0.0         23.5   1017.6      100
06/06/2024  09:15:00          0.0       278       1.4         24.3   1017.4      100
06/06/2024  09:30:00          0.0       281       2.5         23.8   1017.6      100
06/06/2024  09:45:00          0.0         -       0.0         24.1   1017.4      100
06/06/2024  10:00:00          0.0       266       4.6         23.7   1017.4      100
06/06/2024  10:15:00          0.0       268       2.1         23.8   1017.4      100
06/06/2024  10:30:00          0.0       271       5.3         23.6   1017.4      100
06/06/2024  10:45:00          0.0         -       0.0         24.2   1017.1      100
06/06/2024  11:00:00          0.0         -       0.0         24.3   1016.6      100
06/06/2024  11:15:00          0.0       274       6.0         24.5   1016.6       99
06/06/2024  11:30:00          0.0       270       2.5         25.6   1016.4       97
06/06/2024  11:45:00          0.0       287       4.9         27.1   1016.0       92
06/06/2024  12:00:00          0.0       262       2.8         27.7   1016.0       89
06/06/2024  12:15:00          0.0       255       4.9         27.8   1015.0       87
06/06/2024  12:30:00          0.0       252      11.3         28.3   1015.0       87
06/06/2024  12:45:00          0.0       249      10.2         28.6   1014.9       85
06/06/2024  13:00:00          0.0       250       4.2         29.2   1014.7       82
06/06/2024  13:15:00          0.0       244       8.8         29.5   1014.4       80
06/06/2024  13:30:00          0.0       253       3.5         29.0   1014.4       78
06/06/2024  13:45:00          0.0       245      12.7         25.4   1014.2       89
06/06/2024  14:00:00          0.0       243       9.9         25.0   1014.2       91
06/06/2024  14:15:00          0.0       250      14.8         24.7   1013.9       92
06/06/2024  14:30:00          0.0       242      15.5         24.5   1013.9       93
06/06/2024  14:45:00          0.0       247      12.7         24.5   1013.9       94
06/06/2024  15:00:00          0.0       260      12.3         24.6   1013.9       94
06/06/2024  15:15:00          0.0       257       9.9         24.5   1014.3       94
06/06/2024  15:30:00          0.0       259      10.6         23.9   1014.2       95
06/06/2024  15:45:00          0.0       262       6.0         24.1   1014.2       96
06/06/2024  16:00:00          0.0       261       9.5         23.9   1014.3       95
06/06/2024  16:15:00          0.0       261       7.1         23.6   1014.7       96
06/06/2024  16:30:00          0.0       253      10.6         23.2   1014.7       97
06/06/2024  16:45:00          0.0       259       8.5         22.8   1014.4       98
06/06/2024  17:00:00          0.0       268       6.7         22.3   1014.7       98
06/06/2024  17:15:00          0.0       271       9.9         22.1   1014.7       98
06/06/2024  17:30:00          0.0       282       6.0         22.0   1014.8       98
06/06/2024  17:45:00          0.0       219       6.4         21.7   1014.9       98
06/06/2024  18:00:00          0.0       220       4.6         21.7   1015.2       98
06/06/2024  18:15:00          0.0       221       6.7         21.9   1015.2       98
06/06/2024  18:30:00          0.0       218       7.1         22.0   1015.0       98
06/06/2024  18:45:00          0.0       218       3.9         22.1   1015.3       99
06/06/2024  19:00:00          0.0       216       7.8         22.0   1015.3       99
06/06/2024  19:15:00          0.0       213       3.5         21.5   1015.4      100
06/06/2024  19:30:00          0.0       212       1.1         21.1   1015.8      100
06/06/2024  19:45:00          0.0         -       0.0         21.0   1015.8      100
06/06/2024  20:00:00          0.0       212       2.5         20.6   1015.8      100
06/06/2024  20:15:00          0.0       214       1.8         20.5   1015.8      100
06/06/2024  20:30:00          0.0       210       1.4         20.3   1016.0      100
06/06/2024  20:45:00          0.0         -       0.0         20.6   1016.3      100
06/06/2024  21:00:00          0.0       212       2.5         20.0   1016.3      100
06/06/2024  21:15:00          0.0       210       4.2         20.1   1016.0      100
06/06/2024  21:30:00          0.0       212       0.4         19.8   1016.3      100
06/06/2024  21:45:00          0.0       211       2.1         19.5   1016.3      100
06/06/2024  22:00:00          0.0       210       4.2         19.6   1016.5      100
06/06/2024  22:15:00          0.0       211       2.1         19.5   1016.5      100
06/06/2024  22:30:00          0.0       207       2.8         19.5   1016.3      100
06/06/2024  22:45:00          0.0       214       1.8         19.3   1016.3      100
06/06/2024  23:00:00          0.0       208       3.2         19.2   1016.5      100
06/06/2024  23:15:00          0.0       213       2.8         19.1   1016.3      100
06/06/2024  23:30:00          0.0       209       2.8         18.9   1016.3      100
06/06/2024  23:45:00          0.0       209       3.2         18.9   1016.4      100
07/06/2024  00:00:00          0.0       213       3.9         19.0   1016.3      100
07/06/2024  00:15:00          0.0       212       2.5         19.1   1015.9      100
07/06/2024  00:30:00          0.0       212       3.5         19.2   1016.0      100
07/06/2024  00:45:00          0.0       211       2.1         18.9   1016.0      100
07/06/2024  01:00:00          0.0       212       1.8         18.6   1016.0      100
07/06/2024  01:15:00          0.0       205       1.8         18.5   1015.8      100
07/06/2024  01:30:00          0.0       209       2.8         18.6   1015.8      100
07/06/2024  01:45:00          0.0       211       2.5         18.5   1015.5      100
07/06/2024  02:00:00          0.0       210       2.1         18.4   1015.5      100
07/06/2024  02:15:00          0.0       210       2.8         18.5   1015.3      100
07/06/2024  02:30:00          0.0       210       2.1         18.5   1015.3      100
07/06/2024  02:45:00          0.0       209       0.4         18.4   1015.5      100
07/06/2024  03:00:00          0.0       211       3.2         18.3   1015.3      100
07/06/2024  03:15:00          0.0       208       2.1         17.8   1015.3      100
07/06/2024  03:30:00          0.0       209       1.8         17.8   1015.3      100
07/06/2024  03:45:00          0.0       211       2.8         18.0   1015.3      100
07/06/2024  04:00:00          0.0       210       2.8         18.3   1015.3      100
07/06/2024  04:15:00          0.0       210       2.1         18.4   1015.3      100
07/06/2024  04:30:00          0.0       209       2.1         18.5   1015.3      100
07/06/2024  04:45:00          0.0       208       3.5         18.6   1015.3      100
07/06/2024  05:00:00          0.0       208       2.8         18.6   1015.5      100
07/06/2024  05:15:00          0.0       209       3.5         18.6   1015.5      100
07/06/2024  05:30:00          0.0       209       2.8         18.4   1015.8      100
07/06/2024  05:45:00          0.0       206       3.9         18.5   1015.8      100
07/06/2024  06:00:00          0.0       209       3.5         18.5   1015.5      100
07/06/2024  06:15:00          0.0       211       3.5         18.5   1015.8      100
07/06/2024  06:30:00          0.0       284       6.0         18.2   1015.8      100
07/06/2024  06:45:00          0.0       286       5.3         18.5   1016.0      100
07/06/2024  07:00:00          0.0       291       5.6         18.7   1016.5      100
07/06/2024  07:15:00          0.0       298       3.2         19.2   1016.5      100
07/06/2024  07:30:00          0.0       297       2.5         20.0   1016.7      100
07/06/2024  07:45:00          0.0       303       1.8         20.8   1016.6      100
07/06/2024  08:00:00          0.0       319       2.5         21.5   1017.0      100
07/06/2024  08:15:00          0.0       327       7.4         22.5   1017.2      100
07/06/2024  08:30:00          0.0       320       8.5         23.2   1017.5      100
07/06/2024  08:45:00          0.0       292       3.9         23.9   1017.5      100
07/06/2024  09:00:00          0.0       274       2.1         24.3   1017.8      100
07/06/2024  09:15:00          0.0       266       4.2         24.9   1017.8      100
07/06/2024  09:30:00          0.0       261       3.9         25.1   1017.8      100
07/06/2024  09:45:00          0.0       276       3.9         25.8   1017.8       98
07/06/2024  10:00:00          0.0       265       8.8         26.8   1018.2       94
07/06/2024  10:15:00          0.0       276       1.8         27.4   1018.0       91
07/06/2024  10:30:00          0.0       279       4.2         27.7   1017.7       87
07/06/2024  10:45:00          0.0         -       0.0         28.2   1017.6       87
07/06/2024  11:00:00          0.0       263       2.5         29.1   1017.5       85
07/06/2024  11:15:00          0.0       266       9.5         26.3   1017.4       89
07/06/2024  11:30:00          0.0       260       3.5         25.6   1016.9       92
07/06/2024  11:45:00          0.0       258       7.1         25.6   1016.9       92
07/06/2024  12:00:00          0.0       253      11.6         25.8   1016.9       92
07/06/2024  12:15:00          0.0       251       8.5         25.3   1016.4       93
07/06/2024  12:30:00          0.0       246       9.5         25.3   1016.4       93
07/06/2024  12:45:00          0.0       246       9.2         25.4   1016.0       94
07/06/2024  13:00:00          0.0       245      11.6         25.1   1015.6       94
07/06/2024  13:15:00          0.0       246      10.2         25.2   1015.8       95
07/06/2024  13:30:00          0.0       244      11.6         24.6   1015.4       95
07/06/2024  13:45:00          0.0       247      12.7         24.8   1015.4       95
07/06/2024  14:00:00          0.0       244      11.6         24.8   1015.4       95
07/06/2024  14:15:00          0.0       249      16.2         24.7   1014.9       95
07/06/2024  14:30:00          0.0       244      12.7         25.1   1014.9       95
07/06/2024  14:45:00          0.0       237       3.5         25.8   1015.0       94
07/06/2024  15:00:00          0.0       238       7.4         25.8   1014.9       93
07/06/2024  15:15:00          0.0       238      14.5         25.8   1014.9       93
07/06/2024  15:30:00          0.0       237       6.0         25.2   1014.8       92
07/06/2024  15:45:00          0.0       236       3.2         25.1   1014.8       90
07/06/2024  16:00:00          0.0       234       5.6         24.7   1014.8       90
07/06/2024  16:15:00          0.0       232      11.3         24.3   1014.9       90
07/06/2024  16:30:00          0.0       231       4.9         24.0   1014.9       92
07/06/2024  16:45:00          0.0       232       9.9         23.5   1015.2       92
07/06/2024  17:00:00          0.0       234       2.8         23.3   1015.2       93
07/06/2024  17:15:00          0.0       256       8.8         23.0   1015.2       94
07/06/2024  17:30:00          0.0       283      12.0         22.8   1015.2       95
07/06/2024  17:45:00          0.0       218       6.7         22.6   1015.2       96
07/06/2024  18:00:00          0.0       219      12.3         22.6   1015.4       96
07/06/2024  18:15:00          0.0       214       9.9         22.4   1015.4       96
07/06/2024  18:30:00          0.0       215       6.4         22.3   1015.6       96
07/06/2024  18:45:00          0.0       215       9.5         22.3   1015.8       96
07/06/2024  19:00:00          0.0       212       6.0         22.3   1015.8       97
07/06/2024  19:15:00          0.0       212       7.8         22.3   1016.0       97
07/06/2024  19:30:00          0.0       210       7.4         22.3   1015.9       99
07/06/2024  19:45:00          0.0       206       6.7         22.3   1016.3      100
07/06/2024  20:00:00          0.0       207       2.5         22.2   1016.0      100
07/06/2024  20:15:00          0.0       209      10.2         22.3   1016.1      100
07/06/2024  20:30:00          0.0       207       3.9         22.3   1016.3      100
07/06/2024  20:45:00          0.0         -       0.0         21.9   1016.3      100
07/06/2024  21:00:00          0.0       207       2.1         21.2   1016.3      100
07/06/2024  21:15:00          0.0       205       2.1         20.8   1016.5      100
07/06/2024  21:30:00          0.0       205       2.8         20.5   1016.5      100
07/06/2024  21:45:00          0.0       205       3.9         20.1   1016.5      100
07/06/2024  22:00:00          0.0       205       2.8         19.9   1016.5      100
07/06/2024  22:15:00          0.0       204       1.8         19.8   1016.5      100
07/06/2024  22:30:00          0.0       203       2.5         19.8   1016.7      100
07/06/2024  22:45:00          0.0       203       2.5         19.4   1016.7      100
07/06/2024  23:00:00          0.0       203       2.5         19.2   1016.7      100
07/06/2024  23:15:00          0.0       204       3.2         19.4   1016.5      100
07/06/2024  23:30:00          0.0       204       3.9         19.2   1016.5      100
07/06/2024  23:45:00          0.0       203       2.8         19.2   1016.5      100
08/06/2024  00:00:00          0.0       202       3.5         19.1   1016.5      100
08/06/2024  00:15:00          0.0       204       1.8         18.8   1016.1      100
08/06/2024  00:30:00          0.0       204       2.8         18.7   1016.4      100
08/06/2024  00:45:00          0.0       205       2.1         18.8   1016.3      100
08/06/2024  01:00:00          0.0       205       3.2         19.1   1016.5      100
08/06/2024  01:15:00          0.0       204       2.5         19.4   1016.5      100
08/06/2024  01:30:00          0.0       204       3.2         19.7   1016.5      100
08/06/2024  01:45:00          0.0       205       2.1         19.9   1016.4      100
08/06/2024  02:00:00          0.0       204       4.9         20.1   1015.9      100
08/06/2024  02:15:00          0.0         -       0.0         20.2   1015.9      100
08/06/2024  02:30:00          0.0         -       0.0         20.3   1016.0      100
08/06/2024  02:45:00          0.0         -       0.0         20.3   1016.1      100
08/06/2024  03:00:00          0.0       206       1.4         20.2   1015.8      100
08/06/2024  03:15:00          0.0         -       0.0         20.2   1015.8      100
08/06/2024  03:30:00          0.0       204       1.1         20.2   1015.8      100
08/06/2024  03:45:00          0.0       205       1.4         20.3   1015.8      100
08/06/2024  04:00:00          0.0         -       0.0         20.4   1015.8      100
08/06/2024  04:15:00          0.0         -       0.0         20.3   1015.9      100
08/06/2024  04:30:00          0.0       201       1.8         20.2   1015.8      100
08/06/2024  04:45:00          0.0       201       3.2         20.1   1015.8      100
08/06/2024  05:00:00          0.0       202       2.5         20.0   1015.8      100
08/06/2024  05:15:00          0.0       202       2.8         20.0   1015.9      100
08/06/2024  05:30:00          0.0         -       0.0         19.9   1016.0      100
08/06/2024  05:45:00          0.0       203       1.8         20.0   1016.1      100
08/06/2024  06:00:00          0.0         -       0.0         19.6   1016.5      100
08/06/2024  06:15:00          0.0       209       2.5         19.2   1016.5      100
08/06/2024  06:30:00          0.0       279       4.2         19.1   1016.5      100
08/06/2024  06:45:00          0.0       283       2.5         18.8   1016.5      100
08/06/2024  07:00:00          0.0       284       2.5         18.9   1016.7      100
08/06/2024  07:15:00          0.0       290       4.9         19.2   1017.0      100
08/06/2024  07:30:00          0.0       292       2.5         19.9   1017.0      100
08/06/2024  07:45:00          0.0         -       0.0         20.6   1017.2      100
08/06/2024  08:00:00          0.0         -       0.0         21.4   1017.2      100
08/06/2024  08:15:00          0.0       330       3.2         22.1   1017.5      100
08/06/2024  08:30:00          0.0       322       6.0         22.9   1017.7      100
08/06/2024  08:45:00          0.0       298       3.5         23.8   1017.8      100
08/06/2024  09:00:00          0.0       275       2.5         24.2   1018.1      100
08/06/2024  09:15:00          0.0       270       3.2         25.2   1018.1      100
08/06/2024  09:30:00          0.0       259       5.3         25.4   1018.1      100
08/06/2024  09:45:00          0.0       255       7.4         26.8   1018.3      100
08/06/2024  10:00:00          0.0       258       2.8         26.7   1018.2       99
08/06/2024  10:15:00          0.0       277       2.5         27.6   1018.3       95
08/06/2024  10:30:00          0.0       297       3.5         26.6   1017.8       91
08/06/2024  10:45:00          0.0       294       7.1         25.7   1017.8       92
08/06/2024  11:00:00          0.0       272       5.3         25.8   1017.8       93
08/06/2024  11:15:00          0.0       266       7.8         25.7   1017.7       94
08/06/2024  11:30:00          0.0       261       8.8         25.9   1017.4       94
08/06/2024  11:45:00          0.0       261       7.8         25.8   1016.9       94
08/06/2024  12:00:00          0.0       262       9.5         26.3   1016.5       94
08/06/2024  12:15:00          0.0       258       7.1         26.2   1016.1       94
08/06/2024  12:30:00          0.0       258      12.3         26.1   1015.9       94
08/06/2024  12:45:00          0.0       258      13.8         26.0   1015.6       93
08/06/2024  13:00:00          0.0       254       7.1         26.1   1015.5       95
08/06/2024  13:15:00          0.0       253       4.6         26.7   1015.2       94
08/06/2024  13:30:00          0.0       255       9.9         26.1   1015.0       93
08/06/2024  13:45:00          0.0       252      13.4         25.7   1014.9       94
08/06/2024  14:00:00          0.0       247      10.6         26.4   1014.9       95
08/06/2024  14:15:00          0.0       244       1.8         26.6   1014.9       93
08/06/2024  14:30:00          0.0       242       5.3         25.7   1014.7       93
08/06/2024  14:45:00          0.0       242       9.2         25.9   1014.7       93
08/06/2024  15:00:00          0.0       245      13.8         25.4   1014.7       93
08/06/2024  15:15:00          0.0       245       4.6         25.0   1014.7       94
08/06/2024  15:30:00          0.0       244      13.1         24.8   1014.7       95
08/06/2024  15:45:00          0.0       248      10.6         24.3   1014.7       96
08/06/2024  16:00:00          0.0       253      14.1         24.1   1014.7       98
08/06/2024  16:15:00          0.0       252      15.2         23.8   1014.6       98
08/06/2024  16:30:00          0.0       260       7.4         23.5   1014.6      100
08/06/2024  16:45:00          0.0       283      11.6         23.1   1014.7      100
08/06/2024  17:00:00          0.0       303      25.8         22.8   1014.8      100
08/06/2024  17:15:00          0.0       304       8.1         22.8   1014.9      100
08/06/2024  17:30:00          0.0       243      11.6         22.7   1015.2      100
08/06/2024  17:45:00          0.0       208      15.9         22.7   1015.2      100
08/06/2024  18:00:00          0.0       209       8.8         22.7   1015.4      100
08/06/2024  18:15:00          0.0       207       7.8         22.8   1015.3      100
08/06/2024  18:30:00          0.0       204       6.7         22.9   1015.3      100
08/06/2024  18:45:00          0.0       204       8.1         23.1   1015.5      100
08/06/2024  19:00:00          0.0       203      10.9         22.9   1015.5      100
08/06/2024  19:15:00          0.0       203       5.3         22.8   1015.9      100
08/06/2024  19:30:00          0.0       204      12.7         22.7   1015.8      100
08/06/2024  19:45:00          0.0       206       4.6         22.4   1015.9      100
08/06/2024  20:00:00          0.0         -       0.0         22.3   1015.9      100
08/06/2024  20:15:00          0.0       205       7.4         21.8   1015.6      100
08/06/2024  20:30:00          0.0       204       3.2         21.6   1015.8      100
08/06/2024  20:45:00          0.0       203       2.5         21.1   1016.1      100
08/06/2024  21:00:00          0.0       202       1.8         21.0   1016.0      100
08/06/2024  21:15:00          0.0       202       2.5         20.8   1016.0      100
08/06/2024  21:30:00          0.0       203       2.5         20.8   1016.3      100
08/06/2024  21:45:00          0.0       202       3.2         20.7   1016.5      100
08/06/2024  22:00:00          0.0       202       2.1         20.9   1016.3      100
08/06/2024  22:15:00          0.0       202       4.6         20.8   1016.3      100
08/06/2024  22:30:00          0.0       202       3.2         20.8   1016.5      100
08/06/2024  22:45:00          0.0       202       3.5         20.9   1016.3      100
08/06/2024  23:00:00          0.0       210       2.8         20.8   1016.3      100
08/06/2024  23:15:00          0.0       210       1.8         20.6   1016.3      100
08/06/2024  23:30:00          0.0       209       4.9         20.5   1016.3      100
08/06/2024  23:45:00          0.0       210       1.4         20.8   1016.0      100
09/06/2024  00:00:00          0.0       210       3.2         20.6   1016.0      100
09/06/2024  00:15:00          0.0       215       2.8         20.5   1015.8      100
09/06/2024  00:30:00          0.0       215       1.8         20.1   1015.8      100
09/06/2024  00:45:00          0.0       216       1.1         20.2   1015.8      100
09/06/2024  01:00:00          0.0       216       1.8         20.1   1015.5      100
09/06/2024  01:15:00          0.0       200       1.4         19.7   1015.5      100
09/06/2024  01:30:00          0.0         -       0.0         19.3   1015.3      100
09/06/2024  01:45:00          0.0       201       1.1         19.4   1015.3      100
09/06/2024  02:00:00          0.0       201       1.4         19.5   1015.3      100
09/06/2024  02:15:00          0.0       201       1.4         19.4   1014.8      100
09/06/2024  02:30:00          0.0       202       1.4         19.4   1014.8      100
09/06/2024  02:45:00          0.0       202       2.1         19.8   1014.6      100
09/06/2024  03:00:00          0.0       202       0.7         19.8   1014.6      100
09/06/2024  03:15:00          0.0       201       1.1         19.2   1014.6      100
09/06/2024  03:30:00          0.0       202       1.4         19.2   1014.6      100
09/06/2024  03:45:00          0.0       202       2.5         19.2   1014.6      100
09/06/2024  04:00:00          0.0       202       1.8         19.3   1014.6      100
09/06/2024  04:15:00          0.0       202       4.2         19.3   1014.6      100
09/06/2024  04:30:00          0.0       201       1.1         19.1   1014.3      100
09/06/2024  04:45:00          0.0       200       3.9         19.4   1014.3      100
09/06/2024  05:00:00          0.0       201       1.1         19.2   1014.6      100
09/06/2024  05:15:00          0.0       201       2.8         19.4   1014.6      100
09/06/2024  05:30:00          0.0       202       4.6         19.2   1014.6      100
09/06/2024  05:45:00          0.0       201       2.8         19.2   1014.3      100
09/06/2024  06:00:00          0.0       202       7.8         19.0   1014.3      100
09/06/2024  06:15:00          0.0       256       2.8         19.1   1014.6      100
09/06/2024  06:30:00          0.0       287       2.5         19.5   1014.6      100
09/06/2024  06:45:00          0.0       285       4.9         19.7   1014.6      100
09/06/2024  07:00:00          0.0       286       5.6         19.5   1014.8      100
09/06/2024  07:15:00          0.0       285       2.8         19.7   1014.8      100
09/06/2024  07:30:00          0.0       286       1.8         19.9   1015.0      100
09/06/2024  07:45:00          0.0       287       4.6         20.2   1015.0      100
09/06/2024  08:00:00          0.0       288       6.0         20.4   1015.0      100
09/06/2024  08:15:00          0.0       295       6.0         20.9   1015.4      100
09/06/2024  08:30:00          0.0       300       3.9         21.2   1015.2      100
09/06/2024  08:45:00          0.0       312       2.1         21.8   1015.5      100
09/06/2024  09:00:00          0.0       304       1.4         22.9   1015.6      100
09/06/2024  09:15:00          0.0       271       7.8         23.9   1015.6      100
09/06/2024  09:30:00          0.0       249       7.4         24.5   1015.5      100
09/06/2024  09:45:00          0.0       245       6.0         24.9   1015.6      100
09/06/2024  10:00:00          0.0       252       6.0         25.8   1015.6      100
09/06/2024  10:15:00          0.0         -       0.0         26.6   1015.4      100
09/06/2024  10:30:00          0.0       278       6.7         26.9   1015.3       98
09/06/2024  10:45:00          0.0       280      12.3         27.5   1015.2       93
09/06/2024  11:00:00          0.0       275       9.9         28.3   1014.7       88
09/06/2024  11:15:00          0.0       255       6.0         28.8   1014.6       87
09/06/2024  11:30:00          0.0       247       3.2         28.8   1014.2       84
09/06/2024  11:45:00          0.0       245      12.3         29.4   1014.2       80
09/06/2024  12:00:00          0.0       242      18.3         29.1   1013.9       76
09/06/2024  12:15:00          0.0       242       3.9         29.1   1013.7       74
09/06/2024  12:30:00          0.0       243       7.1         29.3   1013.5       71
09/06/2024  12:45:00          0.0       243       9.9         29.4   1013.2       70
09/06/2024  13:00:00          0.0       240       7.1         29.5   1013.0       69
09/06/2024  13:15:00          0.0       235      13.4         29.5   1013.0       68
09/06/2024  13:30:00          0.0       238       9.9         29.7   1012.7       67
09/06/2024  13:45:00          0.0       235      18.7         29.2   1012.7       67
09/06/2024  14:00:00          0.0       232      22.6         29.1   1012.5       68
09/06/2024  14:15:00          0.0       237       7.1         28.9   1012.4       69
09/06/2024  14:30:00          0.0       232       4.9         28.8   1012.2       70
09/06/2024  14:45:00          0.0       238      11.3         28.4   1012.0       69
09/06/2024  15:00:00          0.0       234       4.2         28.9   1012.0       69
09/06/2024  15:15:00          0.0       228       2.1         28.5   1012.2       68
09/06/2024  15:30:00          0.0       229       5.6         28.3   1012.0       68
09/06/2024  15:45:00          0.0       227       3.9         28.1   1012.0       69
09/06/2024  16:00:00          0.0       230       6.4         28.0   1012.0       73
09/06/2024  16:15:00          0.0       232       9.9         26.5   1012.0       80
09/06/2024  16:30:00          0.0       236       4.9         25.5   1012.2       83
09/06/2024  16:45:00          0.0       234       3.2         24.9   1012.2       85
09/06/2024  17:00:00          0.0       232       4.2         24.4   1012.0       87
09/06/2024  17:15:00          0.0       238       3.9         23.8   1011.7       88
09/06/2024  17:30:00          0.0       248       7.1         23.3   1011.7       89
09/06/2024  17:45:00          0.0       212       3.9         23.1   1011.7       90
09/06/2024  18:00:00          0.0       209       2.8         22.6   1011.6       91
09/06/2024  18:15:00          0.0       207       1.1         22.1   1012.0       91
09/06/2024  18:30:00          0.0       205       1.1         21.7   1011.7       92
09/06/2024  18:45:00          0.0       205       0.4         21.8   1011.6       93
09/06/2024  19:00:00          0.0       203       2.1         21.7   1011.9       93
09/06/2024  19:15:00          0.0       202       1.4         21.4   1011.9       94
09/06/2024  19:30:00          0.0       199       1.4         21.3   1011.9       94
09/06/2024  19:45:00          0.0       199       2.1         20.8   1012.0       95
09/06/2024  20:00:00          0.0       197       1.8         20.8   1011.9       95
09/06/2024  20:15:00          0.0       198       3.5         20.8   1011.9       96
09/06/2024  20:30:00          0.0       197       2.1         20.6   1011.9       96
09/06/2024  20:45:00          0.0       197       1.8         20.3   1012.1       97
09/06/2024  21:00:00          0.0       196       1.4         20.2   1012.1       98
09/06/2024  21:15:00          0.0       195       3.2         20.3   1012.1      100
09/06/2024  21:30:00          0.0       195       2.5         20.0   1012.1      100
09/06/2024  21:45:00          0.0       195       3.2         19.7   1012.1      100
09/06/2024  22:00:00          0.0       195       2.1         19.6   1012.1      100
09/06/2024  22:15:00          0.0       194       2.5         19.4   1012.1      100
09/06/2024  22:30:00          0.0       195       2.5         19.4   1012.1      100
09/06/2024  22:45:00          0.0       194       1.4         19.4   1012.4      100
09/06/2024  23:00:00          0.0       194       2.1         19.4   1012.4      100
09/06/2024  23:15:00          0.0       194       2.1         19.5   1012.4      100
09/06/2024  23:30:00          0.0       195       1.8         19.2   1012.1      100
09/06/2024  23:45:00          0.0       201       2.8         19.3   1012.2      100
10/06/2024  00:00:00          0.0       195       1.8         18.9   1011.9      100
10/06/2024  00:15:00          0.0       194       5.3         19.0   1011.9      100
10/06/2024  00:30:00          0.0       194       3.5         18.8   1011.9      100
10/06/2024  00:45:00          0.0       194       3.2         19.0   1011.6      100
10/06/2024  01:00:00          0.0       193       6.0         19.0   1011.6      100
10/06/2024  01:15:00          0.0       193       2.8         19.2   1011.4      100
10/06/2024  01:30:00          0.0       194       2.5         19.1   1011.4      100
10/06/2024  01:45:00          0.0       194       3.9         19.1   1011.1      100
10/06/2024  02:00:00          0.0       193       2.8         19.1   1010.9      100
10/06/2024  02:15:00          0.0       194       3.2         19.1   1010.6      100
10/06/2024  02:30:00          0.0       194       4.6         19.2   1010.6      100
10/06/2024  02:45:00          0.0       192       3.5         19.1   1010.4      100
10/06/2024  03:00:00          0.0       193       2.8         19.2   1010.4      100
10/06/2024  03:15:00          0.0       191      13.8         19.5   1010.2      100
10/06/2024  03:30:00          0.0       192       6.4         19.7   1010.2      100
10/06/2024  03:45:00          0.0       194       6.0         19.8   1009.9      100
10/06/2024  04:00:00          0.0       195       6.0         19.8   1009.9      100
10/06/2024  04:15:00          0.0       194       7.1         20.0   1009.7      100
10/06/2024  04:30:00          0.0       193       7.1         20.1   1009.7      100
10/06/2024  04:45:00          0.0       197       6.0         20.1   1009.7      100
10/06/2024  05:00:00          0.0       196       6.4         20.1   1009.7      100
10/06/2024  05:15:00          0.0       196       3.9         19.9   1009.9      100
10/06/2024  05:30:00          0.0       196       6.0         20.1   1009.9      100
10/06/2024  05:45:00          0.0       196       7.1         20.0   1010.2      100
10/06/2024  06:00:00          0.0       197      10.2         20.0   1010.3      100
10/06/2024  06:15:00          0.0       198       3.9         19.8   1010.4      100
10/06/2024  06:30:00          0.0       281       4.6         19.8   1010.6      100
10/06/2024  06:45:00          0.0       292       4.6         19.9   1010.8      100
10/06/2024  07:00:00          0.0       291       4.6         20.1   1011.1      100
10/06/2024  07:15:00          0.0       314       3.5         21.0   1011.6      100
10/06/2024  07:30:00          0.0       311       4.6         22.1   1011.9       99
10/06/2024  07:45:00          0.0       311       1.8         23.1   1012.1       97
10/06/2024  08:00:00          0.0       292       1.4         23.9   1012.5       95
10/06/2024  08:15:00          0.0       268       7.4         24.5   1012.8       93
10/06/2024  08:30:00          0.0       255       3.5         24.9   1013.0       90
10/06/2024  08:45:00          0.0       243      11.3         26.1   1013.1       87
10/06/2024  09:00:00          0.0       243       7.8         26.6   1013.5       87
10/06/2024  09:15:00          0.0       260       5.3         27.3   1013.5       85
10/06/2024  09:30:00          0.0       262      12.3         28.1   1013.7       84
10/06/2024  09:45:00          0.0       259       6.4         29.1   1013.7       81
10/06/2024  10:00:00          0.0       249       3.2         29.7   1013.8       78
10/06/2024  10:15:00          0.0       242       5.6         30.1   1013.9       72
10/06/2024  10:30:00          0.0       241       3.5         30.4   1013.9       67
10/06/2024  10:45:00          0.0       235      19.1         30.4   1013.9       66
10/06/2024  11:00:00          0.0       236       2.8         30.9   1013.9       65
10/06/2024  11:15:00          0.0       237       7.8         31.8   1013.7       62
10/06/2024  11:30:00          0.0       240       9.5         31.8   1013.7       62
10/06/2024  11:45:00          0.0       235       8.8         32.5   1013.2       59
10/06/2024  12:00:00          0.0       239       5.3         32.8   1013.2       57
10/06/2024  12:15:00          0.0       242       2.5         33.2   1013.0       57
10/06/2024  12:30:00          0.0       245       7.8         29.8   1013.0       74
10/06/2024  12:45:00          0.0       242       9.5         26.9   1012.8       85
10/06/2024  13:00:00          0.0       244       8.5         27.0   1012.7       86
10/06/2024  13:15:00          0.0       245      10.2         26.3   1012.2       87
10/06/2024  13:30:00          0.0       248       3.5         26.9   1012.5       88
10/06/2024  13:45:00          0.0       250       3.9         26.7   1012.2       90
10/06/2024  14:00:00          0.0       247       4.6         26.4   1012.2       89
10/06/2024  14:15:00          0.0       249       7.4         26.4   1012.1       90
10/06/2024  14:30:00          0.0       247       5.6         26.0   1012.1       90
10/06/2024  14:45:00          0.0       243       3.9         26.3   1011.9       91
10/06/2024  15:00:00          0.0       250       2.5         25.8   1012.0       91
10/06/2024  15:15:00          0.0       251       4.6         25.8   1011.7       92
10/06/2024  15:30:00          0.0       252       3.2         25.8   1011.7       92
10/06/2024  15:45:00          0.0       253       3.2         25.5   1011.7       92
10/06/2024  16:00:00          0.0       254       0.7         25.4   1011.7       92
10/06/2024  16:15:00          0.0         -       0.0         25.5   1011.7       92
10/06/2024  16:30:00          0.0         -       0.0         25.0   1011.7       91
10/06/2024  16:45:00          0.0         -       0.0         25.0   1011.7       90
10/06/2024  17:00:00          0.0       247       0.7         24.6   1011.7       89
10/06/2024  17:15:00          0.0       248       1.8         24.0   1011.7       90
10/06/2024  17:30:00          0.0       256       1.8         23.3   1012.0       90
10/06/2024  17:45:00          0.0       221       2.8         23.1   1012.0       89
10/06/2024  18:00:00          0.0       217       2.8         22.5   1012.0       90
10/06/2024  18:15:00          0.0       210       2.8         22.5   1012.1       92
10/06/2024  18:30:00          0.0       205       2.5         22.0   1012.1       92
10/06/2024  18:45:00          0.0       201       1.8         21.5   1012.1       93
10/06/2024  19:00:00          0.0       199       2.1         21.3   1012.1       94
10/06/2024  19:15:00          0.0       198       4.6         21.2   1012.1       94
10/06/2024  19:30:00          0.0       200       5.6         21.4   1012.5       94
10/06/2024  19:45:00          0.0       200       2.8         21.7   1012.1       93
10/06/2024  20:00:00          0.0       202      10.6         21.4   1012.1       93
10/06/2024  20:15:00          0.0       200       5.6         21.4   1012.4       92
10/06/2024  20:30:00          0.0       205       3.2         21.4   1012.6       93
10/06/2024  20:45:00          0.0       200       4.6         20.7   1012.6       93
10/06/2024  21:00:00          0.0       199       6.0         20.1   1012.4       94
10/06/2024  21:15:00          0.0       198       4.9         20.4   1012.4       93
10/06/2024  21:30:00          0.0       197       4.2         20.3   1012.4       93
10/06/2024  21:45:00          0.0       196       3.5         20.5   1012.4       94
10/06/2024  22:00:00          0.0       195       3.5         20.5   1012.5       94
10/06/2024  22:15:00          0.0       194       2.5         19.9   1012.6       94
10/06/2024  22:30:00          0.0       195       3.2         20.2   1012.6       95
10/06/2024  22:45:00          0.0       196       3.2         19.5   1012.6       95
10/06/2024  23:00:00          0.0       195       4.9         19.2   1012.8       95
10/06/2024  23:15:00          0.0       196       9.5         19.2   1013.1       97
10/06/2024  23:30:00          0.0       196       4.6         19.1   1012.7       97
10/06/2024  23:45:00          0.0       195       4.2         19.2   1012.8       96
11/06/2024  00:00:00          0.0       196       4.2         19.0   1012.8       97
11/06/2024  00:15:00          0.0       195       3.5         19.9   1013.1       98
11/06/2024  00:30:00          0.0       193       1.8         19.7   1013.1       95
11/06/2024  00:45:00          0.0       194       3.9         19.2   1012.8       95
11/06/2024  01:00:00          0.0       195       6.7         19.4   1012.8       96
11/06/2024  01:15:00          0.0       195       4.9         19.2   1012.6       96
11/06/2024  01:30:00          0.0       195       6.7         19.4   1012.6       95
11/06/2024  01:45:00          0.0       197       3.5         19.7   1012.6       94
11/06/2024  02:00:00          0.0       198       4.2         19.6   1012.6       93
11/06/2024  02:15:00          0.0       197       3.2         20.0   1012.6       92
11/06/2024  02:30:00          0.0       196       4.2         20.5   1012.6       91
11/06/2024  02:45:00          0.0       197       4.6         20.6   1012.6       90
11/06/2024  03:00:00          0.0       199       4.6         20.2   1012.6       90
11/06/2024  03:15:00          0.0       198       3.9         20.7   1012.6       90
11/06/2024  03:30:00          0.0       198       5.3         20.9   1012.4       90
11/06/2024  03:45:00          0.0       199       6.7         21.4   1012.4       90
11/06/2024  04:00:00          0.0       199       2.5         21.4   1012.4       90
11/06/2024  04:15:00          0.0       197       7.4         21.1   1012.4       90
11/06/2024  04:30:00          0.0       198       8.5         21.2   1012.4       90
11/06/2024  04:45:00          0.0       200       5.6         21.4   1012.4       90
11/06/2024  05:00:00          0.0       199       3.2         21.4   1012.4       90
11/06/2024  05:15:00          0.0       199       4.2         21.2   1012.4       90
11/06/2024  05:30:00          0.0       198       4.9         21.2   1012.6       91
11/06/2024  05:45:00          0.0       198       4.2         21.2   1012.8       91
11/06/2024  06:00:00          0.0       199       4.9         21.3   1012.8       91
11/06/2024  06:15:00          0.0       200       3.5         21.2   1013.1       91
11/06/2024  06:30:00          0.0       272       6.0         20.9   1013.1       91
11/06/2024  06:45:00          0.0       282       3.2         21.1   1013.6       91
11/06/2024  07:00:00          0.0       281       4.2         21.1   1013.6       92
11/06/2024  07:15:00          0.0       289       4.6         22.0   1013.8       91
11/06/2024  07:30:00          0.0       273       6.0         22.9   1014.1       90
11/06/2024  07:45:00          0.0       264       4.9         23.7   1014.3       89
11/06/2024  08:00:00          0.0       256       6.0         24.5   1014.3       87
11/06/2024  08:15:00          0.0       247       3.9         25.3   1014.6       86
11/06/2024  08:30:00          0.0       238       4.2         26.1   1014.9       84
11/06/2024  08:45:00          0.0       237       7.8         27.1   1015.2       81
11/06/2024  09:00:00          0.0       239       5.6         28.0   1015.2       79
11/06/2024  09:15:00          0.0       238       6.0         28.9   1015.4       76
11/06/2024  09:30:00          0.0       231       8.1         29.0   1015.3       71
11/06/2024  09:45:00          0.0       229       4.6         29.8   1015.8       71
11/06/2024  10:00:00          0.0       229       2.8         30.6   1015.6       67
11/06/2024  10:15:00          0.0       228       4.2         31.1   1015.6       63
11/06/2024  10:30:00          0.0       228       6.4         31.2   1015.4       63
11/06/2024  10:45:00          0.0       228       4.2         31.5   1015.4       62
11/06/2024  11:00:00          0.0       228       8.5         32.0   1015.4       61
11/06/2024  11:15:00          0.0       230       1.8         32.3   1015.3       57
11/06/2024  11:30:00          0.0       232       3.5         32.9   1015.3       56
11/06/2024  11:45:00          0.0       238       8.1         28.1   1014.9       78
11/06/2024  12:00:00          0.0       241       6.0         27.1   1014.7       81
11/06/2024  12:15:00          0.0       243       9.9         27.4   1014.4       81
11/06/2024  12:30:00          0.0       243      11.6         26.9   1014.2       84
11/06/2024  12:45:00          0.0       247       9.2         27.2   1013.9       82
11/06/2024  13:00:00          0.0       246      14.1         27.4   1013.9       81
11/06/2024  13:15:00          0.0       246      13.4         27.2   1013.7       80
11/06/2024  13:30:00          0.0       245      10.6         27.2   1013.7       78
11/06/2024  13:45:00          0.0       245      11.3         27.1   1013.7       81
11/06/2024  14:00:00          0.0       243       7.1         26.7   1013.5       86
11/06/2024  14:15:00          0.0       247      11.3         26.6   1013.2       87
11/06/2024  14:30:00          0.0       246      12.3         26.6   1013.2       87
11/06/2024  14:45:00          0.0       253      13.1         25.8   1013.2       89
11/06/2024  15:00:00          0.0       259      11.3         26.1   1013.2       89
11/06/2024  15:15:00          0.0       253       1.8         26.6   1013.1       85
11/06/2024  15:30:00          0.0       248       4.6         27.2   1013.2       78
11/06/2024  15:45:00          0.0       243       8.8         27.4   1013.2       70
11/06/2024  16:00:00          0.0       242       6.4         26.5   1013.5       77
11/06/2024  16:15:00          0.0       241       4.9         26.4   1013.5       72
11/06/2024  16:30:00          0.0       239       6.0         26.1   1013.7       75
11/06/2024  16:45:00          0.0       239       8.1         25.7   1013.7       76
11/06/2024  17:00:00          0.0       235       9.2         25.0   1013.7       75
11/06/2024  17:15:00          0.0       235       3.5         24.7   1013.7       77
11/06/2024  17:30:00          0.0       236       6.7         24.3   1013.9       77
11/06/2024  17:45:00          0.0       227       5.6         24.0   1013.8       77
11/06/2024  18:00:00          0.0       224       6.0         24.0   1013.9       79
11/06/2024  18:15:00          0.0       223       6.4         23.9   1014.4       79
11/06/2024  18:30:00          0.0       223       7.1         24.0   1014.3       79
11/06/2024  18:45:00          0.0       219       7.1         23.6   1014.3       80
11/06/2024  19:00:00          0.0       220       7.4         23.5   1014.6       79
11/06/2024  19:15:00          0.0       219       5.3         23.6   1014.8       77
11/06/2024  19:30:00          0.0       218       2.8         23.1   1014.8       77
11/06/2024  19:45:00          0.0       218       4.2         22.9   1014.9       79
11/06/2024  20:00:00          0.0       219       6.7         23.1   1014.8       77
11/06/2024  20:15:00          0.0       219       6.7         22.8   1015.2       78
11/06/2024  20:30:00          0.0       220      12.3         23.1   1014.9       77
11/06/2024  20:45:00          0.0       213       2.5         22.5   1014.9       79
11/06/2024  21:00:00          0.0       212       1.8         21.7   1015.0       81
11/06/2024  21:15:00          0.0       208       2.1         21.3   1015.3       83
11/06/2024  21:30:00          0.0       204       3.5         20.6   1015.3       86
11/06/2024  21:45:00          0.0       203       4.2         20.9   1015.3       87
11/06/2024  22:00:00          0.0       199       0.4         21.2   1015.5       88
11/06/2024  22:15:00          0.0       193       2.1         21.2   1015.5       88
11/06/2024  22:30:00          0.0       191       4.2         20.7   1015.5       89
11/06/2024  22:45:00          0.0       188       2.8         20.3   1015.5       90
11/06/2024  23:00:00          0.0       191       3.2         20.0   1015.8       92
11/06/2024  23:15:00          0.0         -       0.0         19.7   1015.5       93
11/06/2024  23:30:00          0.0       183       5.6         19.4   1015.5       93
11/06/2024  23:45:00          0.0       180       3.5         19.8   1015.5       94
12/06/2024  00:00:00          0.0       181       3.5         19.7   1015.4       95
12/06/2024  00:15:00          0.0       180       3.9         19.2   1015.3       96
12/06/2024  00:30:00          0.0       181       4.2         18.9   1015.4       96
12/06/2024  00:45:00          0.0       182       2.8         18.5   1015.3       98
12/06/2024  01:00:00          0.0       181       4.2         18.1   1015.5       98
12/06/2024  01:15:00          0.0       181       1.8         18.4   1015.5      100
12/06/2024  01:30:00          0.0       181       2.1         18.4   1015.5      100
12/06/2024  01:45:00          0.0       180       2.8         17.9   1015.3      100
12/06/2024  02:00:00          0.0       180       3.9         17.9   1015.3      100
12/06/2024  02:15:00          0.0       181       4.2         18.0   1015.3      100
12/06/2024  02:30:00          0.0       182       3.5         18.5   1015.0      100
12/06/2024  02:45:00          0.0       181       2.5         18.3   1015.0      100
12/06/2024  03:00:00          0.0       180       2.5         17.6   1014.7      100
12/06/2024  03:15:00          0.0       181       3.2         17.7   1014.8      100
12/06/2024  03:30:00          0.0       181       4.2         17.2   1014.8      100
12/06/2024  03:45:00          0.0       179       3.5         17.4   1014.6      100
12/06/2024  04:00:00          0.0       179       2.5         17.2   1014.6      100
12/06/2024  04:15:00          0.0       180       3.5         17.3   1014.6      100
12/06/2024  04:30:00          0.0       181       3.2         17.4   1014.6      100
12/06/2024  04:45:00          0.0       179       2.5         17.6   1014.6      100
12/06/2024  05:00:00          0.0       180       3.2         17.5   1014.6      100
12/06/2024  05:15:00          0.0       182       3.9         17.3   1014.6      100
12/06/2024  05:30:00          0.0       180       2.1         17.5   1014.8      100
12/06/2024  05:45:00          0.0       181       3.2         17.2   1014.8      100
12/06/2024  06:00:00          0.0       180       2.1         17.1   1014.8      100
12/06/2024  06:15:00          0.0       185       2.5         17.2   1014.8      100
12/06/2024  06:30:00          0.0       241       2.5         17.1   1014.8      100
12/06/2024  06:45:00          0.0       247       1.8         17.3   1015.0      100
12/06/2024  07:00:00          0.0       248       5.3         17.4   1015.0      100
12/06/2024  07:15:00          0.0       273       2.8         18.0   1015.3      100
12/06/2024  07:30:00          0.0       260       3.5         18.7   1015.3      100
12/06/2024  07:45:00          0.0       276       4.6         19.8   1015.3      100
12/06/2024  08:00:00          0.0       296       3.9         20.8   1015.5      100
12/06/2024  08:15:00          0.0       315       2.1         21.8   1015.9      100
12/06/2024  08:30:00          0.0       306       4.6         23.1   1015.8      100
12/06/2024  08:45:00          0.0       266       7.1         23.6   1016.1      100
12/06/2024  09:00:00          0.0       251       4.6         24.5   1016.1      100
12/06/2024  09:15:00          0.0       241       7.8         25.1   1016.4       99
12/06/2024  09:30:00          0.0       238       7.4         25.8   1016.1       95
12/06/2024  09:45:00          0.0       238       5.3         26.4   1016.4       91
12/06/2024  10:00:00          0.0       235       7.8         27.1   1016.0       86
12/06/2024  10:15:00          0.0       235       1.4         28.4   1016.1       86
12/06/2024  10:30:00          0.0       234       1.8         29.0   1016.0       83
12/06/2024  10:45:00          0.0       240       6.7         26.1   1016.5       86
12/06/2024  11:00:00          0.0       240      11.3         25.7   1016.1       89
12/06/2024  11:15:00          0.0       242      13.4         25.6   1015.9       90
12/06/2024  11:30:00          0.0       247       9.9         25.5   1015.4       91
12/06/2024  11:45:00          0.0       244      12.3         25.0   1015.4       92
12/06/2024  12:00:00          0.0       244      10.9         25.6   1014.8       92
12/06/2024  12:15:00          0.0       245       7.8         25.6   1014.7       92
12/06/2024  12:30:00          0.0       243       9.5         25.6   1014.2       92
12/06/2024  12:45:00          0.0       245      13.1         26.1   1013.9       91
12/06/2024  13:00:00          0.0       244      10.9         27.2   1013.5       86
12/06/2024  13:15:00          0.0       241      10.6         27.8   1013.1       81
12/06/2024  13:30:00          0.0       239       5.6         27.8   1013.5       80
12/06/2024  13:45:00          0.0       238       7.8         27.6   1013.0       79
12/06/2024  14:00:00          0.0       237      11.6         27.3   1013.2       78
12/06/2024  14:15:00          0.0       233      10.9         27.5   1013.2       78
12/06/2024  14:30:00          0.0       231       7.4         26.5   1012.8       79
12/06/2024  14:45:00          0.0       232       7.8         26.1   1013.2       79
12/06/2024  15:00:00          0.0       236       6.0         26.1   1013.1       82
12/06/2024  15:15:00          0.0       233      10.9         26.1   1013.2       83
12/06/2024  15:30:00          0.0       232      12.0         25.5   1013.0       84
12/06/2024  15:45:00          0.0       233      16.2         25.2   1013.1       85
12/06/2024  16:00:00          0.0       234      12.0         24.7   1012.8       86
12/06/2024  16:15:00          0.0       234       9.5         24.5   1013.2       87
12/06/2024  16:30:00          0.0       237      13.4         24.2   1013.2       88
12/06/2024  16:45:00          0.0       237      14.5         23.7   1013.0       90
12/06/2024  17:00:00          0.0       264       4.6         23.5   1013.2       91
12/06/2024  17:15:00          0.0       279       8.1         23.1   1013.1       92
12/06/2024  17:30:00          0.0       288      10.2         22.8   1013.5       93
12/06/2024  17:45:00          0.0       199       6.0         22.8   1013.3       93
12/06/2024  18:00:00          0.0       196      11.3         22.8   1013.3       93
12/06/2024  18:15:00          0.0       195      13.1         22.6   1013.3       93
12/06/2024  18:30:00          0.0       196      10.6         22.5   1013.6       93
12/06/2024  18:45:00          0.0       191       4.2         22.6   1013.8       93
12/06/2024  19:00:00          0.0       189       3.2         22.4   1013.8       93
12/06/2024  19:15:00          0.0       188       2.1         21.4   1013.8       94
12/06/2024  19:30:00          0.0       189       2.5         21.0   1013.7       95
12/06/2024  19:45:00          0.0       192       3.9         20.8   1014.3       96
12/06/2024  20:00:00          0.0       189       2.5         20.1   1014.1       97
12/06/2024  20:15:00          0.0       184       2.1         19.9   1014.3       98
12/06/2024  20:30:00          0.0       183       2.5         19.6   1014.1      100
12/06/2024  20:45:00          0.0       184       1.4         19.3   1014.1      100
12/06/2024  21:00:00          0.0       183       2.5         19.5   1014.3      100
12/06/2024  21:15:00          0.0       184       1.4         19.1   1014.3      100
12/06/2024  21:30:00          0.0       185       2.8         18.9   1014.6      100
12/06/2024  21:45:00          0.0       185       2.5         18.8   1014.3      100
12/06/2024  22:00:00          0.0       184       2.1         18.9   1014.3      100
12/06/2024  22:15:00          0.0       184       2.5         18.3   1014.3      100
12/06/2024  22:30:00          0.0       184       5.3         18.4   1014.3      100
12/06/2024  22:45:00          0.0       184       3.2         18.4   1014.4      100
12/06/2024  23:00:00          0.0       184       3.5         18.3   1014.2      100
12/06/2024  23:15:00          0.0       184       2.5         18.2   1014.4      100
12/06/2024  23:30:00          0.0       184       3.2         18.7   1014.3      100
12/06/2024  23:45:00          0.0       184       2.1         18.5   1014.1      100
13/06/2024  00:00:00          0.0       184       4.6         18.0   1014.1      100
13/06/2024  00:15:00          0.0       185       2.1         17.7   1014.1      100
13/06/2024  00:30:00          0.0       183       6.7         17.8   1013.8      100
13/06/2024  00:45:00          0.0       183       6.0         18.0   1013.8      100
13/06/2024  01:00:00          0.0       183       4.6         18.2   1013.6      100
13/06/2024  01:15:00          0.0       184       3.2         17.9   1013.6      100
13/06/2024  01:30:00          0.0       184       3.2         17.7   1013.6      100
13/06/2024  01:45:00          0.0       184       4.6         18.2   1013.2      100
13/06/2024  02:00:00          0.0       183       3.9         18.5   1013.3      100
13/06/2024  02:15:00          0.0       184       2.5         18.2   1013.1      100
13/06/2024  02:30:00          0.0       184       4.9         18.2   1013.1      100
13/06/2024  02:45:00          0.0       184       3.2         18.2   1013.1      100
13/06/2024  03:00:00          0.0       183       3.9         18.0   1013.1      100
13/06/2024  03:15:00          0.0       183       4.6         18.2   1013.1      100
13/06/2024  03:30:00          0.0       185       2.8         18.1   1013.1      100
13/06/2024  03:45:00          0.0       184       6.0         18.3   1012.8      100
13/06/2024  04:00:00          0.0       185       2.8         18.2   1013.1      100
13/06/2024  04:15:00          0.0       185       1.8         18.0   1013.1      100
13/06/2024  04:30:00          0.0       187       2.5         17.9   1013.3      100
13/06/2024  04:45:00          0.0       186       4.6         17.8   1013.3      100
13/06/2024  05:00:00          0.0       186       2.8         18.0   1013.3      100
13/06/2024  05:15:00          0.0       186       6.0         18.2   1013.6      100
13/06/2024  05:30:00          0.0       185       3.2         18.2   1013.6      100
13/06/2024  05:45:00          0.0       185       7.1         18.4   1013.6      100
13/06/2024  06:00:00          0.0       187       2.5         18.2   1013.6      100
13/06/2024  06:15:00          0.0       189       6.0         18.2   1013.8      100
13/06/2024  06:30:00          0.0       258       7.1         18.3   1013.8      100
13/06/2024  06:45:00          0.0       263       4.2         18.2   1014.1      100
13/06/2024  07:00:00          0.0       267       3.5         18.3   1013.8      100
13/06/2024  07:15:00          0.0       299       3.5         18.9   1014.1      100
13/06/2024  07:30:00          0.0       280       3.2         19.8   1014.3      100
13/06/2024  07:45:00          0.0       296       4.2         20.8   1014.3      100
13/06/2024  08:00:00          0.0       290       4.9         22.0   1014.3      100
13/06/2024  08:15:00          0.0       284       8.8         22.2   1014.6      100
13/06/2024  08:30:00          0.0       268       1.8         23.2   1014.7       97
13/06/2024  08:45:00          0.0       247       4.2         23.8   1014.7       94
13/06/2024  09:00:00          0.0       244      12.7         24.4   1014.8       90
13/06/2024  09:15:00          0.0       247       4.2         25.6   1014.9       88
13/06/2024  09:30:00          0.0       262      12.7         26.2   1014.9       87
13/06/2024  09:45:00          0.0       261       8.5         26.8   1014.7       86
13/06/2024  10:00:00          0.0       246       4.9         27.4   1014.6       83
13/06/2024  10:15:00          0.0       243      18.7         28.1   1014.7       79
13/06/2024  10:30:00          0.0       237       9.2         28.8   1014.6       76
13/06/2024  10:45:00          0.0       242       9.5         29.4   1014.6       69
13/06/2024  11:00:00          0.0       233      16.6         29.5   1013.9       63
13/06/2024  11:15:00          0.0       230       5.3         30.1   1013.7       61
13/06/2024  11:30:00          0.0       225      16.6         30.5   1013.7       59
13/06/2024  11:45:00          0.0       231       9.2         30.4   1013.5       58
13/06/2024  12:00:00          0.0       237       7.8         30.8   1013.2       56
13/06/2024  12:15:00          0.0       226      17.3         30.9   1012.7       55
13/06/2024  12:30:00          0.0       226      13.1         31.2   1012.2       55
13/06/2024  12:45:00          0.0       236       3.2         31.5   1012.0       53
13/06/2024  13:00:00          0.0       225       5.3         31.5   1012.0       51
13/06/2024  13:15:00          0.0       225       7.4         31.2   1011.7       51
13/06/2024  13:30:00          0.0       233      10.9         31.3   1011.5       50
13/06/2024  13:45:00          0.0       223      14.5         31.2   1011.3       47
13/06/2024  14:00:00          0.0       225      10.6         31.2   1011.3       48
13/06/2024  14:15:00          0.0       222       8.8         31.1   1011.1       47
13/06/2024  14:30:00          0.0       223      10.9         30.3   1011.0       47
13/06/2024  14:45:00          0.0       222       3.5         30.5   1010.8       49
13/06/2024  15:00:00          0.0       220       6.0         30.4   1010.8       49
13/06/2024  15:15:00          0.0       220       5.6         30.1   1010.5       50
13/06/2024  15:30:00          0.0       217       3.5         30.1   1010.8       51
13/06/2024  15:45:00          0.0       217       4.6         30.1   1010.5       51
13/06/2024  16:00:00          0.0       221       4.6         29.5   1010.8       52
13/06/2024  16:15:00          0.0       222       6.7         27.6   1010.8       65
13/06/2024  16:30:00          0.0       222       5.6         26.0   1011.0       72
13/06/2024  16:45:00          0.0       222       8.1         24.8   1011.0       77
13/06/2024  17:00:00          0.0       225      12.3         24.3   1011.0       79
13/06/2024  17:15:00          0.0       229       9.5         23.6   1011.0       80
13/06/2024  17:30:00          0.0       225      15.2         23.7   1010.9       79
13/06/2024  17:45:00          0.0       215       7.4         23.6   1011.3       78
13/06/2024  18:00:00          0.0       213      12.0         23.6   1011.5       80
13/06/2024  18:15:00          0.0       212      14.5         23.5   1011.4       81
13/06/2024  18:30:00          0.0       209      10.6         23.4   1011.4       81
13/06/2024  18:45:00          0.0       210       6.7         23.4   1011.6       81
13/06/2024  19:00:00          0.0       210       7.8         23.5   1011.9       81
13/06/2024  19:15:00          0.0       205       6.7         23.1   1012.1       82
13/06/2024  19:30:00          0.0       204       1.8         22.5   1012.4       84
13/06/2024  19:45:00          0.0       190       1.4         21.6   1012.4       85
13/06/2024  20:00:00          0.0       183       4.2         21.1   1012.7       87
13/06/2024  20:15:00          0.0       180       4.2         20.6   1012.6       88
13/06/2024  20:30:00          0.0       179       2.1         20.2   1012.7       90
13/06/2024  20:45:00          0.0       177       2.5         20.2   1012.8       91
13/06/2024  21:00:00          0.0       176       2.8         19.7   1012.8       91
13/06/2024  21:15:00          0.0       177       3.5         19.3   1013.1       92
13/06/2024  21:30:00          0.0       173       4.2         19.1   1012.8       92
13/06/2024  21:45:00          0.0       171       3.9         18.9   1013.1       92
13/06/2024  22:00:00          0.0       168       5.3         19.1   1013.1       92
13/06/2024  22:15:00          0.0       169       3.2         18.6   1013.1       93
13/06/2024  22:30:00          0.0       170       2.8         18.3   1012.8       93
13/06/2024  22:45:00          0.0       170       4.2         18.0   1013.1       93
13/06/2024  23:00:00          0.0       170       2.5         18.2   1012.8       94
13/06/2024  23:15:00          0.0       170       3.5         18.2   1013.0       95
13/06/2024  23:30:00          0.0       170       3.5         18.2   1013.0       95
13/06/2024  23:45:00          0.0       169       2.8         18.1   1012.5       96
14/06/2024  00:00:00          0.0       168       3.2         17.7   1012.8       96
14/06/2024  00:15:00          0.0       169       2.8         17.4   1012.8       98
14/06/2024  00:30:00          0.0       169       1.8         17.1   1012.8       98
14/06/2024  00:45:00          0.0       167       1.8         16.8   1012.6       99
14/06/2024  01:00:00          0.0       165       4.2         16.6   1012.6      100
14/06/2024  01:15:00          0.0       166       3.5         17.2   1012.8      100
14/06/2024  01:30:00          0.0       164       3.5         17.3   1012.8      100
14/06/2024  01:45:00          0.0       165       4.2         17.2   1012.8      100
14/06/2024  02:00:00          0.0       168       3.2         17.1   1012.7      100
14/06/2024  02:15:00          0.0       166       3.2         16.6   1012.8      100
14/06/2024  02:30:00          0.0       166       2.1         16.2   1012.8      100
14/06/2024  02:45:00          0.0       165       2.8         16.2   1013.0      100
14/06/2024  03:00:00          0.0       165       4.6         15.7   1012.8      100
14/06/2024  03:15:00          0.0       165       4.6         16.3   1012.8      100
14/06/2024  03:30:00          0.0       168       4.2         16.6   1012.5      100
14/06/2024  03:45:00          0.0       167       3.9         16.8   1012.6      100
14/06/2024  04:00:00          0.0       168       6.4         16.9   1012.5      100
14/06/2024  04:15:00          0.0       166       2.1         17.1   1012.7      100
14/06/2024  04:30:00          0.0       167       4.9         16.5   1012.6      100
14/06/2024  04:45:00          0.0       170       2.5         16.7   1012.7      100
14/06/2024  05:00:00          0.0       168       6.4         17.4   1012.7      100
14/06/2024  05:15:00          0.0       169       7.4         17.5   1013.0      100
14/06/2024  05:30:00          0.0       173       2.1         17.6   1013.0      100
14/06/2024  05:45:00          0.0       172       6.4         16.9   1013.1      100
14/06/2024  06:00:00          0.0       172       1.4         16.6   1013.3      100
14/06/2024  06:15:00          0.0       173       6.4         16.6   1013.3      100
14/06/2024  06:30:00          0.0       246       7.1         17.4   1013.5      100
14/06/2024  06:45:00          0.0       250       8.1         17.8   1013.5      100
14/06/2024  07:00:00          0.0       256       7.4         18.5   1013.8      100
14/06/2024  07:15:00          0.0       336       8.8         19.8   1013.8      100
14/06/2024  07:30:00          0.0       278       8.1         21.1   1013.8       97
14/06/2024  07:45:00          0.0       282       5.6         21.9   1013.8       94
14/06/2024  08:00:00          0.0       264       3.2         23.1   1014.1       91
14/06/2024  08:15:00          0.0       238       5.6         24.3   1014.1       87
14/06/2024  08:30:00          0.0       230       8.8         25.6   1014.4       85
14/06/2024  08:45:00          0.0       232       7.8         26.6   1014.7       83
14/06/2024  09:00:00          0.0       223       7.1         27.4   1014.4       79
14/06/2024  09:15:00          0.0       224       8.1         28.7   1014.4       70
14/06/2024  09:30:00          0.0       223       9.2         29.3   1014.4       63
14/06/2024  09:45:00          0.0       219       9.9         29.4   1014.6       60
14/06/2024  10:00:00          0.0       221       6.0         30.2   1014.4       58
14/06/2024  10:15:00          0.0       218       3.9         30.3   1014.2       56
14/06/2024  10:30:00          0.0       218      31.4         30.1   1013.9       56
14/06/2024  10:45:00          0.0       222       7.8         30.6   1014.1       53
14/06/2024  11:00:00          0.0       226      19.1         31.0   1013.7       53
14/06/2024  11:15:00          0.0       226       2.8         31.2   1013.7       52
14/06/2024  11:30:00          0.0       216      25.8         31.2   1013.5       50
14/06/2024  11:45:00          0.0       220       9.2         31.4   1013.5       49
14/06/2024  12:00:00          0.0       218      15.5         32.0   1013.2       49
14/06/2024  12:15:00          0.0       222      15.9         31.8   1013.0       49
14/06/2024  12:30:00          0.0       221      13.4         31.4   1012.7       49
14/06/2024  12:45:00          0.0       221       2.8         31.9   1012.5       49
14/06/2024  13:00:00          0.0       219      11.6         32.0   1012.2       49
14/06/2024  13:15:00          0.0       217      10.6         32.1   1012.2       48
14/06/2024  13:30:00          0.0       216       6.0         32.1   1012.0       48
14/06/2024  13:45:00          0.0       218       4.2         32.6   1012.0       48
14/06/2024  14:00:00          0.0       215      21.5         32.0   1012.0       49
14/06/2024  14:15:00          0.0       215       9.5         32.1   1011.7       49
14/06/2024  14:30:00          0.0       212       9.2         31.5   1011.7       50
14/06/2024  14:45:00          0.0       208       3.5         31.8   1011.5       50
14/06/2024  15:00:00          0.0       209      15.2         31.4   1011.5       49
14/06/2024  15:15:00          0.0       220       3.2         31.7   1011.5       50
14/06/2024  15:30:00          0.0       223      17.3         26.6   1011.9       81
14/06/2024  15:45:00          0.0       232       8.5         25.1   1011.7       86
14/06/2024  16:00:00          0.0       231       6.4         24.9   1011.5       87
14/06/2024  16:15:00          0.0       231       2.5         25.7   1011.7       85
14/06/2024  16:30:00          0.0       227       2.1         26.2   1011.7       82
14/06/2024  16:45:00          0.0       224       6.7         26.0   1011.7       78
14/06/2024  17:00:00          0.0       221       2.1         25.3   1011.7       78
14/06/2024  17:15:00          0.0       229       7.8         24.6   1012.0       81
14/06/2024  17:30:00          0.0       238       3.5         23.9   1012.2       83
14/06/2024  17:45:00          0.0       172       4.2         23.4   1012.1       86
14/06/2024  18:00:00          0.0       163       3.2         23.1   1012.4       88
14/06/2024  18:15:00          0.0       164       4.2         22.6   1012.4       89
14/06/2024  18:30:00          0.0       162       2.5         22.3   1012.6       90
14/06/2024  18:45:00          0.0       161       2.8         22.1   1012.7       91
14/06/2024  19:00:00          0.0       161       4.6         21.9   1012.8       91
14/06/2024  19:15:00          0.0       162       4.2         21.8   1012.8       92
14/06/2024  19:30:00          0.0       156       2.5         21.9   1012.8       92
14/06/2024  19:45:00          0.0       156       4.2         21.8   1013.1       93
14/06/2024  20:00:00          0.0       157       5.6         21.4   1013.3       94
14/06/2024  20:15:00          0.0       159       3.2         21.1   1013.5       96
14/06/2024  20:30:00          0.0       158       2.5         20.6   1013.1       96
14/06/2024  20:45:00          0.0       154       3.9         20.6   1013.3       97
14/06/2024  21:00:00          0.0       156       3.9         20.3   1013.3       99
14/06/2024  21:15:00          0.0       156       2.8         20.1   1013.3      100
14/06/2024  21:30:00          0.0       156       1.8         19.9   1013.3      100
14/06/2024  21:45:00          0.0       156       2.8         19.6   1013.3      100
14/06/2024  22:00:00          0.0       155       1.8         19.4   1013.6      100
14/06/2024  22:15:00          0.0       157       0.7         19.2   1013.3      100
14/06/2024  22:30:00          0.0       156       2.8         18.9   1013.6      100
14/06/2024  22:45:00          0.0       169       3.5         18.8   1013.8      100
14/06/2024  23:00:00          0.0       159       3.2         18.5   1013.8      100
14/06/2024  23:15:00          0.0       159       2.1         18.5   1013.8      100
14/06/2024  23:30:00          0.0       161       2.1         18.9   1013.8      100
14/06/2024  23:45:00          0.0       158       3.2         18.8   1013.8      100
15/06/2024  00:00:00          0.0       160       2.8         18.6   1013.6      100
15/06/2024  00:15:00          0.0       160       3.2         18.3   1013.7      100
15/06/2024  00:30:00          0.0       160       2.8         18.2   1013.6      100
15/06/2024  00:45:00          0.0       160       1.4         18.1   1013.6      100
15/06/2024  01:00:00          0.0       158       1.8         17.9   1013.8      100
15/06/2024  01:15:00          0.0       160       2.5         17.9   1013.6      100
15/06/2024  01:30:00          0.0       159       2.1         17.8   1013.6      100
15/06/2024  01:45:00          0.0       160       2.5         17.5   1013.6      100
15/06/2024  02:00:00          0.0       160       4.9         17.5   1013.6      100
15/06/2024  02:15:00          0.0       161       3.5         17.4   1013.6      100
15/06/2024  02:30:00          0.0       160       3.5         17.2   1013.6      100
15/06/2024  02:45:00          0.0       159       2.8         17.1   1013.6      100
15/06/2024  03:00:00          0.0       159       3.2         17.0   1013.6      100
15/06/2024  03:15:00          0.0       160       2.5         16.8   1013.6      100
15/06/2024  03:30:00          0.0       161       5.3         17.1   1013.6      100
15/06/2024  03:45:00          0.0       163       4.9         17.4   1013.6      100
15/06/2024  04:00:00          0.0       162       2.1         17.1   1013.6      100
15/06/2024  04:15:00          0.0       162       4.6         17.2   1013.6      100
15/06/2024  04:30:00          0.0       163       2.5         17.5   1013.6      100
15/06/2024  04:45:00          0.0       164       2.8         17.5   1013.6      100
15/06/2024  05:00:00          0.0       164       2.1         17.7   1013.7      100
15/06/2024  05:15:00          0.0       163       2.5         17.8   1014.1      100
15/06/2024  05:30:00          0.0       167       4.2         17.8   1013.9      100
15/06/2024  05:45:00          0.0       180       4.6         18.8   1014.3      100
15/06/2024  06:00:00          0.0       177       4.6         18.9   1014.3      100
15/06/2024  06:15:00          0.0       172       1.8         18.8   1014.2      100
15/06/2024  06:30:00          0.0       280       6.4         18.8   1014.6      100
15/06/2024  06:45:00          0.0       310       2.5         19.3   1014.8      100
15/06/2024  07:00:00          0.0       287       5.6         18.3   1015.0      100
15/06/2024  07:15:00          0.0       306       4.9         19.3   1015.3       99
15/06/2024  07:30:00          0.0       308       1.4         20.7   1015.4       97
15/06/2024  07:45:00          0.0       303       3.2         22.1   1015.5       94
15/06/2024  08:00:00          0.0       288       6.0         23.4   1015.6       92
15/06/2024  08:15:00          0.0       241       4.9         24.0   1016.0       89
15/06/2024  08:30:00          0.0       235       1.8         25.2   1015.6       86
15/06/2024  08:45:00          0.0       234       3.9         25.8   1016.1       85
15/06/2024  09:00:00          0.0       236       3.2         26.4   1016.1       84
15/06/2024  09:15:00          0.0       228       9.5         26.8   1016.1       80
15/06/2024  09:30:00          0.0       230       2.1         27.7   1016.1       75
15/06/2024  09:45:00          0.0       225       1.1         28.5   1016.1       68
15/06/2024  10:00:00          0.0       238      11.3         29.3   1015.9       60
15/06/2024  10:15:00          0.0       221       3.5         29.5   1015.9       59
15/06/2024  10:30:00          0.0       221       8.1         30.4   1015.9       56
15/06/2024  10:45:00          0.0       219       4.9         30.0   1015.6       56
15/06/2024  11:00:00          0.0       218      13.4         30.5   1015.4       55
15/06/2024  11:15:00          0.0       218      18.0         31.1   1015.2       53
15/06/2024  11:30:00          0.0       219      14.8         31.4   1014.9       52
15/06/2024  11:45:00          0.0       234       2.8         31.7   1014.7       51
15/06/2024  12:00:00          0.0       215      18.0         31.8   1014.4       51
15/06/2024  12:15:00          0.0       215      15.5         32.2   1014.2       49
15/06/2024  12:30:00          0.0       217      18.0         32.2   1013.7       49
15/06/2024  12:45:00          0.0       212      20.5         31.9   1013.7       48
15/06/2024  13:00:00          0.0       213      15.5         32.1   1013.5       48
15/06/2024  13:15:00          0.0       233       6.7         32.3   1013.5       47
15/06/2024  13:30:00          0.0       229       6.4         32.4   1013.2       46
15/06/2024  13:45:00          0.0       215       8.8         32.7   1013.0       45
15/06/2024  14:00:00          0.0       207      23.3         32.5   1012.7       44
15/06/2024  14:15:00          0.0       213      10.2         32.3   1012.7       46
15/06/2024  14:30:00          0.0       210      10.2         31.8   1012.7       48
15/06/2024  14:45:00          0.0       203       5.6         31.9   1012.7       46
15/06/2024  15:00:00          0.0       211       1.4         32.0   1012.5       47
15/06/2024  15:15:00          0.0       206       2.8         32.1   1012.4       46
15/06/2024  15:30:00          0.0       207       7.1         31.5   1012.5       47
15/06/2024  15:45:00          0.0       204       3.5         31.1   1012.5       48
15/06/2024  16:00:00          0.0       203       4.6         30.8   1012.5       50
15/06/2024  16:15:00          0.0       214       2.5         30.0   1012.6       52
15/06/2024  16:30:00          0.0       202       1.8         29.4   1012.5       54
15/06/2024  16:45:00          0.0       209       4.9         28.0   1012.5       65
15/06/2024  17:00:00          0.0       205       2.8         26.3   1012.7       74
15/06/2024  17:15:00          0.0       208       3.9         25.7   1012.7       75
15/06/2024  17:30:00          0.0       217       4.2         25.2   1012.7       78
15/06/2024  17:45:00          0.0       191       4.9         24.8   1012.7       77
15/06/2024  18:00:00          0.0       182       4.9         24.0   1012.7       80
15/06/2024  18:15:00          0.0       178       3.9         23.2   1013.0       82
15/06/2024  18:30:00          0.0       176       3.2         23.4   1012.8       82
15/06/2024  18:45:00          0.0       174       2.8         22.9   1012.8       82
15/06/2024  19:00:00          0.0       171       3.2         22.8   1013.1       83
15/06/2024  19:15:00          0.0       166       2.5         22.3   1013.1       83
15/06/2024  19:30:00          0.0       175       2.8         22.7   1013.1       83
15/06/2024  19:45:00          0.0       157       4.9         21.7   1013.1       85
15/06/2024  20:00:00          0.0       156       4.2         21.5   1013.1       86
15/06/2024  20:15:00          0.0       155       2.5         21.2   1013.1       86
15/06/2024  20:30:00          0.0       166       1.1         22.1   1013.2       86
15/06/2024  20:45:00          0.0         -       0.0         22.1   1013.1       85
15/06/2024  21:00:00          0.0       171       1.8         22.5   1013.2       84
15/06/2024  21:15:00          0.0       156       3.2         21.8   1013.3       84
15/06/2024  21:30:00          0.0       154       1.8         20.6   1013.6       85
15/06/2024  21:45:00          0.0       149       2.8         20.4   1013.6       86
15/06/2024  22:00:00          0.0       146       2.1         20.1   1013.6       87
15/06/2024  22:15:00          0.0       145       3.2         20.1   1013.6       88
15/06/2024  22:30:00          0.0       144       2.5         20.1   1013.6       89
15/06/2024  22:45:00          0.0       144       2.8         19.7   1013.6       89
15/06/2024  23:00:00          0.0       144       1.8         19.7   1013.6       90
15/06/2024  23:15:00          0.0       144       4.6         19.5   1013.3       90
15/06/2024  23:30:00          0.0       146       3.5         19.7   1013.3       90
15/06/2024  23:45:00          0.0       145       2.8         19.4   1013.3       90
16/06/2024  00:00:00          0.0       143       1.8         19.0   1013.3       90
16/06/2024  00:15:00          0.0       144       6.7         18.8   1013.3       91
16/06/2024  00:30:00          0.0       144       6.7         19.4   1013.3       91
16/06/2024  00:45:00          0.0       144       3.9         18.9   1013.5       91
16/06/2024  01:00:00          0.0       143       3.5         19.3   1013.1       92
16/06/2024  01:15:00          0.0       144       5.6         19.9   1013.1       92
16/06/2024  01:30:00          0.0       144       4.6         19.7   1013.1       91
16/06/2024  01:45:00          0.0       145       3.2         19.4   1012.8       92
16/06/2024  02:00:00          0.0       146       6.0         19.4   1013.1       92
16/06/2024  02:15:00          0.0       148       4.9         19.8   1012.8       92
16/06/2024  02:30:00          0.0       147       4.9         20.3   1012.8       91
16/06/2024  02:45:00          0.0       149       7.1         20.5   1012.6       90
16/06/2024  03:00:00          0.0       153       4.9         20.9   1012.6       90
16/06/2024  03:15:00          0.0       154       4.2         21.0   1012.6       89
16/06/2024  03:30:00          0.0       154       4.9         20.9   1012.6       88
16/06/2024  03:45:00          0.0       156       4.2         21.1   1012.6       87
16/06/2024  04:00:00          0.0       156       9.5         21.2   1012.6       86
16/06/2024  04:15:00          0.0       157       3.9         20.9   1012.6       86
16/06/2024  04:30:00          0.0       156       5.6         20.8   1012.4       86
16/06/2024  04:45:00          0.0       157       4.9         20.9   1012.4       86
16/06/2024  05:00:00          0.0       158       4.9         21.0   1012.4       86
16/06/2024  05:15:00          0.0       160       8.1         21.1   1012.4       86
16/06/2024  05:30:00          0.0       160       6.7         21.1   1012.4       86
16/06/2024  05:45:00          0.0       162       6.0         21.2   1012.4       85
16/06/2024  06:00:00          0.0       162       9.2         21.1   1012.4       86
16/06/2024  06:15:00          0.0       168      15.5         21.2   1012.4       85
16/06/2024  06:30:00          0.0       241       6.0         21.4   1012.6       85
16/06/2024  06:45:00          0.0       239       3.9         21.2   1012.8       85
16/06/2024  07:00:00          0.0       238       2.8         21.4   1013.1       85
16/06/2024  07:15:00          0.0       271       5.6         22.1   1013.3       84
16/06/2024  07:30:00          0.0       235       5.6         23.0   1013.6       82
16/06/2024  07:45:00          0.0       219       4.9         23.6   1013.6       80
16/06/2024  08:00:00          0.0       222      12.7         24.5   1013.6       78
16/06/2024  08:15:00          0.0       218      12.0         25.2   1013.8       77
16/06/2024  08:30:00          0.0       226       6.7         26.0   1014.2       75
16/06/2024  08:45:00          0.0       222       9.9         26.8   1014.1       72
16/06/2024  09:00:00          0.0       217       7.1         27.4   1014.4       70
16/06/2024  09:15:00          0.0       217       3.9         28.0   1014.4       68
16/06/2024  09:30:00          0.0       215       6.4         28.3   1014.2       67
16/06/2024  09:45:00          0.0       215       7.8         29.0   1014.2       65
16/06/2024  10:00:00          0.0       219       5.6         29.4   1013.9       62
16/06/2024  10:15:00          0.0       216       6.4         29.5   1013.9       62
16/06/2024  10:30:00          0.0       213      12.7         30.0   1013.9       59
16/06/2024  10:45:00          0.0       210       7.8         30.2   1013.7       59
16/06/2024  11:00:00          0.0       210      16.6         30.6   1013.5       59
16/06/2024  11:15:00          0.0       213       1.4         31.1   1013.2       56
16/06/2024  11:30:00          0.0       214       2.5         31.4   1013.2       56
16/06/2024  11:45:00          0.0       218       3.9         32.1   1013.0       53
16/06/2024  12:00:00          0.0       225      10.2         31.9   1012.5       53
16/06/2024  12:15:00          0.0       221       7.1         32.5   1012.0       51
16/06/2024  12:30:00          0.0       208      20.1         32.7   1011.7       49
16/06/2024  12:45:00          0.0       215       4.6         32.8   1011.5       47
16/06/2024  13:00:00          0.0       205      14.8         32.7   1011.0       44
16/06/2024  13:15:00          0.0       209      12.3         32.6   1011.0       44
16/06/2024  13:30:00          0.0       208       4.9         32.9   1010.8       45
16/06/2024  13:45:00          0.0       203       7.4         32.4   1010.5       42
16/06/2024  14:00:00          0.0       199       2.1         32.6   1010.3       43
16/06/2024  14:15:00          0.0       199      11.6         32.4   1010.0       44
16/06/2024  14:30:00          0.0       201       3.2         31.7   1009.8       45
16/06/2024  14:45:00          0.0       206       9.2         31.8   1009.8       46
16/06/2024  15:00:00          0.0       202       3.5         32.0   1009.8       46
16/06/2024  15:15:00          0.0       204      10.2         31.9   1009.7       45
16/06/2024  15:30:00          0.0       197       6.7         31.7   1009.8       46
16/06/2024  15:45:00          0.0       196      13.1         31.3   1010.2       46
16/06/2024  16:00:00          0.0       201       5.3         30.2   1010.0       54
16/06/2024  16:15:00          0.0       197       5.3         27.7   1010.6       65
16/06/2024  16:30:00          0.0       195       6.0         27.4   1010.5       65
16/06/2024  16:45:00          0.0       190      16.2         27.3   1010.5       65
16/06/2024  17:00:00          0.0       192       5.6         26.4   1010.3       70
16/06/2024  17:15:00          0.0       194      11.6         25.8   1010.0       73
16/06/2024  17:30:00          0.0       196       9.5         25.3   1010.0       74
16/06/2024  17:45:00          0.0       180       9.2         25.2   1010.3       73
16/06/2024  18:00:00          0.0       181       6.0         25.0   1010.3       73
16/06/2024  18:15:00          0.0       183      14.1         25.1   1010.5       70
16/06/2024  18:30:00          0.0       185       8.5         25.2   1010.6       70
16/06/2024  18:45:00          0.0       184      10.9         24.9   1010.8       74
16/06/2024  19:00:00          0.0       184       9.2         24.9   1010.6       71
16/06/2024  19:15:00          0.0       185       5.6         24.9   1010.6       69
16/06/2024  19:30:00          0.0       187      14.1         25.0   1010.9       70
16/06/2024  19:45:00          0.0       183       2.8         24.1   1010.6       73
16/06/2024  20:00:00          0.0       176       3.2         23.1   1010.6       77
16/06/2024  20:15:00          0.0       167       5.3         22.8   1010.9       80
16/06/2024  20:30:00          0.0       161       3.9         22.4   1010.6       82
16/06/2024  20:45:00          0.0       156       2.5         22.1   1010.6       83
16/06/2024  21:00:00          0.0       152       2.5         21.9   1010.4       84
16/06/2024  21:15:00          0.0       150       4.6         21.7   1010.4       84
16/06/2024  21:30:00          0.0       142       5.3         21.4   1010.5       86
16/06/2024  21:45:00          0.0       134       4.2         21.0   1010.3       86
16/06/2024  22:00:00          0.0       135       3.2         20.7   1010.8       87
16/06/2024  22:15:00          0.0       136       3.5         20.5   1010.6       88
16/06/2024  22:30:00          0.0       133       1.4         20.1   1010.6       89
16/06/2024  22:45:00          0.0       133       2.5         19.9   1010.4       89
16/06/2024  23:00:00          0.0       132       2.5         20.1   1010.2       90
16/06/2024  23:15:00          0.0       133       2.1         20.2   1010.2       90
16/06/2024  23:30:00          0.0       132       3.5         20.3   1010.2       89
16/06/2024  23:45:00          0.0       133       2.8         20.1   1010.4       90
17/06/2024  00:00:00          0.0       130       6.0         20.0   1010.4       90
17/06/2024  00:15:00          0.0       133       5.6         20.0   1010.4       91
17/06/2024  00:30:00          0.0       132       2.5         20.4   1010.4       90
17/06/2024  00:45:00          0.0       133       4.2         20.6   1010.6       90
17/06/2024  01:00:00          0.0       134       4.6         20.6   1010.4       90
17/06/2024  01:15:00          0.0       136       5.6         21.0   1009.9       90
17/06/2024  01:30:00          0.0       134       4.2         21.0   1009.9       90
17/06/2024  01:45:00          0.0       136       3.2         20.7   1009.7       90
17/06/2024  02:00:00          0.0       134       2.1         20.4   1009.9       90
17/06/2024  02:15:00          0.0       153       5.6         20.1   1009.8       90
17/06/2024  02:30:00          0.0       135       3.2         19.7   1009.7       90
17/06/2024  02:45:00          0.0         -       0.0         19.2   1009.7       91
17/06/2024  03:00:00          0.0       133       3.5         18.9   1009.4       91
17/06/2024  03:15:00          0.0       132       7.1         18.9   1009.4       92
17/06/2024  03:30:00          0.0       136       4.6         19.7   1009.4       92
17/06/2024  03:45:00          0.0       136       4.2         20.1   1009.2       92
17/06/2024  04:00:00          0.0       139       4.2         20.2   1009.4       91
17/06/2024  04:15:00          0.0       136       6.4         19.7   1009.4       91
17/06/2024  04:30:00          0.0       137       3.2         19.5   1009.4       92
17/06/2024  04:45:00          0.0       137       3.2         19.6   1009.7       92
17/06/2024  05:00:00          0.0       136       1.4         19.4   1009.3       92
17/06/2024  05:15:00          0.0         -       0.0         19.0   1009.9       92
17/06/2024  05:30:00          0.0       139       2.8         18.8   1009.9       93
17/06/2024  05:45:00          0.0       140       2.1         18.7   1010.2       93
17/06/2024  06:00:00          0.0       141       2.8         19.1   1010.2       93
17/06/2024  06:15:00          0.0       150       4.2         19.4   1010.4       93
17/06/2024  06:30:00          0.0       246       4.9         20.0   1010.4       93
17/06/2024  06:45:00          0.0       244       7.1         20.0   1010.6       92
17/06/2024  07:00:00          0.0       248       7.8         20.2   1010.5       92
17/06/2024  07:15:00          0.0       283       7.1         20.9   1010.9       92
17/06/2024  07:30:00          0.0       247      10.9         21.8   1010.9       91
17/06/2024  07:45:00          0.0       239       5.3         22.8   1011.1       90
17/06/2024  08:00:00          0.0       239       4.9         23.5   1011.1       88
17/06/2024  08:15:00          0.0       223       6.0         24.5   1011.1       84
17/06/2024  08:30:00          0.0       226       8.1         25.5   1011.4       80
17/06/2024  08:45:00          0.0       223       4.2         26.2   1011.5       76
17/06/2024  09:00:00          0.0       220       9.9         26.7   1011.5       72
17/06/2024  09:15:00          0.0       216      12.0         27.2   1011.5       70
17/06/2024  09:30:00          0.0       215       4.6         28.1   1011.7       68
17/06/2024  09:45:00          0.0       216       6.4         29.0   1011.5       64
17/06/2024  10:00:00          0.0       215      19.1         29.2   1011.5       62
17/06/2024  10:15:00          0.0       211      16.9         29.4   1011.5       61
17/06/2024  10:30:00          0.0       208      10.6         30.0   1011.6       59
17/06/2024  10:45:00          0.0       210       7.1         30.6   1011.3       56
17/06/2024  11:00:00          0.0       210      13.8         30.4   1011.0       57
17/06/2024  11:15:00          0.0       205      14.1         31.4   1011.0       54
17/06/2024  11:30:00          0.0       208      12.7         31.8   1010.8       52
17/06/2024  11:45:00          0.0       207       7.1         32.0   1010.5       51
17/06/2024  12:00:00          0.0       206      12.0         32.1   1010.3       49
17/06/2024  12:15:00          0.0       205      12.7         32.7   1010.0       46
17/06/2024  12:30:00          0.0       203       5.6         32.5   1009.8       46
17/06/2024  12:45:00          0.0       216       6.0         33.0   1009.5       44
17/06/2024  13:00:00          0.0       219       1.1         33.2   1009.3       43
17/06/2024  13:15:00          0.0       211       7.8         33.4   1009.1       41
17/06/2024  13:30:00          0.0       198       3.2         33.2   1008.8       42
17/06/2024  13:45:00          0.0       197       8.8         33.1   1008.8       41
17/06/2024  14:00:00          0.0       197       3.5         33.5   1008.6       41
17/06/2024  14:15:00          0.0       196       9.9         33.5   1008.6       40
17/06/2024  14:30:00          0.0       203       4.9         32.7   1008.3       41
17/06/2024  14:45:00          0.0       194       4.2         32.6   1008.3       40
17/06/2024  15:00:00          0.0       210       3.9         33.0   1008.3       40
17/06/2024  15:15:00          0.0       191       2.8         32.7   1008.3       39
17/06/2024  15:30:00          0.0       190       1.4         32.1   1008.3       41
17/06/2024  15:45:00          0.0       200       1.4         31.8   1008.3       43
17/06/2024  16:00:00          0.0       194       4.6         27.5   1008.3       71
17/06/2024  16:15:00          0.0       193       3.2         26.2   1008.3       78
17/06/2024  16:30:00          0.0       191       3.2         26.3   1008.6       77
17/06/2024  16:45:00          0.0       189       3.2         26.0   1008.6       76
17/06/2024  17:00:00          0.0       187       4.2         25.5   1008.6       74
17/06/2024  17:15:00          0.0       188       7.1         25.3   1008.8       73
17/06/2024  17:30:00          0.0       187       4.6         24.8   1008.8       72
17/06/2024  17:45:00          0.0       169       3.5         24.2   1008.8       72
17/06/2024  18:00:00          0.0       167       3.9         23.8   1008.8       73
17/06/2024  18:15:00          0.0       163       6.0         23.5   1009.1       76
17/06/2024  18:30:00          0.0       169       7.8         23.5   1009.1       73
17/06/2024  18:45:00          0.0       168       5.6         23.4   1009.1       73
17/06/2024  19:00:00          0.0       167       6.0         23.4   1009.2       74
17/06/2024  19:15:00          0.0       165       3.2         23.1   1009.2       76
17/06/2024  19:30:00          0.0       163       3.2         22.3   1009.2       76
17/06/2024  19:45:00          0.0       156       1.8         21.8   1009.4       78
17/06/2024  20:00:00          0.0       154       2.8         21.8   1009.2       78
17/06/2024  20:15:00          0.0       153       3.2         21.4   1009.2       79
17/06/2024  20:30:00          0.0       147       4.6         21.2   1009.3       80
17/06/2024  20:45:00          0.0       138       7.1         20.3   1009.5       83
17/06/2024  21:00:00          0.0       144       5.3         20.3   1009.7       85
17/06/2024  21:15:00          0.0       121       6.4         20.0   1009.4       86
17/06/2024  21:30:00          0.0       125       3.2         19.9   1009.7       86
17/06/2024  21:45:00          0.0       124       4.2         19.5   1009.7       87
17/06/2024  22:00:00          0.0       123       1.4         19.2   1009.7       87
17/06/2024  22:15:00          0.0       122       1.4         19.3   1009.7       88
17/06/2024  22:30:00          0.0       121       2.5         19.5   1009.7       88
17/06/2024  22:45:00          0.0       122       1.8         19.4   1009.7       88
17/06/2024  23:00:00          0.0       125       2.8         19.6   1009.4       88
17/06/2024  23:15:00          0.0       124       4.9         20.1   1009.2       88
17/06/2024  23:30:00          0.0       127       5.3         20.6   1009.2       86
17/06/2024  23:45:00          0.0       126       2.1         19.5   1009.2       87
18/06/2024  00:00:00          0.0       125       4.6         19.5   1008.9       88
18/06/2024  00:15:00          0.0       126       4.6         19.7   1008.9       88
18/06/2024  00:30:00          0.0       123       5.3         19.2   1009.1       88
18/06/2024  00:45:00          0.0       123       4.6         19.2   1008.7       88
18/06/2024  01:00:00          0.0       122       6.4         19.6   1008.7       88
18/06/2024  01:15:00          0.0       125       4.2         20.1   1008.7       88
18/06/2024  01:30:00          0.0       126       2.8         20.6   1008.4       87
18/06/2024  01:45:00          0.0       125       4.2         20.6   1008.4       86
18/06/2024  02:00:00          0.0       127       4.2         20.6   1008.4       86
18/06/2024  02:15:00          0.0       128       2.8         20.9   1008.4       85
18/06/2024  02:30:00          0.0       130       6.4         20.6   1008.2       85
18/06/2024  02:45:00          0.0       128       2.5         20.7   1008.2       84
18/06/2024  03:00:00          0.0       127       2.8         20.2   1008.2       85
18/06/2024  03:15:00          0.0       127       2.8         20.1   1008.2       86
18/06/2024  03:30:00          0.0       127       2.1         20.1   1008.2       86
18/06/2024  03:45:00          0.0       128       2.5         20.1   1008.2       87
18/06/2024  04:00:00          0.0       130       3.5         20.1   1008.2       86
18/06/2024  04:15:00          0.0       130       4.2         20.1   1008.2       86
18/06/2024  04:30:00          0.0       132       7.1         20.6   1008.2       85
18/06/2024  04:45:00          0.0       132       8.1         20.5   1008.4       85
18/06/2024  05:00:00          0.0       132       4.6         20.3   1008.4       85
18/06/2024  05:15:00          0.0       133       5.6         20.4   1008.4       85
18/06/2024  05:30:00          0.0       135       4.6         20.1   1008.7       86
18/06/2024  05:45:00          0.0       136       8.8         20.1   1008.7       86
18/06/2024  06:00:00          0.0       136       3.2         20.1   1008.9       86
18/06/2024  06:15:00          0.0       143       3.5         20.2   1009.2       85
18/06/2024  06:30:00          0.0       237       4.6         20.4   1009.4       85
18/06/2024  06:45:00          0.0       233      12.0         21.1   1009.4       84
18/06/2024  07:00:00          0.0       234       4.9         21.7   1009.7       82
18/06/2024  07:15:00          0.0       271       6.0         22.1   1009.9       81
18/06/2024  07:30:00          0.0       244       2.5         23.0   1010.4       80
18/06/2024  07:45:00          0.0       231       7.4         23.7   1010.5       77
18/06/2024  08:00:00          0.0       229       2.8         24.5   1010.9       76
18/06/2024  08:15:00          0.0       225       1.4         25.3   1011.1       74
18/06/2024  08:30:00          0.0       217       7.8         26.1   1011.4       71
18/06/2024  08:45:00          0.0       213       3.5         26.3   1011.4       69
18/06/2024  09:00:00          0.0       217       9.9         26.6   1011.7       69
18/06/2024  09:15:00          0.0       211       3.2         27.2   1012.0       66
18/06/2024  09:30:00          0.0       210       7.4         27.9   1011.9       63
18/06/2024  09:45:00          0.0       209       4.2         28.7   1011.6       62
18/06/2024  10:00:00          0.0       214       8.8         29.0   1011.6       60
18/06/2024  10:15:00          0.0       206      12.7         29.5   1011.7       58
18/06/2024  10:30:00          0.0       205       4.6         30.3   1011.5       56
18/06/2024  10:45:00          0.0       206       2.8         30.6   1011.3       54
18/06/2024  11:00:00          0.0       205       5.6         31.0   1011.3       51
18/06/2024  11:15:00          0.0       213      14.1         31.2   1010.8       50
18/06/2024  11:30:00          0.0       204       7.1         31.4   1010.8       46
18/06/2024  11:45:00          0.0       201       8.5         31.6   1010.5       45
18/06/2024  12:00:00          0.0       203       6.7         32.5   1010.5       44
18/06/2024  12:15:00          0.0       202      12.0         31.7   1010.3       43
18/06/2024  12:30:00          0.0       201       8.8         32.3   1010.0       43
18/06/2024  12:45:00          0.0       204       2.8         32.4   1009.8       42
18/06/2024  13:00:00          0.0       209       6.7         32.5   1009.8       42
18/06/2024  13:15:00          0.0       200       8.1         32.5   1009.5       41
18/06/2024  13:30:00          0.0       210      10.9         32.6   1009.5       40
18/06/2024  13:45:00          0.0       204       8.8         30.4   1009.3       62
18/06/2024  14:00:00          0.0       200       7.8         27.5   1009.3       78
18/06/2024  14:15:00          0.0       197      10.2         27.5   1009.1       80
18/06/2024  14:30:00          0.0       200       6.0         26.9   1009.1       82
18/06/2024  14:45:00          0.0       208       4.9         27.2   1009.1       80
18/06/2024  15:00:00          0.0       208       3.5         27.1   1009.1       79
18/06/2024  15:15:00          0.0       202       7.4         26.6   1009.1       70
18/06/2024  15:30:00          0.0       201       5.3         26.8   1009.1       73
18/06/2024  15:45:00          0.0       198       4.2         26.6   1008.9       72
18/06/2024  16:00:00          0.0       196       7.4         26.0   1009.1       73
18/06/2024  16:15:00          0.0       192       6.4         26.0   1009.1       71
18/06/2024  16:30:00          0.0       191       5.6         25.8   1008.9       70
18/06/2024  16:45:00          0.0       190       5.6         25.1   1009.1       72
18/06/2024  17:00:00          0.0       187       2.8         24.9   1009.3       73
18/06/2024  17:15:00          0.0       185       3.9         24.1   1009.5       75
18/06/2024  17:30:00          0.0       189       8.8         23.6   1009.4       77
18/06/2024  17:45:00          0.0       171       6.0         23.7   1009.4       76
18/06/2024  18:00:00          0.0       171       9.9         23.5   1009.8       75
18/06/2024  18:15:00          0.0       166      12.7         23.6   1010.0       79
18/06/2024  18:30:00          0.0       157       8.1         23.4   1010.3       82
18/06/2024  18:45:00          0.0       156       6.0         23.1   1010.5       82
18/06/2024  19:00:00          0.0       157      10.2         23.1   1010.4       82
18/06/2024  19:15:00          0.0       152       3.9         23.0   1010.4       83
18/06/2024  19:30:00          0.0       156       4.6         22.9   1010.6       83
18/06/2024  19:45:00          0.0       155       1.8         22.4   1010.9       82
18/06/2024  20:00:00          0.0       153       7.4         22.8   1010.9       83
18/06/2024  20:15:00          0.0       152       1.8         22.3   1010.9       82
18/06/2024  20:30:00          0.0       146       2.8         21.8   1011.3       83
18/06/2024  20:45:00          0.0       138       3.5         21.1   1011.3       85
18/06/2024  21:00:00          0.0         -       0.0         21.1   1011.4       85
18/06/2024  21:15:00          0.0       131       4.6         20.3   1011.4       86
18/06/2024  21:30:00          0.0       150       2.8         20.0   1011.4       88
18/06/2024  21:45:00          0.0       146       3.9         20.1   1011.6       88
18/06/2024  22:00:00          0.0       130       2.5         20.2   1011.6       89
18/06/2024  22:15:00          0.0       155       4.6         19.9   1011.6       90
18/06/2024  22:30:00          0.0       129       2.8         19.6   1011.4       90
18/06/2024  22:45:00          0.0       131       1.8         19.5   1011.4       91
18/06/2024  23:00:00          0.0       129       3.2         18.8   1011.4       91
18/06/2024  23:15:00          0.0       129       1.8         18.5   1011.4       92
18/06/2024  23:30:00          0.0         -       0.0         18.3   1011.4       92
18/06/2024  23:45:00          0.0       129       3.5         18.0   1011.1       92
19/06/2024  00:00:00          0.0       129       2.1         17.6   1010.9       92
19/06/2024  00:15:00          0.0       130       2.5         17.8   1011.1       93
19/06/2024  00:30:00          0.0       127       2.8         17.4   1011.1       94
19/06/2024  00:45:00          0.0       126       2.1         17.2   1010.9       94
19/06/2024  01:00:00          0.0       126       2.1         17.2   1010.9       95
19/06/2024  01:15:00          0.0       127       5.3         17.1   1010.5       96
19/06/2024  01:30:00          0.0       127       2.5         17.2   1010.6       96
19/06/2024  01:45:00          0.0       126       3.2         17.4   1010.6       97
19/06/2024  02:00:00          0.0       126       2.5         17.4   1010.6       97
19/06/2024  02:15:00          0.0       127       4.6         17.3   1010.4       98
19/06/2024  02:30:00          0.0       127       2.8         17.3   1010.2       98
19/06/2024  02:45:00          0.0       128       3.5         17.4   1010.2       98
19/06/2024  03:00:00          0.0       128       2.8         17.4   1010.2       98
19/06/2024  03:15:00          0.0       129       2.8         17.1   1010.2       99
19/06/2024  03:30:00          0.0       130       2.8         17.2   1010.0       99
19/06/2024  03:45:00          0.0       131       2.8         17.7   1010.0       98
19/06/2024  04:00:00          0.0       134       9.2         18.3   1010.0       98
19/06/2024  04:15:00          0.0       131       4.2         18.7   1010.2       96
19/06/2024  04:30:00          0.0       133       6.0         18.7   1010.2       96
19/06/2024  04:45:00          0.0       134       6.0         18.8   1010.2       95
19/06/2024  05:00:00          0.0       138       4.9         19.0   1010.0       93
19/06/2024  05:15:00          0.0       139       5.3         18.8   1010.2       93
19/06/2024  05:30:00          0.0       140       3.9         18.6   1010.0       93
19/06/2024  05:45:00          0.0       141       4.2         18.6   1010.2       92
19/06/2024  06:00:00          0.0       142       3.9         18.5   1010.4       92
19/06/2024  06:15:00          0.0       148      12.3         18.5   1010.4       93
19/06/2024  06:30:00          0.0       252       8.5         18.5   1010.6       93
19/06/2024  06:45:00          0.0       254       7.4         18.5   1010.9       93
19/06/2024  07:00:00          0.0       257       3.9         18.6   1010.9       93
19/06/2024  07:15:00          0.0       284       3.9         19.5   1011.1       93
19/06/2024  07:30:00          0.0       247       5.6         20.5   1011.3       91
19/06/2024  07:45:00          0.0       255       4.6         21.5   1011.4       90
19/06/2024  08:00:00          0.0       263       5.3         22.5   1011.4       87
19/06/2024  08:15:00          0.0       249       9.9         23.7   1011.4       85
19/06/2024  08:30:00          0.0       243       3.9         24.4   1011.4       85
19/06/2024  08:45:00          0.0       232       3.9         25.1   1011.5       84
19/06/2024  09:00:00          0.0       227       7.4         25.8   1011.9       83
19/06/2024  09:15:00          0.0       222       1.8         26.9   1011.9       81
19/06/2024  09:30:00          0.0       223      13.8         28.1   1012.0       77
19/06/2024  09:45:00          0.0       220       2.5         28.8   1011.9       70
19/06/2024  10:00:00          0.0       219       5.3         29.8   1012.4       63
19/06/2024  10:15:00          0.0       221       8.1         30.6   1012.2       60
19/06/2024  10:30:00          0.0       216       6.0         31.2   1012.2       58
19/06/2024  10:45:00          0.0       220       7.8         32.0   1012.0       55
19/06/2024  11:00:00          0.0       227       6.4         32.6   1012.0       53
19/06/2024  11:15:00          0.0       215       8.8         32.3   1012.0       52
19/06/2024  11:30:00          0.0       215       5.6         32.7   1011.7       50
19/06/2024  11:45:00          0.0       219       9.2         32.4   1011.7       49
19/06/2024  12:00:00          0.0       217       7.1         32.7   1011.5       47
19/06/2024  12:15:00          0.0       218       4.6         32.9   1011.3       44
19/06/2024  12:30:00          0.0       208       8.5         32.8   1011.0       43
19/06/2024  12:45:00          0.0       210      13.1         29.4   1011.3       70
19/06/2024  13:00:00          0.0       203      17.6         27.5   1011.3       79
19/06/2024  13:15:00          0.0       205       9.5         27.2   1011.0       80
19/06/2024  13:30:00          0.0       207      20.1         26.8   1010.8       82
19/06/2024  13:45:00          0.0       208      16.2         26.4   1010.8       84
19/06/2024  14:00:00          0.0       209      18.0         26.3   1010.8       85
19/06/2024  14:15:00          0.0       211      13.8         25.8   1010.5       85
19/06/2024  14:30:00          0.0       213      12.3         25.6   1010.9       86
19/06/2024  14:45:00          0.0       212      20.5         25.1   1010.8       85
19/06/2024  15:00:00          0.0       222      15.9         25.5   1010.5       85
19/06/2024  15:15:00          0.0       221      15.5         25.1   1010.6       85
19/06/2024  15:30:00          0.0       225      12.7         25.1   1010.8       86
19/06/2024  15:45:00          0.0       227       8.8         24.8   1010.8       86
19/06/2024  16:00:00          0.0       227       4.6         24.8   1011.0       87
19/06/2024  16:15:00          0.0       225       4.9         24.6   1011.0       85
19/06/2024  16:30:00          0.0       223       5.3         24.4   1010.9       85
19/06/2024  16:45:00          0.0       219       8.5         24.2   1011.3       83
19/06/2024  17:00:00          0.0       216       6.4         24.2   1011.3       82
19/06/2024  17:15:00          0.0       226       2.8         23.7   1011.7       85
19/06/2024  17:30:00          0.0       242       7.1         23.4   1011.7       85
19/06/2024  17:45:00          0.0       177       4.2         23.5   1011.6       85
19/06/2024  18:00:00          0.0       174       2.8         23.2   1011.9       85
19/06/2024  18:15:00          0.0       164       3.5         22.3   1011.9       86
19/06/2024  18:30:00          0.0       159       3.2         21.3   1012.1       87
19/06/2024  18:45:00          0.0       156       2.5         20.7   1012.1       88
19/06/2024  19:00:00          0.0       151       1.8         20.5   1012.4       88
19/06/2024  19:15:00          0.0       145       3.9         20.3   1012.5       89
19/06/2024  19:30:00          0.0       144       2.8         20.1   1012.4       90
19/06/2024  19:45:00          0.0       145       2.8         19.5   1012.6       90
19/06/2024  20:00:00          0.0       144       2.5         19.2   1012.6       91
19/06/2024  20:15:00          0.0       144       2.8         19.1   1012.8       91
19/06/2024  20:30:00          0.0       143       3.9         18.9   1012.8       92
19/06/2024  20:45:00          0.0       144       4.2         19.2   1012.8       91
19/06/2024  21:00:00          0.0       145       6.0         19.1   1013.1       91
19/06/2024  21:15:00          0.0       147       3.2         18.8   1013.1       91
19/06/2024  21:30:00          0.0       146       3.5         18.4   1013.1       91
19/06/2024  21:45:00          0.0       144       3.5         17.9   1013.1       91
19/06/2024  22:00:00          0.0       145       3.2         17.9   1013.1       91
19/06/2024  22:15:00          0.0       144       4.2         17.9   1013.1       91
19/06/2024  22:30:00          0.0       143       3.9         17.7   1013.0       92
19/06/2024  22:45:00          0.0       144       3.2         17.8   1013.1       92
19/06/2024  23:00:00          0.0       143       4.9         17.5   1012.8       91
19/06/2024  23:15:00          0.0       143       3.9         17.4   1012.8       92
19/06/2024  23:30:00          0.0       144       4.6         17.3   1012.8       92
19/06/2024  23:45:00          0.0       144       3.2         17.7   1012.8       92
20/06/2024  00:00:00          0.0       147       5.6         17.7   1012.7       91
20/06/2024  00:15:00          0.0       146       1.8         17.4   1012.8       92
20/06/2024  00:30:00          0.0       141       1.8         16.8   1012.8       92
20/06/2024  00:45:00          0.0       143       3.9         17.0   1012.8       92
20/06/2024  01:00:00          0.0         -       0.0         17.8   1012.8       91
20/06/2024  01:15:00          0.0         -       0.0         19.1   1012.8       92
20/06/2024  01:30:00          0.0         -       0.0         19.6   1012.8       91
20/06/2024  01:45:00          0.0       165       2.5         19.1   1012.6       90
20/06/2024  02:00:00          0.0       142       3.9         17.8   1012.6       91
20/06/2024  02:15:00          0.0       143       3.9         17.2   1012.4       92
20/06/2024  02:30:00          0.0       144       2.8         17.4   1012.4       91
20/06/2024  02:45:00          0.0       143       3.5         16.8   1012.2       91
20/06/2024  03:00:00          0.0       142       4.2         16.3   1012.2       92
20/06/2024  03:15:00          0.0       143       3.9         16.3   1012.2       92
20/06/2024  03:30:00          0.0       142       2.8         17.1   1012.4       92
20/06/2024  03:45:00          0.0       143       4.6         16.8   1012.0       92
20/06/2024  04:00:00          0.0       144       6.7         16.7   1012.0       92
20/06/2024  04:15:00          0.0       145       4.6         17.2   1012.0       91
20/06/2024  04:30:00          0.0       143       5.3         17.1   1011.7       91
20/06/2024  04:45:00          0.0       143       5.3         17.6   1011.9       90
20/06/2024  05:00:00          0.0       148       3.9         18.5   1011.7       90
20/06/2024  05:15:00          0.0       149       4.9         18.5   1011.9       89
20/06/2024  05:30:00          0.0       150       5.6         18.9   1012.1       87
20/06/2024  05:45:00          0.0       155       4.9         19.4   1012.1       85
20/06/2024  06:00:00          0.0       158       6.0         19.5   1012.4       83
20/06/2024  06:15:00          0.0       162       4.6         19.7   1012.4       81
20/06/2024  06:30:00          0.0       233       5.3         19.7   1012.6       81
20/06/2024  06:45:00          0.0       231       5.6         20.1   1012.6       79
20/06/2024  07:00:00          0.0       232       4.6         20.0   1012.8       79
20/06/2024  07:15:00          0.0       256       6.7         20.7   1012.8       78
20/06/2024  07:30:00          0.0       229       4.9         22.2   1012.8       75
20/06/2024  07:45:00          0.0       225       3.9         23.4   1013.3       71
20/06/2024  08:00:00          0.0       227       7.8         24.2   1013.3       70
20/06/2024  08:15:00          0.0       221       6.0         25.1   1013.6       68
20/06/2024  08:30:00          0.0       217       7.1         26.2   1013.8       65
20/06/2024  08:45:00          0.0       214       9.5         26.7   1014.2       63
20/06/2024  09:00:00          0.0       214       4.9         27.2   1014.2       61
20/06/2024  09:15:00          0.0       210       8.8         27.6   1014.2       60
20/06/2024  09:30:00          0.0       209       4.6         28.4   1014.4       58
20/06/2024  09:45:00          0.0       209       6.0         29.1   1014.4       56
20/06/2024  10:00:00          0.0       208       6.0         29.6   1014.4       55
20/06/2024  10:15:00          0.0       210       4.9         30.0   1014.2       55
20/06/2024  10:30:00          0.0       211       7.8         30.3   1014.2       54
20/06/2024  10:45:00          0.0       208       7.1         30.8   1014.2       53
20/06/2024  11:00:00          0.0       210       4.6         31.7   1013.9       51
20/06/2024  11:15:00          0.0       208       4.2         32.3   1013.7       49
20/06/2024  11:30:00          0.0       208       1.1         32.3   1013.7       50
20/06/2024  11:45:00          0.0       218       8.5         33.1   1013.2       46
20/06/2024  12:00:00          0.0       212       3.5         33.2   1013.0       45
20/06/2024  12:15:00          0.0       205       7.1         33.4   1012.7       44
20/06/2024  12:30:00          0.0       203       3.9         33.9   1012.5       42
20/06/2024  12:45:00          0.0       205       3.9         34.2   1012.2       42
20/06/2024  13:00:00          0.0       212       7.4         34.1   1012.0       41
20/06/2024  13:15:00          0.0       207       4.2         33.5   1011.7       40
20/06/2024  13:30:00          0.0       197       8.8         34.2   1012.1       39
20/06/2024  13:45:00          0.0       202      15.2         31.6   1011.7       43
20/06/2024  14:00:00          0.0       190      14.8         29.4   1011.7       52
20/06/2024  14:15:00          0.0       188       8.5         28.6   1011.7       52
20/06/2024  14:30:00          0.0       189       9.9         28.0   1011.7       64
20/06/2024  14:45:00          0.0       189       9.5         27.8   1011.5       63
20/06/2024  15:00:00          0.0       190       4.6         28.5   1011.5       55
20/06/2024  15:15:00          0.0       190       8.1         28.8   1011.5       55
20/06/2024  15:30:00          0.0       189       7.8         28.6   1011.5       51
20/06/2024  15:45:00          0.0       186       6.0         28.0   1011.5       57
20/06/2024  16:00:00          0.0       184       8.1         28.0   1011.7       48
20/06/2024  16:15:00          0.0       180       6.4         27.4   1011.7       47
20/06/2024  16:30:00          0.0       179       6.4         26.9   1011.7       49
20/06/2024  16:45:00          0.0       176       4.6         26.4   1012.0       49
20/06/2024  17:00:00          0.0       172       3.9         25.8   1012.0       52
20/06/2024  17:15:00          0.0       175       5.6         25.4   1012.2       68
20/06/2024  17:30:00          0.0       186       7.4         25.1   1012.2       80
20/06/2024  17:45:00          0.0       130       4.6         23.8   1012.5       82
20/06/2024  18:00:00          0.0       130       7.8         23.5   1012.4       84
20/06/2024  18:15:00          0.0       121       6.0         24.3   1012.6       87
20/06/2024  18:30:00          0.0       124       8.5         24.3   1012.7       89
20/06/2024  18:45:00          0.0       127      10.6         24.0   1012.8       92
20/06/2024  19:00:00          0.0       122      12.0         23.7   1013.1       94
20/06/2024  19:15:00          0.0       126       2.8         23.5   1013.5       96
20/06/2024  19:30:00          0.0       131       8.1         23.5   1013.3       98
20/06/2024  19:45:00          0.0       132       2.8         23.1   1013.3       98
20/06/2024  20:00:00          0.0       137       6.7         22.8   1013.6       99
20/06/2024  20:15:00          0.0       142       3.9         22.4   1013.6       99
20/06/2024  20:30:00          0.0       144       1.1         22.8   1014.1       97
20/06/2024  20:45:00          0.0       142       3.2         22.4   1014.1       95
20/06/2024  21:00:00          0.0       138       1.4         22.3   1014.1       95
20/06/2024  21:15:00          0.0         -       0.0         22.2   1014.2       94
20/06/2024  21:30:00          0.0       139       2.8         21.1   1014.4       94
20/06/2024  21:45:00          0.0       142       4.2         20.6   1014.6       95
20/06/2024  22:00:00          0.0       139       2.1         20.6   1014.8       96
20/06/2024  22:15:00          0.0       135       5.6         20.0   1014.6       98
20/06/2024  22:30:00          0.0       137       4.6         19.7   1014.6       98
20/06/2024  22:45:00          0.0       137       2.5         19.7   1014.6       99
20/06/2024  23:00:00          0.0       136       2.1         19.0   1014.6      100
20/06/2024  23:15:00          0.0       138       2.5         19.8   1014.6      100
20/06/2024  23:30:00          0.0       138       3.2         18.8   1014.6      100
20/06/2024  23:45:00          0.0       139       2.5         18.2   1014.6      100
21/06/2024  00:00:00          0.0       142       4.2         18.2   1014.6      100
21/06/2024  00:15:00          0.0       139       5.6         17.6   1014.3      100
21/06/2024  00:30:00          0.0       138       3.9         17.7   1014.3      100
21/06/2024  00:45:00          0.0       138       3.9         17.6   1014.3      100
21/06/2024  01:00:00          0.0       138       3.9         17.8   1014.6      100
21/06/2024  01:15:00          0.0       138       3.9         17.5   1014.6      100
21/06/2024  01:30:00          0.0       138       2.8         17.1   1014.3      100
21/06/2024  01:45:00          0.0       138       3.2         17.4   1014.1      100
21/06/2024  02:00:00          0.0       139       5.3         17.1   1014.1      100
21/06/2024  02:15:00          0.0       140       5.6         17.6   1013.7      100
21/06/2024  02:30:00          0.0       140       3.5         17.8   1013.8      100
21/06/2024  02:45:00          0.0       140       3.9         16.9   1013.5      100
21/06/2024  03:00:00          0.0       141       2.1         16.8   1013.6      100
21/06/2024  03:15:00          0.0       142       3.2         16.6   1013.6      100
21/06/2024  03:30:00          0.0       142       2.5         16.5   1013.2      100
21/06/2024  03:45:00          0.0       143       2.8         16.7   1013.2      100
21/06/2024  04:00:00          0.0       143       2.8         17.1   1013.1      100
21/06/2024  04:15:00          0.0       144       6.4         17.4   1013.1      100
21/06/2024  04:30:00          0.0       145       3.9         17.2   1012.7      100
21/06/2024  04:45:00          0.0       144       3.9         17.1   1012.8      100
21/06/2024  05:00:00          0.0       145       2.1         17.1   1012.7      100
21/06/2024  05:15:00          0.0       147       2.8         17.1   1012.7      100
21/06/2024  05:30:00          0.0       149       2.1         16.9   1012.8      100
21/06/2024  05:45:00          0.0       149       3.2         16.9   1013.1      100
21/06/2024  06:00:00          0.0       150       4.9         16.2   1013.1      100
21/06/2024  06:15:00          0.0       154       2.5         16.9   1013.0      100
21/06/2024  06:30:00          0.0       214       3.2         16.9   1013.0      100
21/06/2024  06:45:00          0.0       211       3.5         16.7   1013.0      100
21/06/2024  07:00:00          0.0       216       3.9         17.2   1013.2      100
21/06/2024  07:15:00          0.0       253       2.1         17.7   1013.2      100
21/06/2024  07:30:00          0.0       233       1.4         18.7   1013.6      100
21/06/2024  07:45:00          0.0       233       3.2         19.5   1013.7      100
21/06/2024  08:00:00          0.0       258       2.5         20.8   1014.1      100
21/06/2024  08:15:00          0.0       307       1.4         21.5   1014.1      100
21/06/2024  08:30:00          0.0       307       3.5         23.1   1014.1      100
21/06/2024  08:45:00          0.0       307       3.2         23.9   1014.1      100
21/06/2024  09:00:00          0.0       297       4.6         24.1   1014.6      100
21/06/2024  09:15:00          0.0       261       3.2         24.6   1014.6       98
21/06/2024  09:30:00          0.0       283       2.1         25.8   1014.6       94
21/06/2024  09:45:00          0.0       255       3.5         26.8   1014.9       89
21/06/2024  10:00:00          0.0       241       0.7         27.5   1014.9       84
21/06/2024  10:15:00          0.0         -       0.0         28.3   1014.6       82
21/06/2024  10:30:00          0.0         -       0.0         28.6   1014.7       76
21/06/2024  10:45:00          0.0       235       9.9         26.1   1014.7       82
21/06/2024  11:00:00          0.0       232       7.8         25.9   1014.4       84
21/06/2024  11:15:00          0.0       229       9.2         25.8   1014.2       84
21/06/2024  11:30:00          0.0       229      10.6         25.4   1014.2       85
21/06/2024  11:45:00          0.0       225       8.1         25.7   1013.9       86
21/06/2024  12:00:00          0.0       229      10.6         25.4   1013.6       87
21/06/2024  12:15:00          0.0       230      12.7         25.8   1013.5       87
21/06/2024  12:30:00          0.0       231       9.9         26.3   1013.2       84
21/06/2024  12:45:00          0.0       225       7.4         25.9   1012.8       84
21/06/2024  13:00:00          0.0       228      11.3         26.6   1012.6       84
21/06/2024  13:15:00          0.0       229      15.2         26.0   1012.4       83
21/06/2024  13:30:00          0.0       228      15.9         25.9   1012.0       86
21/06/2024  13:45:00          0.0       227       7.8         27.2   1011.7       80
21/06/2024  14:00:00          0.0       221      12.3         27.9   1012.0       71
21/06/2024  14:15:00          0.0       220       8.5         27.6   1011.7       71
21/06/2024  14:30:00          0.0       222       9.5         27.4   1011.5       71
21/06/2024  14:45:00          0.0       220       9.5         27.2   1011.5       68
21/06/2024  15:00:00          0.0       217       5.3         27.2   1011.6       62
21/06/2024  15:15:00          0.0       213      19.1         26.6   1011.5       62
21/06/2024  15:30:00          0.0       213       8.5         26.3   1011.5       65
21/06/2024  15:45:00          0.0       212       4.9         25.8   1011.4       68
21/06/2024  16:00:00          0.0       208      14.8         25.1   1011.7       70
21/06/2024  16:15:00          0.0       209       9.2         25.1   1011.5       75
21/06/2024  16:30:00          0.0       208      14.8         24.5   1011.5       78
21/06/2024  16:45:00          0.0       209       7.8         24.2   1011.5       80
21/06/2024  17:00:00          0.0       209      14.5         24.1   1011.7       82
21/06/2024  17:15:00          0.0       223      11.3         24.0   1012.0       85
21/06/2024  17:30:00          0.0       240       6.7         23.7   1011.9       87
21/06/2024  17:45:00          0.0       155       4.9         23.5   1011.9       88
21/06/2024  18:00:00          0.0       160       6.0         23.2   1011.9       89
21/06/2024  18:15:00          0.0       162       7.4         23.1   1011.9       91
21/06/2024  18:30:00          0.0       163       8.8         23.4   1011.9       92
21/06/2024  18:45:00          0.0       163       1.1         23.3   1012.1       92
21/06/2024  19:00:00          0.0       162       2.5         23.1   1012.1       94
21/06/2024  19:15:00          0.0       162      13.8         22.9   1012.4       96
21/06/2024  19:30:00          0.0       163       9.5         23.0   1012.4       96
21/06/2024  19:45:00          0.0       163       1.4         22.8   1012.6       98
21/06/2024  20:00:00          0.0       165       2.1         22.1   1012.6       98
21/06/2024  20:15:00          0.0       162       1.4         21.8   1012.7       98
21/06/2024  20:30:00          0.0       168       4.6         21.4   1012.6      100
21/06/2024  20:45:00          0.0       168       5.3         20.8   1012.8      100
21/06/2024  21:00:00          0.0       156       5.3         20.7   1013.1      100
21/06/2024  21:15:00          0.0       162       3.2         20.6   1013.1      100
21/06/2024  21:30:00          0.0       162       2.8         19.9   1013.3      100
21/06/2024  21:45:00          0.0       162       3.9         19.8   1013.6      100
21/06/2024  22:00:00          0.0       164       6.7         19.7   1013.8      100
21/06/2024  22:15:00          0.0       162       2.5         19.8   1013.8      100
21/06/2024  22:30:00          0.0       164       2.1         20.1   1013.8      100
21/06/2024  22:45:00          0.0       165       5.3         20.3   1013.8      100
21/06/2024  23:00:00          0.0       165       2.5         20.5   1013.8      100
21/06/2024  23:15:00          0.0       166       3.2         20.5   1013.8      100
21/06/2024  23:30:00          0.0       165       3.2         20.8   1013.8      100
21/06/2024  23:45:00          0.0       166       2.8         21.0   1013.6      100
22/06/2024  00:00:00          0.0       166       2.8         21.0   1013.6      100
22/06/2024  00:15:00          0.0       166       1.8         21.1   1013.6      100
22/06/2024  00:30:00          0.0       166       4.9         20.9   1013.8      100
22/06/2024  00:45:00          0.0       166       5.3         20.8   1013.6      100
22/06/2024  01:00:00          0.0       168       2.5         20.3   1013.6      100
22/06/2024  01:15:00          0.0       167       6.7         20.0   1013.3      100
22/06/2024  01:30:00          0.0       168       3.5         20.0   1013.1      100
22/06/2024  01:45:00          0.0       168       5.3         20.0   1013.1      100
22/06/2024  02:00:00          0.0       169       2.8         20.1   1013.1      100
22/06/2024  02:15:00          0.0       166       3.5         20.0   1013.1      100
22/06/2024  02:30:00          0.0       169       1.8         19.9   1013.2      100
22/06/2024  02:45:00          0.0       170       1.8         19.7   1012.8      100
22/06/2024  03:00:00          0.0       170       2.1         19.8   1012.8      100
22/06/2024  03:15:00          0.0       170       2.1         19.2   1012.6      100
22/06/2024  03:30:00          0.0       169       2.5         18.8   1012.6      100
22/06/2024  03:45:00          0.0       169       3.2         19.2   1012.6      100
22/06/2024  04:00:00          0.0       170       3.2         18.8   1012.4      100
22/06/2024  04:15:00          0.0       171       4.9         18.9   1012.4      100
22/06/2024  04:30:00          0.0       170       1.8         18.5   1012.4      100
22/06/2024  04:45:00          0.0       169       2.1         18.2   1012.4      100
22/06/2024  05:00:00          0.0       171       3.9         18.6   1012.1      100
22/06/2024  05:15:00          0.0       172       2.5         18.6   1012.1      100
22/06/2024  05:30:00          0.0       172       5.6         18.5   1012.1      100
22/06/2024  05:45:00          0.0       171       3.9         18.7   1012.4      100
22/06/2024  06:00:00          0.0       176       5.6         18.6   1012.4      100
22/06/2024  06:15:00          0.0       176       2.8         18.8   1012.4      100
22/06/2024  06:30:00          0.0       235       3.5         18.6   1012.4      100
22/06/2024  06:45:00          0.0       237       4.2         18.4   1012.2      100
22/06/2024  07:00:00          0.0       238       2.8         18.7   1012.1      100
22/06/2024  07:15:00          0.0       253       4.2         18.5   1012.4      100
22/06/2024  07:30:00          0.0       253       1.4         18.4   1012.4      100
22/06/2024  07:45:00          0.0       272       3.9         18.6   1012.8      100
22/06/2024  08:00:00          0.0       297       3.5         19.7   1013.1      100
22/06/2024  08:15:00          0.0       307       3.2         20.9   1013.3      100
22/06/2024  08:30:00          0.0         -       0.0         22.0   1013.3      100
22/06/2024  08:45:00          0.0       325       2.1         23.0   1013.3      100
22/06/2024  09:00:00          0.0       321       3.9         23.8   1013.6      100
22/06/2024  09:15:00          0.0       317       2.5         25.1   1013.8      100
22/06/2024  09:30:00          0.0       275       3.5         26.0   1013.8      100
22/06/2024  09:45:00          0.0       277       3.2         26.7   1013.8      100
22/06/2024  10:00:00          0.0       295       2.8         27.3   1013.6      100
22/06/2024  10:15:00          0.0       281       2.8         28.0   1013.8       96
22/06/2024  10:30:00          0.0       260       8.8         28.7   1013.5       90
22/06/2024  10:45:00          0.0       254       2.1         29.2   1013.5       86
22/06/2024  11:00:00          0.0       253       1.8         30.0   1013.2       83
22/06/2024  11:15:00          0.0       241       0.4         31.1   1012.7       78
22/06/2024  11:30:00          0.0       237       9.2         32.0   1012.7       66
22/06/2024  11:45:00          0.0       231       3.5         31.7   1012.2       62
22/06/2024  12:00:00          0.0       229       3.9         32.2   1012.0       58
22/06/2024  12:15:00          0.0       232       8.8         30.1   1011.7       70
22/06/2024  12:30:00          0.0       232      13.8         27.2   1011.3       81
22/06/2024  12:45:00          0.0       226       4.9         26.9   1011.0       83
22/06/2024  13:00:00          0.0       228      10.2         27.1   1010.5       84
22/06/2024  13:15:00          0.0       229      13.1         27.8   1010.3       82
22/06/2024  13:30:00          0.0       226       6.0         28.9   1010.0       76
22/06/2024  13:45:00          0.0       223       2.8         31.8   1009.8       53
22/06/2024  14:00:00          0.0       224       8.1         32.2   1009.5       50
22/06/2024  14:15:00          0.0       223       9.5         31.8   1009.5       50
22/06/2024  14:30:00          0.0       220       5.3         31.5   1009.3       51
22/06/2024  14:45:00          0.0       220       6.7         31.8   1009.5       52
22/06/2024  15:00:00          0.0       224       1.8         32.0   1009.5       51
22/06/2024  15:15:00          0.0       222       4.2         30.4   1009.3       58
22/06/2024  15:30:00          0.0       219       6.4         29.3   1009.3       67
22/06/2024  15:45:00          0.0       221       5.6         28.8   1009.3       68
22/06/2024  16:00:00          0.0       217      11.3         27.7   1009.3       73
22/06/2024  16:15:00          0.0       216      10.9         27.3   1009.5       70
22/06/2024  16:30:00          0.0       218      13.8         26.9   1009.3       71
22/06/2024  16:45:00          0.0       217      13.8         26.6   1009.3       72
22/06/2024  17:00:00          0.0       215       8.5         26.1   1009.5       73
22/06/2024  17:15:00          0.0       212       9.2         25.4   1009.5       76
22/06/2024  17:30:00          0.0       215      15.2         25.2   1009.5       78
22/06/2024  17:45:00          0.0       207      10.6         25.2   1009.7       77
22/06/2024  18:00:00          0.0       207       9.2         25.2   1009.8       77
22/06/2024  18:15:00          0.0       209      12.3         24.7   1009.7       77
22/06/2024  18:30:00          0.0       207       8.5         24.8   1009.7       77
22/06/2024  18:45:00          0.0       207       6.0         24.6   1009.8       79
22/06/2024  19:00:00          0.0       203       3.2         24.3   1009.9       80
22/06/2024  19:15:00          0.0       200       2.8         23.7   1010.2       82
22/06/2024  19:30:00          0.0       197       2.5         23.0   1010.2       82
22/06/2024  19:45:00          0.0       197       9.9         23.0   1010.5       84
22/06/2024  20:00:00          0.0       182       3.2         22.3   1010.4       86
22/06/2024  20:15:00          0.0       180       4.6         22.3   1010.6       87
22/06/2024  20:30:00          0.0       178       3.9         22.0   1010.6       88
22/06/2024  20:45:00          0.0       177       1.8         21.5   1010.6       90
22/06/2024  21:00:00          0.0         -       0.0         21.5   1010.6       90
22/06/2024  21:15:00          0.0       174       2.5         21.7   1010.8       90
22/06/2024  21:30:00          0.0       170       1.8         21.2   1010.6       91
22/06/2024  21:45:00          0.0       170       2.8         21.2   1010.6       92
22/06/2024  22:00:00          0.0       170       2.8         21.0   1010.4       91
22/06/2024  22:15:00          0.0       170       2.8         20.4   1010.4       91
22/06/2024  22:30:00          0.0       170       2.1         20.0   1010.4       92
22/06/2024  22:45:00          0.0       171       5.3         19.8   1010.4       93
22/06/2024  23:00:00          0.0       172       2.8         20.1   1010.4       93
22/06/2024  23:15:00          0.0       170       2.8         19.8   1010.2       93
22/06/2024  23:30:00          0.0       171       2.1         19.7   1010.2       92
22/06/2024  23:45:00          0.0       169       3.2         19.7   1010.2       93
23/06/2024  00:00:00          0.0       169       3.5         19.5   1009.9       93
23/06/2024  00:15:00          0.0       168       3.9         19.7   1009.9       93
23/06/2024  00:30:00          0.0       168       4.9         19.8   1010.2       93
23/06/2024  00:45:00          0.0       167       2.1         20.0   1009.9       94
23/06/2024  01:00:00          0.0       167       2.5         19.7   1009.9       94
23/06/2024  01:15:00          0.0       166       3.2         19.5   1009.7       95
23/06/2024  01:30:00          0.0       167       6.4         19.8   1009.7       95
23/06/2024  01:45:00          0.0       168       6.7         20.6   1009.4       95
23/06/2024  02:00:00          0.0       173      20.1         21.5   1009.2       93
23/06/2024  02:15:00          0.0       180       8.5         21.9   1009.4       90
23/06/2024  02:30:00          0.0       183       6.4         22.1   1008.9       89
23/06/2024  02:45:00          0.0       184       7.1         22.1   1008.9       87
23/06/2024  03:00:00          0.0       193      14.5         22.3   1008.9       87
23/06/2024  03:15:00          0.0       188       7.1         22.1   1008.9       87
23/06/2024  03:30:00          0.0       191      12.0         22.2   1008.7       87
23/06/2024  03:45:00          0.0       191       5.3         22.3   1008.7       87
23/06/2024  04:00:00          0.0       196       8.1         22.3   1008.7       86
23/06/2024  04:15:00          0.0       194      18.7         22.5   1008.4       86
23/06/2024  04:30:00          0.0       197       7.1         22.6   1008.4       84
23/06/2024  04:45:00          0.0       198       6.0         22.6   1008.4       83
23/06/2024  05:00:00          0.0       196      15.9         22.5   1008.7       83
23/06/2024  05:15:00          0.0       199       8.1         22.5   1008.7       82
23/06/2024  05:30:00          0.0       197       8.1         22.4   1008.7       83
23/06/2024  05:45:00          0.0       195       6.0         22.4   1008.7       83
23/06/2024  06:00:00          0.0       195       8.5         22.1   1008.9       83
23/06/2024  06:15:00          0.0       198       8.1         22.1   1008.9       83
23/06/2024  06:30:00          0.0       230      15.5         22.3   1009.2       83
23/06/2024  06:45:00          0.0       232       8.5         22.5   1009.4       83
23/06/2024  07:00:00          0.0       233      13.1         22.4   1009.7       83
23/06/2024  07:15:00          0.0       265       6.0         22.9   1009.7       82
23/06/2024  07:30:00          0.0       239       8.8         23.4   1009.9       81
23/06/2024  07:45:00          0.0       232       7.1         24.1   1010.2       80
23/06/2024  08:00:00          0.0       233       4.6         24.9   1010.4       78
23/06/2024  08:15:00          0.0       233       7.1         25.1   1010.4       77
23/06/2024  08:30:00          0.0       229       6.0         25.5   1010.6       76
23/06/2024  08:45:00          0.0       224       8.1         26.3   1010.6       74
23/06/2024  09:00:00          0.0       232      11.6         27.0   1010.8       72
23/06/2024  09:15:00          0.0       224      12.3         27.9   1011.0       69
23/06/2024  09:30:00          0.0       221      11.6         28.2   1010.9       67
23/06/2024  09:45:00          0.0       222      14.8         28.9   1010.8       65
23/06/2024  10:00:00          0.0       219      16.2         29.2   1010.8       64
23/06/2024  10:15:00          0.0       219       9.2         29.7   1010.6       61
23/06/2024  10:30:00          0.0       220      22.6         29.9   1010.5       60
23/06/2024  10:45:00          0.0       218       6.4         30.6   1010.8       59
23/06/2024  11:00:00          0.0       221       9.9         31.1   1010.3       56
23/06/2024  11:15:00          0.0       216       8.8         31.4   1010.5       55
23/06/2024  11:30:00          0.0       216       9.2         31.7   1010.3       54
23/06/2024  11:45:00          0.0       216       7.4         32.6   1010.0       53
23/06/2024  12:00:00          0.0       216      12.0         33.0   1009.8       52
23/06/2024  12:15:00          0.0       219       8.8         33.2   1009.5       51
23/06/2024  12:30:00          0.0       213       5.3         33.4   1009.3       49
23/06/2024  12:45:00          0.0       222       3.9         33.1   1009.3       49
23/06/2024  13:00:00          0.0       211       5.3         33.5   1009.1       47
23/06/2024  13:15:00          0.0       211       1.4         33.9   1008.8       46
23/06/2024  13:30:00          0.0       209      13.1         33.8   1008.8       46
23/06/2024  13:45:00          0.0       206      14.5         34.1   1008.6       45
23/06/2024  14:00:00          0.0       217      11.3         34.2   1008.6       45
23/06/2024  14:15:00          0.0       205      14.8         33.8   1008.3       43
23/06/2024  14:30:00          0.0       207       9.9         33.4   1008.3       45
23/06/2024  14:45:00          0.0       201       6.0         33.4   1008.1       44
23/06/2024  15:00:00          0.0       205       4.9         33.5   1008.1       41
23/06/2024  15:15:00          0.0       203       4.9         33.7   1008.1       41
23/06/2024  15:30:00          0.0       200       2.5         33.2   1008.1       41
23/06/2024  15:45:00          0.0       199       6.4         33.1   1007.8       42
23/06/2024  16:00:00          0.0       195       3.5         32.4   1008.1       42
23/06/2024  16:15:00          0.0       195       4.9         31.8   1008.1       43
23/06/2024  16:30:00          0.0       194       2.5         31.2   1008.1       45
23/06/2024  16:45:00          0.0       194       2.1         30.4   1008.1       48
23/06/2024  17:00:00          0.0       190       1.8         29.6   1008.1       50
23/06/2024  17:15:00          0.0       189       1.8         28.7   1008.1       53
23/06/2024  17:30:00          0.0       188       3.5         27.7   1008.1       57
23/06/2024  17:45:00          0.0       178       3.9         26.9   1008.3       60
23/06/2024  18:00:00          0.0       176       6.0         26.8   1008.1       61
23/06/2024  18:15:00          0.0       177       3.5         26.9   1008.3       61
23/06/2024  18:30:00          0.0       176       4.9         26.5   1008.2       62
23/06/2024  18:45:00          0.0       176       6.0         26.3   1008.6       62
23/06/2024  19:00:00          0.0       175       3.9         26.0   1008.8       63
23/06/2024  19:15:00          0.0       175       2.8         25.5   1008.8       66
23/06/2024  19:30:00          0.0       174       2.8         24.8   1008.8       68
23/06/2024  19:45:00          0.0       174       4.9         24.6   1008.8       69
23/06/2024  20:00:00          0.0       174       2.1         24.5   1008.9       70
23/06/2024  20:15:00          0.0       173       4.6         24.5   1008.9       71
23/06/2024  20:30:00          0.0       174       4.6         24.5   1008.9       71
23/06/2024  20:45:00          0.0       174       4.6         24.4   1008.9       72
23/06/2024  21:00:00          0.0       174       2.5         24.1   1009.2       73
23/06/2024  21:15:00          0.0       173       2.5         23.9   1009.3       74
23/06/2024  21:30:00          0.0       172       2.1         23.7   1009.2       76
23/06/2024  21:45:00          0.0       168       3.9         23.5   1009.3       77
23/06/2024  22:00:00          0.0       168       3.5         23.4   1009.2       78
23/06/2024  22:15:00          0.0       169       3.9         23.5   1009.2       78
23/06/2024  22:30:00          0.0       169       5.6         23.5   1009.4       78
23/06/2024  22:45:00          0.0       167       4.9         23.4   1009.5       79
23/06/2024  23:00:00          0.0       164       4.6         23.3   1009.4       79
23/06/2024  23:15:00          0.0       164       1.8         23.2   1009.2       80
23/06/2024  23:30:00          0.0       162       4.9         23.1   1009.3       80
23/06/2024  23:45:00          0.0       161       4.2         22.9   1009.3       81
24/06/2024  00:00:00          0.0       161       2.1         23.1   1009.2       81
24/06/2024  00:15:00          0.0       161       4.6         23.1   1009.2       82
24/06/2024  00:30:00          0.0       160       4.6         22.9   1009.2       82
24/06/2024  00:45:00          0.0       156       3.5         22.9   1009.2       83
24/06/2024  01:00:00          0.0       154       4.6         22.7   1008.9       83
24/06/2024  01:15:00          0.0       155       8.5         23.2   1009.2       83
24/06/2024  01:30:00          0.0       158       3.9         23.3   1008.9       82
24/06/2024  01:45:00          0.0       157       6.0         23.4   1008.9       83
24/06/2024  02:00:00          0.0       157       5.3         23.1   1008.7       83
24/06/2024  02:15:00          0.0       157       2.5         23.3   1008.4       83
24/06/2024  02:30:00          0.0       158       4.6         23.3   1008.7       83
24/06/2024  02:45:00          0.0       157       7.1         23.2   1008.4       84
24/06/2024  03:00:00          0.0       158       4.2         23.3   1008.4       84
24/06/2024  03:15:00          0.0       161       8.1         23.2   1008.4       83
24/06/2024  03:30:00          0.0       164      15.5         23.2   1008.2       84
24/06/2024  03:45:00          0.0       165       6.7         23.4   1008.2       83
24/06/2024  04:00:00          0.0       166       4.9         23.6   1008.2       83
24/06/2024  04:15:00          0.0       164       4.6         23.4   1008.4       83
24/06/2024  04:30:00          0.0       164       5.6         23.0   1008.2       84
24/06/2024  04:45:00          0.0       163       6.0         23.2   1008.2       84
24/06/2024  05:00:00          0.0       168       7.1         23.5   1008.2       84
24/06/2024  05:15:00          0.0       173      13.1         23.6   1008.2       83
24/06/2024  05:30:00          0.0       172       3.9         23.4   1008.2       83
24/06/2024  05:45:00          0.0       173       4.2         23.5   1008.4       83
24/06/2024  06:00:00          0.0       175       4.9         23.6   1008.4       82
24/06/2024  06:15:00          0.0       180       7.4         23.7   1008.7       82
24/06/2024  06:30:00          0.0       234      12.3         23.6   1008.7       82
24/06/2024  06:45:00          0.0       230      17.3         23.5   1008.9       83
24/06/2024  07:00:00          0.0       228      11.6         23.6   1008.9       82
24/06/2024  07:15:00          0.0       248       8.5         24.2   1009.2       82
24/06/2024  07:30:00          0.0       240       4.6         24.8   1009.5       80
24/06/2024  07:45:00          0.0       226       8.1         25.2   1009.2       79
24/06/2024  08:00:00          0.0       221       5.6         25.8   1009.4       78
24/06/2024  08:15:00          0.0       218      13.4         26.1   1009.4       76
24/06/2024  08:30:00          0.0       215      10.6         26.8   1009.5       75
24/06/2024  08:45:00          0.0       214      16.6         27.2   1009.8       74
24/06/2024  09:00:00          0.0       211       9.9         28.0   1010.0       72
24/06/2024  09:15:00          0.0       208      12.3         28.6   1010.0       69
24/06/2024  09:30:00          0.0       209      11.3         29.5   1009.9       68
24/06/2024  09:45:00          0.0       210       7.4         30.1   1010.0       64
24/06/2024  10:00:00          0.0       209       7.8         30.8   1010.0       64
24/06/2024  10:15:00          0.0       209       9.9         31.1   1010.0       60
24/06/2024  10:30:00          0.0       207       8.8         31.2   1009.8       60
24/06/2024  10:45:00          0.0       206       3.5         32.0   1009.5       57
24/06/2024  11:00:00          0.0       210      11.3         32.4   1009.3       53
24/06/2024  11:15:00          0.0       207       2.1         32.0   1009.1       54
24/06/2024  11:30:00          0.0       203      17.6         32.7   1008.8       53
24/06/2024  11:45:00          0.0       204       6.7         32.9   1008.8       52
24/06/2024  12:00:00          0.0       205       4.2         33.2   1008.6       52
24/06/2024  12:15:00          0.0       205       5.3         33.5   1008.2       51
24/06/2024  12:30:00          0.0       200      12.0         33.5   1008.1       48
24/06/2024  12:45:00          0.0       200       4.2         33.7   1007.6       48
24/06/2024  13:00:00          0.0       204       8.1         33.7   1007.6       48
24/06/2024  13:15:00          0.0       208       1.8         34.5   1007.1       47
24/06/2024  13:30:00          0.0       198       3.9         34.7   1007.3       46
24/06/2024  13:45:00          0.0       196      13.1         34.0   1006.9       48
24/06/2024  14:00:00          0.0       204       2.5         33.8   1007.0       48
24/06/2024  14:15:00          0.0       194       7.8         34.0   1006.6       46
24/06/2024  14:30:00          0.0       193       5.6         33.1   1006.6       49
24/06/2024  14:45:00          0.0       193       1.4         33.3   1006.4       49
24/06/2024  15:00:00          0.0       189      15.5         33.2   1006.4       50
24/06/2024  15:15:00          0.0       190       9.9         32.9   1006.4       49
24/06/2024  15:30:00          0.0       189       7.8         32.8   1006.4       50
24/06/2024  15:45:00          0.0       186      10.9         32.5   1006.6       50
24/06/2024  16:00:00          0.0       195       4.2         32.3   1006.6       50
24/06/2024  16:15:00          0.0       195       2.5         30.8   1006.6       57
24/06/2024  16:30:00          0.0       192       2.5         30.1   1006.9       60
24/06/2024  16:45:00          0.0       189       1.4         29.6   1006.9       61
24/06/2024  17:00:00          0.0       187       1.8         28.6   1007.1       61
24/06/2024  17:15:00          0.0       184       1.8         28.0   1007.1       59
24/06/2024  17:30:00          0.0       177       2.8         26.9   1007.3       65
24/06/2024  17:45:00          0.0       164       2.5         26.9   1007.3       64
24/06/2024  18:00:00          0.0       165       3.5         26.9   1007.2       64
24/06/2024  18:15:00          0.0       163       4.9         26.3   1007.6       74
24/06/2024  18:30:00          0.0       161       1.1         26.1   1007.7       77
24/06/2024  18:45:00          0.0       158       2.5         25.9   1007.8       78
24/06/2024  19:00:00          0.0         -       0.0         25.5   1008.0       80
24/06/2024  19:15:00          0.0       152       1.4         25.6   1008.2       81
24/06/2024  19:30:00          0.0       155       2.1         25.8   1008.6       78
24/06/2024  19:45:00          0.0       155       2.8         24.9   1008.6       79
24/06/2024  20:00:00          0.0       154       1.1         24.5   1008.7       80
24/06/2024  20:15:00          0.0       147       1.8         24.5   1008.8       82
24/06/2024  20:30:00          0.0       140       2.8         23.8   1008.7       83
24/06/2024  20:45:00          0.0         -       0.0         23.2   1008.7       84
24/06/2024  21:00:00          0.0       133       1.8         23.1   1008.9       85
24/06/2024  21:15:00          0.0       127       1.8         22.9   1008.9       87
24/06/2024  21:30:00          0.0       130       2.1         22.9   1009.2       87
24/06/2024  21:45:00          0.0       126       5.3         23.0   1009.2       87
24/06/2024  22:00:00          0.0       129       3.2         23.4   1009.2       87
24/06/2024  22:15:00          0.0       146       4.6         24.3   1009.9       88
24/06/2024  22:30:00          0.0       143      10.9         25.0   1010.4       87
24/06/2024  22:45:00          0.0       138      19.1         24.7   1010.4       90
24/06/2024  23:00:00          0.0       133       9.9         24.3   1010.6       92
24/06/2024  23:15:00          0.0       138      20.5         24.1   1010.9       94
24/06/2024  23:30:00          0.0       140      10.2         23.7   1011.1       95
24/06/2024  23:45:00          0.0       143      24.3         23.7   1010.9       96
25/06/2024  00:00:00          0.0       139      20.1         23.5   1011.1       98
25/06/2024  00:15:00          0.0       143      24.3         23.5   1011.1       99
25/06/2024  00:30:00          0.0       144       9.2         23.5   1011.5       99
25/06/2024  00:45:00          0.0       145      25.8         23.7   1011.7      100
25/06/2024  01:00:00          0.0       144      13.1         23.4   1012.0      100
25/06/2024  01:15:00          0.0       146      21.9         23.5   1011.6      100
25/06/2024  01:30:00          0.0       148       7.8         23.4   1011.5      100
25/06/2024  01:45:00          0.0       152      18.0         23.3   1011.6      100
25/06/2024  02:00:00          0.0       157      18.0         23.4   1011.9      100
25/06/2024  02:15:00          0.0       154      15.5         23.3   1012.0      100
25/06/2024  02:30:00          0.0       150      16.6         23.4   1011.9      100
25/06/2024  02:45:00          0.0       150       9.9         23.2   1012.1      100
25/06/2024  03:00:00          0.0       148      10.6         23.4   1012.1      100
25/06/2024  03:15:00          0.0       143       9.9         23.4   1012.1      100
25/06/2024  03:30:00          0.0       150       9.5         23.4   1012.1      100
25/06/2024  03:45:00          0.0       158      10.6         23.4   1011.9      100
25/06/2024  04:00:00          0.0       158       7.4         23.2   1011.9      100
25/06/2024  04:15:00          0.0       156      10.2         23.1   1011.9      100
25/06/2024  04:30:00          0.0       156       7.1         23.1   1012.1      100
25/06/2024  04:45:00          0.0       160       4.2         23.1   1011.9      100
25/06/2024  05:00:00          0.0       160       3.2         23.1   1011.9      100
25/06/2024  05:15:00          0.0       162       2.5         23.0   1011.9      100
25/06/2024  05:30:00          0.0       164       2.8         23.0   1012.1      100
25/06/2024  05:45:00          0.0       167       1.1         23.1   1012.1      100
25/06/2024  06:00:00          0.0         -       0.0         22.9   1012.4      100
25/06/2024  06:15:00          0.0         -       0.0         22.7   1012.4      100
25/06/2024  06:30:00          0.0         -       0.0         22.5   1012.4      100
25/06/2024  06:45:00          0.0       234       1.8         22.5   1012.6      100
25/06/2024  07:00:00          0.0       234       1.8         22.3   1012.6      100
25/06/2024  07:15:00          0.0         -       0.0         22.8   1012.8      100
25/06/2024  07:30:00          0.0         -       0.0         23.1   1012.8      100
25/06/2024  07:45:00          0.0         -       0.0         23.4   1013.0      100
25/06/2024  08:00:00          0.0       262       4.6         23.8   1013.3      100
25/06/2024  08:15:00          0.0       282       1.1         24.0   1013.6      100
25/06/2024  08:30:00          0.0       279       2.1         24.5   1013.6      100
25/06/2024  08:45:00          0.0       296       2.8         25.1   1014.1      100
25/06/2024  09:00:00          0.0       280       3.2         26.1   1014.1      100
25/06/2024  09:15:00          0.0       286       1.8         26.6   1014.2      100
25/06/2024  09:30:00          0.0       287       3.5         26.3   1014.2      100
25/06/2024  09:45:00          0.0       286      12.3         25.6   1014.3      100
25/06/2024  10:00:00          0.0       271       7.1         24.4   1014.4      100
25/06/2024  10:15:00          0.0       280       8.5         25.1   1014.3      100
25/06/2024  10:30:00          0.0       279       8.1         25.8   1014.1      100
25/06/2024  10:45:00          0.0       281      11.6         25.6   1014.1      100
25/06/2024  11:00:00          0.0       287      10.6         25.5   1013.7      100
25/06/2024  11:15:00          0.0       285       9.5         25.4   1013.8      100
25/06/2024  11:30:00          0.0       285      11.6         25.6   1013.8      100
25/06/2024  11:45:00          0.0       247      12.0         25.3   1013.8      100
25/06/2024  12:00:00          0.0       246      14.8         24.9   1013.9      100
25/06/2024  12:15:00          0.0       247      15.9         24.7   1013.7      100
25/06/2024  12:30:00          0.0       253      10.6         24.8   1013.7      100
25/06/2024  12:45:00          0.0       250      11.3         24.9   1013.1      100
25/06/2024  13:00:00          0.0       251      12.0         25.0   1012.8      100
25/06/2024  13:15:00          0.0       256      10.2         25.8   1012.6      100
25/06/2024  13:30:00          0.0       242       9.5         26.1   1012.6      100
25/06/2024  13:45:00          0.0       261       6.7         26.6   1012.8       99
25/06/2024  14:00:00          0.0       256       7.4         26.3   1012.7       98
25/06/2024  14:15:00          0.0       236       6.4         25.7   1012.8       99
25/06/2024  14:30:00          0.0       214       8.8         25.0   1012.8      100
25/06/2024  14:45:00          0.0       224      14.1         24.4   1012.7      100
25/06/2024  15:00:00          0.0       230      18.3         24.3   1012.8      100
25/06/2024  15:15:00          0.0       234      22.2         23.7   1013.0      100
25/06/2024  15:30:00          0.0       231      15.5         23.5   1012.6      100
25/06/2024  15:45:00          0.0       224      13.8         23.4   1012.8      100
25/06/2024  16:00:00          0.0       218      17.3         23.2   1012.8      100
25/06/2024  16:15:00          0.0       217      15.9         23.2   1012.8      100
25/06/2024  16:30:00          0.0       213       9.2         23.1   1013.3      100
25/06/2024  16:45:00          0.0       214       9.2         22.9   1013.5      100
25/06/2024  17:00:00          0.0       214      13.8         22.9   1013.3      100
25/06/2024  17:15:00          0.0       209      13.4         22.9   1013.6      100
25/06/2024  17:30:00          0.0       181       8.1         22.8   1013.6      100
25/06/2024  17:45:00          0.0       180       6.0         22.9   1013.8      100
25/06/2024  18:00:00          0.0       179       9.5         22.9   1013.8      100
25/06/2024  18:15:00          0.0       181       7.4         23.0   1014.1      100
25/06/2024  18:30:00          0.0       181       7.4         23.0   1014.1      100
25/06/2024  18:45:00          0.0       182       7.4         23.1   1014.3      100
25/06/2024  19:00:00          0.0       182       8.5         23.1   1014.6      100
25/06/2024  19:15:00          0.0       183       7.1         23.1   1014.6      100
25/06/2024  19:30:00          0.0       184       4.6         23.2   1014.6      100
25/06/2024  19:45:00          0.0       184       3.5         23.1   1014.6      100
25/06/2024  20:00:00          0.0       185       3.9         23.0   1014.8      100
25/06/2024  20:15:00          0.0       186       4.2         23.1   1014.8      100
25/06/2024  20:30:00          0.0       185       2.5         23.1   1015.0      100
25/06/2024  20:45:00          0.0       186       2.8         23.2   1015.0      100
25/06/2024  21:00:00          0.0       186       0.7         23.1   1014.8      100
25/06/2024  21:15:00          0.0         -       0.0         23.1   1015.0      100
25/06/2024  21:30:00          0.0         -       0.0         22.9   1015.0      100
25/06/2024  21:45:00          0.0         -       0.0         22.7   1014.8      100
25/06/2024  22:00:00          0.0         -       0.0         22.7   1014.8      100
25/06/2024  22:15:00          0.0       186       1.1         22.7   1015.0      100
25/06/2024  22:30:00          0.0         -       0.0         22.8   1014.9      100
25/06/2024  22:45:00          0.0       186       1.8         22.5   1014.7      100
25/06/2024  23:00:00          0.0         -       0.0         22.5   1014.7      100
25/06/2024  23:15:00          0.0         -       0.0         22.3   1014.4      100
25/06/2024  23:30:00          0.0         -       0.0         22.1   1014.4      100
25/06/2024  23:45:00          0.0         -       0.0         22.0   1014.3      100
26/06/2024  00:00:00          0.0       188       1.1         22.1   1014.3      100
26/06/2024  00:15:00          0.0         -       0.0         22.2   1014.1      100
26/06/2024  00:30:00          0.0       187       1.1         22.2   1014.1      100
26/06/2024  00:45:00          0.0       187       0.4         22.0   1013.8      100
26/06/2024  01:00:00          0.0       187       1.1         22.0   1013.6      100
26/06/2024  01:15:00          0.0       187       1.4         22.0   1013.6      100
26/06/2024  01:30:00          0.0       187       2.1         21.8   1013.1      100
26/06/2024  01:45:00          0.0       187       1.8         21.7   1013.1      100
26/06/2024  02:00:00          0.0       187       2.8         21.6   1012.8      100
26/06/2024  02:15:00          0.0       188       4.9         21.6   1012.6      100
26/06/2024  02:30:00          0.0       187       3.2         21.5   1012.6      100
26/06/2024  02:45:00          0.0       188       1.4         21.5   1012.4      100
26/06/2024  03:00:00          0.0       187       3.2         21.4   1012.4      100
26/06/2024  03:15:00          0.0       186       3.9         21.2   1012.1      100
26/06/2024  03:30:00          0.0       188       3.9         21.1   1011.9      100
26/06/2024  03:45:00          0.0       188       2.8         21.1   1011.9      100
26/06/2024  04:00:00          0.0       189       2.8         20.8   1011.6      100
26/06/2024  04:15:00          0.0       189       2.1         20.5   1011.6      100
26/06/2024  04:30:00          0.0       189       1.4         20.9   1011.6      100
26/06/2024  04:45:00          0.0       189       1.1         21.1   1011.4      100
26/06/2024  05:00:00          0.0       190       1.8         21.5   1011.4      100
26/06/2024  05:15:00          0.0         -       0.0         21.2   1011.4      100
26/06/2024  05:30:00          0.0       190       1.8         21.3   1011.4      100
26/06/2024  05:45:00          0.0       191       1.4         20.5   1011.1      100
26/06/2024  06:00:00          0.0       191       2.1         20.3   1011.1      100
26/06/2024  06:15:00          0.0       192       2.1         20.1   1011.1      100
26/06/2024  06:30:00          0.0       224       1.1         19.9   1011.4      100
26/06/2024  06:45:00          0.0       220       1.1         20.0   1011.4      100
26/06/2024  07:00:00          0.0       219       2.1         20.3   1011.4      100
26/06/2024  07:15:00          0.0       230       0.4         20.7   1011.6      100
26/06/2024  07:30:00          0.0       212       1.4         21.2   1011.6      100
26/06/2024  07:45:00          0.0         -       0.0         22.1   1011.6      100
26/06/2024  08:00:00          0.0         -       0.0         23.2   1011.9      100
26/06/2024  08:15:00          0.0       303       4.2         23.8   1011.9      100
26/06/2024  08:30:00          0.0       276       2.8         24.8   1012.1      100
26/06/2024  08:45:00          0.0       281       5.3         25.0   1011.9      100
26/06/2024  09:00:00          0.0       285       2.1         24.6   1012.2      100
26/06/2024  09:15:00          0.0       285       6.0         24.9   1012.5      100
26/06/2024  09:30:00          0.0       284       8.5         25.2   1012.5      100
26/06/2024  09:45:00          0.0       282       5.6         25.2   1012.4      100
26/06/2024  10:00:00          0.0       277       4.6         25.4   1012.2       99
26/06/2024  10:15:00          0.0       281       5.3         25.6   1012.0       98
26/06/2024  10:30:00          0.0       283       4.9         26.0   1011.9       96
26/06/2024  10:45:00          0.0       282       6.0         27.4   1011.5       94
26/06/2024  11:00:00          0.0       261       5.6         29.3   1011.3       88
26/06/2024  11:15:00          0.0       250       4.9         30.4   1010.8       85
26/06/2024  11:30:00          0.0       241       2.5         30.6   1010.5       82
26/06/2024  11:45:00          0.0       234       1.8         31.2   1010.0       79
26/06/2024  12:00:00          0.0       238       9.9         31.7   1009.8       72
26/06/2024  12:15:00          0.0       229       4.2         31.4   1009.3       67
26/06/2024  12:30:00          0.0       233      10.2         31.7   1009.1       65
26/06/2024  12:45:00          0.0       225       8.1         32.0   1008.6       64
26/06/2024  13:00:00          0.0       225       8.5         31.9   1008.3       62
26/06/2024  13:15:00          0.0       227      22.6         31.8   1007.8       62
26/06/2024  13:30:00          0.0       224      11.3         31.8   1007.8       62
26/06/2024  13:45:00          0.0       223      15.2         32.0   1007.3       61
26/06/2024  14:00:00          0.0       224      12.0         31.9   1007.1       60
26/06/2024  14:15:00          0.0       221      15.2         31.8   1006.9       61
26/06/2024  14:30:00          0.0       220       3.9         31.9   1006.9       62
26/06/2024  14:45:00          0.0       219       1.1         32.0   1007.0       61
26/06/2024  15:00:00          0.0       219       2.5         31.8   1006.5       61
26/06/2024  15:15:00          0.0       227       2.5         32.0   1006.7       62
26/06/2024  15:30:00          0.0       220       8.8         31.6   1006.6       62
26/06/2024  15:45:00          0.0       217       9.5         31.4   1006.4       62
26/06/2024  16:00:00          0.0       214      14.1         31.2   1006.5       63
26/06/2024  16:15:00          0.0       215      10.2         30.8   1006.5       64
26/06/2024  16:30:00          0.0       215       4.9         30.4   1006.4       65
26/06/2024  16:45:00          0.0       215       2.8         30.0   1006.4       66
26/06/2024  17:00:00          0.0       214       1.1         29.5   1006.1       69
26/06/2024  17:15:00          0.0       214       2.8         28.7   1006.1       72
26/06/2024  17:30:00          0.0       224       2.1         26.9   1006.4       80
26/06/2024  17:45:00          0.0       181       2.5         25.8   1006.4       86
26/06/2024  18:00:00          0.0       177       3.2         25.5   1006.4       88
26/06/2024  18:15:00          0.0       174       2.8         25.2   1006.4       89
26/06/2024  18:30:00          0.0       167       2.5         24.6   1006.4       90
26/06/2024  18:45:00          0.0       172       1.4         24.3   1006.2       90
26/06/2024  19:00:00          0.0       172       4.9         24.2   1006.6       91
26/06/2024  19:15:00          0.0       172       2.5         24.0   1006.6       92
26/06/2024  19:30:00          0.0       166       3.9         23.6   1007.0       93
26/06/2024  19:45:00          0.0         -       0.0         23.8   1007.0       95
26/06/2024  20:00:00          0.0       172       4.6         24.0   1007.2       97
26/06/2024  20:15:00          0.0       172       3.2         23.8   1007.2       98
26/06/2024  20:30:00          0.0       168       2.1         23.1   1007.0       99
26/06/2024  20:45:00          0.0         -       0.0         22.9   1007.2      100
26/06/2024  21:00:00          0.0       169       1.8         22.5   1007.0      100
26/06/2024  21:15:00          0.0       170       2.8         22.6   1007.0      100
26/06/2024  21:30:00          0.0       170       2.5         22.6   1007.1      100
26/06/2024  21:45:00          0.0       170       3.2         22.3   1006.7      100
26/06/2024  22:00:00          0.0       171       3.5         22.2   1006.5      100
26/06/2024  22:15:00          0.0       173       6.4         22.4   1006.5      100
26/06/2024  22:30:00          0.0       175       9.9         22.5   1006.0      100
26/06/2024  22:45:00          0.0       176       4.9         22.7   1006.4      100
26/06/2024  23:00:00          0.0       178       5.3         23.2   1006.1      100
26/06/2024  23:15:00          0.0       180       5.6         23.9   1006.2       98
26/06/2024  23:30:00          0.0       182       8.5         24.3   1006.0       96
26/06/2024  23:45:00          0.0       183       7.4         24.5   1005.9       94
27/06/2024  00:00:00          0.0       184       3.5         24.5   1006.4       92
27/06/2024  00:15:00          0.0       184       6.0         24.5   1006.0       90
27/06/2024  00:30:00          0.0       187      10.9         24.5   1006.0       89
27/06/2024  00:45:00          0.0       184       4.9         24.4   1005.6       88
27/06/2024  01:00:00          0.0       184       6.0         24.4   1005.6       88
27/06/2024  01:15:00          0.0       184       4.6         24.1   1005.8       88
27/06/2024  01:30:00          0.0       184       4.2         24.0   1005.9       88
27/06/2024  01:45:00          0.0       184       2.8         24.2   1005.8       88
27/06/2024  02:00:00          0.0       186       6.4         24.3   1005.8       87
27/06/2024  02:15:00          0.0       192      15.5         25.0   1006.7       87
27/06/2024  02:30:00          0.0       181       6.4         24.8   1006.7       92
27/06/2024  02:45:00          0.0       180       5.3         24.3   1006.9       95
27/06/2024  03:00:00          0.0       177       1.8         23.8   1006.7       96
27/06/2024  03:15:00          0.0       181       2.1         23.5   1006.7       97
27/06/2024  03:30:00          0.0       178       4.2         23.1   1007.0       97
27/06/2024  03:45:00          0.0       176       2.1         22.9   1007.2       99
27/06/2024  04:00:00          0.0       181       1.1         22.8   1007.2      100
27/06/2024  04:15:00          0.0       181       8.1         23.2   1007.7      100
27/06/2024  04:30:00          0.0       181       7.8         23.4   1007.7      100
27/06/2024  04:45:00          0.0       184      22.6         23.4   1007.7      100
27/06/2024  05:00:00          0.0       181       8.8         23.6   1008.0      100
27/06/2024  05:15:00          0.0       182      19.1         23.4   1008.2      100
27/06/2024  05:30:00          0.0       180      19.1         23.2   1008.2      100
27/06/2024  05:45:00          0.0       185      18.7         23.0   1008.4      100
27/06/2024  06:00:00          0.0       186      23.3         23.0   1008.4      100
27/06/2024  06:15:00          0.0       186      17.3         23.0   1008.7      100
27/06/2024  06:30:00          0.0       206      18.7         23.0   1008.9      100
27/06/2024  06:45:00          0.0       201      20.1         22.9   1009.2      100
27/06/2024  07:00:00          0.0       196      20.8         22.9   1009.4      100
27/06/2024  07:15:00          0.0       197      16.2         22.9   1009.4      100
27/06/2024  07:30:00          0.0       198      17.6         22.9   1009.7      100
27/06/2024  07:45:00          0.0       200      13.1         23.1   1009.7      100
27/06/2024  08:00:00          0.0       196      16.6         23.2   1010.2      100
27/06/2024  08:15:00          0.0       198      18.3         23.1   1010.5      100
27/06/2024  08:30:00          0.0       200      19.8         23.1   1010.6      100
27/06/2024  08:45:00          0.0       198      14.1         23.1   1010.8      100
27/06/2024  09:00:00          0.0       196      12.7         23.2   1011.3      100
27/06/2024  09:15:00          0.0       199      11.6         23.2   1011.1      100
27/06/2024  09:30:00          0.0       197       9.5         23.1   1011.3      100
27/06/2024  09:45:00          0.0       198      10.9         23.1   1011.3      100
27/06/2024  10:00:00          0.0       201      15.5         23.2   1011.4      100
27/06/2024  10:15:00          0.0       198      13.1         23.2   1011.4      100
27/06/2024  10:30:00          0.0       201      14.1         23.5   1011.1      100
27/06/2024  10:45:00          0.0       202      14.8         23.8   1011.0      100
27/06/2024  11:00:00          0.0       202      11.6         23.7   1010.9      100
27/06/2024  11:15:00          0.0       198      11.6         23.4   1010.6      100
27/06/2024  11:30:00          0.0       200      10.9         23.3   1010.8      100
27/06/2024  11:45:00          0.0       198      11.6         23.1   1010.4      100
27/06/2024  12:00:00          0.0       208      10.9         23.1   1010.2      100
27/06/2024  12:15:00          0.0       198       9.9         23.4   1010.0      100
27/06/2024  12:30:00          0.0       198       8.8         23.7   1009.7      100
27/06/2024  12:45:00          0.0       198       9.5         23.1   1009.4      100
27/06/2024  13:00:00          0.0       194       9.2         23.1   1009.2      100
27/06/2024  13:15:00          0.0       195       7.1         22.7   1008.9      100
27/06/2024  13:30:00          0.0       200       9.9         22.5   1009.1      100
27/06/2024  13:45:00          0.0       201       8.5         23.2   1008.4      100
27/06/2024  14:00:00          0.0       202      13.1         23.5   1008.4      100
27/06/2024  14:15:00          0.0       203      11.3         23.6   1008.2      100
27/06/2024  14:30:00          0.0       202      10.9         23.8   1008.4      100
27/06/2024  14:45:00          0.0       204       7.8         24.0   1008.3      100
27/06/2024  15:00:00          0.0       205       8.1         24.3   1008.1       99
27/06/2024  15:15:00          0.0       202       3.5         23.5   1008.0       99
27/06/2024  15:30:00          0.0       201       4.9         23.7   1008.0       99
27/06/2024  15:45:00          0.0       202       5.3         23.5   1008.0       99
27/06/2024  16:00:00          0.0       203       4.2         23.6   1008.1       99
27/06/2024  16:15:00          0.0       201       4.9         23.4   1008.0       99
27/06/2024  16:30:00          0.0       202       7.8         23.1   1008.0      100
27/06/2024  16:45:00          0.0       202       5.3         23.0   1008.2      100
27/06/2024  17:00:00          0.0       200       5.6         22.8   1008.2      100
27/06/2024  17:15:00          0.0       199       2.5         22.6   1008.2      100
27/06/2024  17:30:00          0.0       199       5.6         22.5   1008.2      100
27/06/2024  17:45:00          0.0       191       5.6         22.5   1008.2      100
27/06/2024  18:00:00          0.0       192       6.4         22.5   1008.2      100
27/06/2024  18:15:00          0.0       193      11.3         22.6   1008.4      100
27/06/2024  18:30:00          0.0       194       5.6         22.5   1008.7      100
27/06/2024  18:45:00          0.0       193       7.8         22.5   1008.6      100
27/06/2024  19:00:00          0.0       194       6.4         22.6   1009.2      100
27/06/2024  19:15:00          0.0       194       8.1         22.6   1008.9      100
27/06/2024  19:30:00          0.0       194       3.5         22.8   1009.2      100
27/06/2024  19:45:00          0.0       195       8.1         22.6   1008.9      100
27/06/2024  20:00:00          0.0       193       6.4         22.6   1009.2      100
27/06/2024  20:15:00          0.0       195       6.4         22.5   1009.2      100
27/06/2024  20:30:00          0.0       193       9.5         22.6   1009.2      100
27/06/2024  20:45:00          0.0       194       9.2         22.5   1009.2      100
27/06/2024  21:00:00          0.0       195       6.0         22.5   1009.4      100
27/06/2024  21:15:00          0.0       194       7.4         22.5   1009.7      100
27/06/2024  21:30:00          0.0       194       6.0         22.5   1009.7      100
27/06/2024  21:45:00          0.0       194       8.8         22.5   1009.7      100
27/06/2024  22:00:00          0.0       195       2.1         22.3   1009.4      100
27/06/2024  22:15:00          0.0       195       2.1         22.1   1009.9      100
27/06/2024  22:30:00          0.0       196       6.7         22.2   1009.9      100
27/06/2024  22:45:00          0.0       195       3.5         22.1   1009.9      100
27/06/2024  23:00:00          0.0       196       3.5         22.0   1009.7      100
27/06/2024  23:15:00          0.0       195       7.1         22.0   1009.7      100
27/06/2024  23:30:00          0.0       195       4.6         21.9   1009.7      100
27/06/2024  23:45:00          0.0       196       6.0         22.0   1009.4      100
28/06/2024  00:00:00          0.0       196       2.1         22.1   1009.4      100
28/06/2024  00:15:00          0.0       195       2.5         22.1   1009.4      100
28/06/2024  00:30:00          0.0       196       3.5         21.9   1009.4      100
28/06/2024  00:45:00          0.0       195       2.5         22.0   1009.2      100
28/06/2024  01:00:00          0.0       195       3.2         22.0   1008.9      100
28/06/2024  01:15:00          0.0       195       3.5         22.0   1008.7      100
28/06/2024  01:30:00          0.0         -       0.0         22.0   1008.7      100
28/06/2024  01:45:00          0.0       195       3.9         22.0   1008.7      100
28/06/2024  02:00:00          0.0         -       0.0         21.9   1008.2      100
28/06/2024  02:15:00          0.0         -       0.0         21.7   1008.2      100
28/06/2024  02:30:00          0.0       195       1.4         21.6   1008.0      100
28/06/2024  02:45:00          0.0         -       0.0         21.2   1008.0      100
28/06/2024  03:00:00          0.0         -       0.0         20.9   1008.0      100
28/06/2024  03:15:00          0.0       198       2.1         20.8   1007.8      100
28/06/2024  03:30:00          0.0       195       2.1         20.6   1008.0      100
28/06/2024  03:45:00          0.0       195       3.2         20.8   1008.0      100
28/06/2024  04:00:00          0.0       195       2.5         20.6   1008.2      100
28/06/2024  04:15:00          0.0       196       1.8         20.6   1008.0      100
28/06/2024  04:30:00          0.0       209       2.8         20.3   1007.7      100
28/06/2024  04:45:00          0.0       212       2.1         20.4   1007.7      100
28/06/2024  05:00:00          0.0       212       2.8         20.3   1007.7      100
28/06/2024  05:15:00          0.0       216       2.5         20.2   1008.0      100
28/06/2024  05:30:00          0.0       214       1.4         19.8   1008.0      100
28/06/2024  05:45:00          0.0       214       2.8         19.8   1008.0      100
28/06/2024  06:00:00          0.0       213       2.8         19.6   1007.7      100
28/06/2024  06:15:00          0.0       212       2.1         19.8   1008.0      100
28/06/2024  06:30:00          0.0       235       3.2         20.1   1008.2      100
28/06/2024  06:45:00          0.0       227       3.2         20.1   1008.0      100
28/06/2024  07:00:00          0.0       221       2.1         20.3   1008.0      100
28/06/2024  07:15:00          0.0       217       4.6         20.6   1007.7      100
28/06/2024  07:30:00          0.0       215       5.6         21.2   1007.8      100
28/06/2024  07:45:00          0.0       214       3.5         21.7   1008.0      100
28/06/2024  08:00:00          0.0       225      14.1         22.1   1008.0      100
28/06/2024  08:15:00          0.0       237       7.8         22.9   1008.1      100
28/06/2024  08:30:00          0.0       241       7.4         23.5   1008.2      100
28/06/2024  08:45:00          0.0       267       6.7         24.5   1008.4      100
28/06/2024  09:00:00          0.0       256       6.7         25.2   1008.4      100
28/06/2024  09:15:00          0.0       260      10.9         25.7   1008.4       99
28/06/2024  09:30:00          0.0       262       4.2         26.3   1008.7       96
28/06/2024  09:45:00          0.0       264      14.1         27.1   1008.6       93
28/06/2024  10:00:00          0.0       270       5.3         27.3   1008.6       90
28/06/2024  10:15:00          0.0       271       1.8         28.2   1008.6       88
28/06/2024  10:30:00          0.0       270       6.7         28.6   1008.1       85
28/06/2024  10:45:00          0.0       264       3.9         28.4   1008.3       85
28/06/2024  11:00:00          0.0       249      10.2         28.8   1008.1       85
28/06/2024  11:15:00          0.0       244       4.2         29.6   1007.8       84
28/06/2024  11:30:00          0.0       237       6.4         31.1   1007.8       77
28/06/2024  11:45:00          0.0       233       8.5         30.6   1007.6       75
28/06/2024  12:00:00          0.0       230       7.4         31.5   1007.3       71
28/06/2024  12:15:00          0.0       230       5.6         30.8   1007.1       69
28/06/2024  12:30:00          0.0       232       5.6         32.3   1006.9       65
28/06/2024  12:45:00          0.0       227       4.6         32.9   1006.6       62
28/06/2024  13:00:00          0.0       226       8.1         33.6   1006.4       58
28/06/2024  13:15:00          0.0       228       6.7         33.7   1006.6       57
28/06/2024  13:30:00          0.0       230       5.3         32.6   1006.4       60
28/06/2024  13:45:00          0.0       227      14.5         32.6   1006.1       60
28/06/2024  14:00:00          0.0       225       3.5         31.8   1006.1       61
28/06/2024  14:15:00          0.0       227       5.6         33.1   1006.4       59
28/06/2024  14:30:00          0.0       227       6.4         32.8   1006.4       59
28/06/2024  14:45:00          0.0       223      10.2         28.3   1006.7       80
28/06/2024  15:00:00          0.0       210       4.2         26.1   1006.4       88
28/06/2024  15:15:00          0.0       203       4.6         25.8   1006.4       90
28/06/2024  15:30:00          0.0         -       0.0         25.9   1006.1       91
28/06/2024  15:45:00          0.0         -       0.0         26.4   1005.9       91
28/06/2024  16:00:00          0.0         -       0.0         26.4   1006.4       91
28/06/2024  16:15:00          0.0       208       2.8         26.0   1006.4       92
28/06/2024  16:30:00          0.0       208       2.1         25.4   1006.4       93
28/06/2024  16:45:00          0.0       206       2.1         25.4   1006.6       94
28/06/2024  17:00:00          0.0       205       3.9         25.1   1006.9       94
28/06/2024  17:15:00          0.0         -       0.0         25.1   1006.9       95
28/06/2024  17:30:00          0.0       186       2.8         24.8   1006.9       95
28/06/2024  17:45:00          0.0       184       1.4         24.4   1006.7       95
28/06/2024  18:00:00          0.0       183       1.8         24.3   1007.0       96
28/06/2024  18:15:00          0.0       184       2.5         24.0   1006.9       96
28/06/2024  18:30:00          0.0       184       3.2         23.8   1006.9       97
28/06/2024  18:45:00          0.0       184       2.1         24.1   1007.1       97
28/06/2024  19:00:00          0.0       186       3.9         24.6   1007.2       98
28/06/2024  19:15:00          0.0       184       1.1         24.3   1007.3       98
28/06/2024  19:30:00          0.0       185       2.1         24.3   1007.6       99
28/06/2024  19:45:00          0.0       185       0.7         24.4   1007.5      100
28/06/2024  20:00:00          0.0         -       0.0         24.1   1007.5      100
28/06/2024  20:15:00          0.0       188       2.5         23.9   1007.5      100
28/06/2024  20:30:00          0.0       188       1.4         23.8   1007.5      100
28/06/2024  20:45:00          0.0       185       4.2         23.4   1007.7      100
28/06/2024  21:00:00          0.0       185       2.8         23.3   1007.7      100
28/06/2024  21:15:00          0.0         -       0.0         23.1   1008.0      100
28/06/2024  21:30:00          0.0       186       2.1         22.9   1007.7      100
28/06/2024  21:45:00          0.0       186       2.8         22.7   1008.2      100
28/06/2024  22:00:00          0.0       187       2.5         22.3   1008.1      100
28/06/2024  22:15:00          0.0       186       3.2         22.3   1008.2      100
28/06/2024  22:30:00          0.0       187       2.5         22.2   1008.1      100
28/06/2024  22:45:00          0.0       186       2.8         22.3   1008.3      100
28/06/2024  23:00:00          0.0       186       3.9         22.1   1008.0      100
28/06/2024  23:15:00          0.0       186       4.9         22.2   1007.7      100
28/06/2024  23:30:00          0.0       187       4.6         22.2   1007.7      100
28/06/2024  23:45:00          0.0       188       3.9         22.5   1007.7      100
29/06/2024  00:00:00          0.0       186       2.8         22.6   1008.0      100
29/06/2024  00:15:00          0.0       186       4.6         22.6   1007.7      100
29/06/2024  00:30:00          0.0       186       1.8         23.1   1007.7       99
29/06/2024  00:45:00          0.0       187       3.9         23.2   1007.7       99
29/06/2024  01:00:00          0.0       188       5.6         23.4   1007.2       98
29/06/2024  01:15:00          0.0       189       3.9         23.5   1007.2       98
29/06/2024  01:30:00          0.0       189       5.6         23.7   1007.0       97
29/06/2024  01:45:00          0.0       189       2.8         23.5   1007.0       96
29/06/2024  02:00:00          0.0       189       2.8         23.4   1007.0       95
29/06/2024  02:15:00          0.0       189       4.2         23.5   1006.7       95
29/06/2024  02:30:00          0.0       189       6.4         23.5   1006.7       94
29/06/2024  02:45:00          0.0       189       2.5         23.2   1006.7       94
29/06/2024  03:00:00          0.0       189       5.3         23.2   1006.7       94
29/06/2024  03:15:00          0.0       189       3.5         23.5   1006.7       93
29/06/2024  03:30:00          0.0       191      12.0         23.9   1006.5       92
29/06/2024  03:45:00          0.0       190       3.2         24.0   1006.5       91
29/06/2024  04:00:00          0.0       191       2.5         23.8   1006.5       91
29/06/2024  04:15:00          0.0       191       6.4         23.8   1006.5       90
29/06/2024  04:30:00          0.0       191       2.8         23.7   1006.5       90
29/06/2024  04:45:00          0.0       191       3.5         23.6   1006.7       90
29/06/2024  05:00:00          0.0       191       4.9         23.4   1006.7       90
29/06/2024  05:15:00          0.0       190       3.5         23.5   1006.7       90
29/06/2024  05:30:00          0.0       191       6.7         23.5   1006.7       90
29/06/2024  05:45:00          0.0       190       4.6         23.5   1007.0       90
29/06/2024  06:00:00          0.0       190       3.2         23.5   1007.0       90
29/06/2024  06:15:00          0.0       192       2.5         23.5   1007.0       90
29/06/2024  06:30:00          0.0       216       8.5         23.5   1007.2       90
29/06/2024  06:45:00          0.0       207       2.5         23.7   1007.5       90
29/06/2024  07:00:00          0.0       207       6.7         23.4   1007.7       90
29/06/2024  07:15:00          0.0       207       4.2         23.5   1008.0       90
29/06/2024  07:30:00          0.0       206       4.6         24.1   1008.2       90
29/06/2024  07:45:00          0.0       208       4.6         24.6   1008.2       89
29/06/2024  08:00:00          0.0       232       3.5         25.1   1008.6       88
29/06/2024  08:15:00          0.0       236       6.4         25.8   1008.7       88
29/06/2024  08:30:00          0.0       233       3.2         27.4   1008.9       85
29/06/2024  08:45:00          0.0       242       8.8         27.2   1009.4       84
29/06/2024  09:00:00          0.0       241      15.5         26.2   1010.3       88
29/06/2024  09:15:00          0.0       236      12.3         25.9   1010.5       90
29/06/2024  09:30:00          0.0       237      16.6         25.8   1010.8       89
29/06/2024  09:45:00          0.0       232      12.7         26.3   1011.0       89
29/06/2024  10:00:00          0.0       234      10.9         25.7   1011.0       90
29/06/2024  10:15:00          0.0       227      14.1         25.5   1011.0       92
29/06/2024  10:30:00          0.0       230      14.8         25.3   1011.0       92
29/06/2024  10:45:00          0.0       224      16.2         25.5   1010.9       93
29/06/2024  11:00:00          0.0       217      14.8         25.1   1011.0       94
29/06/2024  11:15:00          0.0       220      17.6         24.9   1010.8       94
29/06/2024  11:30:00          0.0       223      14.8         25.2   1010.9       95
29/06/2024  11:45:00          0.0       216      22.6         24.6   1010.9       96
29/06/2024  12:00:00          0.0       209      18.0         24.8   1010.6       97
29/06/2024  12:15:00          0.0       211      18.3         24.5   1010.8       98
29/06/2024  12:30:00          0.0       217      19.1         24.9   1010.3       98
29/06/2024  12:45:00          0.0       211      20.8         24.9   1010.3       98
29/06/2024  13:00:00          0.0       213      12.3         24.8   1010.3       98
29/06/2024  13:15:00          0.0       212      16.6         24.8   1009.9       98
29/06/2024  13:30:00          0.0       209       8.5         24.8   1010.0       98
29/06/2024  13:45:00          0.0       211      13.1         24.9   1009.9       98
29/06/2024  14:00:00          0.0       206      11.6         24.5   1009.9       98
29/06/2024  14:15:00          0.0       204      16.6         23.9   1009.7       99
29/06/2024  14:30:00          0.0       204      14.5         24.0   1009.8      100
29/06/2024  14:45:00          0.0       202      16.2         23.8   1009.9      100
29/06/2024  15:00:00          0.0       203      11.3         23.5   1009.8      100
29/06/2024  15:15:00          0.0       205      17.3         23.5   1009.8      100
29/06/2024  15:30:00          0.0       205      13.8         23.6   1009.8      100
29/06/2024  15:45:00          0.0       203      18.3         23.0   1010.0      100
29/06/2024  16:00:00          0.0       205      23.6         22.8   1009.9      100
29/06/2024  16:15:00          0.0       202      16.9         22.6   1010.0      100
29/06/2024  16:30:00          0.0       209      18.7         22.6   1010.2      100
29/06/2024  16:45:00          0.0       208      13.8         22.8   1010.5       99
29/06/2024  17:00:00          0.0       204      13.4         22.8   1010.4       99
29/06/2024  17:15:00          0.0       208      11.3         22.9   1010.8       99
29/06/2024  17:30:00          0.0       189      23.3         22.9   1010.8       99
29/06/2024  17:45:00          0.0       187      19.8         22.7   1010.9      100
29/06/2024  18:00:00          0.0       192      20.1         22.7   1011.1      100
29/06/2024  18:15:00          0.0       192      15.9         22.6   1011.1      100
29/06/2024  18:30:00          0.0       190       8.8         22.7   1011.4      100
29/06/2024  18:45:00          0.0       192      12.7         22.7   1011.4      100
29/06/2024  19:00:00          0.0       192      19.4         22.7   1011.6      100
29/06/2024  19:15:00          0.0       190      14.1         22.6   1011.6      100
29/06/2024  19:30:00          0.0       194      10.9         22.1   1011.9      100
29/06/2024  19:45:00          0.0       193      10.2         22.5   1011.9      100
29/06/2024  20:00:00          0.0       192      10.2         22.6   1011.9      100
29/06/2024  20:15:00          0.0       215      10.6         21.7   1012.5      100
29/06/2024  20:30:00          0.0       217      12.7         21.4   1012.4      100
29/06/2024  20:45:00          0.0       216      18.0         21.4   1012.4      100
29/06/2024  21:00:00          0.0       221      14.1         21.6   1012.6      100
29/06/2024  21:15:00          0.0       219      17.6         21.7   1012.6      100
29/06/2024  21:30:00          0.0       217      10.2         21.4   1012.8      100
29/06/2024  21:45:00          0.0       217      18.0         21.4   1012.8      100
29/06/2024  22:00:00          0.0       214      17.6         21.1   1012.8      100
29/06/2024  22:15:00          0.0       217      20.8         21.0   1013.1      100
29/06/2024  22:30:00          0.0       215      10.2         20.9   1013.1      100
29/06/2024  22:45:00          0.0       212      23.3         20.8   1013.1      100
29/06/2024  23:00:00          0.0       217      17.6         20.8   1013.1      100
29/06/2024  23:15:00          0.0       219      19.8         20.9   1013.1      100
29/06/2024  23:30:00          0.0       225      16.2         21.1   1012.8      100
29/06/2024  23:45:00          0.0       223      12.3         21.2   1013.1      100
30/06/2024  00:00:00          0.0       214      16.9         21.1   1013.1      100
30/06/2024  00:15:00          0.0       221      19.1         20.9   1012.8      100
30/06/2024  00:30:00          0.0       220       9.5         20.9   1012.6      100
30/06/2024  00:45:00          0.0       218      22.6         21.3   1012.8      100
30/06/2024  01:00:00          0.0       217      16.2         20.8   1012.6      100
30/06/2024  01:15:00          0.0       216      13.8         20.8   1012.6      100
30/06/2024  01:30:00          0.0       215      18.0         20.6   1012.6      100
30/06/2024  01:45:00          0.0       220      19.1         20.7   1012.6      100
30/06/2024  02:00:00          0.0       216      15.2         20.6   1012.6      100
30/06/2024  02:15:00          0.4       212      12.3         20.3   1012.6      100
30/06/2024  02:30:00          0.2       213      21.2         20.3   1012.6      100
30/06/2024  02:45:00          0.2       213      21.5         19.8   1012.6      100
30/06/2024  03:00:00          0.6       217      21.5         19.9   1012.4      100
30/06/2024  03:15:00          0.0       215       6.7         20.0   1012.5      100
30/06/2024  03:30:00          0.2       214       9.5         19.9   1012.6      100
30/06/2024  03:45:00          0.0       216      10.6         20.1   1012.1      100
30/06/2024  04:00:00          0.0       217      11.6         20.2   1012.4      100
30/06/2024  04:15:00          0.2       211      16.9         19.9   1012.4      100
30/06/2024  04:30:00          0.4       214      21.9         20.0   1012.4      100
30/06/2024  04:45:00          0.2       210      24.0         19.7   1012.4      100
30/06/2024  05:00:00          0.2       214      18.3         19.2   1012.6      100
30/06/2024  05:15:00          0.0       213      23.3         19.1   1012.6      100
30/06/2024  05:30:00          0.0       213      20.5         19.1   1012.8      100
30/06/2024  05:45:00          0.0       215      14.5         18.9   1013.1      100
30/06/2024  06:00:00          0.0       221      16.2         19.1   1013.1      100
30/06/2024  06:15:00          0.0       220      19.4         18.9   1013.6      100
30/06/2024  06:30:00          0.2       223      15.2         19.0   1013.8      100
30/06/2024  06:45:00          0.0       252      19.8         18.9   1014.1      100
30/06/2024  07:00:00          0.2       259      26.5         18.9   1014.1      100
30/06/2024  07:15:00          0.2       261      10.2         18.8   1014.6      100
30/06/2024  07:30:00          0.4       264      12.0         18.7   1014.8      100
30/06/2024  07:45:00          0.0       263      10.2         18.9   1014.8      100
30/06/2024  08:00:00          0.0       259       8.5         18.6   1014.8      100
30/06/2024  08:15:00          0.0       260       7.1         18.5   1015.3      100
30/06/2024  08:30:00          0.2       266       7.1         18.6   1015.5      100
30/06/2024  08:45:00          0.0       259       3.9         18.6   1015.5      100
30/06/2024  09:00:00          0.4       258       7.8         18.6   1015.8      100
30/06/2024  09:15:00          0.0       262      10.6         18.4   1015.8      100
30/06/2024  09:30:00          0.0       268      10.9         18.5   1015.8      100
30/06/2024  09:45:00          0.2       264      10.2         18.6   1015.8      100
30/06/2024  10:00:00          0.2       265      13.4         18.5   1016.0      100
30/06/2024  10:15:00          0.0       270       9.5         18.6   1016.0      100
30/06/2024  10:30:00          0.6       274      13.8         18.6   1016.0      100
30/06/2024  10:45:00          0.2       272       8.8         18.3   1016.0      100
30/06/2024  11:00:00          0.0       274       4.2         18.2   1015.8      100
30/06/2024  11:15:00          0.2       272      10.6         18.5   1016.0      100
30/06/2024  11:30:00          0.2       273      13.1         18.4   1015.8      100
30/06/2024  11:45:00          0.2       275       5.6         18.5   1015.5      100
30/06/2024  12:00:00          0.2       277       7.1         18.5   1015.5      100
30/06/2024  12:15:00          0.0       275       9.2         18.6   1015.3      100
30/06/2024  12:30:00          0.0       278       5.3         18.3   1014.8      100
30/06/2024  12:45:00          0.0       280       9.5         18.5   1014.6      100
30/06/2024  13:00:00          0.0       281       5.6         18.3   1014.3      100
30/06/2024  13:15:00          0.0       280       8.5         18.4   1014.6      100
30/06/2024  13:30:00          0.0       279       7.8         18.6   1014.3      100
30/06/2024  13:45:00          0.2       278       6.4         18.6   1014.6      100
30/06/2024  14:00:00          0.8       275      10.2         18.2   1014.3      100
30/06/2024  14:15:00          0.8       270       7.8         18.2   1014.1      100
30/06/2024  14:30:00          0.6       268       2.1         18.2   1014.3      100
30/06/2024  14:45:00          0.4       264       9.9         18.2   1014.1      100
30/06/2024  15:00:00          0.4       268       6.7         18.0   1014.3      100
30/06/2024  15:15:00          0.0       277      10.2         17.7   1014.3      100
30/06/2024  15:30:00          0.0       278       3.5         17.7   1014.6      100
30/06/2024  15:45:00          0.0       280       6.7         17.9   1014.6      100
30/06/2024  16:00:00          0.4       275       9.5         18.0   1014.6      100
30/06/2024  16:15:00          0.2       263       2.1         17.7   1014.6      100
30/06/2024  16:30:00          0.0       267       4.6         17.8   1014.6      100
30/06/2024  16:45:00          0.0       268       2.8         17.8   1014.7      100
30/06/2024  17:00:00          0.0       259       1.4         17.8   1014.7      100
30/06/2024  17:15:00          0.0       262       1.4         17.8   1015.0      100
30/06/2024  17:30:00          0.0         -       0.0         17.5   1015.0      100
30/06/2024  17:45:00          0.0         -       0.0         17.6   1015.0      100
30/06/2024  18:00:00          0.0       254       1.4         17.7   1015.5      100
30/06/2024  18:15:00          0.6         -       0.0         17.5   1015.3      100
30/06/2024  18:30:00          0.8       253       3.2         17.5   1015.5      100
30/06/2024  18:45:00          0.2         -       0.0         17.5   1015.8      100
30/06/2024  19:00:00          0.0       252       1.8         17.4   1015.8      100
30/06/2024  19:15:00          0.0       251       3.2         17.5   1016.0      100
30/06/2024  19:30:00          0.0       249       1.4         17.5   1016.0      100
30/06/2024  19:45:00          0.0       248       1.1         17.4   1016.0      100
30/06/2024  20:00:00          0.0       254       3.9         17.2   1016.3      100
30/06/2024  20:15:00          0.0       255       1.8         17.3   1016.5      100
30/06/2024  20:30:00          0.2       242       1.1         17.2   1016.3      100
30/06/2024  20:45:00          0.0       223       2.8         17.5   1016.5      100
30/06/2024  21:00:00          0.0       219       1.1         17.2   1016.5      100
30/06/2024  21:15:00          0.0       216       2.1         17.1   1016.5      100
30/06/2024  21:30:00          0.0       216       2.5         17.4   1016.5      100
30/06/2024  21:45:00          0.0         -       0.0         17.3   1016.5      100
30/06/2024  22:00:00          0.0       217       2.5         17.4   1016.7      100
30/06/2024  22:15:00          0.0       219       1.4         17.4   1016.7      100
30/06/2024  22:30:00          0.0       214       2.8         17.2   1016.5      100
30/06/2024  22:45:00          0.0         -       0.0         17.5   1016.7      100
30/06/2024  23:00:00          0.0       216       1.8         17.4   1016.6      100
30/06/2024  23:15:00          0.0       217       2.5         17.2   1016.5      100
30/06/2024  23:30:00          0.0       216       2.8         17.2   1016.5      100
30/06/2024  23:45:00          0.0       213       6.4         17.2   1016.5      100
